BagName,Operator,Size(MB),SkillID,Duration(s),SkillName,Start_Time,IsValid,Station
SKILL_001_20260108_201733,JUAN,47.81,SKILL_001,8.67,Pick & Place (Rápido),2026-01-08T20:17:33Z,False,1
SKILL_002_20260111_233331,JUAN,275.61,SKILL_002,44.14,Ensamblaje Motor,2026-01-11T23:33:31Z,False,3
SKILL_001_20260113_163002,e_martinez,56.01,SKILL_001,18.27,Organize beads per color,2026-01-13T16:30:02Z,False,2
SKILL_001_20260113_200256,e_martinez,28.97,SKILL_001,26.46,Organize beads per color,2026-01-13T20:02:56Z,False,1
SKILL_001_20260108_212701,JUAN,26.58,SKILL_001,5.53,Pick & Place (Rápido),2026-01-08T21:27:01Z,False,2
SKILL_001_20260108_181501,JUAN,205.57,SKILL_001,51.54,Pick & Place (Rápido),2026-01-08T18:15:01Z,False,5
SKILL_001_20260108_182736,JUAN,169.64,SKILL_001,34.13,Pick & Place (Rápido),2026-01-08T18:27:36Z,False,5
SKILL_001_20260112_092805,juan,587.39,SKILL_001,113.5,Pick & Place (Rápido),2026-01-12T09:28:05Z,True,4
SKILL_012_20260113_141042,e_martinez,787.5,SKILL_012,161.66,Put pasta in jars,2026-01-13T14:10:42Z,True,1
SKILL_003_20260112_111311,juan,58.29,SKILL_003,10.41,Soldadura Punto,2026-01-12T11:13:11Z,False,4
SKILL_001_20260113_140323,e_martinez,1733.51,SKILL_001,330.7,Organize beads per color,2026-01-13T14:03:23Z,True,1
SKILL_001_20260113_173428,e_martinez,46.7,SKILL_001,19.41,Organize beads per color,2026-01-13T17:34:28Z,False,1
SKILL_002_20260113_172932,e_martinez,43.1,SKILL_002,19.98,Organize beads per character,2026-01-13T17:29:32Z,False,1
SKILL_004_20260113_143644,e_martinez,1157.16,SKILL_004,220.85,Set Screwdriver package,2026-01-13T14:36:44Z,True,1
SKILL_005_20260113_142311,e_martinez,406.89,SKILL_005,88.66,Insert allen keys in package,2026-01-13T14:23:11Z,False,1
SKILL_013_20260113_143007,e_martinez,1186.1,SKILL_013,230.3,Set up a hand lamp,2026-01-13T14:30:07Z,True,1
SKILL_016_20260113_144330,e_martinez,988.69,SKILL_016,198.28,Package a sewing set,2026-01-13T14:43:30Z,True,1
SKILL_001_20260113_071523,Juan,56.8,SKILL_001,14.5,Pick & Place (Rápido),2026-01-13T07:15:23Z,False,2
SKILL_001_20260113_140330,c_becerra,1770.09,SKILL_001,321.18,Organize beads per color,2026-01-13T14:03:30Z,True,2
SKILL_001_20260113_174011,e_martinez,114.82,SKILL_001,42.56,Organize beads per color,2026-01-13T17:40:11Z,False,2
SKILL_005_20260114_073806,e_martinez,958.38,SKILL_005,207.93,Insert allen keys in package,2026-01-14T07:38:06Z,True,1
SKILL_004_20260114_122342,e_martinez,647.72,SKILL_004,130.76,Set Screwdriver package,2026-01-14T12:23:42Z,True,1
SKILL_004_20260114_122300,e_martinez,0.02,SKILL_004,0.88,Set Screwdriver package,2026-01-14T12:23:00Z,False,1
SKILL_004_20260114_121852,e_martinez,1231.64,SKILL_004,248.28,Set Screwdriver package,2026-01-14T12:18:52Z,True,1
SKILL_001_20260114_110420,e_martinez,3307.26,SKILL_001,643.38,Organize beads per color,2026-01-14T11:04:20Z,True,1
SKILL_004_20260114_073525,e_martinez,454.48,SKILL_004,88.12,Set Screwdriver package,2026-01-14T07:35:25Z,False,1
SKILL_004_20260114_073049,e_martinez,1315.78,SKILL_004,261.9,Set Screwdriver package,2026-01-14T07:30:49Z,True,1
SKILL_003_20260114_120910,e_martinez,1709.0,SKILL_003,363.51,Organize screwdriver bits,2026-01-14T12:09:10Z,True,1
SKILL_003_20260114_120131,e_martinez,1605.89,SKILL_003,349.79,Organize screwdriver bits,2026-01-14T12:01:31Z,True,1
SKILL_013_20260113_142959,c_becerra,1623.94,SKILL_013,329.4,Set up a hand lamp,2026-01-13T14:29:59Z,True,2
SKILL_003_20260114_072254,e_martinez,1605.08,SKILL_003,333.76,Organize screwdriver bits,2026-01-14T07:22:54Z,True,1
SKILL_002_20260114_111731,e_martinez,3006.21,SKILL_002,581.08,Organize beads per character,2026-01-14T11:17:31Z,True,1
SKILL_002_20260114_071442,e_martinez,1723.62,SKILL_002,358.1,Organize beads per character,2026-01-14T07:14:42Z,True,1
SKILL_001_20260114_070622,e_martinez,1757.93,SKILL_001,371.4,Organize beads per color,2026-01-14T07:06:22Z,True,1
SKILL_004_20260113_143651,c_becerra,1452.62,SKILL_004,269.6,Set Screwdriver package,2026-01-13T14:36:51Z,True,2
SKILL_001_20260114_035237,e_martinez,58.22,SKILL_001,20.3,Organize beads per color,2026-01-14T03:52:37Z,False,1
SKILL_005_20260113_142320,c_becerra,492.79,SKILL_005,101.84,Insert allen keys in package,2026-01-13T14:23:20Z,True,2
SKILL_012_20260113_141034,c_becerra,1785.2,SKILL_012,361.64,Put pasta in jars,2026-01-13T14:10:34Z,True,2
SKILL_016_20260113_144322,c_becerra,1312.78,SKILL_016,266.06,Package a sewing set,2026-01-13T14:43:22Z,True,2
SKILL_001_20260114_035140,e_martinez,17.45,SKILL_001,9.17,Organize beads per color,2026-01-14T03:51:40Z,False,1
SKILL_010_20260114_083805,e_martinez,2280.63,SKILL_010,456.9,Package earphones,2026-01-14T08:38:05Z,True,1
SKILL_010_20260114_132447,e_martinez,2050.74,SKILL_010,428.09,Package earphones,2026-01-14T13:24:47Z,True,1
SKILL_009_20260114_131415,e_martinez,2095.32,SKILL_009,465.74,Package Cotton set,2026-01-14T13:14:15Z,True,1
SKILL_009_20260114_082626,e_martinez,3017.34,SKILL_009,622.67,Package Cotton set,2026-01-14T08:26:26Z,True,1
SKILL_008_20260114_130159,e_martinez,1865.98,SKILL_008,379.64,Separate tongue depressors by type,2026-01-14T13:01:59Z,True,1
SKILL_008_20260114_082059,e_martinez,983.17,SKILL_008,194.5,Separate tongue depressors by type,2026-01-14T08:20:59Z,True,1
SKILL_008_20260114_081451,e_martinez,1551.54,SKILL_008,324.93,Separate tongue depressors by type,2026-01-14T08:14:51Z,True,1
SKILL_007_20260114_125237,e_martinez,2125.62,SKILL_007,441.93,Separate tongue depressors by color,2026-01-14T12:52:37Z,True,1
SKILL_007_20260114_080230,e_martinez,2306.36,SKILL_007,491.9,Separate tongue depressors by color,2026-01-14T08:02:30Z,True,1
SKILL_006_20260114_124719,e_martinez,887.19,SKILL_006,174.96,Separate tongue depressors by size,2026-01-14T12:47:19Z,True,1
SKILL_006_20260114_124009,e_martinez,1886.25,SKILL_006,372.14,Separate tongue depressors by size,2026-01-14T12:40:09Z,True,1
SKILL_006_20260114_075121,e_martinez,1559.73,SKILL_006,312.66,Separate tongue depressors by size,2026-01-14T07:51:21Z,True,1
SKILL_006_20260114_074605,e_martinez,1287.56,SKILL_006,272.93,Separate tongue depressors by size,2026-01-14T07:46:05Z,True,1
SKILL_005_20260114_123333,e_martinez,884.99,SKILL_005,194.31,Insert allen keys in package,2026-01-14T12:33:33Z,True,1
SKILL_005_20260114_074150,e_martinez,471.94,SKILL_005,104.66,Insert allen keys in package,2026-01-14T07:41:50Z,True,1
SKILL_005_20260114_122901,e_martinez,1043.84,SKILL_005,229.15,Insert allen keys in package,2026-01-14T12:29:01Z,True,1
SKILL_019_20260114_103649,e_martinez,2171.29,SKILL_019,419.57,Put pasta in plastic containers,2026-01-14T10:36:49Z,True,1
SKILL_018_20260114_102004,e_martinez,3985.64,SKILL_018,765.37,Close bags with twist ties,2026-01-14T10:20:04Z,True,1
SKILL_017_20260114_095943,e_martinez,3471.48,SKILL_017,684.87,Put pasta in ziploc bags,2026-01-14T09:59:43Z,True,1
SKILL_016_20260114_095346,e_martinez,781.57,SKILL_016,158.74,Package a sewing set,2026-01-14T09:53:46Z,True,1
SKILL_016_20260114_094808,e_martinez,870.32,SKILL_016,254.52,Package a sewing set,2026-01-14T09:48:08Z,True,1
SKILL_015_20260114_094317,e_martinez,517.58,SKILL_015,104.45,Thread a needle,2026-01-14T09:43:17Z,True,1
SKILL_015_20260114_094010,e_martinez,587.41,SKILL_015,117.77,Thread a needle,2026-01-14T09:40:10Z,True,1
SKILL_014_20260114_092645,e_martinez,3276.49,SKILL_014,669.99,Fasten nuts onto bolts,2026-01-14T09:26:45Z,True,1
SKILL_013_20260114_135525,e_martinez,975.93,SKILL_013,197.95,Set up a hand lamp,2026-01-14T13:55:25Z,True,1
SKILL_013_20260114_135022,e_martinez,1111.95,SKILL_013,223.84,Set up a hand lamp,2026-01-14T13:50:22Z,True,1
SKILL_013_20260114_091437,e_martinez,1190.58,SKILL_013,239.02,Set up a hand lamp,2026-01-14T09:14:37Z,True,1
SKILL_013_20260114_090938,e_martinez,1079.32,SKILL_013,216.24,Set up a hand lamp,2026-01-14T09:09:38Z,True,1
SKILL_012_20260114_134418,e_martinez,817.44,SKILL_012,163.21,Put pasta in jars,2026-01-14T13:44:18Z,True,1
SKILL_012_20260114_134044,e_martinez,780.81,SKILL_012,157.18,Put pasta in jars,2026-01-14T13:40:44Z,True,1
SKILL_012_20260114_090252,e_martinez,1064.05,SKILL_012,212.29,Put pasta in jars,2026-01-14T09:02:52Z,True,1
SKILL_012_20260114_085835,e_martinez,1063.7,SKILL_012,208.02,Put pasta in jars,2026-01-14T08:58:35Z,True,1
SKILL_011_20260114_133311,e_martinez,1203.77,SKILL_011,254.32,Package plastic ice cubes,2026-01-14T13:33:11Z,True,1
SKILL_011_20260114_085140,e_martinez,721.87,SKILL_011,152.29,Package plastic ice cubes,2026-01-14T08:51:40Z,True,1
SKILL_011_20260114_084802,e_martinez,965.64,SKILL_011,197.52,Package plastic ice cubes,2026-01-14T08:48:02Z,True,1
SKILL_003_20260114_072301,C_BECERRA,538.23,SKILL_003,374.63,Organize screwdriver bits,2026-01-14T07:23:01Z,True,2
SKILL_002_20260114_112746,c_becerra,39.21,SKILL_002,19.58,Organize beads per character,2026-01-14T11:27:46Z,False,2
SKILL_002_20260114_111909,c_becerra,871.69,SKILL_002,516.82,Organize beads per character,2026-01-14T11:19:09Z,True,2
SKILL_002_20260114_071435,C_BECERRA,639.37,SKILL_002,394.82,Organize beads per character,2026-01-14T07:14:35Z,True,2
SKILL_001_20260114_110449,c_becerra,1085.21,SKILL_001,657.84,Organize beads per color,2026-01-14T11:04:49Z,True,2
SKILL_001_20260114_111547,c_becerra,234.49,SKILL_001,149.61,Organize beads per color,2026-01-14T11:15:47Z,True,2
SKILL_001_20260114_110148,c_becerra,50.52,SKILL_001,26.76,Organize beads per color,2026-01-14T11:01:48Z,False,2
SKILL_001_20260114_071240,c_becerra,88.01,SKILL_001,44.46,Organize beads per color,2026-01-14T07:12:40Z,False,2
SKILL_001_20260114_070628,c_becerra,641.98,SKILL_001,371.53,Organize beads per color,2026-01-14T07:06:28Z,True,2
SKILL_019_20260114_105521,e_martinez,622.37,SKILL_019,129.73,Put pasta in plastic containers,2026-01-14T10:55:21Z,True,1
SKILL_019_20260114_104549,e_martinez,921.31,SKILL_019,185.16,Put pasta in plastic containers,2026-01-14T10:45:49Z,True,1
SKILL_004_20260114_122551,c_becerra,86.62,SKILL_004,57.16,Set Screwdriver package,2026-01-14T12:25:51Z,False,2
SKILL_004_20260114_121846,c_becerra,651.02,SKILL_004,424.48,Set Screwdriver package,2026-01-14T12:18:46Z,True,2
SKILL_004_20260114_073714,C_BECERRA,19.64,SKILL_004,11.2,Set Screwdriver package,2026-01-14T07:37:14Z,False,2
SKILL_004_20260114_073056,C_BECERRA,582.99,SKILL_004,378.49,Set Screwdriver package,2026-01-14T07:30:56Z,True,2
SKILL_003_20260114_121042,c_becerra,566.7,SKILL_003,371.44,Organize screwdriver bits,2026-01-14T12:10:42Z,True,2
SKILL_003_20260114_120933,c_becerra,20.53,SKILL_003,6.69,Organize screwdriver bits,2026-01-14T12:09:33Z,False,2
SKILL_003_20260114_120924,c_becerra,21.66,SKILL_003,8.32,Organize screwdriver bits,2026-01-14T12:09:24Z,False,2
SKILL_003_20260114_120905,c_becerra,31.5,SKILL_003,19.71,Organize screwdriver bits,2026-01-14T12:09:05Z,False,2
SKILL_003_20260114_120139,c_becerra,683.15,SKILL_003,445.79,Organize screwdriver bits,2026-01-14T12:01:39Z,True,2
SKILL_012_20260114_090518,c_becerra,96.08,SKILL_012,45.7,Put pasta in jars,2026-01-14T09:05:18Z,False,2
SKILL_012_20260114_085904,c_becerra,671.46,SKILL_012,373.4,Put pasta in jars,2026-01-14T08:59:04Z,True,2
SKILL_011_20260114_133303,c_becerra,676.06,SKILL_011,400.01,Package plastic ice cubes,2026-01-14T13:33:03Z,True,2
SKILL_011_20260114_084805,C_BECERRA,754.32,SKILL_011,459.53,Package plastic ice cubes,2026-01-14T08:48:05Z,True,2
SKILL_010_20260114_132448,c_becerra,725.43,SKILL_010,443.09,Package earphones,2026-01-14T13:24:48Z,True,2
SKILL_010_20260114_083810,C_BECERRA,850.88,SKILL_010,574.32,Package earphones,2026-01-14T08:38:10Z,True,2
SKILL_009_20260114_132236,c_becerra,37.4,SKILL_009,16.24,Package Cotton set,2026-01-14T13:22:36Z,False,2
SKILL_009_20260114_131419,c_becerra,787.28,SKILL_009,496.85,Package Cotton set,2026-01-14T13:14:19Z,True,2
SKILL_009_20260114_082630,C_BECERRA,945.24,SKILL_009,654.0,Package Cotton set,2026-01-14T08:26:30Z,True,2
SKILL_008_20260114_130204,c_becerra,1003.3,SKILL_008,549.38,Separate tongue depressors by type,2026-01-14T13:02:04Z,True,2
SKILL_008_20260114_081443,C_BECERRA,825.55,SKILL_008,484.7,Separate tongue depressors by type,2026-01-14T08:14:43Z,True,2
SKILL_007_20260114_125234,c_becerra,907.33,SKILL_007,491.35,Separate tongue depressors by color,2026-01-14T12:52:34Z,True,2
SKILL_006_20260114_124839,c_becerra,39.73,SKILL_006,18.38,Separate tongue depressors by size,2026-01-14T12:48:39Z,False,2
SKILL_006_20260114_124005,c_becerra,915.2,SKILL_006,514.64,Separate tongue depressors by size,2026-01-14T12:40:05Z,True,2
SKILL_006_20260114_075305,C_BECERRA,416.9,SKILL_006,243.91,Separate tongue depressors by size,2026-01-14T07:53:05Z,True,2
SKILL_006_20260114_074558,C_BECERRA,722.16,SKILL_006,417.48,Separate tongue depressors by size,2026-01-14T07:45:58Z,True,2
SKILL_005_20260114_122900,c_becerra,752.87,SKILL_005,512.98,Insert allen keys in package,2026-01-14T12:29:00Z,True,2
SKILL_005_20260114_073810,C_BECERRA,598.85,SKILL_005,397.32,Insert allen keys in package,2026-01-14T07:38:10Z,True,2
SKILL_004_20260114_122648,c_becerra,103.96,SKILL_004,69.42,Set Screwdriver package,2026-01-14T12:26:48Z,False,2
SKILL_007_20260114_080237,C_BECERRA,1075.41,SKILL_007,620.6,Separate tongue depressors by color,2026-01-14T08:02:37Z,True,2
SKILL_013_20260114_091309,c_becerra,369.6,SKILL_013,252.24,Set up a hand lamp,2026-01-14T09:13:09Z,True,2
SKILL_012_20260114_134015,c_becerra,571.7,SKILL_012,329.53,Put pasta in jars,2026-01-14T13:40:15Z,True,2
SKILL_013_20260114_090945,c_becerra,308.68,SKILL_013,197.62,Set up a hand lamp,2026-01-14T09:09:45Z,True,2
SKILL_020_20260114_143854,c_becerra,404.8,SKILL_020,269.81,Open locks with their keys,2026-01-14T14:38:54Z,True,2
SKILL_019_20260114_105516,c_becerra,261.55,SKILL_019,157.34,Put pasta in plastic containers,2026-01-14T10:55:16Z,True,2
SKILL_019_20260114_105230,c_becerra,180.28,SKILL_019,105.1,Put pasta in plastic containers,2026-01-14T10:52:30Z,False,2
SKILL_019_20260114_104606,c_becerra,668.41,SKILL_019,384.12,Put pasta in plastic containers,2026-01-14T10:46:06Z,True,2
SKILL_019_20260114_103657,c_becerra,841.96,SKILL_019,496.96,Put pasta in plastic containers,2026-01-14T10:36:57Z,True,2
SKILL_018_20260114_101959,c_becerra,1484.75,SKILL_018,928.46,Close bags with twist ties,2026-01-14T10:19:59Z,True,2
SKILL_017_20260114_095938,c_becerra,1266.97,SKILL_017,731.88,Put pasta in ziploc bags,2026-01-14T09:59:38Z,True,2
SKILL_015_20260114_095336,c_becerra,308.66,SKILL_015,184.35,Thread a needle,2026-01-14T09:53:36Z,True,2
SKILL_015_20260114_094815,c_becerra,457.1,SKILL_015,281.26,Thread a needle,2026-01-14T09:48:15Z,True,2
SKILL_015_20260114_094731,c_becerra,84.75,SKILL_015,38.01,Thread a needle,2026-01-14T09:47:31Z,False,2
SKILL_015_20260114_094321,c_becerra,385.29,SKILL_015,249.33,Thread a needle,2026-01-14T09:43:21Z,True,2
SKILL_015_20260114_094016,c_becerra,277.44,SKILL_015,173.2,Thread a needle,2026-01-14T09:40:16Z,True,2
SKILL_014_20260114_092640,c_becerra,1008.85,SKILL_014,678.13,Fasten nuts onto bolts,2026-01-14T09:26:40Z,True,2
SKILL_013_20260114_135553,c_becerra,423.06,SKILL_013,280.55,Set up a hand lamp,2026-01-14T13:55:53Z,True,2
SKILL_013_20260114_135029,c_becerra,376.26,SKILL_013,240.07,Set up a hand lamp,2026-01-14T13:50:29Z,True,2
SKILL_013_20260114_092550,c_becerra,45.1,SKILL_013,29.8,Set up a hand lamp,2026-01-14T09:25:50Z,False,2
SKILL_013_20260114_092533,c_becerra,29.21,SKILL_013,17.76,Set up a hand lamp,2026-01-14T09:25:33Z,False,2
SKILL_013_20260114_092348,c_becerra,144.81,SKILL_013,105.12,Set up a hand lamp,2026-01-14T09:23:48Z,False,2
SKILL_013_20260114_091752,c_becerra,513.87,SKILL_013,355.31,Set up a hand lamp,2026-01-14T09:17:52Z,True,2
SKILL_004_20260115_104335,e_martinez,1019.82,SKILL_004,199.91,Set Screwdriver package,2026-01-15T10:43:35Z,True,1
SKILL_004_20260115_103930,e_martinez,1147.26,SKILL_004,222.47,Set Screwdriver package,2026-01-15T10:39:30Z,True,1
SKILL_004_20260115_103905,e_martinez,22.76,SKILL_004,5.41,Set Screwdriver package,2026-01-15T10:39:05Z,False,1
SKILL_002_20260115_102900,e_martinez,790.55,SKILL_002,271.48,Organize beads per character,2026-01-15T10:29:00Z,True,1
SKILL_002_20260115_101809,e_martinez,2748.1,SKILL_002,551.03,Organize beads per character,2026-01-15T10:18:09Z,True,1
SKILL_001_20260115_100708,e_martinez,3122.95,SKILL_001,603.53,Organize beads per color,2026-01-15T10:07:08Z,True,1
SKILL_001_20260115_100258,e_martinez,98.37,SKILL_001,17.93,Organize beads per color,2026-01-15T10:02:58Z,False,1
SKILL_001_20260115_075126,e_martinez,83.97,SKILL_001,25.33,Organize beads per color,2026-01-15T07:51:26Z,False,1
SKILL_001_20260115_074751,e_martinez,15.54,SKILL_001,2.66,Organize beads per color,2026-01-15T07:47:51Z,False,1
SKILL_001_20260115_074621,e_martinez,27.28,SKILL_001,5.75,Organize beads per color,2026-01-15T07:46:21Z,False,1
SKILL_001_20260115_072008,e_martinez,124.3,SKILL_001,34.09,Organize beads per color,2026-01-15T07:20:08Z,False,1
SKILL_001_20260115_070715,e_martinez,2348.02,SKILL_001,772.49,Organize beads per color,2026-01-15T07:07:16Z,True,1
SKILL_020_20260114_145732,c_becerra,28.42,SKILL_020,16.93,Open locks with their keys,2026-01-14T14:57:32Z,False,2
SKILL_020_20260114_145715,c_becerra,28.84,SKILL_020,17.32,Open locks with their keys,2026-01-14T14:57:15Z,False,2
SKILL_020_20260114_145601,c_becerra,121.51,SKILL_020,74.29,Open locks with their keys,2026-01-14T14:56:01Z,False,2
SKILL_020_20260114_145525,c_becerra,40.13,SKILL_020,16.99,Open locks with their keys,2026-01-14T14:55:25Z,False,2
SKILL_020_20260114_145503,c_becerra,45.86,SKILL_020,21.42,Open locks with their keys,2026-01-14T14:55:03Z,False,2
SKILL_020_20260114_145118,c_becerra,355.54,SKILL_020,225.22,Open locks with their keys,2026-01-14T14:51:18Z,True,2
SKILL_020_20260114_144502,c_becerra,132.37,SKILL_020,79.5,Open locks with their keys,2026-01-14T14:45:02Z,False,2
SKILL_003_20260115_102854,c_becerra,1523.03,SKILL_003,341.14,Organize screwdriver bits,2026-01-15T10:28:54Z,True,2
SKILL_002_20260115_152656,c_becerra,650.17,SKILL_002,133.68,Organize beads per character,2026-01-15T15:26:56Z,True,2
SKILL_002_20260115_152631,c_becerra,67.16,SKILL_002,14.1,Organize beads per character,2026-01-15T15:26:31Z,False,2
SKILL_001_20260115_152245,c_becerra,565.9,SKILL_001,110.58,Organize beads per color,2026-01-15T15:22:45Z,True,2
SKILL_001_20260115_151904,c_becerra,0.76,SKILL_001,0.96,Organize beads per color,2026-01-15T15:19:04Z,False,2
SKILL_001_20260115_151838,c_becerra,123.67,SKILL_001,25.51,Organize beads per color,2026-01-15T15:18:38Z,False,2
SKILL_001_20260115_101923,c_becerra,49.75,SKILL_001,11.55,Organize beads per color,2026-01-15T10:19:23Z,False,2
SKILL_001_20260115_090101,c_becerra,17.66,SKILL_001,5.81,Organize beads per color,2026-01-15T09:01:01Z,False,2
SKILL_001_20260115_073559,c_becerra,145.28,SKILL_001,43.83,Organize beads per color,2026-01-15T07:35:59Z,False,2
SKILL_001_20260115_073345,c_becerra,157.16,SKILL_001,46.46,Organize beads per color,2026-01-15T07:33:46Z,False,2
SKILL_009_20260115_161716,e_martinez,181.54,SKILL_009,28.58,Package Cotton set,2026-01-15T16:17:16Z,False,1
SKILL_009_20260115_161408,e_martinez,245.73,SKILL_009,39.29,Package Cotton set,2026-01-15T16:14:08Z,False,1
SKILL_009_20260115_124124,e_martinez,2701.36,SKILL_009,540.2,Package Cotton set,2026-01-15T12:41:24Z,True,1
SKILL_009_20260115_112017,e_martinez,2926.4,SKILL_009,601.45,Package Cotton set,2026-01-15T11:20:17Z,True,1
SKILL_007_20260115_110743,e_martinez,1329.22,SKILL_007,269.49,Separate tongue depressors by color,2026-01-15T11:07:43Z,True,1
SKILL_005_20260115_105713,e_martinez,667.97,SKILL_005,151.06,Insert allen keys in package,2026-01-15T10:57:13Z,True,1
SKILL_005_20260115_105358,e_martinez,738.12,SKILL_005,166.74,Insert allen keys in package,2026-01-15T10:53:58Z,True,1
SKILL_005_20260115_105024,e_martinez,874.4,SKILL_005,192.42,Insert allen keys in package,2026-01-15T10:50:24Z,True,1
SKILL_004_20260115_104720,e_martinez,413.39,SKILL_004,81.12,Set Screwdriver package,2026-01-15T10:47:20Z,False,1
SKILL_008_20260115_111322,e_martinez,1499.25,SKILL_008,301.4,Separate tongue depressors by type,2026-01-15T11:13:22Z,True,1
SKILL_014_20260115_142910,c_becerra,1084.66,SKILL_014,244.74,Fasten nuts onto bolts,2026-01-15T14:29:10Z,True,2
SKILL_013_20260115_142621,c_becerra,83.22,SKILL_013,22.49,Set up a hand lamp,2026-01-15T14:26:21Z,False,2
SKILL_013_20260115_141432,c_becerra,5.8,SKILL_013,2.53,Set up a hand lamp,2026-01-15T14:14:32Z,False,2
SKILL_013_20260115_141654,c_becerra,1441.14,SKILL_013,341.47,Set up a hand lamp,2026-01-15T14:16:54Z,True,2
SKILL_013_20260115_140946,c_becerra,1273.53,SKILL_013,285.72,Set up a hand lamp,2026-01-15T14:09:46Z,True,2
SKILL_012_20260115_153037,c_becerra,393.03,SKILL_012,80.98,Put pasta in jars,2026-01-15T15:30:37Z,False,2
SKILL_012_20260115_153358,c_becerra,398.99,SKILL_012,77.0,Put pasta in jars,2026-01-15T15:33:58Z,False,2
SKILL_009_20260115_133446,c_becerra,495.43,SKILL_009,107.04,Package Cotton set,2026-01-15T13:34:46Z,True,2
SKILL_012_20260115_135611,c_becerra,1116.73,SKILL_012,243.19,Put pasta in jars,2026-01-15T13:56:11Z,True,2
SKILL_012_20260115_140356,c_becerra,1141.94,SKILL_012,250.79,Put pasta in jars,2026-01-15T14:03:56Z,True,2
SKILL_009_20260115_112025,c_becerra,2886.88,SKILL_009,598.41,Package Cotton set,2026-01-15T11:20:25Z,True,2
SKILL_008_20260115_111324,c_becerra,1520.49,SKILL_008,301.53,Separate tongue depressors by type,2026-01-15T11:13:24Z,True,2
SKILL_007_20260115_110749,c_becerra,1494.98,SKILL_007,267.11,Separate tongue depressors by color,2026-01-15T11:07:49Z,True,2
SKILL_006_20260115_110115,c_becerra,1754.87,SKILL_006,327.84,Separate tongue depressors by size,2026-01-15T11:01:15Z,True,2
SKILL_005_20260115_105715,c_becerra,805.4,SKILL_005,187.75,Insert allen keys in package,2026-01-15T10:57:15Z,True,2
SKILL_005_20260115_105035,c_becerra,1618.38,SKILL_005,372.77,Insert allen keys in package,2026-01-15T10:50:35Z,True,2
SKILL_004_20260115_135103,c_becerra,1186.0,SKILL_004,252.53,Set Screwdriver package,2026-01-15T13:51:03Z,True,2
SKILL_004_20260115_134653,c_becerra,965.85,SKILL_004,206.68,Set Screwdriver package,2026-01-15T13:46:53Z,True,2
SKILL_004_20260115_104616,c_becerra,904.07,SKILL_004,174.97,Set Screwdriver package,2026-01-15T10:46:16Z,True,2
SKILL_004_20260115_103937,c_becerra,1856.49,SKILL_004,360.29,Set Screwdriver package,2026-01-15T10:39:37Z,True,2
SKILL_007_20260116_140022,c_becerra,3564.98,SKILL_007,504.45,Separate tongue depressors by color,2026-01-16T14:00:22Z,True,1
SKILL_007_20260116_104843,e_martinez,34.86,SKILL_007,5.26,Separate tongue depressors by color,2026-01-16T10:48:43Z,False,1
SKILL_007_20260116_135256,e_martinez,2545.67,SKILL_007,377.75,Separate tongue depressors by color,2026-01-16T13:52:56Z,True,1
SKILL_007_20260116_104214,e_martinez,2561.7,SKILL_007,387.64,Separate tongue depressors by color,2026-01-16T10:42:14Z,True,1
SKILL_005_20260116_103716,e_martinez,1093.07,SKILL_005,181.41,Insert allen keys in package,2026-01-16T10:37:16Z,True,1
SKILL_005_20260116_103311,e_martinez,1293.38,SKILL_005,213.64,Insert allen keys in package,2026-01-16T10:33:11Z,True,1
SKILL_004_20260116_134700,c_becerra,1858.35,SKILL_004,270.44,Set Screwdriver package,2026-01-16T13:47:00Z,True,1
SKILL_004_20260116_081752,e_martinez,1163.0,SKILL_004,213.54,Set Screwdriver package,2026-01-16T08:17:52Z,True,1
SKILL_004_20260116_081222,e_martinez,981.6,SKILL_004,188.16,Set Screwdriver package,2026-01-16T08:12:22Z,True,1
SKILL_004_20260116_073427,e_martinez,1049.57,SKILL_004,192.24,Set Screwdriver package,2026-01-16T07:34:27Z,True,1
SKILL_003_20260116_072724,e_martinez,394.92,SKILL_003,76.35,Organize screwdriver bits,2026-01-16T07:27:24Z,False,1
SKILL_003_20260116_133904,e_martinez,1163.77,SKILL_003,295.6,Organize screwdriver bits,2026-01-16T13:39:04Z,True,1
SKILL_003_20260116_072204,e_martinez,1419.4,SKILL_003,318.36,Organize screwdriver bits,2026-01-16T07:22:04Z,True,1
SKILL_001_20260116_164117,c_becerra,789.37,SKILL_001,164.27,Organize beads per color,2026-01-16T16:41:17Z,True,1
SKILL_001_20260116_133313,e_martinez,8.88,SKILL_001,1.7,Organize beads per color,2026-01-16T13:33:13Z,False,1
SKILL_016_20260115_154527,c_becerra,1037.31,SKILL_016,201.37,Package a sewing set,2026-01-15T15:45:27Z,True,2
SKILL_001_20260116_132148,e_martinez,4908.05,SKILL_001,683.41,Organize beads per color,2026-01-16T13:21:48Z,True,1
SKILL_014_20260115_153718,c_becerra,172.9,SKILL_014,37.05,Fasten nuts onto bolts,2026-01-15T15:37:18Z,False,2
SKILL_014_20260115_153850,c_becerra,720.23,SKILL_014,146.17,Fasten nuts onto bolts,2026-01-15T15:38:50Z,True,2
SKILL_011_20260116_144755,c_becerra,1145.53,SKILL_011,168.31,Package plastic ice cubes,2026-01-16T14:47:55Z,True,1
SKILL_011_20260116_144523,c_becerra,999.4,SKILL_011,146.88,Package plastic ice cubes,2026-01-16T14:45:23Z,True,1
SKILL_011_20260116_144250,e_martinez,679.18,SKILL_011,101.44,Package plastic ice cubes,2026-01-16T14:42:50Z,True,1
SKILL_011_20260116_144027,e_martinez,867.38,SKILL_011,124.94,Package plastic ice cubes,2026-01-16T14:40:28Z,True,1
SKILL_011_20260116_112046,e_martinez,24.32,SKILL_011,4.08,Package plastic ice cubes,2026-01-16T11:20:46Z,False,1
SKILL_011_20260116_111806,e_martinez,1019.23,SKILL_011,159.35,Package plastic ice cubes,2026-01-16T11:18:06Z,True,1
SKILL_011_20260116_111409,e_martinez,1023.04,SKILL_011,158.63,Package plastic ice cubes,2026-01-16T11:14:09Z,True,1
SKILL_010_20260116_143319,c_becerra,2480.05,SKILL_010,369.85,Package earphones,2026-01-16T14:33:19Z,True,1
SKILL_010_20260116_143217,c_becerra,39.26,SKILL_010,6.05,Package earphones,2026-01-16T14:32:17Z,False,1
SKILL_010_20260116_142502,e_martinez,2728.65,SKILL_010,407.2,Package earphones,2026-01-16T14:25:02Z,True,1
SKILL_010_20260116_111004,e_martinez,77.88,SKILL_010,10.74,Package earphones,2026-01-16T11:10:04Z,False,1
SKILL_010_20260116_110354,e_martinez,2435.28,SKILL_010,369.76,Package earphones,2026-01-16T11:03:54Z,True,1
SKILL_009_20260116_141608,c_becerra,2623.32,SKILL_009,389.85,Package Cotton set,2026-01-16T14:16:08Z,True,1
SKILL_009_20260116_141410,e_martinez,6.86,SKILL_009,1.8,Package Cotton set,2026-01-16T14:14:10Z,False,1
SKILL_009_20260116_141044,e_martinez,1399.57,SKILL_009,205.04,Package Cotton set,2026-01-16T14:10:44Z,True,1
SKILL_009_20260116_105651,e_martinez,1055.02,SKILL_009,190.14,Package Cotton set,2026-01-16T10:56:51Z,True,1
SKILL_009_20260116_105155,e_martinez,1586.46,SKILL_009,287.58,Package Cotton set,2026-01-16T10:51:55Z,True,1
SKILL_009_20260116_095751,e_martinez,3009.92,SKILL_009,516.6,Package Cotton set,2026-01-16T09:57:51Z,True,1
SKILL_007_20260116_140847,c_becerra,26.41,SKILL_007,3.78,Separate tongue depressors by color,2026-01-16T14:08:47Z,False,1
SKILL_013_20260116_101451,e_martinez,1356.55,SKILL_013,224.98,Set up a hand lamp,2026-01-16T10:14:51Z,True,1
SKILL_012_20260116_095456,e_martinez,6.43,SKILL_012,1.37,Put pasta in jars,2026-01-16T09:54:56Z,False,1
SKILL_012_20260116_095119,e_martinez,1169.34,SKILL_012,216.57,Put pasta in jars,2026-01-16T09:51:19Z,True,1
SKILL_011_20260116_162120,c_becerra,296.1,SKILL_011,53.16,Package plastic ice cubes,2026-01-16T16:21:20Z,False,1
SKILL_005_20260116_103308,c_becerra,2068.47,SKILL_005,277.3,Insert allen keys in package,2026-01-16T10:33:08Z,True,2
SKILL_004_20260116_092858,c_becerra,0.0,SKILL_004,13.52,Set Screwdriver package,2026-01-16T09:28:58Z,False,2
SKILL_004_20260116_085546,c_becerra,866.62,SKILL_004,168.8,Set Screwdriver package,2026-01-16T08:55:46Z,True,2
SKILL_004_20260116_085422,c_becerra,164.17,SKILL_004,44.06,Set Screwdriver package,2026-01-16T08:54:22Z,False,2
SKILL_004_20260116_081626,c_becerra,519.01,SKILL_004,104.02,Set Screwdriver package,2026-01-16T08:16:26Z,True,2
SKILL_004_20260116_081228,c_becerra,365.37,SKILL_004,71.99,Set Screwdriver package,2026-01-16T08:12:28Z,False,2
SKILL_003_20260116_072156,c_becerra,1408.98,SKILL_003,266.07,Organize screwdriver bits,2026-01-16T07:21:56Z,True,2
SKILL_001_20260116_164210,c_becerra,593.03,SKILL_001,125.04,Organize beads per color,2026-01-16T16:42:10Z,True,2
SKILL_001_20260116_161943,c_becerra,295.92,SKILL_001,61.81,Organize beads per color,2026-01-16T16:19:43Z,False,2
SKILL_001_20260116_132144,c_becerra,5837.84,SKILL_001,816.42,Organize beads per color,2026-01-16T13:21:44Z,True,2
SKILL_001_20260116_071004,c_becerra,3320.17,SKILL_001,631.41,Organize beads per color,2026-01-16T07:10:04Z,True,2
SKILL_017_20260116_115204,e_martinez,3052.63,SKILL_017,527.11,Put pasta in ziploc bags,2026-01-16T11:52:04Z,True,1
SKILL_016_20260116_114500,e_martinez,34.67,SKILL_016,5.03,Package a sewing set,2026-01-16T11:45:00Z,False,1
SKILL_016_20260116_114236,e_martinez,1025.99,SKILL_016,143.65,Package a sewing set,2026-01-16T11:42:36Z,True,1
SKILL_016_20260116_113913,e_martinez,1199.26,SKILL_016,172.04,Package a sewing set,2026-01-16T11:39:13Z,True,1
SKILL_015_20260116_113552,e_martinez,758.78,SKILL_015,108.08,Thread a needle,2026-01-16T11:35:52Z,True,1
SKILL_015_20260116_113221,e_martinez,999.0,SKILL_015,149.37,Thread a needle,2026-01-16T11:32:21Z,True,1
SKILL_014_20260116_112318,e_martinez,1703.85,SKILL_014,313.48,Fasten nuts onto bolts,2026-01-16T11:23:18Z,True,1
SKILL_013_20260116_101955,e_martinez,1188.51,SKILL_013,214.06,Set up a hand lamp,2026-01-16T10:19:55Z,True,1
SKILL_017_20260116_115347,c_becerra,3410.75,SKILL_017,400.12,Put pasta in ziploc bags,2026-01-16T11:53:47Z,True,2
SKILL_016_20260116_114355,c_becerra,3.18,SKILL_016,0.96,Package a sewing set,2026-01-16T11:43:55Z,False,2
SKILL_016_20260116_114250,c_becerra,2.93,SKILL_016,1.39,Package a sewing set,2026-01-16T11:42:50Z,False,2
SKILL_016_20260116_113908,c_becerra,1688.39,SKILL_016,221.45,Package a sewing set,2026-01-16T11:39:08Z,True,2
SKILL_015_20260116_113556,c_becerra,1117.88,SKILL_015,157.07,Thread a needle,2026-01-16T11:35:56Z,True,2
SKILL_015_20260116_113215,c_becerra,1207.51,SKILL_015,166.22,Thread a needle,2026-01-16T11:32:15Z,True,2
SKILL_014_20260116_112827,c_becerra,192.16,SKILL_014,26.76,Fasten nuts onto bolts,2026-01-16T11:28:27Z,False,2
SKILL_014_20260116_112322,c_becerra,2219.83,SKILL_014,304.43,Fasten nuts onto bolts,2026-01-16T11:23:22Z,True,2
SKILL_013_20260116_102029,c_becerra,1655.56,SKILL_013,258.06,Set up a hand lamp,2026-01-16T10:20:29Z,True,2
SKILL_013_20260116_101456,c_becerra,1906.15,SKILL_013,287.7,Set up a hand lamp,2026-01-16T10:14:56Z,True,2
SKILL_011_20260116_111401,c_becerra,1102.93,SKILL_011,149.07,Package plastic ice cubes,2026-01-16T11:14:01Z,True,2
SKILL_011_20260116_111706,c_becerra,1191.4,SKILL_011,151.56,Package plastic ice cubes,2026-01-16T11:17:06Z,True,2
SKILL_010_20260116_110358,c_becerra,3169.15,SKILL_010,434.34,Package earphones,2026-01-16T11:03:58Z,True,2
SKILL_009_20260116_105810,c_becerra,2118.64,SKILL_009,312.24,Package Cotton set,2026-01-16T10:58:10Z,True,2
SKILL_010_20260116_111339,c_becerra,54.66,SKILL_010,8.46,Package earphones,2026-01-16T11:13:39Z,False,2
SKILL_009_20260116_105148,c_becerra,2584.26,SKILL_009,376.19,Package Cotton set,2026-01-16T10:51:48Z,True,2
SKILL_012_20260116_095125,c_becerra,1024.01,SKILL_012,194.5,Put pasta in jars,2026-01-16T09:51:25Z,True,2
SKILL_009_20260116_095757,c_becerra,3900.93,SKILL_009,532.4,Package Cotton set,2026-01-16T09:57:57Z,True,2
SKILL_007_20260116_104205,c_becerra,3481.46,SKILL_007,395.96,Separate tongue depressors by color,2026-01-16T10:42:05Z,True,2
SKILL_005_20260116_103914,c_becerra,817.99,SKILL_005,134.61,Insert allen keys in package,2026-01-16T10:39:14Z,True,2
SKILL_004_20260117_135645,e_martinez,1078.67,SKILL_004,208.41,Set Screwdriver package,2026-01-17T13:56:45Z,True,1
SKILL_004_20260117_084137,e_martinez,12.43,SKILL_004,2.33,Set Screwdriver package,2026-01-17T08:41:37Z,False,1
SKILL_004_20260117_083815,e_martinez,1069.49,SKILL_004,201.28,Set Screwdriver package,2026-01-17T08:38:15Z,True,1
SKILL_004_20260117_083027,e_martinez,1434.1,SKILL_004,222.26,Set Screwdriver package,2026-01-17T08:30:27Z,True,1
SKILL_004_20260117_081259,e_martinez,17.76,SKILL_004,3.07,Set Screwdriver package,2026-01-17T08:12:59Z,False,1
SKILL_004_20260117_080942,e_martinez,1138.74,SKILL_004,196.78,Set Screwdriver package,2026-01-17T08:09:42Z,True,1
SKILL_003_20260117_135032,c_becerra,1175.46,SKILL_003,268.54,Organize screwdriver bits,2026-01-17T13:50:32Z,True,1
SKILL_003_20260117_134920,e_martinez,33.19,SKILL_003,5.32,Organize screwdriver bits,2026-01-17T13:49:20Z,False,1
SKILL_003_20260117_134439,e_martinez,1249.0,SKILL_003,281.01,Organize screwdriver bits,2026-01-17T13:44:39Z,True,1
SKILL_003_20260117_133813,e_martinez,193.24,SKILL_003,41.92,Organize screwdriver bits,2026-01-17T13:38:13Z,False,1
SKILL_003_20260117_100000,e_martinez,1219.78,SKILL_003,275.71,Organize screwdriver bits,2026-01-17T10:00:00Z,True,1
SKILL_001_20260117_094743,e_martinez,3235.63,SKILL_001,665.8,Organize beads per color,2026-01-17T09:47:43Z,True,1
SKILL_020_20260116_131358,c_becerra,4.95,SKILL_020,1.29,Open locks with their keys,2026-01-16T13:13:58Z,False,2
SKILL_020_20260116_131039,c_becerra,1287.84,SKILL_020,198.48,Open locks with their keys,2026-01-16T13:10:39Z,True,2
SKILL_019_20260116_130712,e_martinez,16.51,SKILL_019,2.85,Put pasta in plastic containers,2026-01-16T13:07:12Z,False,2
SKILL_019_20260116_130214,e_martinez,2256.83,SKILL_019,297.68,Put pasta in plastic containers,2026-01-16T13:02:14Z,True,2
SKILL_019_20260116_125616,c_becerra,2387.19,SKILL_019,306.51,Put pasta in plastic containers,2026-01-16T12:56:16Z,True,2
SKILL_018_20260116_123350,c_becerra,0.03,SKILL_018,0.98,Close bags with twist ties,2026-01-16T12:33:50Z,False,2
SKILL_018_20260116_122444,c_becerra,4309.62,SKILL_018,545.52,Close bags with twist ties,2026-01-16T12:24:44Z,True,2
SKILL_017_20260116_123516,e_martinez,4519.38,SKILL_017,654.5,Put pasta in ziploc bags,2026-01-16T12:35:16Z,True,2
SKILL_011_20260117_104128,e_martinez,873.12,SKILL_011,174.74,Package plastic ice cubes,2026-01-17T10:41:28Z,True,1
SKILL_010_20260117_144822,c_becerra,3144.94,SKILL_010,436.6,Package earphones,2026-01-17T14:48:22Z,True,1
SKILL_010_20260117_102935,e_martinez,1512.13,SKILL_010,319.28,Package earphones,2026-01-17T10:29:35Z,True,1
SKILL_009_20260117_144637,e_martinez,111.8,SKILL_009,16.26,Package Cotton set,2026-01-17T14:46:37Z,False,1
SKILL_009_20260117_144232,e_martinez,1952.87,SKILL_009,244.41,Package Cotton set,2026-01-17T14:42:32Z,True,1
SKILL_009_20260117_143652,c_becerra,1753.76,SKILL_009,259.6,Package Cotton set,2026-01-17T14:36:52Z,True,1
SKILL_009_20260117_102313,e_martinez,1058.97,SKILL_009,228.29,Package Cotton set,2026-01-17T10:23:13Z,True,1
SKILL_007_20260117_143025,e_martinez,2114.03,SKILL_007,305.67,Separate tongue depressors by color,2026-01-17T14:30:25Z,True,1
SKILL_007_20260117_101536,e_martinez,1667.14,SKILL_007,342.49,Separate tongue depressors by color,2026-01-17T10:15:36Z,True,1
SKILL_005_20260117_142441,e_martinez,1409.17,SKILL_005,203.75,Insert allen keys in package,2026-01-17T14:24:41Z,True,1
SKILL_005_20260117_101022,e_martinez,678.9,SKILL_005,154.23,Insert allen keys in package,2026-01-17T10:10:22Z,True,1
SKILL_005_20260117_100701,e_martinez,832.27,SKILL_005,182.32,Insert allen keys in package,2026-01-17T10:07:01Z,True,1
SKILL_004_20260117_140628,c_becerra,338.73,SKILL_004,45.85,Set Screwdriver package,2026-01-17T14:06:28Z,False,1
SKILL_004_20260117_141035,c_becerra,363.78,SKILL_004,48.87,Set Screwdriver package,2026-01-17T14:10:35Z,False,1
SKILL_004_20260117_140341,c_becerra,291.0,SKILL_004,53.14,Set Screwdriver package,2026-01-17T14:03:41Z,False,1
SKILL_001_20260117_130145,c_becerra,3998.78,SKILL_001,728.62,Organize beads per color,2026-01-17T13:01:45Z,True,2
SKILL_001_20260117_094746,C_becerra,3364.79,SKILL_001,651.33,Organize beads per color,2026-01-17T09:47:46Z,True,2
SKILL_020_20260117_123502,e_martinez,320.3,SKILL_020,64.49,Open locks with their keys,2026-01-17T12:35:02Z,False,1
SKILL_018_20260117_122741,e_martinez,1308.66,SKILL_018,264.38,Close bags with twist ties,2026-01-17T12:27:41Z,True,1
SKILL_018_20260117_121459,e_martinez,1367.37,SKILL_018,288.51,Close bags with twist ties,2026-01-17T12:14:59Z,True,1
SKILL_017_20260117_120554,e_martinez,2020.18,SKILL_017,410.59,Put pasta in ziploc bags,2026-01-17T12:05:54Z,True,1
SKILL_016_20260117_120412,e_martinez,234.08,SKILL_016,49.52,Package a sewing set,2026-01-17T12:04:12Z,False,1
SKILL_016_20260117_120224,e_martinez,392.52,SKILL_016,83.63,Package a sewing set,2026-01-17T12:02:24Z,False,1
SKILL_016_20260117_115012,e_martinez,250.3,SKILL_016,52.11,Package a sewing set,2026-01-17T11:50:12Z,False,1
SKILL_015_20260117_114633,e_martinez,603.75,SKILL_015,125.64,Thread a needle,2026-01-17T11:46:33Z,True,1
SKILL_015_20260117_114240,e_martinez,707.38,SKILL_015,146.96,Thread a needle,2026-01-17T11:42:40Z,True,1
SKILL_014_20260117_113846,e_martinez,282.76,SKILL_014,55.75,Fasten nuts onto bolts,2026-01-17T11:38:46Z,False,1
SKILL_014_20260117_113040,e_martinez,1767.8,SKILL_014,470.51,Fasten nuts onto bolts,2026-01-17T11:30:40Z,True,1
SKILL_013_20260117_093009,e_martinez,405.93,SKILL_013,61.48,Set up a hand lamp,2026-01-17T09:30:09Z,False,1
SKILL_013_20260117_092313,e_martinez,838.72,SKILL_013,172.12,Set up a hand lamp,2026-01-17T09:23:13Z,True,1
SKILL_013_20260117_091846,e_martinez,1053.34,SKILL_013,216.93,Set up a hand lamp,2026-01-17T09:18:46Z,True,1
SKILL_012_20260117_105449,e_martinez,905.79,SKILL_012,181.16,Put pasta in jars,2026-01-17T10:54:49Z,True,1
SKILL_012_20260117_105100,e_martinez,940.74,SKILL_012,184.19,Put pasta in jars,2026-01-17T10:51:00Z,True,1
SKILL_011_20260117_104442,e_martinez,1523.92,SKILL_011,304.21,Package plastic ice cubes,2026-01-17T10:44:42Z,True,1
SKILL_013_20260117_091851,C_becerra,1451.53,SKILL_013,311.77,Set up a hand lamp,2026-01-17T09:18:51Z,True,2
SKILL_012_20260117_105454,c_becerra,827.57,SKILL_012,173.25,Put pasta in jars,2026-01-17T10:54:54Z,True,2
SKILL_012_20260117_105106,c_becerra,879.56,SKILL_012,180.74,Put pasta in jars,2026-01-17T10:51:06Z,True,2
SKILL_011_20260117_104651,c_becerra,526.98,SKILL_011,113.24,Package plastic ice cubes,2026-01-17T10:46:51Z,True,2
SKILL_011_20260117_104347,c_becerra,729.72,SKILL_011,154.01,Package plastic ice cubes,2026-01-17T10:43:47Z,True,2
SKILL_010_20260117_102939,C_becerra,2026.27,SKILL_010,410.36,Package earphones,2026-01-17T10:29:39Z,True,2
SKILL_009_20260117_102322,C_becerra,1278.79,SKILL_009,280.27,Package Cotton set,2026-01-17T10:23:22Z,True,2
SKILL_007_20260117_101542,C_becerra,2050.51,SKILL_007,383.43,Separate tongue depressors by color,2026-01-17T10:15:42Z,True,2
SKILL_005_20260117_143021,c_becerra,1644.45,SKILL_005,205.19,Insert allen keys in package,2026-01-17T14:30:21Z,True,2
SKILL_005_20260117_142444,c_becerra,1966.45,SKILL_005,287.34,Insert allen keys in package,2026-01-17T14:24:44Z,True,2
SKILL_005_20260117_101157,C_becerra,888.37,SKILL_005,187.91,Insert allen keys in package,2026-01-17T10:11:57Z,True,2
SKILL_005_20260117_100707,C_becerra,1184.41,SKILL_005,259.78,Insert allen keys in package,2026-01-17T10:07:07Z,True,2
SKILL_004_20260117_141438,c_becerra,2660.63,SKILL_004,327.17,Set Screwdriver package,2026-01-17T14:14:38Z,True,2
SKILL_004_20260117_095956,C_becerra,1706.89,SKILL_004,363.98,Set Screwdriver package,2026-01-17T09:59:56Z,True,2
SKILL_004_20260117_083812,c_becerra,1168.19,SKILL_004,233.68,Set Screwdriver package,2026-01-17T08:38:12Z,True,2
SKILL_004_20260117_083030,c_becerra,1836.16,SKILL_004,290.25,Set Screwdriver package,2026-01-17T08:30:30Z,True,2
SKILL_004_20260117_080945,c_becerra,968.63,SKILL_004,188.53,Set Screwdriver package,2026-01-17T08:09:45Z,True,2
SKILL_001_20260117_132245,e_martinez,1519.24,SKILL_001,304.39,Organize beads per color,2026-01-17T13:22:45Z,True,2
SKILL_001_20260117_131503,e_martinez,314.76,SKILL_001,64.28,Organize beads per color,2026-01-17T13:15:03Z,False,2
SKILL_004_20260119_074101,e_martinez,1022.57,SKILL_004,196.79,Set Screwdriver package,2026-01-19T07:41:02Z,True,1
SKILL_004_20260119_073615,e_martinez,731.83,SKILL_004,134.9,Set Screwdriver package,2026-01-19T07:36:15Z,True,1
SKILL_003_20260119_143955,e_martinez,1230.42,SKILL_003,288.76,Organize screwdriver bits,2026-01-19T14:39:55Z,True,1
SKILL_003_20260119_105127,e_martinez,2022.99,SKILL_003,454.99,Organize screwdriver bits,2026-01-19T10:51:27Z,True,1
SKILL_003_20260119_072637,e_martinez,1366.15,SKILL_003,299.54,Organize screwdriver bits,2026-01-19T07:26:37Z,True,1
SKILL_001_20260119_142717,e_martinez,3037.87,SKILL_001,628.94,Organize beads per color,2026-01-19T14:27:17Z,True,1
SKILL_001_20260119_103203,e_martinez,3180.72,SKILL_001,636.21,Organize beads per color,2026-01-19T10:32:03Z,True,1
SKILL_001_20260119_071046,e_martinez,3107.03,SKILL_001,629.58,Organize beads per color,2026-01-19T07:10:46Z,True,1
SKILL_020_20260117_123456,c_becerra,461.84,SKILL_020,105.76,Open locks with their keys,2026-01-17T12:34:56Z,True,2
SKILL_019_20260117_122744,c_becerra,1211.93,SKILL_019,251.77,Put pasta in plastic containers,2026-01-17T12:27:44Z,True,2
SKILL_017_20260117_120559,c_becerra,1708.84,SKILL_017,353.69,Put pasta in ziploc bags,2026-01-17T12:05:59Z,True,2
SKILL_016_20260117_120358,c_becerra,229.01,SKILL_016,49.18,Package a sewing set,2026-01-17T12:03:58Z,False,2
SKILL_016_20260117_120226,c_becerra,342.75,SKILL_016,72.47,Package a sewing set,2026-01-17T12:02:26Z,False,2
SKILL_016_20260117_115009,c_becerra,268.38,SKILL_016,58.95,Package a sewing set,2026-01-17T11:50:09Z,False,2
SKILL_015_20260117_114638,c_becerra,540.17,SKILL_015,117.51,Thread a needle,2026-01-17T11:46:38Z,True,2
SKILL_015_20260117_114238,c_becerra,948.8,SKILL_015,203.73,Thread a needle,2026-01-17T11:42:38Z,True,2
SKILL_014_20260117_113037,c_becerra,2944.96,SKILL_014,630.12,Fasten nuts onto bolts,2026-01-17T11:30:37Z,True,2
SKILL_013_20260117_092455,C_becerra,1255.92,SKILL_013,270.8,Set up a hand lamp,2026-01-17T09:24:55Z,True,2
SKILL_018_20260117_121503,c_becerra,2585.72,SKILL_018,563.89,Close bags with twist ties,2026-01-17T12:15:03Z,True,2
SKILL_004_20260119_145141,e_martinez,50.01,SKILL_004,11.08,Set Screwdriver package,2026-01-19T14:51:41Z,False,1
SKILL_004_20260119_145057,e_martinez,50.53,SKILL_004,9.84,Set Screwdriver package,2026-01-19T14:50:57Z,False,1
SKILL_004_20260119_144717,e_martinez,689.26,SKILL_004,135.35,Set Screwdriver package,2026-01-19T14:47:17Z,True,1
SKILL_004_20260119_074729,e_martinez,812.42,SKILL_004,155.95,Set Screwdriver package,2026-01-19T07:47:29Z,True,1
SKILL_010_20260119_121016,e_martinez,1287.19,SKILL_010,270.71,Package earphones,2026-01-19T12:10:16Z,True,1
SKILL_010_20260119_082610,e_martinez,1615.31,SKILL_010,308.81,Package earphones,2026-01-19T08:26:10Z,True,1
SKILL_009_20260119_112614,e_martinez,932.82,SKILL_009,193.76,Package Cotton set,2026-01-19T11:26:14Z,True,1
SKILL_009_20260119_081724,e_martinez,940.27,SKILL_009,211.79,Package Cotton set,2026-01-19T08:17:24Z,True,1
SKILL_009_20260119_112206,e_martinez,817.95,SKILL_009,184.73,Package Cotton set,2026-01-19T11:22:06Z,True,1
SKILL_009_20260119_081420,e_martinez,683.59,SKILL_009,159.26,Package Cotton set,2026-01-19T08:14:20Z,True,1
SKILL_007_20260119_111346,e_martinez,1722.54,SKILL_007,361.51,Separate tongue depressors by color,2026-01-19T11:13:46Z,True,1
SKILL_007_20260119_080843,e_martinez,1068.93,SKILL_007,233.96,Separate tongue depressors by color,2026-01-19T08:08:43Z,True,1
SKILL_007_20260119_080015,e_martinez,1844.5,SKILL_007,371.32,Separate tongue depressors by color,2026-01-19T08:00:15Z,True,1
SKILL_007_20260119_080627,e_martinez,235.86,SKILL_007,36.39,Separate tongue depressors by color,2026-01-19T08:06:27Z,False,1
SKILL_005_20260119_145539,e_martinez,586.9,SKILL_005,138.38,Insert allen keys in package,2026-01-19T14:55:39Z,True,1
SKILL_005_20260119_110837,e_martinez,737.27,SKILL_005,167.87,Insert allen keys in package,2026-01-19T11:08:37Z,True,1
SKILL_005_20260119_110436,e_martinez,780.78,SKILL_005,179.73,Insert allen keys in package,2026-01-19T11:04:36Z,True,1
SKILL_005_20260119_075550,e_martinez,682.31,SKILL_005,154.38,Insert allen keys in package,2026-01-19T07:55:50Z,True,1
SKILL_005_20260119_075220,e_martinez,821.39,SKILL_005,182.04,Insert allen keys in package,2026-01-19T07:52:20Z,True,1
SKILL_004_20260119_145354,e_martinez,402.21,SKILL_004,79.92,Set Screwdriver package,2026-01-19T14:53:54Z,False,1
SKILL_011_20260119_083527,e_martinez,1248.64,SKILL_011,246.5,Package plastic ice cubes,2026-01-19T08:35:27Z,True,1
SKILL_015_20260119_132602,e_martinez,582.95,SKILL_015,124.69,Thread a needle,2026-01-19T13:26:02Z,True,1
SKILL_015_20260119_093030,e_martinez,245.66,SKILL_015,51.41,Thread a needle,2026-01-19T09:30:30Z,False,1
SKILL_015_20260119_092816,e_martinez,420.92,SKILL_015,87.3,Thread a needle,2026-01-19T09:28:16Z,False,1
SKILL_014_20260119_131629,c_becerra,1995.82,SKILL_014,408.92,Fasten nuts onto bolts,2026-01-19T13:16:29Z,True,1
SKILL_014_20260119_130621,e_martinez,2552.77,SKILL_014,514.53,Fasten nuts onto bolts,2026-01-19T13:06:21Z,True,1
SKILL_014_20260119_091313,e_martinez,3373.05,SKILL_014,670.0,Fasten nuts onto bolts,2026-01-19T09:13:13Z,True,1
SKILL_014_20260119_090905,e_martinez,633.89,SKILL_014,129.02,Fasten nuts onto bolts,2026-01-19T09:09:05Z,True,1
SKILL_014_20260119_090628,e_martinez,569.19,SKILL_014,116.95,Fasten nuts onto bolts,2026-01-19T09:06:28Z,True,1
SKILL_013_20260119_125641,e_martinez,1215.94,SKILL_013,246.11,Set up a hand lamp,2026-01-19T12:56:41Z,True,1
SKILL_013_20260119_125252,e_martinez,172.44,SKILL_013,37.4,Set up a hand lamp,2026-01-19T12:52:52Z,False,1
SKILL_013_20260119_125117,e_martinez,20.87,SKILL_013,5.05,Set up a hand lamp,2026-01-19T12:51:17Z,False,1
SKILL_013_20260119_123549,e_martinez,854.42,SKILL_013,171.01,Set up a hand lamp,2026-01-19T12:35:49Z,True,1
SKILL_013_20260119_090006,e_martinez,939.67,SKILL_013,190.88,Set up a hand lamp,2026-01-19T09:00:06Z,True,1
SKILL_013_20260119_123157,e_martinez,734.21,SKILL_013,148.23,Set up a hand lamp,2026-01-19T12:31:57Z,True,1
SKILL_013_20260119_085635,e_martinez,770.45,SKILL_013,158.65,Set up a hand lamp,2026-01-19T08:56:35Z,True,1
SKILL_012_20260119_084851,e_martinez,622.82,SKILL_012,126.81,Put pasta in jars,2026-01-19T08:48:51Z,True,1
SKILL_012_20260119_084510,e_martinez,893.06,SKILL_012,182.97,Put pasta in jars,2026-01-19T08:45:10Z,True,1
SKILL_011_20260119_122715,e_martinez,1203.29,SKILL_011,234.34,Package plastic ice cubes,2026-01-19T12:27:15Z,True,1
SKILL_011_20260119_122128,e_martinez,1509.95,SKILL_011,299.87,Package plastic ice cubes,2026-01-19T12:21:28Z,True,1
SKILL_011_20260119_084058,e_martinez,1052.93,SKILL_011,205.14,Package plastic ice cubes,2026-01-19T08:40:58Z,True,1
SKILL_020_20260119_102432,e_martinez,478.85,SKILL_020,129.92,Open locks with their keys,2026-01-19T10:24:32Z,True,1
SKILL_019_20260119_141212,c_becerra,1037.5,SKILL_019,207.74,Put pasta in plastic containers,2026-01-19T14:12:12Z,True,1
SKILL_019_20260119_140752,e_martinez,1028.9,SKILL_019,209.91,Put pasta in plastic containers,2026-01-19T14:07:52Z,True,1
SKILL_018_20260119_140044,c_becerra,1440.79,SKILL_018,316.51,Close bags with twist ties,2026-01-19T14:00:44Z,True,1
SKILL_018_20260119_135351,e_martinez,1712.69,SKILL_018,362.9,Close bags with twist ties,2026-01-19T13:53:51Z,True,1
SKILL_018_20260119_101126,e_martinez,1544.33,SKILL_018,327.64,Close bags with twist ties,2026-01-19T10:11:26Z,True,1
SKILL_017_20260119_134417,c_becerra,1699.01,SKILL_017,324.23,Put pasta in ziploc bags,2026-01-19T13:44:17Z,True,1
SKILL_017_20260119_133814,e_martinez,1408.33,SKILL_017,298.65,Put pasta in ziploc bags,2026-01-19T13:38:14Z,True,1
SKILL_017_20260119_095553,e_martinez,2358.6,SKILL_017,466.09,Put pasta in ziploc bags,2026-01-19T09:55:53Z,True,1
SKILL_016_20260119_133451,C_becerra,563.64,SKILL_016,119.13,Package a sewing set,2026-01-19T13:34:51Z,True,1
SKILL_016_20260119_133146,C_becerra,692.18,SKILL_016,149.82,Package a sewing set,2026-01-19T13:31:46Z,True,1
SKILL_016_20260119_095338,e_martinez,318.99,SKILL_016,67.43,Package a sewing set,2026-01-19T09:53:38Z,False,1
SKILL_016_20260119_095156,e_martinez,329.92,SKILL_016,69.61,Package a sewing set,2026-01-19T09:51:56Z,False,1
SKILL_015_20260119_132903,e_martinez,435.65,SKILL_015,100.43,Thread a needle,2026-01-19T13:29:03Z,True,1
SKILL_005_20260119_075556,c_becerra,781.11,SKILL_005,176.48,Insert allen keys in package,2026-01-19T07:55:56Z,True,2
SKILL_005_20260119_075208,c_becerra,880.54,SKILL_005,196.66,Insert allen keys in package,2026-01-19T07:52:08Z,True,2
SKILL_004_20260119_145505,c_becerra,1437.44,SKILL_004,305.26,Set Screwdriver package,2026-01-19T14:55:05Z,True,2
SKILL_004_20260119_074610,c_becerra,1375.8,SKILL_004,271.43,Set Screwdriver package,2026-01-19T07:46:10Z,True,2
SKILL_004_20260119_074022,c_becerra,1378.6,SKILL_004,271.63,Set Screwdriver package,2026-01-19T07:40:22Z,True,2
SKILL_003_20260119_105502,c_becerra,1109.87,SKILL_003,242.94,Organize screwdriver bits,2026-01-19T10:55:02Z,True,2
SKILL_003_20260119_104820,c_becerra,1313.92,SKILL_003,290.8,Organize screwdriver bits,2026-01-19T10:48:20Z,True,2
SKILL_003_20260119_072642,c_becerra,1629.2,SKILL_003,341.13,Organize screwdriver bits,2026-01-19T07:26:42Z,True,2
SKILL_001_20260119_145441,c_becerra,36.97,SKILL_001,11.45,Organize beads per color,2026-01-19T14:54:41Z,False,2
SKILL_001_20260119_144043,c_becerra,4007.31,SKILL_001,772.1,Organize beads per color,2026-01-19T14:40:43Z,True,2
SKILL_001_20260119_103150,c_becerra,3740.03,SKILL_001,749.22,Organize beads per color,2026-01-19T10:31:50Z,True,2
SKILL_001_20260119_071942,c_becerra,1745.92,SKILL_001,332.18,Organize beads per color,2026-01-19T07:19:42Z,True,2
SKILL_001_20260119_071240,c_becerra,1313.54,SKILL_001,301.5,Organize beads per color,2026-01-19T07:12:40Z,True,2
SKILL_001_20260119_070832,c_becerra,545.29,SKILL_001,160.31,Organize beads per color,2026-01-19T07:08:32Z,True,2
SKILL_020_20260119_142506,c_becerra,330.94,SKILL_020,71.6,Open locks with their keys,2026-01-19T14:25:06Z,False,1
SKILL_020_20260119_142236,c_becerra,463.92,SKILL_020,105.2,Open locks with their keys,2026-01-19T14:22:36Z,True,1
SKILL_020_20260119_142130,e_martinez,8.06,SKILL_020,2.13,Open locks with their keys,2026-01-19T14:21:30Z,False,1
SKILL_020_20260119_141855,e_martinez,593.51,SKILL_020,127.87,Open locks with their keys,2026-01-19T14:18:55Z,True,1
SKILL_020_20260119_102742,e_martinez,683.96,SKILL_020,140.34,Open locks with their keys,2026-01-19T10:27:42Z,True,1
SKILL_012_20260119_123206,c_becerra,920.45,SKILL_012,194.37,Put pasta in jars,2026-01-19T12:32:06Z,True,2
SKILL_012_20260119_084837,c_becerra,833.22,SKILL_012,183.47,Put pasta in jars,2026-01-19T08:48:37Z,True,2
SKILL_012_20260119_084505,c_becerra,824.79,SKILL_012,179.3,Put pasta in jars,2026-01-19T08:45:05Z,True,2
SKILL_011_20260119_122719,c_becerra,598.51,SKILL_011,126.46,Package plastic ice cubes,2026-01-19T12:27:19Z,True,2
SKILL_011_20260119_122420,c_becerra,633.41,SKILL_011,136.76,Package plastic ice cubes,2026-01-19T12:24:20Z,True,2
SKILL_011_20260119_083825,c_becerra,690.64,SKILL_011,144.66,Package plastic ice cubes,2026-01-19T08:38:25Z,True,2
SKILL_011_20260119_083532,c_becerra,667.13,SKILL_011,142.27,Package plastic ice cubes,2026-01-19T08:35:32Z,True,2
SKILL_010_20260119_121554,c_becerra,2033.97,SKILL_010,426.28,Package earphones,2026-01-19T12:15:54Z,True,2
SKILL_010_20260119_082637,c_becerra,1338.46,SKILL_010,284.03,Package earphones,2026-01-19T08:26:37Z,True,2
SKILL_009_20260119_082538,c_becerra,0.01,SKILL_009,0.83,Package Cotton set,2026-01-19T08:25:38Z,False,2
SKILL_009_20260119_082102,c_becerra,1180.77,SKILL_009,275.71,Package Cotton set,2026-01-19T08:21:02Z,True,2
SKILL_009_20260119_081437,c_becerra,1506.31,SKILL_009,351.16,Package Cotton set,2026-01-19T08:14:37Z,True,2
SKILL_007_20260119_112216,c_becerra,1219.28,SKILL_007,276.43,Separate tongue depressors by color,2026-01-19T11:22:16Z,True,2
SKILL_007_20260119_111253,c_becerra,2333.24,SKILL_007,455.01,Separate tongue depressors by color,2026-01-19T11:12:53Z,True,2
SKILL_007_20260119_080852,c_becerra,1179.42,SKILL_007,232.54,Separate tongue depressors by color,2026-01-19T08:08:52Z,True,2
SKILL_007_20260119_080010,c_becerra,2396.05,SKILL_007,474.45,Separate tongue depressors by color,2026-01-19T08:00:10Z,True,2
SKILL_005_20260119_110837,c_becerra,537.31,SKILL_005,118.25,Insert allen keys in package,2026-01-19T11:08:37Z,True,2
SKILL_005_20260119_110434,c_becerra,905.49,SKILL_005,199.69,Insert allen keys in package,2026-01-19T11:04:34Z,True,2
SKILL_005_20260119_110216,c_becerra,138.64,SKILL_005,30.89,Insert allen keys in package,2026-01-19T11:02:16Z,False,2
SKILL_001_20260120_130739,c_becerra,3724.77,SKILL_001,760.36,Organize beads per color,2026-01-20T13:07:39Z,True,1
SKILL_001_20260120_125501,e_martinez,3289.19,SKILL_001,687.8,Organize beads per color,2026-01-20T12:55:01Z,True,1
SKILL_020_20260119_102753,c_becerra,381.99,SKILL_020,90.69,Open locks with their keys,2026-01-19T10:27:53Z,True,2
SKILL_020_20260119_102426,c_becerra,575.09,SKILL_020,133.55,Open locks with their keys,2026-01-19T10:24:26Z,True,2
SKILL_018_20260119_101539,c_becerra,1411.14,SKILL_018,351.1,Close bags with twist ties,2026-01-19T10:15:39Z,True,2
SKILL_018_20260119_101129,c_becerra,590.35,SKILL_018,125.02,Close bags with twist ties,2026-01-19T10:11:29Z,True,2
SKILL_017_20260119_095547,c_becerra,2384.3,SKILL_017,479.56,Put pasta in ziploc bags,2026-01-19T09:55:47Z,True,2
SKILL_016_20260119_095357,c_becerra,243.42,SKILL_016,54.1,Package a sewing set,2026-01-19T09:53:57Z,False,2
SKILL_016_20260119_095239,c_becerra,248.29,SKILL_016,52.76,Package a sewing set,2026-01-19T09:52:39Z,False,2
SKILL_016_20260119_095134,c_becerra,120.39,SKILL_016,27.58,Package a sewing set,2026-01-19T09:51:34Z,False,2
SKILL_015_20260119_093122,c_becerra,320.26,SKILL_015,67.83,Thread a needle,2026-01-19T09:31:22Z,False,2
SKILL_015_20260119_092913,c_becerra,327.8,SKILL_015,70.22,Thread a needle,2026-01-19T09:29:13Z,False,2
SKILL_014_20260119_091310,c_becerra,3388.41,SKILL_014,743.4,Fasten nuts onto bolts,2026-01-19T09:13:10Z,True,2
SKILL_014_20260119_090932,c_becerra,358.29,SKILL_014,81.24,Fasten nuts onto bolts,2026-01-19T09:09:32Z,False,2
SKILL_014_20260119_090629,c_becerra,665.41,SKILL_014,146.03,Fasten nuts onto bolts,2026-01-19T09:06:29Z,True,2
SKILL_013_20260119_130312,c_becerra,1334.79,SKILL_013,296.3,Set up a hand lamp,2026-01-19T13:03:12Z,True,2
SKILL_013_20260119_125851,c_becerra,303.81,SKILL_013,69.27,Set up a hand lamp,2026-01-19T12:58:51Z,False,2
SKILL_013_20260119_090136,c_becerra,972.14,SKILL_013,211.13,Set up a hand lamp,2026-01-19T09:01:36Z,True,2
SKILL_013_20260119_085629,c_becerra,1138.55,SKILL_013,249.0,Set up a hand lamp,2026-01-19T08:56:29Z,True,2
SKILL_012_20260119_123612,c_becerra,684.66,SKILL_012,215.17,Put pasta in jars,2026-01-19T12:36:12Z,True,2
SKILL_003_20260120_132310,e_martinez,1597.73,SKILL_003,368.52,Organize screwdriver bits,2026-01-20T13:23:10Z,True,1
SKILL_013_20260120_100757,e_martinez,576.98,SKILL_013,115.36,Set up a hand lamp,2026-01-20T10:07:57Z,True,1
SKILL_013_20260120_100211,e_martinez,569.03,SKILL_013,112.76,Set up a hand lamp,2026-01-20T10:02:11Z,True,1
SKILL_012_20260120_094803,c_becerra,1073.9,SKILL_012,224.98,Put pasta in jars,2026-01-20T09:48:03Z,True,1
SKILL_012_20260120_094217,e_martinez,16.29,SKILL_012,4.29,Put pasta in jars,2026-01-20T09:42:17Z,False,1
SKILL_011_20260120_094505,e_martinez,634.84,SKILL_011,128.14,Package plastic ice cubes,2026-01-20T09:45:05Z,True,1
SKILL_010_20260120_093429,c_becerra,1418.09,SKILL_010,308.3,Package earphones,2026-01-20T09:34:29Z,True,1
SKILL_010_20260120_092830,e_martinez,1423.49,SKILL_010,304.7,Package earphones,2026-01-20T09:28:30Z,True,1
SKILL_009_20260120_154447,h_alcaraz,64.1,SKILL_009,11.79,Package Cotton set,2026-01-20T15:44:47Z,False,1
SKILL_009_20260120_142934,e_martinez,794.59,SKILL_009,184.85,Package Cotton set,2026-01-20T14:29:34Z,True,1
SKILL_007_20260120_141153,e_martinez,1304.41,SKILL_007,278.97,Separate tongue depressors by color,2026-01-20T14:11:53Z,True,1
SKILL_009_20260120_141948,e_martinez,233.83,SKILL_009,48.19,Package Cotton set,2026-01-20T14:19:48Z,False,1
SKILL_004_20260120_133635,c_becerra,2784.84,SKILL_004,597.99,Set Screwdriver package,2026-01-20T13:36:35Z,True,1
SKILL_009_20260120_142343,e_martinez,1285.64,SKILL_009,284.27,Package Cotton set,2026-01-20T14:23:43Z,True,1
SKILL_005_20260120_140252,e_martinez,15.18,SKILL_005,6.28,Insert allen keys in package,2026-01-20T14:02:52Z,False,1
SKILL_005_20260120_140306,e_martinez,767.07,SKILL_005,170.71,Insert allen keys in package,2026-01-20T14:03:06Z,True,1
SKILL_005_20260120_134834,c_becerra,995.64,SKILL_005,216.77,Insert allen keys in package,2026-01-20T13:48:34Z,True,1
SKILL_005_20260120_140704,e_martinez,668.94,SKILL_005,150.95,Insert allen keys in package,2026-01-20T14:07:04Z,True,1
SKILL_005_20260120_152243,e_martinez,830.11,SKILL_005,181.92,Insert allen keys in package,2026-01-20T15:22:43Z,True,1
SKILL_003_20260120_133021,c_becerra,873.49,SKILL_003,193.87,Organize screwdriver bits,2026-01-20T13:30:21Z,True,1
SKILL_003_20260120_075158,e_martinez,1561.67,SKILL_003,318.64,Organize screwdriver bits,2026-01-20T07:51:58Z,True,2
SKILL_003_20260120_075011,e_martinez,142.94,SKILL_003,51.89,Organize screwdriver bits,2026-01-20T07:50:11Z,False,2
SKILL_002_20260120_074042,c_becerra,1087.38,SKILL_002,217.87,Organize beads per character,2026-01-20T07:40:42Z,True,2
SKILL_002_20260120_073437,c_becerra,841.12,SKILL_002,231.72,Organize beads per character,2026-01-20T07:34:37Z,True,2
SKILL_001_20260120_072300,e_martinez,3338.34,SKILL_001,639.08,Organize beads per color,2026-01-20T07:23:00Z,True,2
SKILL_001_20260120_071002,c_becerra,3660.01,SKILL_001,720.14,Organize beads per color,2026-01-20T07:10:02Z,True,2
SKILL_020_20260120_124934,e_martinez,644.64,SKILL_020,129.59,Open locks with their keys,2026-01-20T12:49:34Z,True,1
SKILL_020_20260120_124643,e_martinez,545.51,SKILL_020,111.32,Open locks with their keys,2026-01-20T12:46:43Z,True,1
SKILL_019_20260120_123941,e_martinez,1110.64,SKILL_019,225.27,Put pasta in plastic containers,2026-01-20T12:39:41Z,True,1
SKILL_018_20260120_123103,e_martinez,1752.38,SKILL_018,370.77,Close bags with twist ties,2026-01-20T12:31:03Z,True,1
SKILL_017_20260120_122205,e_martinez,2127.36,SKILL_017,407.71,Put pasta in ziploc bags,2026-01-20T12:22:05Z,True,1
SKILL_016_20260120_121857,e_martinez,243.75,SKILL_016,50.89,Package a sewing set,2026-01-20T12:18:57Z,False,1
SKILL_016_20260120_121718,e_martinez,242.48,SKILL_016,50.79,Package a sewing set,2026-01-20T12:17:18Z,False,1
SKILL_016_20260120_121018,e_martinez,339.03,SKILL_016,72.82,Package a sewing set,2026-01-20T12:10:18Z,False,1
SKILL_015_20260120_120649,e_martinez,620.49,SKILL_015,128.76,Thread a needle,2026-01-20T12:06:49Z,True,1
SKILL_015_20260120_120216,e_martinez,468.13,SKILL_015,101.66,Thread a needle,2026-01-20T12:02:16Z,True,1
SKILL_014_20260120_111252,e_martinez,1578.27,SKILL_014,313.79,Fasten nuts onto bolts,2026-01-20T11:12:52Z,True,1
SKILL_014_20260120_110849,e_martinez,252.48,SKILL_014,50.59,Fasten nuts onto bolts,2026-01-20T11:08:49Z,False,1
SKILL_013_20260120_103041,e_martinez,136.71,SKILL_013,28.06,Set up a hand lamp,2026-01-20T10:30:41Z,False,1
SKILL_013_20260120_101304,e_martinez,857.61,SKILL_013,175.68,Set up a hand lamp,2026-01-20T10:13:04Z,True,1
SKILL_016_20260120_123221,c_becerra,431.29,SKILL_016,91.73,Package a sewing set,2026-01-20T12:32:21Z,True,2
SKILL_016_20260120_122951,c_becerra,452.58,SKILL_016,95.38,Package a sewing set,2026-01-20T12:29:51Z,True,2
SKILL_015_20260120_122443,c_becerra,798.38,SKILL_015,174.61,Thread a needle,2026-01-20T12:24:43Z,True,2
SKILL_015_20260120_121010,c_becerra,132.55,SKILL_015,31.08,Thread a needle,2026-01-20T12:10:10Z,False,2
SKILL_014_20260120_110855,c_becerra,2375.01,SKILL_014,533.94,Fasten nuts onto bolts,2026-01-20T11:08:55Z,True,2
SKILL_013_20260120_110127,c_becerra,1172.2,SKILL_013,255.64,Set up a hand lamp,2026-01-20T11:01:27Z,True,2
SKILL_013_20260120_105720,c_becerra,53.44,SKILL_013,10.91,Set up a hand lamp,2026-01-20T10:57:20Z,False,2
SKILL_013_20260120_102642,c_becerra,237.66,SKILL_013,45.44,Set up a hand lamp,2026-01-20T10:26:42Z,False,2
SKILL_013_20260120_100446,c_becerra,1102.8,SKILL_013,240.37,Set up a hand lamp,2026-01-20T10:04:46Z,True,2
SKILL_009_20260120_090637,c_becerra,3014.68,SKILL_009,703.97,Package Cotton set,2026-01-20T09:06:37Z,True,2
SKILL_009_20260120_085002,e_martinez,1669.99,SKILL_009,377.93,Package Cotton set,2026-01-20T08:50:02Z,True,2
SKILL_007_20260120_152745,c_becerra,1355.87,SKILL_007,272.79,Separate tongue depressors by color,2026-01-20T15:27:45Z,True,2
SKILL_007_20260120_084037,c_becerra,2021.75,SKILL_007,424.2,Separate tongue depressors by color,2026-01-20T08:40:37Z,True,2
SKILL_007_20260120_083054,e_martinez,2363.69,SKILL_007,469.35,Separate tongue depressors by color,2026-01-20T08:30:54Z,True,2
SKILL_005_20260120_082855,c_becerra,0.01,SKILL_005,0.83,Insert allen keys in package,2026-01-20T08:28:55Z,False,2
SKILL_005_20260120_082122,c_becerra,2214.34,SKILL_005,452.28,Insert allen keys in package,2026-01-20T08:21:22Z,True,2
SKILL_005_20260120_081322,e_martinez,1420.81,SKILL_005,300.57,Insert allen keys in package,2026-01-20T08:13:22Z,True,2
SKILL_004_20260120_080805,e_martinez,995.81,SKILL_004,199.46,Set Screwdriver package,2026-01-20T08:08:05Z,True,2
SKILL_004_20260120_080227,c_becerra,1384.92,SKILL_004,292.55,Set Screwdriver package,2026-01-20T08:02:27Z,True,2
SKILL_003_20260120_075733,e_martinez,971.97,SKILL_003,194.68,Organize screwdriver bits,2026-01-20T07:57:33Z,True,2
SKILL_003_20260121_132328,e_martinez,931.6,SKILL_003,208.25,Organize screwdriver bits,2026-01-21T13:23:28Z,True,1
SKILL_003_20260121_131732,e_martinez,1293.9,SKILL_003,294.25,Organize screwdriver bits,2026-01-21T13:17:32Z,True,1
SKILL_001_20260121_131318,e_martinez,491.23,SKILL_001,97.79,Organize beads per color,2026-01-21T13:13:18Z,True,1
SKILL_001_20260121_130211,e_martinez,2949.77,SKILL_001,594.81,Organize beads per color,2026-01-21T13:02:11Z,True,1
SKILL_009_20260120_155112,h_alcaraz,1690.12,SKILL_009,344.48,Package Cotton set,2026-01-20T15:51:12Z,True,5
SKILL_009_20260120_155106,h_alcaraz,16.7,SKILL_009,4.03,Package Cotton set,2026-01-20T15:51:06Z,False,5
SKILL_005_20260120_151747,d_vargas,1291.74,SKILL_005,271.1,Insert allen keys in package,2026-01-20T15:17:47Z,True,4
SKILL_016_20260120_142920,n_mora,302.8,SKILL_016,62.69,Package a sewing set,2026-01-20T14:29:20Z,False,3
SKILL_016_20260120_142901,n_mora,29.58,SKILL_016,4.82,Package a sewing set,2026-01-20T14:29:01Z,False,3
SKILL_014_20260120_153759,n_mora,1218.61,SKILL_014,234.72,Fasten nuts onto bolts,2026-01-20T15:37:59Z,True,3
SKILL_014_20260120_153757,n_mora,0.02,SKILL_014,0.49,Fasten nuts onto bolts,2026-01-20T15:37:57Z,False,3
SKILL_019_20260120_142400,c_becerra,848.66,SKILL_019,185.32,Put pasta in plastic containers,2026-01-20T14:24:00Z,True,2
SKILL_019_20260120_142338,c_becerra,8.34,SKILL_019,2.29,Put pasta in plastic containers,2026-01-20T14:23:38Z,False,2
SKILL_019_20260120_141952,c_becerra,1026.23,SKILL_019,221.31,Put pasta in plastic containers,2026-01-20T14:19:52Z,True,2
SKILL_019_20260120_141355,c_becerra,755.41,SKILL_019,162.96,Put pasta in plastic containers,2026-01-20T14:13:55Z,True,2
SKILL_019_20260120_140114,c_becerra,777.4,SKILL_019,158.29,Put pasta in plastic containers,2026-01-20T14:01:14Z,True,2
SKILL_019_20260120_130052,c_becerra,39.4,SKILL_019,9.16,Put pasta in plastic containers,2026-01-20T13:00:52Z,False,2
SKILL_017_20260120_123428,c_becerra,1487.37,SKILL_017,318.97,Put pasta in ziploc bags,2026-01-20T12:34:28Z,True,2
SKILL_018_20260120_124233,c_becerra,1776.61,SKILL_018,392.91,Close bags with twist ties,2026-01-20T12:42:33Z,True,2
SKILL_013_20260121_084746,e_martinez,1042.41,SKILL_013,214.77,Set up a hand lamp,2026-01-21T08:47:46Z,True,1
SKILL_012_20260121_084418,e_martinez,683.23,SKILL_012,139.79,Put pasta in jars,2026-01-21T08:44:18Z,True,1
SKILL_012_20260121_084108,e_martinez,766.08,SKILL_012,156.0,Put pasta in jars,2026-01-21T08:41:08Z,True,1
SKILL_012_20260121_083719,e_martinez,758.56,SKILL_012,158.1,Put pasta in jars,2026-01-21T08:37:19Z,True,1
SKILL_010_20260121_083114,e_martinez,1238.48,SKILL_010,261.58,Package earphones,2026-01-21T08:31:14Z,True,1
SKILL_010_20260121_082446,e_martinez,1646.78,SKILL_010,342.18,Package earphones,2026-01-21T08:24:46Z,True,1
SKILL_009_20260121_075635,e_martinez,1021.39,SKILL_009,230.39,Package Cotton set,2026-01-21T07:56:35Z,True,1
SKILL_009_20260121_075131,e_martinez,1220.63,SKILL_009,284.07,Package Cotton set,2026-01-21T07:51:31Z,True,1
SKILL_007_20260121_074202,e_martinez,2149.16,SKILL_007,455.77,Separate tongue depressors by color,2026-01-21T07:42:02Z,True,1
SKILL_005_20260121_073626,e_martinez,636.82,SKILL_005,154.59,Insert allen keys in package,2026-01-21T07:36:26Z,True,1
SKILL_005_20260121_073329,e_martinez,634.94,SKILL_005,151.98,Insert allen keys in package,2026-01-21T07:33:29Z,True,1
SKILL_004_20260121_144240,e_martinez,1644.66,SKILL_004,381.41,Set Screwdriver package,2026-01-21T14:42:40Z,True,1
SKILL_004_20260121_143903,e_martinez,593.52,SKILL_004,118.9,Set Screwdriver package,2026-01-21T14:39:03Z,True,1
SKILL_004_20260121_143148,n_mora,638.06,SKILL_004,128.47,Set Screwdriver package,2026-01-21T14:31:48Z,True,1
SKILL_004_20260121_142559,n_mora,434.86,SKILL_004,85.82,Set Screwdriver package,2026-01-21T14:25:59Z,False,1
SKILL_004_20260121_072903,e_martinez,1058.6,SKILL_004,213.79,Set Screwdriver package,2026-01-21T07:29:03Z,True,1
SKILL_003_20260121_133329,e_martinez,1123.59,SKILL_003,220.41,Organize screwdriver bits,2026-01-21T13:33:29Z,True,1
SKILL_003_20260121_132859,e_martinez,1024.63,SKILL_003,197.31,Organize screwdriver bits,2026-01-21T13:28:59Z,True,1
SKILL_003_20260121_132656,e_martinez,10.77,SKILL_003,2.02,Organize screwdriver bits,2026-01-21T13:26:56Z,False,1
SKILL_013_20260121_085218,e_martinez,1059.61,SKILL_013,217.48,Set up a hand lamp,2026-01-21T08:52:18Z,True,1
SKILL_021_20260121_103436,e_martinez,727.82,SKILL_021,153.75,Build Up Box (Mailer),2026-01-21T10:34:36Z,True,1
SKILL_021_20260121_103119,e_martinez,842.28,SKILL_021,179.0,Build Up Box (Mailer),2026-01-21T10:31:19Z,True,1
SKILL_020_20260121_102628,e_martinez,829.24,SKILL_020,172.77,Open locks with their keys,2026-01-21T10:26:28Z,True,1
SKILL_020_20260121_102301,e_martinez,659.66,SKILL_020,136.89,Open locks with their keys,2026-01-21T10:23:01Z,True,1
SKILL_020_20260121_101906,e_martinez,896.5,SKILL_020,184.42,Open locks with their keys,2026-01-21T10:19:06Z,True,1
SKILL_018_20260121_100952,e_martinez,1258.16,SKILL_018,260.75,Close bags with twist ties,2026-01-21T10:09:52Z,True,1
SKILL_018_20260121_100525,e_martinez,1063.25,SKILL_018,217.64,Close bags with twist ties,2026-01-21T10:05:25Z,True,1
SKILL_018_20260121_095652,e_martinez,1866.26,SKILL_018,398.97,Close bags with twist ties,2026-01-21T09:56:52Z,True,1
SKILL_018_20260121_095418,e_martinez,312.57,SKILL_018,65.23,Close bags with twist ties,2026-01-21T09:54:18Z,False,1
SKILL_017_20260121_095016,e_martinez,659.23,SKILL_017,132.73,Put pasta in ziploc bags,2026-01-21T09:50:16Z,True,1
SKILL_017_20260121_094313,e_martinez,1874.74,SKILL_017,383.37,Put pasta in ziploc bags,2026-01-21T09:43:13Z,True,1
SKILL_016_20260121_093817,e_martinez,272.23,SKILL_016,60.95,Package a sewing set,2026-01-21T09:38:17Z,False,1
SKILL_016_20260121_093531,e_martinez,578.14,SKILL_016,130.24,Package a sewing set,2026-01-21T09:35:31Z,True,1
SKILL_016_20260121_093043,e_martinez,671.49,SKILL_016,144.53,Package a sewing set,2026-01-21T09:30:43Z,True,1
SKILL_015_20260121_092621,e_martinez,774.47,SKILL_015,171.55,Thread a needle,2026-01-21T09:26:21Z,True,1
SKILL_015_20260121_091915,e_martinez,1410.47,SKILL_015,299.54,Thread a needle,2026-01-21T09:19:15Z,True,1
SKILL_014_20260121_091120,e_martinez,11.86,SKILL_014,2.61,Fasten nuts onto bolts,2026-01-21T09:11:20Z,False,1
SKILL_014_20260121_090922,e_martinez,543.41,SKILL_014,109.4,Fasten nuts onto bolts,2026-01-21T09:09:22Z,True,1
SKILL_014_20260121_090103,e_martinez,2100.42,SKILL_014,419.13,Fasten nuts onto bolts,2026-01-21T09:01:03Z,True,1
SKILL_013_20260121_085625,e_martinez,502.55,SKILL_013,106.93,Set up a hand lamp,2026-01-21T08:56:25Z,True,1
SKILL_005_20260121_083312,c_becerra,629.53,SKILL_005,136.96,Insert allen keys in package,2026-01-21T08:33:12Z,True,2
SKILL_005_20260121_082929,c_becerra,932.35,SKILL_005,204.24,Insert allen keys in package,2026-01-21T08:29:29Z,True,2
SKILL_005_20260121_082539,c_becerra,960.83,SKILL_005,207.36,Insert allen keys in package,2026-01-21T08:25:39Z,True,2
SKILL_003_20260121_075659,c_becerra,979.39,SKILL_003,212.07,Organize screwdriver bits,2026-01-21T07:56:59Z,True,2
SKILL_003_20260121_075152,c_becerra,1039.4,SKILL_003,224.54,Organize screwdriver bits,2026-01-21T07:51:52Z,True,2
SKILL_001_20260121_073008,c_becerra,2791.75,SKILL_001,563.36,Organize beads per color,2026-01-21T07:30:08Z,True,2
SKILL_001_20260121_144313,c_becerra,4123.3,SKILL_001,820.44,Organize beads per color,2026-01-21T14:43:13Z,True,2
SKILL_024_20260121_124816,e_martinez,1392.6,SKILL_024,294.77,Put hooks on shower courtain,2026-01-21T12:48:16Z,True,1
SKILL_001_20260121_070617,c_becerra,2162.23,SKILL_001,626.23,Organize beads per color,2026-01-21T07:06:17Z,True,2
SKILL_001_20260121_072752,c_becerra,151.16,SKILL_001,37.23,Organize beads per color,2026-01-21T07:27:52Z,False,2
SKILL_024_20260121_124348,e_martinez,964.52,SKILL_024,181.71,Put hooks on shower courtain,2026-01-21T12:43:48Z,True,1
SKILL_023_20260121_112427,e_martinez,727.06,SKILL_023,153.43,Built up box (Present),2026-01-21T11:24:27Z,True,1
SKILL_023_20260121_111712,e_martinez,1662.16,SKILL_023,344.78,Built up box (Present),2026-01-21T11:17:12Z,True,1
SKILL_023_20260121_111303,e_martinez,838.94,SKILL_023,178.39,Built up box (Present),2026-01-21T11:13:03Z,True,1
SKILL_022_20260121_105115,e_martinez,312.84,SKILL_022,68.77,Build Up Box (Regular ECT),2026-01-21T10:51:15Z,False,1
SKILL_022_20260121_104739,e_martinez,197.93,SKILL_022,44.11,Build Up Box (Regular ECT),2026-01-21T10:47:39Z,False,1
SKILL_021_20260121_103745,e_martinez,784.39,SKILL_021,165.19,Build Up Box (Mailer),2026-01-21T10:37:45Z,True,1
SKILL_022_20260121_104323,e_martinez,908.47,SKILL_022,189.62,Build Up Box (Regular ECT),2026-01-21T10:43:23Z,True,1
SKILL_022_20260121_104825,e_martinez,605.75,SKILL_022,128.15,Build Up Box (Regular ECT),2026-01-21T10:48:25Z,True,1
SKILL_017_20260121_101927,c_becerra,1600.96,SKILL_017,339.97,Put pasta in ziploc bags,2026-01-21T10:19:27Z,True,2
SKILL_016_20260121_101159,c_becerra,768.76,SKILL_016,162.54,Package a sewing set,2026-01-21T10:11:59Z,True,2
SKILL_016_20260121_100832,c_becerra,721.68,SKILL_016,151.11,Package a sewing set,2026-01-21T10:08:32Z,True,2
SKILL_016_20260121_100509,c_becerra,804.47,SKILL_016,166.08,Package a sewing set,2026-01-21T10:05:09Z,True,2
SKILL_015_20260121_095938,c_becerra,1005.37,SKILL_015,221.61,Thread a needle,2026-01-21T09:59:38Z,True,2
SKILL_015_20260121_095401,c_becerra,966.07,SKILL_015,205.08,Thread a needle,2026-01-21T09:54:01Z,True,2
SKILL_014_20260121_094228,c_becerra,2437.23,SKILL_014,528.1,Fasten nuts onto bolts,2026-01-21T09:42:28Z,True,2
SKILL_013_20260121_093852,c_becerra,387.14,SKILL_013,84.23,Set up a hand lamp,2026-01-21T09:38:52Z,False,2
SKILL_013_20260121_093510,c_becerra,910.76,SKILL_013,195.84,Set up a hand lamp,2026-01-21T09:35:10Z,True,2
SKILL_013_20260121_093031,c_becerra,1045.34,SKILL_013,222.65,Set up a hand lamp,2026-01-21T09:30:31Z,True,2
SKILL_012_20260121_091925,c_becerra,922.41,SKILL_012,197.49,Put pasta in jars,2026-01-21T09:19:25Z,True,2
SKILL_012_20260121_092711,c_becerra,533.58,SKILL_012,118.04,Put pasta in jars,2026-01-21T09:27:11Z,True,2
SKILL_012_20260121_092323,c_becerra,848.54,SKILL_012,185.11,Put pasta in jars,2026-01-21T09:23:23Z,True,2
SKILL_010_20260121_090711,c_becerra,1164.01,SKILL_010,243.14,Package earphones,2026-01-21T09:07:11Z,True,2
SKILL_010_20260121_090047,c_becerra,1590.26,SKILL_010,331.75,Package earphones,2026-01-21T09:00:47Z,True,2
SKILL_009_20260121_085419,c_becerra,1212.79,SKILL_009,285.16,Package Cotton set,2026-01-21T08:54:19Z,True,2
SKILL_009_20260121_084812,c_becerra,1461.1,SKILL_009,332.38,Package Cotton set,2026-01-21T08:48:12Z,True,2
SKILL_009_20260121_074857,c_becerra,420.64,SKILL_009,96.11,Package Cotton set,2026-01-21T07:48:57Z,True,2
SKILL_009_20260121_074236,c_becerra,1519.07,SKILL_009,343.3,Package Cotton set,2026-01-21T07:42:36Z,True,2
SKILL_007_20260121_083745,c_becerra,2528.89,SKILL_007,498.36,Separate tongue depressors by color,2026-01-21T08:37:45Z,True,2
SKILL_022_20260121_125626,c_becerra,652.24,SKILL_022,145.7,Build Up Box (Regular ECT),2026-01-21T12:56:26Z,True,2
SKILL_022_20260121_125257,c_becerra,822.26,SKILL_022,181.69,Build Up Box (Regular ECT),2026-01-21T12:52:57Z,True,2
SKILL_021_20260121_124906,c_becerra,639.99,SKILL_021,115.86,Build Up Box (Mailer),2026-01-21T12:49:06Z,True,2
SKILL_021_20260121_124528,c_becerra,582.39,SKILL_021,129.48,Build Up Box (Mailer),2026-01-21T12:45:28Z,True,2
SKILL_020_20260121_112557,c_becerra,279.13,SKILL_020,66.46,Open locks with their keys,2026-01-21T11:25:57Z,False,2
SKILL_020_20260121_112334,c_becerra,417.81,SKILL_020,99.11,Open locks with their keys,2026-01-21T11:23:34Z,True,2
SKILL_020_20260121_112322,c_becerra,28.71,SKILL_020,7.18,Open locks with their keys,2026-01-21T11:23:22Z,False,2
SKILL_020_20260121_112051,c_becerra,379.7,SKILL_020,90.57,Open locks with their keys,2026-01-21T11:20:51Z,True,2
SKILL_020_20260121_111842,c_becerra,327.3,SKILL_020,77.48,Open locks with their keys,2026-01-21T11:18:42Z,False,2
SKILL_020_20260121_111740,c_becerra,27.49,SKILL_020,5.09,Open locks with their keys,2026-01-21T11:17:40Z,False,2
SKILL_020_20260121_111608,c_becerra,378.52,SKILL_020,88.91,Open locks with their keys,2026-01-21T11:16:08Z,False,2
SKILL_020_20260121_111342,c_becerra,399.17,SKILL_020,93.7,Open locks with their keys,2026-01-21T11:13:42Z,True,2
SKILL_020_20260121_111111,c_becerra,410.94,SKILL_020,94.01,Open locks with their keys,2026-01-21T11:11:11Z,True,2
SKILL_019_20260121_104936,c_becerra,730.74,SKILL_019,164.77,Put pasta in plastic containers,2026-01-21T10:49:36Z,True,2
SKILL_019_20260121_104615,c_becerra,759.34,SKILL_019,166.95,Put pasta in plastic containers,2026-01-21T10:46:15Z,True,2
SKILL_019_20260121_104245,c_becerra,813.7,SKILL_019,175.35,Put pasta in plastic containers,2026-01-21T10:42:45Z,True,2
SKILL_018_20260121_103700,c_becerra,972.74,SKILL_018,216.63,Close bags with twist ties,2026-01-21T10:37:00Z,True,2
SKILL_018_20260121_103140,c_becerra,1077.28,SKILL_018,241.7,Close bags with twist ties,2026-01-21T10:31:40Z,True,2
SKILL_017_20260121_102614,c_becerra,941.98,SKILL_017,199.27,Put pasta in ziploc bags,2026-01-21T10:26:14Z,True,2
SKILL_022_20260121_131149,c_becerra,281.75,SKILL_022,65.84,Build Up Box (Regular ECT),2026-01-21T13:11:49Z,False,2
SKILL_022_20260121_131008,c_becerra,346.06,SKILL_022,79.26,Build Up Box (Regular ECT),2026-01-21T13:10:08Z,False,2
SKILL_022_20260121_130634,c_becerra,369.46,SKILL_022,84.04,Build Up Box (Regular ECT),2026-01-21T13:06:34Z,False,2
SKILL_022_20260121_130824,c_becerra,353.99,SKILL_022,80.81,Build Up Box (Regular ECT),2026-01-21T13:08:24Z,False,2
SKILL_022_20260121_130416,c_becerra,489.51,SKILL_022,112.54,Build Up Box (Regular ECT),2026-01-21T13:04:16Z,True,2
SKILL_022_20260121_130138,c_becerra,387.65,SKILL_022,89.34,Build Up Box (Regular ECT),2026-01-21T13:01:38Z,False,2
SKILL_022_20260121_125952,c_becerra,363.51,SKILL_022,84.24,Build Up Box (Regular ECT),2026-01-21T12:59:52Z,False,2
SKILL_009_20260121_082938,n_mora,1080.74,SKILL_009,242.91,Package Cotton set,2026-01-21T08:29:38Z,True,3
SKILL_010_20260121_083727,n_mora,1850.5,SKILL_010,400.88,Package earphones,2026-01-21T08:37:27Z,True,3
SKILL_007_20260121_075135,n_mora,2720.31,SKILL_007,526.96,Separate tongue depressors by color,2026-01-21T07:51:35Z,True,3
SKILL_005_20260121_074919,n_mora,276.22,SKILL_005,68.32,Insert allen keys in package,2026-01-21T07:49:19Z,False,3
SKILL_007_20260121_080022,n_mora,3.29,SKILL_007,1.04,Separate tongue depressors by color,2026-01-21T08:00:22Z,False,3
SKILL_005_20260121_074849,n_mora,5.28,SKILL_005,1.45,Insert allen keys in package,2026-01-21T07:48:49Z,False,3
SKILL_005_20260121_074539,n_mora,777.87,SKILL_005,190.1,Insert allen keys in package,2026-01-21T07:45:39Z,True,3
SKILL_009_20260121_082506,n_mora,1193.65,SKILL_009,252.59,Package Cotton set,2026-01-21T08:25:06Z,True,3
SKILL_003_20260121_073442,n_mora,1094.02,SKILL_003,265.34,Organize screwdriver bits,2026-01-21T07:34:42Z,True,3
SKILL_005_20260121_074218,n_mora,726.67,SKILL_005,179.69,Insert allen keys in package,2026-01-21T07:42:18Z,True,3
SKILL_001_20260121_132850,n_mora,1744.09,SKILL_001,385.73,Organize beads per color,2026-01-21T13:28:50Z,True,3
SKILL_001_20260121_132826,n_mora,18.88,SKILL_001,3.0,Organize beads per color,2026-01-21T13:28:26Z,False,3
SKILL_001_20260121_131727,n_mora,3029.49,SKILL_001,577.22,Organize beads per color,2026-01-21T13:17:27Z,True,3
SKILL_024_20260121_143344,c_becerra,735.21,SKILL_024,167.54,Put hooks on shower courtain,2026-01-21T14:33:44Z,True,2
SKILL_024_20260121_142820,c_becerra,888.38,SKILL_024,196.05,Put hooks on shower courtain,2026-01-21T14:28:20Z,True,2
SKILL_024_20260121_142142,c_becerra,680.1,SKILL_024,154.96,Put hooks on shower courtain,2026-01-21T14:21:42Z,True,2
SKILL_023_20260121_132211,c_becerra,805.07,SKILL_023,185.43,Built up box (Present),2026-01-21T13:22:11Z,True,2
SKILL_023_20260121_131740,c_becerra,918.62,SKILL_023,213.1,Built up box (Present),2026-01-21T13:17:40Z,True,2
SKILL_003_20260121_142102,n_mora,228.01,SKILL_003,48.87,Organize screwdriver bits,2026-01-21T14:21:02Z,False,3
SKILL_022_20260121_131320,c_becerra,326.58,SKILL_022,76.96,Build Up Box (Regular ECT),2026-01-21T13:13:20Z,False,2
SKILL_010_20260121_084500,n_mora,554.06,SKILL_010,120.4,Package earphones,2026-01-21T08:45:00Z,True,3
SKILL_012_20260121_085912,n_mora,1.11,SKILL_012,1.0,Put pasta in jars,2026-01-21T08:59:12Z,False,3
SKILL_012_20260121_085623,n_mora,807.42,SKILL_012,167.83,Put pasta in jars,2026-01-21T08:56:23Z,True,3
SKILL_012_20260121_085214,n_mora,995.01,SKILL_012,202.41,Put pasta in jars,2026-01-21T08:52:14Z,True,3
SKILL_012_20260121_084756,n_mora,1044.79,SKILL_012,211.93,Put pasta in jars,2026-01-21T08:47:56Z,True,3
SKILL_013_20260121_090059,n_mora,357.19,SKILL_013,72.56,Set up a hand lamp,2026-01-21T09:00:59Z,False,3
SKILL_005_20260121_073233,d_vargas,1259.84,SKILL_005,266.61,Insert allen keys in package,2026-01-21T07:32:33Z,True,4
SKILL_004_20260121_145524,D_vargas,15.82,SKILL_004,3.87,Set Screwdriver package,2026-01-21T14:55:24Z,False,4
SKILL_004_20260121_145528,D_vargas,4.78,SKILL_004,1.91,Set Screwdriver package,2026-01-21T14:55:28Z,False,4
SKILL_004_20260121_145523,D_vargas,4.78,SKILL_004,1.28,Set Screwdriver package,2026-01-21T14:55:23Z,False,4
SKILL_004_20260121_145521,D_vargas,4.96,SKILL_004,1.5,Set Screwdriver package,2026-01-21T14:55:21Z,False,4
SKILL_004_20260121_145518,D_vargas,12.07,SKILL_004,2.95,Set Screwdriver package,2026-01-21T14:55:18Z,False,4
SKILL_004_20260121_145005,D_vargas,1476.36,SKILL_004,313.27,Set Screwdriver package,2026-01-21T14:50:05Z,True,4
SKILL_003_20260121_074915,d_vargas,344.61,SKILL_003,75.11,Organize screwdriver bits,2026-01-21T07:49:15Z,False,4
SKILL_003_20260121_074228,d_vargas,1589.48,SKILL_003,327.1,Organize screwdriver bits,2026-01-21T07:42:28Z,True,4
SKILL_002_20260121_143757,D_vargas,2944.5,SKILL_002,610.5,Organize beads per character,2026-01-21T14:37:57Z,True,4
SKILL_001_20260121_142233,D_vargas,4513.51,SKILL_001,861.68,Organize beads per color,2026-01-21T14:22:33Z,True,4
SKILL_001_20260121_133326,d_vargas,1260.93,SKILL_001,227.66,Organize beads per color,2026-01-21T13:33:26Z,True,4
SKILL_024_20260121_131246,n_mora,755.03,SKILL_024,154.33,Put hooks on shower courtain,2026-01-21T13:12:46Z,True,3
SKILL_024_20260121_131103,n_mora,56.57,SKILL_024,16.23,Put hooks on shower courtain,2026-01-21T13:11:03Z,False,3
SKILL_024_20260121_130411,n_mora,1012.26,SKILL_024,208.41,Put hooks on shower courtain,2026-01-21T13:04:11Z,True,3
SKILL_013_20260121_090926,n_mora,453.38,SKILL_013,102.32,Set up a hand lamp,2026-01-21T09:09:26Z,True,3
SKILL_013_20260121_090353,n_mora,15.74,SKILL_013,3.84,Set up a hand lamp,2026-01-21T09:03:53Z,False,3
SKILL_013_20260121_090531,n_mora,954.08,SKILL_013,196.0,Set up a hand lamp,2026-01-21T09:05:31Z,True,3
SKILL_013_20260121_090225,n_mora,22.61,SKILL_013,5.07,Set up a hand lamp,2026-01-21T09:02:25Z,False,3
SKILL_015_20260121_094904,d_vargas,1028.76,SKILL_015,207.5,Thread a needle,2026-01-21T09:49:04Z,True,4
SKILL_015_20260121_094304,d_vargas,1455.75,SKILL_015,302.04,Thread a needle,2026-01-21T09:43:04Z,True,4
SKILL_013_20260121_094239,d_vargas,78.49,SKILL_013,20.62,Set up a hand lamp,2026-01-21T09:42:39Z,False,4
SKILL_013_20260121_093847,d_vargas,419.98,SKILL_013,83.01,Set up a hand lamp,2026-01-21T09:38:47Z,False,4
SKILL_013_20260121_093036,d_vargas,2228.96,SKILL_013,446.5,Set up a hand lamp,2026-01-21T09:30:36Z,True,4
SKILL_013_20260121_092746,d_vargas,303.37,SKILL_013,65.65,Set up a hand lamp,2026-01-21T09:27:46Z,False,4
SKILL_013_20260121_092351,d_vargas,921.19,SKILL_013,188.99,Set up a hand lamp,2026-01-21T09:23:51Z,True,4
SKILL_013_20260121_091920,d_vargas,1138.32,SKILL_013,232.99,Set up a hand lamp,2026-01-21T09:19:20Z,True,4
SKILL_012_20260121_090055,d_vargas,547.86,SKILL_012,114.9,Put pasta in jars,2026-01-21T09:00:55Z,True,4
SKILL_012_20260121_090817,d_vargas,798.25,SKILL_012,167.05,Put pasta in jars,2026-01-21T09:08:17Z,True,4
SKILL_010_20260121_084804,d_vargas,3039.09,SKILL_010,650.63,Package earphones,2026-01-21T08:48:04Z,True,4
SKILL_009_20260121_084230,d_vargas,1253.11,SKILL_009,262.71,Package Cotton set,2026-01-21T08:42:30Z,True,4
SKILL_009_20260121_083739,d_vargas,1153.63,SKILL_009,241.17,Package Cotton set,2026-01-21T08:37:39Z,True,4
SKILL_009_20260121_073808,d_vargas,427.31,SKILL_009,88.42,Package Cotton set,2026-01-21T07:38:08Z,False,4
SKILL_007_20260121_082522,d_vargas,2605.98,SKILL_007,485.59,Separate tongue depressors by color,2026-01-21T08:25:22Z,True,4
SKILL_005_20260121_075623,d_vargas,831.85,SKILL_005,187.84,Insert allen keys in package,2026-01-21T07:56:23Z,True,4
SKILL_005_20260121_075142,d_vargas,1038.56,SKILL_005,231.73,Insert allen keys in package,2026-01-21T07:51:42Z,True,4
SKILL_016_20260121_100231,d_vargas,297.55,SKILL_016,62.42,Package a sewing set,2026-01-21T10:02:31Z,False,4
SKILL_016_20260121_095824,d_vargas,139.31,SKILL_016,28.53,Package a sewing set,2026-01-21T09:58:24Z,False,4
SKILL_016_20260121_095409,d_vargas,679.24,SKILL_016,143.23,Package a sewing set,2026-01-21T09:54:09Z,True,4
SKILL_024_20260121_132216,d_vargas,970.31,SKILL_024,207.39,Put hooks on shower courtain,2026-01-21T13:22:16Z,True,4
SKILL_024_20260121_131736,d_vargas,1014.72,SKILL_024,213.76,Put hooks on shower courtain,2026-01-21T13:17:36Z,True,4
SKILL_023_20260121_131317,d_vargas,427.78,SKILL_023,92.59,Built up box (Present),2026-01-21T13:13:17Z,True,4
SKILL_023_20260121_130941,d_vargas,706.59,SKILL_023,156.06,Built up box (Present),2026-01-21T13:09:41Z,True,4
SKILL_023_20260121_130603,d_vargas,756.12,SKILL_023,168.51,Built up box (Present),2026-01-21T13:06:03Z,True,4
SKILL_022_20260121_124302,d_vargas,301.32,SKILL_022,68.27,Build Up Box (Regular ECT),2026-01-21T12:43:02Z,False,4
SKILL_021_20260121_112413,d_vargas,870.92,SKILL_021,187.95,Build Up Box (Mailer),2026-01-21T11:24:13Z,True,4
SKILL_021_20260121_111934,d_vargas,15.17,SKILL_021,3.99,Build Up Box (Mailer),2026-01-21T11:19:34Z,False,4
SKILL_021_20260121_111442,d_vargas,625.54,SKILL_021,141.58,Build Up Box (Mailer),2026-01-21T11:14:42Z,True,4
SKILL_020_20260121_105212,d_vargas,78.18,SKILL_020,16.56,Open locks with their keys,2026-01-21T10:52:12Z,False,4
SKILL_020_20260121_104326,d_vargas,2156.99,SKILL_020,436.31,Open locks with their keys,2026-01-21T10:43:26Z,True,4
SKILL_019_20260121_103705,d_vargas,988.54,SKILL_019,208.75,Put pasta in plastic containers,2026-01-21T10:37:05Z,True,4
SKILL_019_20260121_103133,d_vargas,1414.89,SKILL_019,294.35,Put pasta in plastic containers,2026-01-21T10:31:33Z,True,4
SKILL_018_20260121_102833,d_vargas,275.22,SKILL_018,56.8,Close bags with twist ties,2026-01-21T10:28:33Z,False,4
SKILL_018_20260121_102623,d_vargas,307.68,SKILL_018,66.89,Close bags with twist ties,2026-01-21T10:26:23Z,False,4
SKILL_018_20260121_102124,d_vargas,1197.82,SKILL_018,256.18,Close bags with twist ties,2026-01-21T10:21:24Z,True,4
SKILL_018_20260121_101916,d_vargas,401.2,SKILL_018,85.1,Close bags with twist ties,2026-01-21T10:19:16Z,False,4
SKILL_017_20260121_101036,d_vargas,1037.3,SKILL_017,214.98,Put pasta in ziploc bags,2026-01-21T10:10:36Z,True,4
SKILL_017_20260121_100519,d_vargas,1009.73,SKILL_017,207.92,Put pasta in ziploc bags,2026-01-21T10:05:19Z,True,4
SKILL_020_20260121_101013,n_mora,616.72,SKILL_020,141.3,Open locks with their keys,2026-01-21T10:10:13Z,True,5
SKILL_020_20260121_100926,n_mora,1.53,SKILL_020,1.14,Open locks with their keys,2026-01-21T10:09:26Z,False,5
SKILL_020_20260121_100537,n_mora,1025.43,SKILL_020,229.23,Open locks with their keys,2026-01-21T10:05:37Z,True,5
SKILL_019_20260121_100019,n_mora,1003.81,SKILL_019,196.63,Put pasta in plastic containers,2026-01-21T10:00:19Z,True,5
SKILL_019_20260121_095422,n_mora,1296.51,SKILL_019,254.28,Put pasta in plastic containers,2026-01-21T09:54:22Z,True,5
SKILL_018_20260121_094916,n_mora,877.87,SKILL_018,190.17,Close bags with twist ties,2026-01-21T09:49:16Z,True,5
SKILL_018_20260121_094247,n_mora,1535.24,SKILL_018,333.32,Close bags with twist ties,2026-01-21T09:42:47Z,True,5
SKILL_017_20260121_093606,n_mora,1226.68,SKILL_017,238.79,Put pasta in ziploc bags,2026-01-21T09:36:06Z,True,5
SKILL_017_20260121_093020,n_mora,1599.22,SKILL_017,309.99,Put pasta in ziploc bags,2026-01-21T09:30:20Z,True,5
SKILL_016_20260121_092815,n_mora,302.94,SKILL_016,63.23,Package a sewing set,2026-01-21T09:28:15Z,False,5
SKILL_016_20260121_092752,n_mora,3.03,SKILL_016,1.56,Package a sewing set,2026-01-21T09:27:52Z,False,5
SKILL_016_20260121_092543,n_mora,645.63,SKILL_016,128.45,Package a sewing set,2026-01-21T09:25:43Z,True,5
SKILL_024_20260121_132904,d_vargas,161.99,SKILL_024,32.48,Put hooks on shower courtain,2026-01-21T13:29:04Z,False,4
SKILL_003_20260122_072534,e_martinez,1578.71,SKILL_003,358.4,Organize screwdriver bits,2026-01-22T07:25:34Z,True,1
SKILL_001_20260122_071235,e_martinez,3020.54,SKILL_001,639.0,Organize beads per color,2026-01-22T07:12:35Z,True,1
SKILL_024_20260121_112054,n_mora,491.9,SKILL_024,245.65,Put hooks on shower courtain,2026-01-21T11:20:54Z,True,5
SKILL_024_20260121_111547,n_mora,965.0,SKILL_024,224.73,Put hooks on shower courtain,2026-01-21T11:15:47Z,True,5
SKILL_024_20260121_111043,n_mora,1010.95,SKILL_024,230.69,Put hooks on shower courtain,2026-01-21T11:10:43Z,True,5
SKILL_023_20260121_105015,n_mora,623.74,SKILL_023,136.06,Built up box (Present),2026-01-21T10:50:15Z,True,5
SKILL_023_20260121_104858,n_mora,259.44,SKILL_023,59.39,Built up box (Present),2026-01-21T10:48:58Z,False,5
SKILL_023_20260121_104330,n_mora,1228.54,SKILL_023,264.35,Built up box (Present),2026-01-21T10:43:30Z,True,5
SKILL_022_20260121_104104,n_mora,98.82,SKILL_022,19.68,Build Up Box (Regular ECT),2026-01-21T10:41:04Z,False,5
SKILL_022_20260121_103657,n_mora,526.35,SKILL_022,116.7,Build Up Box (Regular ECT),2026-01-21T10:36:57Z,True,5
SKILL_022_20260121_103452,n_mora,420.94,SKILL_022,99.35,Build Up Box (Regular ECT),2026-01-21T10:34:52Z,True,5
SKILL_022_20260121_103238,n_mora,488.45,SKILL_022,112.0,Build Up Box (Regular ECT),2026-01-21T10:32:38Z,True,5
SKILL_022_20260121_103112,n_mora,363.86,SKILL_022,75.05,Build Up Box (Regular ECT),2026-01-21T10:31:12Z,False,5
SKILL_021_20260121_102749,n_mora,496.66,SKILL_021,99.55,Build Up Box (Mailer),2026-01-21T10:27:49Z,True,5
SKILL_021_20260121_102406,n_mora,1013.86,SKILL_021,202.07,Build Up Box (Mailer),2026-01-21T10:24:06Z,True,5
SKILL_021_20260121_101857,n_mora,1371.58,SKILL_021,279.32,Build Up Box (Mailer),2026-01-21T10:18:57Z,True,5
SKILL_020_20260121_101318,n_mora,551.46,SKILL_020,125.62,Open locks with their keys,2026-01-21T10:13:18Z,True,5
SKILL_010_20260122_083825,e_martinez,1389.47,SKILL_010,282.28,Package earphones,2026-01-22T08:38:25Z,True,1
SKILL_009_20260122_133945,e_martinez,1312.98,SKILL_009,495.4,Package Cotton set,2026-01-22T13:39:45Z,True,1
SKILL_009_20260122_082754,e_martinez,2258.38,SKILL_009,495.68,Package Cotton set,2026-01-22T08:27:54Z,True,1
SKILL_007_20260122_133503,e_martinez,571.73,SKILL_007,129.54,Separate tongue depressors by color,2026-01-22T13:35:03Z,True,1
SKILL_007_20260122_132656,e_martinez,1705.89,SKILL_007,358.02,Separate tongue depressors by color,2026-01-22T13:26:56Z,True,1
SKILL_007_20260122_082609,e_martinez,201.16,SKILL_007,28.84,Separate tongue depressors by color,2026-01-22T08:26:09Z,False,1
SKILL_007_20260122_082444,e_martinez,345.22,SKILL_007,80.72,Separate tongue depressors by color,2026-01-22T08:24:44Z,False,1
SKILL_007_20260122_081631,e_martinez,1995.16,SKILL_007,421.11,Separate tongue depressors by color,2026-01-22T08:16:31Z,True,1
SKILL_005_20260122_132209,e_martinez,786.24,SKILL_005,173.52,Insert allen keys in package,2026-01-22T13:22:09Z,True,1
SKILL_005_20260122_131822,e_martinez,831.1,SKILL_005,180.5,Insert allen keys in package,2026-01-22T13:18:22Z,True,1
SKILL_005_20260122_131600,e_martinez,4.58,SKILL_005,1.4,Insert allen keys in package,2026-01-22T13:16:00Z,False,1
SKILL_005_20260122_131543,e_martinez,84.0,SKILL_005,16.38,Insert allen keys in package,2026-01-22T13:15:43Z,False,1
SKILL_005_20260122_075619,e_martinez,768.64,SKILL_005,175.98,Insert allen keys in package,2026-01-22T07:56:19Z,True,1
SKILL_005_20260122_075008,e_martinez,809.82,SKILL_005,181.3,Insert allen keys in package,2026-01-22T07:50:08Z,True,1
SKILL_004_20260122_131035,e_martinez,461.18,SKILL_004,90.42,Set Screwdriver package,2026-01-22T13:10:35Z,False,1
SKILL_004_20260122_074440,e_martinez,782.39,SKILL_004,155.71,Set Screwdriver package,2026-01-22T07:44:40Z,True,1
SKILL_004_20260122_074308,e_martinez,353.2,SKILL_004,73.43,Set Screwdriver package,2026-01-22T07:43:08Z,False,1
SKILL_004_20260122_074118,e_martinez,31.67,SKILL_004,6.68,Set Screwdriver package,2026-01-22T07:41:18Z,False,1
SKILL_004_20260122_073651,e_martinez,116.65,SKILL_004,23.44,Set Screwdriver package,2026-01-22T07:36:51Z,False,1
SKILL_003_20260122_073303,e_martinez,649.19,SKILL_003,142.22,Organize screwdriver bits,2026-01-22T07:33:03Z,True,1
SKILL_010_20260122_084425,e_martinez,987.6,SKILL_010,208.86,Package earphones,2026-01-22T08:44:25Z,True,1
SKILL_019_20260122_101708,e_martinez,1138.52,SKILL_019,237.59,Put pasta in plastic containers,2026-01-22T10:17:08Z,True,1
SKILL_018_20260122_101126,e_martinez,900.78,SKILL_018,187.34,Close bags with twist ties,2026-01-22T10:11:26Z,True,1
SKILL_018_20260122_100556,e_martinez,1131.19,SKILL_018,236.22,Close bags with twist ties,2026-01-22T10:05:56Z,True,1
SKILL_017_20260122_095248,e_martinez,2285.95,SKILL_017,448.8,Put pasta in ziploc bags,2026-01-22T09:52:48Z,True,1
SKILL_016_20260122_094650,e_martinez,531.26,SKILL_016,111.22,Package a sewing set,2026-01-22T09:46:50Z,True,1
SKILL_016_20260122_094253,e_martinez,748.3,SKILL_016,154.28,Package a sewing set,2026-01-22T09:42:53Z,True,1
SKILL_015_20260122_093446,e_martinez,1444.88,SKILL_015,284.48,Thread a needle,2026-01-22T09:34:46Z,True,1
SKILL_015_20260122_092825,e_martinez,1396.01,SKILL_015,280.69,Thread a needle,2026-01-22T09:28:25Z,True,1
SKILL_014_20260122_091735,e_martinez,2702.16,SKILL_014,515.87,Fasten nuts onto bolts,2026-01-22T09:17:35Z,True,1
SKILL_013_20260122_142640,e_martinez,1010.66,SKILL_013,200.9,Set up a hand lamp,2026-01-22T14:26:40Z,True,1
SKILL_013_20260122_091303,e_martinez,899.8,SKILL_013,183.08,Set up a hand lamp,2026-01-22T09:13:03Z,True,1
SKILL_013_20260122_090530,e_martinez,1123.89,SKILL_013,229.34,Set up a hand lamp,2026-01-22T09:05:30Z,True,1
SKILL_012_20260122_141519,e_martinez,808.66,SKILL_012,166.98,Put pasta in jars,2026-01-22T14:15:19Z,True,1
SKILL_012_20260122_141920,e_martinez,776.49,SKILL_012,161.05,Put pasta in jars,2026-01-22T14:19:20Z,True,1
SKILL_012_20260122_085716,e_martinez,757.51,SKILL_012,155.61,Put pasta in jars,2026-01-22T08:57:16Z,True,1
SKILL_012_20260122_085416,e_martinez,683.15,SKILL_012,137.09,Put pasta in jars,2026-01-22T08:54:16Z,True,1
SKILL_012_20260122_085053,e_martinez,870.63,SKILL_012,173.82,Put pasta in jars,2026-01-22T08:50:53Z,True,1
SKILL_010_20260122_140429,e_martinez,120.05,SKILL_010,19.03,Package earphones,2026-01-22T14:04:29Z,False,1
SKILL_010_20260122_140223,e_martinez,824.27,SKILL_010,125.7,Package earphones,2026-01-22T14:02:23Z,True,1
SKILL_004_20260122_081621,c_becerra,787.58,SKILL_004,159.34,Set Screwdriver package,2026-01-22T08:16:21Z,True,2
SKILL_003_20260122_130954,c_becerra,1412.13,SKILL_003,312.1,Organize screwdriver bits,2026-01-22T13:09:54Z,True,2
SKILL_003_20260122_130319,c_becerra,1424.36,SKILL_003,311.05,Organize screwdriver bits,2026-01-22T13:03:19Z,True,2
SKILL_003_20260122_075622,c_becerra,1349.86,SKILL_003,296.41,Organize screwdriver bits,2026-01-22T07:56:22Z,True,2
SKILL_003_20260122_074951,c_becerra,1236.45,SKILL_003,269.89,Organize screwdriver bits,2026-01-22T07:49:51Z,True,2
SKILL_001_20260122_124726,c_becerra,2808.22,SKILL_001,571.27,Organize beads per color,2026-01-22T12:47:26Z,True,2
SKILL_001_20260122_073629,c_becerra,3308.84,SKILL_001,661.45,Organize beads per color,2026-01-22T07:36:29Z,True,2
SKILL_024_20260122_111827,e_martinez,339.41,SKILL_024,70.12,Put hooks on shower courtain,2026-01-22T11:18:27Z,False,1
SKILL_023_20260122_111138,e_martinez,753.27,SKILL_023,156.78,Built up box (Present),2026-01-22T11:11:38Z,True,1
SKILL_023_20260122_110708,e_martinez,1009.39,SKILL_023,203.15,Built up box (Present),2026-01-22T11:07:08Z,True,1
SKILL_022_20260122_110002,e_martinez,556.09,SKILL_022,119.34,Build Up Box (Regular ECT),2026-01-22T11:00:02Z,True,1
SKILL_022_20260122_105736,e_martinez,320.97,SKILL_022,70.24,Build Up Box (Regular ECT),2026-01-22T10:57:36Z,False,1
SKILL_022_20260122_105500,e_martinez,400.67,SKILL_022,90.21,Build Up Box (Regular ECT),2026-01-22T10:55:00Z,False,1
SKILL_022_20260122_105214,e_martinez,397.71,SKILL_022,84.91,Build Up Box (Regular ECT),2026-01-22T10:52:14Z,False,1
SKILL_021_20260122_104629,e_martinez,805.61,SKILL_021,175.26,Build Up Box (Mailer),2026-01-22T10:46:29Z,True,1
SKILL_021_20260122_104056,e_martinez,1297.31,SKILL_021,276.68,Build Up Box (Mailer),2026-01-22T10:40:56Z,True,1
SKILL_020_20260122_103527,e_martinez,549.95,SKILL_020,111.72,Open locks with their keys,2026-01-22T10:35:27Z,True,1
SKILL_020_20260122_103253,e_martinez,517.25,SKILL_020,108.0,Open locks with their keys,2026-01-22T10:32:53Z,True,1
SKILL_020_20260122_102950,e_martinez,607.05,SKILL_020,126.6,Open locks with their keys,2026-01-22T10:29:50Z,True,1
SKILL_019_20260122_102224,e_martinez,1240.27,SKILL_019,256.29,Put pasta in plastic containers,2026-01-22T10:22:24Z,True,1
SKILL_011_20260122_143919,d_vargas,17.2,SKILL_011,4.58,Package plastic ice cubes,2026-01-22T14:39:19Z,False,2
SKILL_011_20260122_143330,d_vargas,1108.26,SKILL_011,249.07,Package plastic ice cubes,2026-01-22T14:33:30Z,True,2
SKILL_011_20260122_143312,d_vargas,31.91,SKILL_011,7.8,Package plastic ice cubes,2026-01-22T14:33:12Z,False,2
SKILL_011_20260122_142735,d_vargas,1012.38,SKILL_011,222.55,Package plastic ice cubes,2026-01-22T14:27:35Z,True,2
SKILL_010_20260122_141547,d_vargas,1356.93,SKILL_010,305.13,Package earphones,2026-01-22T14:15:47Z,True,2
SKILL_010_20260122_141001,d_vargas,1231.94,SKILL_010,270.3,Package earphones,2026-01-22T14:10:01Z,True,2
SKILL_010_20260122_090544,c_becerra,2531.9,SKILL_010,514.59,Package earphones,2026-01-22T09:05:44Z,True,2
SKILL_009_20260122_140401,d_vargas,846.58,SKILL_009,198.53,Package Cotton set,2026-01-22T14:04:01Z,True,2
SKILL_009_20260122_085015,c_becerra,2564.54,SKILL_009,587.92,Package Cotton set,2026-01-22T08:50:15Z,True,2
SKILL_007_20260122_133856,c_becerra,2780.52,SKILL_007,540.69,Separate tongue depressors by color,2026-01-22T13:38:56Z,True,2
SKILL_007_20260122_083736,c_becerra,3159.19,SKILL_007,603.51,Separate tongue depressors by color,2026-01-22T08:37:36Z,True,2
SKILL_005_20260122_133420,c_becerra,589.47,SKILL_005,130.63,Insert allen keys in package,2026-01-22T13:34:20Z,True,2
SKILL_005_20260122_132652,c_becerra,1694.34,SKILL_005,370.55,Insert allen keys in package,2026-01-22T13:26:52Z,True,2
SKILL_005_20260122_083318,c_becerra,967.25,SKILL_005,210.61,Insert allen keys in package,2026-01-22T08:33:18Z,True,2
SKILL_005_20260122_082804,c_becerra,1345.81,SKILL_005,287.36,Insert allen keys in package,2026-01-22T08:28:04Z,True,2
SKILL_004_20260122_132314,c_becerra,445.15,SKILL_004,97.34,Set Screwdriver package,2026-01-22T13:23:14Z,True,2
SKILL_004_20260122_132117,c_becerra,379.4,SKILL_004,79.35,Set Screwdriver package,2026-01-22T13:21:17Z,False,2
SKILL_004_20260122_082243,c_becerra,885.5,SKILL_004,183.14,Set Screwdriver package,2026-01-22T08:22:43Z,True,2
SKILL_004_20260122_131744,c_becerra,1039.69,SKILL_004,210.91,Set Screwdriver package,2026-01-22T13:17:44Z,True,2
SKILL_020_20260122_105209,c_becerra,613.0,SKILL_020,146.75,Open locks with their keys,2026-01-22T10:52:09Z,True,2
SKILL_019_20260122_104603,c_becerra,1124.82,SKILL_019,239.73,Put pasta in plastic containers,2026-01-22T10:46:03Z,True,2
SKILL_019_20260122_104044,c_becerra,1115.25,SKILL_019,251.59,Put pasta in plastic containers,2026-01-22T10:40:44Z,True,2
SKILL_018_20260122_104032,c_becerra,26.46,SKILL_018,6.15,Close bags with twist ties,2026-01-22T10:40:32Z,False,2
SKILL_018_20260122_103645,c_becerra,563.71,SKILL_018,124.09,Close bags with twist ties,2026-01-22T10:36:45Z,True,2
SKILL_018_20260122_102936,c_becerra,1614.25,SKILL_018,359.22,Close bags with twist ties,2026-01-22T10:29:36Z,True,2
SKILL_017_20260122_102349,c_becerra,1246.91,SKILL_017,268.54,Put pasta in ziploc bags,2026-01-22T10:23:49Z,True,2
SKILL_016_20260122_101404,c_becerra,435.43,SKILL_016,96.84,Package a sewing set,2026-01-22T10:14:04Z,True,2
SKILL_015_20260122_095238,c_becerra,1780.42,SKILL_015,383.77,Thread a needle,2026-01-22T09:52:38Z,True,2
SKILL_016_20260122_101029,c_becerra,847.84,SKILL_016,178.99,Package a sewing set,2026-01-22T10:10:29Z,True,2
SKILL_016_20260122_100616,c_becerra,936.63,SKILL_016,197.61,Package a sewing set,2026-01-22T10:06:16Z,True,2
SKILL_015_20260122_094333,c_becerra,1826.86,SKILL_015,399.99,Thread a needle,2026-01-22T09:43:33Z,True,2
SKILL_013_20260122_093715,c_becerra,881.0,SKILL_013,192.92,Set up a hand lamp,2026-01-22T09:37:15Z,True,2
SKILL_013_20260122_093301,c_becerra,889.73,SKILL_013,194.49,Set up a hand lamp,2026-01-22T09:33:01Z,True,2
SKILL_013_20260122_092811,c_becerra,1073.1,SKILL_013,235.04,Set up a hand lamp,2026-01-22T09:28:11Z,True,2
SKILL_012_20260122_092150,c_becerra,902.92,SKILL_012,201.16,Put pasta in jars,2026-01-22T09:21:50Z,True,2
SKILL_012_20260122_091714,c_becerra,1059.55,SKILL_012,237.64,Put pasta in jars,2026-01-22T09:17:14Z,True,2
SKILL_011_20260122_144212,d_vargas,1282.61,SKILL_011,284.85,Package plastic ice cubes,2026-01-22T14:42:12Z,True,2
SKILL_017_20260122_101659,c_becerra,1458.8,SKILL_017,312.84,Put pasta in ziploc bags,2026-01-22T10:16:59Z,True,2
SKILL_022_20260122_070603,c_becerra,347.41,SKILL_022,78.92,Build Up Box (Regular ECT),2026-01-22T07:06:03Z,False,2
SKILL_022_20260122_070351,c_becerra,465.56,SKILL_022,108.81,Build Up Box (Regular ECT),2026-01-22T07:03:51Z,True,2
SKILL_021_20260122_111334,c_becerra,1322.24,SKILL_021,303.28,Build Up Box (Mailer),2026-01-22T11:13:34Z,True,2
SKILL_021_20260122_110656,c_becerra,1581.87,SKILL_021,354.85,Build Up Box (Mailer),2026-01-22T11:06:56Z,True,2
SKILL_020_20260122_105941,c_becerra,520.18,SKILL_020,127.52,Open locks with their keys,2026-01-22T10:59:41Z,True,2
SKILL_020_20260122_105541,c_becerra,659.52,SKILL_020,158.3,Open locks with their keys,2026-01-22T10:55:41Z,True,2
SKILL_023_20260122_073318,c_becerra,498.21,SKILL_023,127.09,Built up box (Present),2026-01-22T07:33:18Z,True,2
SKILL_023_20260122_072935,c_becerra,766.67,SKILL_023,174.92,Built up box (Present),2026-01-22T07:29:35Z,True,2
SKILL_023_20260122_072549,c_becerra,750.42,SKILL_023,168.59,Built up box (Present),2026-01-22T07:25:49Z,True,2
SKILL_022_20260122_121251,c_becerra,269.31,SKILL_022,63.65,Build Up Box (Regular ECT),2026-01-22T12:12:51Z,False,2
SKILL_022_20260122_121111,c_becerra,318.22,SKILL_022,74.99,Build Up Box (Regular ECT),2026-01-22T12:11:11Z,False,2
SKILL_022_20260122_120904,c_becerra,434.07,SKILL_022,103.17,Build Up Box (Regular ECT),2026-01-22T12:09:04Z,True,2
SKILL_022_20260122_120733,c_becerra,297.43,SKILL_022,68.53,Build Up Box (Regular ECT),2026-01-22T12:07:33Z,False,2
SKILL_022_20260122_120511,c_becerra,482.54,SKILL_022,112.01,Build Up Box (Regular ECT),2026-01-22T12:05:11Z,True,2
SKILL_022_20260122_072244,c_becerra,248.31,SKILL_022,61.79,Build Up Box (Regular ECT),2026-01-22T07:22:44Z,False,2
SKILL_022_20260122_072120,c_becerra,287.82,SKILL_022,65.83,Build Up Box (Regular ECT),2026-01-22T07:21:20Z,False,2
SKILL_022_20260122_071947,c_becerra,311.74,SKILL_022,73.01,Build Up Box (Regular ECT),2026-01-22T07:19:47Z,False,2
SKILL_022_20260122_071801,c_becerra,356.67,SKILL_022,83.93,Build Up Box (Regular ECT),2026-01-22T07:18:01Z,False,2
SKILL_022_20260122_071630,c_becerra,288.74,SKILL_022,66.46,Build Up Box (Regular ECT),2026-01-22T07:16:30Z,False,2
SKILL_022_20260122_071457,c_becerra,295.29,SKILL_022,68.95,Build Up Box (Regular ECT),2026-01-22T07:14:57Z,False,2
SKILL_022_20260122_071325,c_becerra,300.72,SKILL_022,70.1,Build Up Box (Regular ECT),2026-01-22T07:13:25Z,False,2
SKILL_022_20260122_071156,c_becerra,285.72,SKILL_022,66.57,Build Up Box (Regular ECT),2026-01-22T07:11:56Z,False,2
SKILL_022_20260122_071044,c_becerra,225.99,SKILL_022,52.4,Build Up Box (Regular ECT),2026-01-22T07:10:44Z,False,2
SKILL_022_20260122_070914,c_becerra,290.79,SKILL_022,67.91,Build Up Box (Regular ECT),2026-01-22T07:09:14Z,False,2
SKILL_022_20260122_070742,c_becerra,274.49,SKILL_022,64.16,Build Up Box (Regular ECT),2026-01-22T07:07:42Z,False,2
SKILL_009_20260122_083820,d_vargas,1583.12,SKILL_009,349.9,Package Cotton set,2026-01-22T08:38:20Z,True,4
SKILL_007_20260122_082800,d_vargas,2299.12,SKILL_007,448.97,Separate tongue depressors by color,2026-01-22T08:28:00Z,True,4
SKILL_005_20260122_082159,d_vargas,1130.72,SKILL_005,250.77,Insert allen keys in package,2026-01-22T08:21:59Z,True,4
SKILL_005_20260122_081627,d_vargas,1103.18,SKILL_005,259.3,Insert allen keys in package,2026-01-22T08:16:27Z,True,4
SKILL_004_20260122_075842,d_vargas,1906.71,SKILL_004,369.34,Set Screwdriver package,2026-01-22T07:58:42Z,True,4
SKILL_004_20260122_074958,d_vargas,1182.77,SKILL_004,218.64,Set Screwdriver package,2026-01-22T07:49:58Z,True,4
SKILL_003_20260122_132829,d_vargas,1244.06,SKILL_003,253.99,Organize screwdriver bits,2026-01-22T13:28:29Z,True,4
SKILL_003_20260122_124721,d_vargas,2235.54,SKILL_003,492.05,Organize screwdriver bits,2026-01-22T12:47:21Z,True,4
SKILL_003_20260122_074407,d_vargas,959.92,SKILL_003,205.32,Organize screwdriver bits,2026-01-22T07:44:07Z,True,4
SKILL_003_20260122_073641,d_vargas,1529.79,SKILL_003,346.97,Organize screwdriver bits,2026-01-22T07:36:41Z,True,4
SKILL_001_20260122_073636,d_vargas,2.61,SKILL_001,1.08,Organize beads per color,2026-01-22T07:36:36Z,False,4
SKILL_001_20260122_072709,d_vargas,2708.88,SKILL_001,499.02,Organize beads per color,2026-01-22T07:27:09Z,True,4
SKILL_001_20260122_072600,d_vargas,190.67,SKILL_001,38.63,Organize beads per color,2026-01-22T07:26:00Z,False,4
SKILL_024_20260122_123647,c_becerra,982.75,SKILL_024,217.66,Put hooks on shower courtain,2026-01-22T12:36:47Z,True,2
SKILL_024_20260122_123016,c_becerra,1190.16,SKILL_024,267.69,Put hooks on shower courtain,2026-01-22T12:30:16Z,True,2
SKILL_023_20260122_122406,c_becerra,669.5,SKILL_023,156.0,Built up box (Present),2026-01-22T12:24:06Z,True,2
SKILL_023_20260122_122043,c_becerra,608.83,SKILL_023,144.67,Built up box (Present),2026-01-22T12:20:43Z,True,2
SKILL_023_20260122_121651,c_becerra,747.23,SKILL_023,172.85,Built up box (Present),2026-01-22T12:16:51Z,True,2
SKILL_001_20260122_123004,d_vargas,4086.3,SKILL_001,758.5,Organize beads per color,2026-01-22T12:30:04Z,True,4
SKILL_019_20260122_103452,d_vargas,1141.59,SKILL_019,238.1,Put pasta in plastic containers,2026-01-22T10:34:52Z,True,4
SKILL_019_20260122_102945,d_vargas,1103.6,SKILL_019,237.59,Put pasta in plastic containers,2026-01-22T10:29:45Z,True,4
SKILL_018_20260122_102315,d_vargas,1165.82,SKILL_018,256.41,Close bags with twist ties,2026-01-22T10:23:15Z,True,4
SKILL_018_20260122_101704,d_vargas,1521.96,SKILL_018,325.76,Close bags with twist ties,2026-01-22T10:17:04Z,True,4
SKILL_017_20260122_101410,d_vargas,352.99,SKILL_017,75.97,Put pasta in ziploc bags,2026-01-22T10:14:10Z,False,4
SKILL_017_20260122_100608,d_vargas,1818.36,SKILL_017,352.41,Put pasta in ziploc bags,2026-01-22T10:06:08Z,True,4
SKILL_016_20260122_095849,d_vargas,524.7,SKILL_016,108.0,Package a sewing set,2026-01-22T09:58:49Z,True,4
SKILL_016_20260122_095608,d_vargas,616.79,SKILL_016,128.07,Package a sewing set,2026-01-22T09:56:08Z,True,4
SKILL_016_20260122_095244,d_vargas,803.03,SKILL_016,161.46,Package a sewing set,2026-01-22T09:52:44Z,True,4
SKILL_015_20260122_095035,d_vargas,7.32,SKILL_015,1.61,Thread a needle,2026-01-22T09:50:35Z,False,4
SKILL_015_20260122_094956,d_vargas,244.85,SKILL_015,38.64,Thread a needle,2026-01-22T09:49:56Z,False,4
SKILL_015_20260122_094424,d_vargas,1556.83,SKILL_015,323.59,Thread a needle,2026-01-22T09:44:24Z,True,4
SKILL_014_20260122_093343,d_vargas,2129.83,SKILL_014,444.57,Fasten nuts onto bolts,2026-01-22T09:33:44Z,True,4
SKILL_013_20260122_091729,d_vargas,655.14,SKILL_013,140.64,Set up a hand lamp,2026-01-22T09:17:29Z,True,4
SKILL_012_20260122_091342,d_vargas,808.71,SKILL_012,147.51,Put pasta in jars,2026-01-22T09:13:42Z,True,4
SKILL_012_20260122_090938,d_vargas,858.74,SKILL_012,180.41,Put pasta in jars,2026-01-22T09:09:38Z,True,4
SKILL_012_20260122_090539,d_vargas,1124.86,SKILL_012,225.51,Put pasta in jars,2026-01-22T09:05:39Z,True,4
SKILL_010_20260122_085605,d_vargas,1054.94,SKILL_010,236.42,Package earphones,2026-01-22T08:56:05Z,True,4
SKILL_010_20260122_084933,d_vargas,1610.01,SKILL_010,336.77,Package earphones,2026-01-22T08:49:33Z,True,4
SKILL_009_20260122_084455,d_vargas,831.41,SKILL_009,176.63,Package Cotton set,2026-01-22T08:44:55Z,True,4
SKILL_023_20260122_120520,d_vargas,620.22,SKILL_023,132.21,Built up box (Present),2026-01-22T12:05:20Z,True,4
SKILL_023_20260122_072228,d_vargas,627.45,SKILL_023,139.92,Built up box (Present),2026-01-22T07:22:28Z,True,4
SKILL_023_20260122_071832,d_vargas,692.66,SKILL_023,153.54,Built up box (Present),2026-01-22T07:18:32Z,True,4
SKILL_023_20260122_071411,d_vargas,816.03,SKILL_023,185.16,Built up box (Present),2026-01-22T07:14:11Z,True,4
SKILL_023_20260122_070910,d_vargas,106.65,SKILL_023,25.42,Built up box (Present),2026-01-22T07:09:10Z,False,4
SKILL_023_20260122_070656,d_vargas,17.65,SKILL_023,6.44,Built up box (Present),2026-01-22T07:06:56Z,False,4
SKILL_022_20260122_111833,d_vargas,317.5,SKILL_022,75.23,Build Up Box (Regular ECT),2026-01-22T11:18:33Z,False,4
SKILL_022_20260122_111616,d_vargas,369.13,SKILL_022,86.26,Build Up Box (Regular ECT),2026-01-22T11:16:16Z,False,4
SKILL_022_20260122_111413,d_vargas,403.76,SKILL_022,97.28,Build Up Box (Regular ECT),2026-01-22T11:14:13Z,True,4
SKILL_022_20260122_111210,d_vargas,401.19,SKILL_022,95.22,Build Up Box (Regular ECT),2026-01-22T11:12:10Z,True,4
SKILL_022_20260122_111021,d_vargas,354.36,SKILL_022,80.95,Build Up Box (Regular ECT),2026-01-22T11:10:21Z,False,4
SKILL_022_20260122_110703,d_vargas,149.34,SKILL_022,37.0,Build Up Box (Regular ECT),2026-01-22T11:07:03Z,False,4
SKILL_021_20260122_105150,d_vargas,389.19,SKILL_021,88.02,Build Up Box (Mailer),2026-01-22T10:51:50Z,False,4
SKILL_021_20260122_105615,d_vargas,2017.62,SKILL_021,450.68,Build Up Box (Mailer),2026-01-22T10:56:15Z,True,4
SKILL_020_20260122_134519,d_vargas,480.09,SKILL_020,149.81,Open locks with their keys,2026-01-22T13:45:19Z,True,4
SKILL_020_20260122_134031,d_vargas,973.84,SKILL_020,222.26,Open locks with their keys,2026-01-22T13:40:31Z,True,4
SKILL_020_20260122_104051,d_vargas,674.76,SKILL_020,147.63,Open locks with their keys,2026-01-22T10:40:51Z,True,4
SKILL_019_20260122_133544,d_vargas,384.89,SKILL_019,80.95,Put pasta in plastic containers,2026-01-22T13:35:44Z,False,4
SKILL_019_20260122_133528,d_vargas,12.53,SKILL_019,3.67,Put pasta in plastic containers,2026-01-22T13:35:28Z,False,4
SKILL_023_20260122_120828,d_vargas,780.35,SKILL_023,170.49,Built up box (Present),2026-01-22T12:08:28Z,True,4
SKILL_010_20260123_073909,e_martinez,311.77,SKILL_010,66.61,Package earphones,2026-01-23T07:39:09Z,False,1
SKILL_009_20260123_123650,e_martinez,2047.25,SKILL_009,439.05,Package Cotton set,2026-01-23T12:36:50Z,True,1
SKILL_009_20260123_072840,e_martinez,2254.0,SKILL_009,506.94,Package Cotton set,2026-01-23T07:28:40Z,True,1
SKILL_007_20260123_123422,e_martinez,300.06,SKILL_007,69.85,Separate tongue depressors by color,2026-01-23T12:34:22Z,False,1
SKILL_007_20260123_122647,e_martinez,2010.75,SKILL_007,413.58,Separate tongue depressors by color,2026-01-23T12:26:47Z,True,1
SKILL_007_20260123_072505,e_martinez,531.25,SKILL_007,120.81,Separate tongue depressors by color,2026-01-23T07:25:05Z,True,1
SKILL_007_20260123_071656,e_martinez,2093.27,SKILL_007,437.79,Separate tongue depressors by color,2026-01-23T07:16:56Z,True,1
SKILL_005_20260123_122048,e_martinez,744.33,SKILL_005,167.09,Insert allen keys in package,2026-01-23T12:20:48Z,True,1
SKILL_005_20260123_121740,e_martinez,758.15,SKILL_005,166.97,Insert allen keys in package,2026-01-23T12:17:40Z,True,1
SKILL_005_20260123_121411,e_martinez,817.07,SKILL_005,182.91,Insert allen keys in package,2026-01-23T12:14:11Z,True,1
SKILL_005_20260123_071112,e_martinez,760.93,SKILL_005,173.33,Insert allen keys in package,2026-01-23T07:11:12Z,True,1
SKILL_003_20260123_111500,e_martinez,950.9,SKILL_003,188.09,Organize screwdriver bits,2026-01-23T11:15:00Z,True,1
SKILL_005_20260123_070735,e_martinez,865.94,SKILL_005,196.38,Insert allen keys in package,2026-01-23T07:07:35Z,True,1
SKILL_003_20260123_110308,e_martinez,1451.72,SKILL_003,332.16,Organize screwdriver bits,2026-01-23T11:03:08Z,True,1
SKILL_003_20260123_110940,e_martinez,128.96,SKILL_003,28.75,Organize screwdriver bits,2026-01-23T11:09:40Z,False,1
SKILL_001_20260123_104922,e_martinez,2956.61,SKILL_001,614.7,Organize beads per color,2026-01-23T10:49:22Z,True,1
SKILL_003_20260123_111135,e_martinez,174.73,SKILL_003,39.76,Organize screwdriver bits,2026-01-23T11:11:35Z,False,1
SKILL_024_20260122_122405,d_vargas,1056.85,SKILL_024,217.39,Put hooks on shower courtain,2026-01-22T12:24:05Z,True,4
SKILL_024_20260122_121855,d_vargas,977.35,SKILL_024,203.36,Put hooks on shower courtain,2026-01-22T12:18:55Z,True,4
SKILL_023_20260122_121231,d_vargas,738.09,SKILL_023,157.89,Built up box (Present),2026-01-22T12:12:31Z,True,4
SKILL_010_20260123_074252,e_martinez,1518.64,SKILL_010,312.58,Package earphones,2026-01-23T07:42:52Z,True,1
SKILL_015_20260123_134448,d_vargas,1359.72,SKILL_015,287.32,Thread a needle,2026-01-23T13:44:48Z,True,1
SKILL_015_20260123_083352,e_martinez,816.39,SKILL_015,171.96,Thread a needle,2026-01-23T08:33:52Z,True,1
SKILL_014_20260123_133356,d_vargas,2133.14,SKILL_014,434.46,Fasten nuts onto bolts,2026-01-23T13:33:56Z,True,1
SKILL_015_20260123_082715,e_martinez,1505.97,SKILL_015,309.57,Thread a needle,2026-01-23T08:27:15Z,True,1
SKILL_014_20260123_081659,e_martinez,2562.77,SKILL_014,514.23,Fasten nuts onto bolts,2026-01-23T08:16:59Z,True,1
SKILL_014_20260123_133243,d_vargas,200.95,SKILL_014,42.07,Fasten nuts onto bolts,2026-01-23T13:32:43Z,False,1
SKILL_014_20260123_081655,e_martinez,20.94,SKILL_014,4.0,Fasten nuts onto bolts,2026-01-23T08:16:55Z,False,1
SKILL_013_20260123_132829,d_vargas,708.68,SKILL_013,147.73,Set up a hand lamp,2026-01-23T13:28:29Z,True,1
SKILL_013_20260123_132407,d_vargas,777.23,SKILL_013,165.82,Set up a hand lamp,2026-01-23T13:24:07Z,True,1
SKILL_013_20260123_132300,d_vargas,12.41,SKILL_013,3.9,Set up a hand lamp,2026-01-23T13:23:00Z,False,1
SKILL_013_20260123_132023,d_vargas,744.82,SKILL_013,157.08,Set up a hand lamp,2026-01-23T13:20:23Z,True,1
SKILL_013_20260123_081244,e_martinez,401.05,SKILL_013,84.81,Set up a hand lamp,2026-01-23T08:12:44Z,False,1
SKILL_013_20260123_080914,e_martinez,912.1,SKILL_013,182.98,Set up a hand lamp,2026-01-23T08:09:14Z,True,1
SKILL_013_20260123_080523,e_martinez,852.47,SKILL_013,175.59,Set up a hand lamp,2026-01-23T08:05:23Z,True,1
SKILL_012_20260123_131247,e_martinez,629.06,SKILL_012,134.0,Put pasta in jars,2026-01-23T13:12:47Z,True,1
SKILL_012_20260123_130900,e_martinez,839.51,SKILL_012,175.71,Put pasta in jars,2026-01-23T13:09:00Z,True,1
SKILL_012_20260123_075532,e_martinez,934.8,SKILL_012,192.67,Put pasta in jars,2026-01-23T07:55:32Z,True,1
SKILL_010_20260123_125807,e_martinez,1273.49,SKILL_010,273.21,Package earphones,2026-01-23T12:58:07Z,True,1
SKILL_012_20260123_075044,e_martinez,767.68,SKILL_012,160.22,Put pasta in jars,2026-01-23T07:50:44Z,True,1
SKILL_010_20260123_124911,e_martinez,2193.68,SKILL_010,471.68,Package earphones,2026-01-23T12:49:11Z,True,1
SKILL_015_20260123_135217,d_vargas,1090.28,SKILL_015,212.41,Thread a needle,2026-01-23T13:52:17Z,True,1
SKILL_020_20260123_093352,e_martinez,478.05,SKILL_020,101.31,Open locks with their keys,2026-01-23T09:33:52Z,True,1
SKILL_019_20260123_144632,d_vargas,890.83,SKILL_019,189.96,Put pasta in plastic containers,2026-01-23T14:46:32Z,True,1
SKILL_019_20260123_144114,d_vargas,1157.8,SKILL_019,250.36,Put pasta in plastic containers,2026-01-23T14:41:14Z,True,1
SKILL_019_20260123_092255,e_martinez,1021.87,SKILL_019,216.19,Put pasta in plastic containers,2026-01-23T09:22:55Z,True,1
SKILL_019_20260123_091702,e_martinez,1275.98,SKILL_019,273.89,Put pasta in plastic containers,2026-01-23T09:17:02Z,True,1
SKILL_018_20260123_143354,d_vargas,1034.89,SKILL_018,228.53,Close bags with twist ties,2026-01-23T14:33:54Z,True,1
SKILL_018_20260123_142823,d_vargas,1103.17,SKILL_018,236.12,Close bags with twist ties,2026-01-23T14:28:23Z,True,1
SKILL_018_20260123_091012,e_martinez,887.69,SKILL_018,184.23,Close bags with twist ties,2026-01-23T09:10:12Z,True,1
SKILL_018_20260123_090517,e_martinez,1008.21,SKILL_018,207.95,Close bags with twist ties,2026-01-23T09:05:17Z,True,1
SKILL_017_20260123_142130,d_vargas,462.63,SKILL_017,98.48,Put pasta in ziploc bags,2026-01-23T14:21:30Z,True,1
SKILL_017_20260123_141520,d_vargas,1456.96,SKILL_017,315.27,Put pasta in ziploc bags,2026-01-23T14:15:20Z,True,1
SKILL_017_20260123_141407,d_vargas,16.6,SKILL_017,6.69,Put pasta in ziploc bags,2026-01-23T14:14:07Z,False,1
SKILL_017_20260123_085144,e_martinez,2081.94,SKILL_017,420.2,Put pasta in ziploc bags,2026-01-23T08:51:44Z,True,1
SKILL_016_20260123_140917,d_vargas,245.64,SKILL_016,91.86,Package a sewing set,2026-01-23T14:09:17Z,True,1
SKILL_016_20260123_140519,d_vargas,338.77,SKILL_016,127.02,Package a sewing set,2026-01-23T14:05:19Z,True,1
SKILL_016_20260123_140201,d_vargas,268.32,SKILL_016,106.63,Package a sewing set,2026-01-23T14:02:01Z,True,1
SKILL_016_20260123_084733,e_martinez,4.81,SKILL_016,1.46,Package a sewing set,2026-01-23T08:47:33Z,False,1
SKILL_016_20260123_084717,e_martinez,80.87,SKILL_016,15.88,Package a sewing set,2026-01-23T08:47:17Z,False,1
SKILL_016_20260123_084249,e_martinez,657.57,SKILL_016,137.96,Package a sewing set,2026-01-23T08:42:49Z,True,1
SKILL_016_20260123_083924,e_martinez,578.29,SKILL_016,124.26,Package a sewing set,2026-01-23T08:39:24Z,True,1
SKILL_021_20260123_094619,e_martinez,1188.65,SKILL_021,261.11,Build Up Box (Mailer),2026-01-23T09:46:19Z,True,1
SKILL_024_20260123_104016,e_martinez,6.48,SKILL_024,1.94,Put hooks on shower courtain,2026-01-23T10:40:16Z,False,1
SKILL_024_20260123_103629,e_martinez,1075.76,SKILL_024,226.57,Put hooks on shower courtain,2026-01-23T10:36:29Z,True,1
SKILL_023_20260123_103106,e_martinez,665.23,SKILL_023,140.26,Built up box (Present),2026-01-23T10:31:06Z,True,1
SKILL_023_20260123_102716,e_martinez,677.79,SKILL_023,145.24,Built up box (Present),2026-01-23T10:27:16Z,True,1
SKILL_023_20260123_102403,e_martinez,664.47,SKILL_023,142.02,Built up box (Present),2026-01-23T10:24:03Z,True,1
SKILL_023_20260123_102016,e_martinez,807.27,SKILL_023,170.82,Built up box (Present),2026-01-23T10:20:16Z,True,1
SKILL_022_20260123_100921,e_martinez,265.25,SKILL_022,58.94,Build Up Box (Regular ECT),2026-01-23T10:09:21Z,False,1
SKILL_022_20260123_100800,e_martinez,236.26,SKILL_022,52.25,Build Up Box (Regular ECT),2026-01-23T10:08:00Z,False,1
SKILL_022_20260123_100411,e_martinez,256.47,SKILL_022,55.81,Build Up Box (Regular ECT),2026-01-23T10:04:11Z,False,1
SKILL_022_20260123_100235,e_martinez,244.31,SKILL_022,53.68,Build Up Box (Regular ECT),2026-01-23T10:02:35Z,False,1
SKILL_022_20260123_100050,e_martinez,252.2,SKILL_022,55.27,Build Up Box (Regular ECT),2026-01-23T10:00:50Z,False,1
SKILL_022_20260123_095917,e_martinez,296.6,SKILL_022,65.69,Build Up Box (Regular ECT),2026-01-23T09:59:17Z,False,1
SKILL_021_20260123_095559,e_martinez,329.41,SKILL_021,72.97,Build Up Box (Mailer),2026-01-23T09:55:59Z,False,1
SKILL_021_20260123_095148,e_martinez,824.52,SKILL_021,180.18,Build Up Box (Mailer),2026-01-23T09:51:48Z,True,1
SKILL_024_20260123_104112,e_martinez,844.44,SKILL_024,178.2,Put hooks on shower courtain,2026-01-23T10:41:12Z,True,1
SKILL_020_20260123_145314,d_vargas,378.34,SKILL_020,87.49,Open locks with their keys,2026-01-23T14:53:14Z,False,1
SKILL_020_20260123_145118,d_vargas,394.87,SKILL_020,85.44,Open locks with their keys,2026-01-23T14:51:18Z,False,1
SKILL_020_20260123_094120,e_martinez,398.35,SKILL_020,82.2,Open locks with their keys,2026-01-23T09:41:20Z,False,1
SKILL_020_20260123_093853,e_martinez,446.71,SKILL_020,90.64,Open locks with their keys,2026-01-23T09:38:53Z,False,1
SKILL_020_20260123_093627,e_martinez,484.92,SKILL_020,99.48,Open locks with their keys,2026-01-23T09:36:27Z,True,1
SKILL_005_20260123_074613,c_becerra,733.52,SKILL_005,163.9,Insert allen keys in package,2026-01-23T07:46:13Z,True,2
SKILL_005_20260123_124901,c_becerra,1661.28,SKILL_005,378.25,Insert allen keys in package,2026-01-23T12:49:01Z,True,2
SKILL_005_20260123_125549,c_becerra,1052.88,SKILL_005,236.8,Insert allen keys in package,2026-01-23T12:55:49Z,True,2
SKILL_005_20260123_130026,c_becerra,465.62,SKILL_005,107.74,Insert allen keys in package,2026-01-23T13:00:26Z,True,2
SKILL_004_20260123_123636,h_alcaraz,1749.3,SKILL_004,362.13,Set Screwdriver package,2026-01-23T12:36:36Z,True,2
SKILL_004_20260123_124305,h_alcaraz,579.76,SKILL_004,129.17,Set Screwdriver package,2026-01-23T12:43:05Z,True,2
SKILL_005_20260123_073930,c_becerra,71.54,SKILL_005,16.54,Insert allen keys in package,2026-01-23T07:39:30Z,False,2
SKILL_005_20260123_074111,c_becerra,1252.96,SKILL_005,270.5,Insert allen keys in package,2026-01-23T07:41:11Z,True,2
SKILL_004_20260123_072826,c_becerra,1503.53,SKILL_004,303.69,Set Screwdriver package,2026-01-23T07:28:26Z,True,2
SKILL_004_20260123_073652,c_becerra,21.5,SKILL_004,5.62,Set Screwdriver package,2026-01-23T07:36:52Z,False,2
SKILL_004_20260123_073408,c_becerra,269.15,SKILL_004,55.76,Set Screwdriver package,2026-01-23T07:34:08Z,False,2
SKILL_003_20260123_123137,h_alcaraz,986.43,SKILL_003,219.96,Organize screwdriver bits,2026-01-23T12:31:37Z,True,2
SKILL_003_20260123_122637,h_alcaraz,1108.17,SKILL_003,247.83,Organize screwdriver bits,2026-01-23T12:26:37Z,True,2
SKILL_003_20260123_071719,c_becerra,1343.57,SKILL_003,300.87,Organize screwdriver bits,2026-01-23T07:17:19Z,True,2
SKILL_003_20260123_072415,c_becerra,812.09,SKILL_003,178.37,Organize screwdriver bits,2026-01-23T07:24:15Z,True,2
SKILL_001_20260123_121443,h_alcaraz,3115.95,SKILL_001,625.87,Organize beads per color,2026-01-23T12:14:43Z,True,2
SKILL_024_20260123_104458,e_martinez,719.45,SKILL_024,153.87,Put hooks on shower courtain,2026-01-23T10:44:58Z,True,1
SKILL_001_20260123_070502,c_becerra,3192.09,SKILL_001,632.89,Organize beads per color,2026-01-23T07:05:02Z,True,2
SKILL_013_20260123_140156,c_becerra,1087.22,SKILL_013,244.09,Set up a hand lamp,2026-01-23T14:01:56Z,True,2
SKILL_012_20260123_134927,c_becerra,875.36,SKILL_012,197.71,Put pasta in jars,2026-01-23T13:49:27Z,True,2
SKILL_013_20260123_083943,c_becerra,1204.83,SKILL_013,265.21,Set up a hand lamp,2026-01-23T08:39:43Z,True,2
SKILL_013_20260123_084457,c_becerra,847.37,SKILL_013,185.65,Set up a hand lamp,2026-01-23T08:44:57Z,True,2
SKILL_012_20260123_083012,c_becerra,905.12,SKILL_012,198.64,Put pasta in jars,2026-01-23T08:30:12Z,True,2
SKILL_012_20260123_083423,c_becerra,665.99,SKILL_012,146.85,Put pasta in jars,2026-01-23T08:34:23Z,True,2
SKILL_007_20260123_130505,c_becerra,1916.87,SKILL_007,382.83,Separate tongue depressors by color,2026-01-23T13:05:05Z,True,2
SKILL_012_20260123_134455,c_becerra,1022.62,SKILL_012,228.08,Put pasta in jars,2026-01-23T13:44:55Z,True,2
SKILL_010_20260123_133258,c_becerra,1191.96,SKILL_010,251.79,Package earphones,2026-01-23T13:32:58Z,True,2
SKILL_010_20260123_133847,c_becerra,1319.17,SKILL_010,279.14,Package earphones,2026-01-23T13:38:47Z,True,2
SKILL_012_20260123_082753,c_becerra,143.86,SKILL_012,32.99,Put pasta in jars,2026-01-23T08:27:53Z,False,2
SKILL_010_20260123_081646,c_becerra,464.93,SKILL_010,97.65,Package earphones,2026-01-23T08:16:46Z,True,2
SKILL_010_20260123_082007,c_becerra,1618.69,SKILL_010,343.09,Package earphones,2026-01-23T08:20:07Z,True,2
SKILL_009_20260123_133251,c_becerra,15.44,SKILL_009,3.64,Package Cotton set,2026-01-23T13:32:51Z,False,2
SKILL_009_20260123_131951,c_becerra,2968.1,SKILL_009,667.16,Package Cotton set,2026-01-23T13:19:51Z,True,2
SKILL_012_20260123_135323,c_becerra,880.89,SKILL_012,196.04,Put pasta in jars,2026-01-23T13:53:23Z,True,2
SKILL_007_20260123_131220,c_becerra,1206.29,SKILL_007,239.62,Separate tongue depressors by color,2026-01-23T13:12:20Z,True,2
SKILL_007_20260123_075031,c_becerra,2360.96,SKILL_007,479.24,Separate tongue depressors by color,2026-01-23T07:50:31Z,True,2
SKILL_009_20260123_080553,c_becerra,2421.62,SKILL_009,562.02,Package Cotton set,2026-01-23T08:05:53Z,True,2
SKILL_013_20260123_140718,c_becerra,815.49,SKILL_013,185.13,Set up a hand lamp,2026-01-23T14:07:18Z,True,2
SKILL_018_20260123_094633,c_becerra,408.68,SKILL_018,90.49,Close bags with twist ties,2026-01-23T09:46:33Z,True,2
SKILL_017_20260123_145226,h_alcaraz,961.84,SKILL_017,213.01,Put pasta in ziploc bags,2026-01-23T14:52:26Z,True,2
SKILL_017_20260123_094106,c_becerra,1046.97,SKILL_017,229.44,Put pasta in ziploc bags,2026-01-23T09:41:06Z,True,2
SKILL_017_20260123_093344,c_becerra,1661.94,SKILL_017,348.2,Put pasta in ziploc bags,2026-01-23T09:33:44Z,True,2
SKILL_016_20260123_144835,h_alcaraz,859.37,SKILL_016,183.46,Package a sewing set,2026-01-23T14:48:35Z,True,2
SKILL_016_20260123_144507,h_alcaraz,582.44,SKILL_016,126.38,Package a sewing set,2026-01-23T14:45:07Z,True,2
SKILL_016_20260123_144145,h_alcaraz,676.66,SKILL_016,148.2,Package a sewing set,2026-01-23T14:41:45Z,True,2
SKILL_016_20260123_092533,c_becerra,564.14,SKILL_016,124.91,Package a sewing set,2026-01-23T09:25:33Z,True,2
SKILL_016_20260123_092157,c_becerra,627.7,SKILL_016,139.68,Package a sewing set,2026-01-23T09:21:57Z,True,2
SKILL_016_20260123_091815,c_becerra,654.49,SKILL_016,142.28,Package a sewing set,2026-01-23T09:18:15Z,True,2
SKILL_015_20260123_143642,h_alcaraz,757.1,SKILL_015,169.31,Thread a needle,2026-01-23T14:36:42Z,True,2
SKILL_015_20260123_142813,h_alcaraz,1184.17,SKILL_015,258.23,Thread a needle,2026-01-23T14:28:13Z,True,2
SKILL_015_20260123_142807,h_alcaraz,5.57,SKILL_015,2.5,Thread a needle,2026-01-23T14:28:07Z,False,2
SKILL_015_20260123_091040,c_becerra,861.56,SKILL_015,193.56,Thread a needle,2026-01-23T09:10:40Z,True,2
SKILL_015_20260123_090506,c_becerra,1118.32,SKILL_015,246.17,Thread a needle,2026-01-23T09:05:06Z,True,2
SKILL_014_20260123_141528,c_becerra,2315.43,SKILL_014,513.76,Fasten nuts onto bolts,2026-01-23T14:15:28Z,True,2
SKILL_014_20260123_085201,c_becerra,2369.31,SKILL_014,531.65,Fasten nuts onto bolts,2026-01-23T08:52:01Z,True,2
SKILL_013_20260123_141058,c_becerra,423.73,SKILL_013,96.52,Set up a hand lamp,2026-01-23T14:10:58Z,True,2
SKILL_022_20260123_105533,c_becerra,267.4,SKILL_022,61.59,Build Up Box (Regular ECT),2026-01-23T10:55:33Z,False,2
SKILL_022_20260123_105356,c_becerra,277.02,SKILL_022,63.68,Build Up Box (Regular ECT),2026-01-23T10:53:56Z,False,2
SKILL_022_20260123_105229,c_becerra,272.6,SKILL_022,63.99,Build Up Box (Regular ECT),2026-01-23T10:52:29Z,False,2
SKILL_022_20260123_105201,c_becerra,3.11,SKILL_022,0.95,Build Up Box (Regular ECT),2026-01-23T10:52:01Z,False,2
SKILL_022_20260123_105055,c_becerra,277.64,SKILL_022,65.54,Build Up Box (Regular ECT),2026-01-23T10:50:55Z,False,2
SKILL_022_20260123_104914,c_becerra,301.36,SKILL_022,71.47,Build Up Box (Regular ECT),2026-01-23T10:49:14Z,False,2
SKILL_022_20260123_104738,c_becerra,9.61,SKILL_022,2.42,Build Up Box (Regular ECT),2026-01-23T10:47:38Z,False,2
SKILL_022_20260123_104339,c_becerra,1036.54,SKILL_022,239.22,Build Up Box (Regular ECT),2026-01-23T10:43:39Z,True,2
SKILL_022_20260123_104155,c_becerra,263.15,SKILL_022,58.89,Build Up Box (Regular ECT),2026-01-23T10:41:55Z,False,2
SKILL_022_20260123_103615,c_becerra,1364.47,SKILL_022,313.48,Build Up Box (Regular ECT),2026-01-23T10:36:15Z,True,2
SKILL_020_20260123_103311,c_becerra,320.71,SKILL_020,77.6,Open locks with their keys,2026-01-23T10:33:11Z,False,2
SKILL_020_20260123_103038,c_becerra,414.66,SKILL_020,101.42,Open locks with their keys,2026-01-23T10:30:38Z,True,2
SKILL_020_20260123_102635,c_becerra,609.59,SKILL_020,151.34,Open locks with their keys,2026-01-23T10:26:35Z,True,2
SKILL_020_20260123_102338,c_becerra,514.0,SKILL_020,123.98,Open locks with their keys,2026-01-23T10:23:38Z,True,2
SKILL_020_20260123_102030,c_becerra,544.34,SKILL_020,132.52,Open locks with their keys,2026-01-23T10:20:30Z,True,2
SKILL_019_20260123_100804,c_becerra,736.56,SKILL_019,165.9,Put pasta in plastic containers,2026-01-23T10:08:04Z,True,2
SKILL_019_20260123_100353,c_becerra,941.09,SKILL_019,203.34,Put pasta in plastic containers,2026-01-23T10:03:53Z,True,2
SKILL_019_20260123_095934,c_becerra,962.15,SKILL_019,216.86,Put pasta in plastic containers,2026-01-23T09:59:34Z,True,2
SKILL_018_20260123_095122,c_becerra,1398.44,SKILL_018,314.71,Close bags with twist ties,2026-01-23T09:51:22Z,True,2
SKILL_014_20260123_082722,h_alcaraz,2759.14,SKILL_014,572.94,Fasten nuts onto bolts,2026-01-23T08:27:22Z,True,3
SKILL_012_20260123_080749,h_alcaraz,289.47,SKILL_012,58.75,Put pasta in jars,2026-01-23T08:07:49Z,False,3
SKILL_012_20260123_081044,h_alcaraz,836.2,SKILL_012,176.67,Put pasta in jars,2026-01-23T08:10:44Z,True,3
SKILL_012_20260123_081652,h_alcaraz,453.14,SKILL_012,100.87,Put pasta in jars,2026-01-23T08:16:52Z,True,3
SKILL_012_20260123_080532,h_alcaraz,152.64,SKILL_012,30.55,Put pasta in jars,2026-01-23T08:05:32Z,False,3
SKILL_012_20260123_081854,h_alcaraz,1858.65,SKILL_012,405.92,Put pasta in jars,2026-01-23T08:18:54Z,True,3
SKILL_005_20260123_072449,h_alcaraz,683.04,SKILL_005,144.02,Insert allen keys in package,2026-01-23T07:24:49Z,True,3
SKILL_007_20260123_072838,h_alcaraz,3062.12,SKILL_007,575.52,Separate tongue depressors by color,2026-01-23T07:28:38Z,True,3
SKILL_007_20260123_073941,h_alcaraz,2375.89,SKILL_007,483.05,Separate tongue depressors by color,2026-01-23T07:39:41Z,True,3
SKILL_010_20260123_075041,h_alcaraz,581.13,SKILL_010,130.81,Package earphones,2026-01-23T07:50:41Z,True,3
SKILL_010_20260123_075635,h_alcaraz,58.95,SKILL_010,13.08,Package earphones,2026-01-23T07:56:35Z,False,3
SKILL_024_20260123_111507,c_becerra,1137.29,SKILL_024,243.9,Put hooks on shower courtain,2026-01-23T11:15:07Z,True,2
SKILL_005_20260123_071703,h_alcaraz,194.73,SKILL_005,43.0,Insert allen keys in package,2026-01-23T07:17:03Z,False,3
SKILL_005_20260123_072055,h_alcaraz,930.4,SKILL_005,200.49,Insert allen keys in package,2026-01-23T07:20:55Z,True,3
SKILL_023_20260123_110623,c_becerra,603.91,SKILL_023,139.17,Built up box (Present),2026-01-23T11:06:23Z,True,2
SKILL_023_20260123_110949,c_becerra,559.28,SKILL_023,128.46,Built up box (Present),2026-01-23T11:09:49Z,True,2
SKILL_023_20260123_110313,c_becerra,596.14,SKILL_023,136.46,Built up box (Present),2026-01-23T11:03:13Z,True,2
SKILL_022_20260123_105917,c_becerra,178.71,SKILL_022,42.87,Build Up Box (Regular ECT),2026-01-23T10:59:17Z,False,2
SKILL_022_20260123_105813,c_becerra,201.46,SKILL_022,47.86,Build Up Box (Regular ECT),2026-01-23T10:58:13Z,False,2
SKILL_022_20260123_105657,c_becerra,225.86,SKILL_022,52.12,Build Up Box (Regular ECT),2026-01-23T10:56:57Z,False,2
SKILL_009_20260123_075037,d_vargas,1365.54,SKILL_009,311.73,Package Cotton set,2026-01-23T07:50:37Z,True,4
SKILL_007_20260123_125842,h_alcaraz,1217.13,SKILL_007,222.45,Separate tongue depressors by color,2026-01-23T12:58:42Z,True,4
SKILL_007_20260123_124907,h_alcaraz,2689.01,SKILL_007,510.6,Separate tongue depressors by color,2026-01-23T12:49:07Z,True,4
SKILL_007_20260123_074621,d_vargas,858.91,SKILL_007,160.11,Separate tongue depressors by color,2026-01-23T07:46:21Z,True,4
SKILL_007_20260123_073924,d_vargas,1764.8,SKILL_007,345.66,Separate tongue depressors by color,2026-01-23T07:39:24Z,True,4
SKILL_005_20260123_123640,d_vargas,2266.03,SKILL_005,501.43,Insert allen keys in package,2026-01-23T12:36:40Z,True,4
SKILL_005_20260123_123218,d_vargas,1007.37,SKILL_005,187.87,Insert allen keys in package,2026-01-23T12:32:18Z,True,4
SKILL_005_20260123_122645,d_vargas,1485.09,SKILL_005,282.3,Insert allen keys in package,2026-01-23T12:26:45Z,True,4
SKILL_005_20260123_073609,d_vargas,482.68,SKILL_005,116.11,Insert allen keys in package,2026-01-23T07:36:09Z,True,4
SKILL_005_20260123_073213,d_vargas,934.29,SKILL_005,216.88,Insert allen keys in package,2026-01-23T07:32:13Z,True,4
SKILL_005_20260123_072832,d_vargas,780.8,SKILL_005,183.1,Insert allen keys in package,2026-01-23T07:28:32Z,True,4
SKILL_004_20260123_072151,d_vargas,1284.88,SKILL_004,249.64,Set Screwdriver package,2026-01-23T07:21:51Z,True,4
SKILL_004_20260123_071713,d_vargas,795.22,SKILL_004,152.72,Set Screwdriver package,2026-01-23T07:17:13Z,True,4
SKILL_003_20260123_121926,d_vargas,1463.34,SKILL_003,327.75,Organize screwdriver bits,2026-01-23T12:19:26Z,True,4
SKILL_003_20260123_121353,d_vargas,1210.97,SKILL_003,277.72,Organize screwdriver bits,2026-01-23T12:13:53Z,True,4
SKILL_003_20260123_071242,d_vargas,814.39,SKILL_003,175.35,Organize screwdriver bits,2026-01-23T07:12:42Z,True,4
SKILL_003_20260123_070516,d_vargas,1623.31,SKILL_003,375.8,Organize screwdriver bits,2026-01-23T07:05:16Z,True,4
SKILL_015_20260123_083932,h_alcaraz,951.97,SKILL_015,182.92,Thread a needle,2026-01-23T08:39:32Z,True,3
SKILL_014_20260123_083656,h_alcaraz,12.44,SKILL_014,2.73,Fasten nuts onto bolts,2026-01-23T08:36:56Z,False,3
SKILL_010_20260123_132544,h_alcaraz,35.29,SKILL_010,7.34,Package earphones,2026-01-23T13:25:44Z,False,4
SKILL_010_20260123_081338,d_vargas,502.85,SKILL_010,104.14,Package earphones,2026-01-23T08:13:38Z,True,4
SKILL_010_20260123_080541,d_vargas,139.93,SKILL_010,30.0,Package earphones,2026-01-23T08:05:41Z,False,4
SKILL_010_20260123_080815,d_vargas,1134.45,SKILL_010,255.25,Package earphones,2026-01-23T08:08:15Z,True,4
SKILL_009_20260123_075641,d_vargas,1031.9,SKILL_009,239.34,Package Cotton set,2026-01-23T07:56:41Z,True,4
SKILL_009_20260123_130514,h_alcaraz,2447.15,SKILL_009,492.7,Package Cotton set,2026-01-23T13:05:14Z,True,4
SKILL_010_20260123_132003,h_alcaraz,53.75,SKILL_010,11.35,Package earphones,2026-01-23T13:20:03Z,False,4
SKILL_016_20260123_090809,d_vargas,586.61,SKILL_016,117.35,Package a sewing set,2026-01-23T09:08:09Z,True,4
SKILL_016_20260123_090512,d_vargas,631.1,SKILL_016,129.41,Package a sewing set,2026-01-23T09:05:12Z,True,4
SKILL_014_20260123_140159,e_martinez,2713.59,SKILL_014,553.02,Fasten nuts onto bolts,2026-01-23T14:01:59Z,True,4
SKILL_015_20260123_085154,d_vargas,2451.29,SKILL_015,440.29,Thread a needle,2026-01-23T08:51:54Z,True,4
SKILL_013_20260123_135151,e_martinez,546.36,SKILL_013,115.18,Set up a hand lamp,2026-01-23T13:51:51Z,True,4
SKILL_014_20260123_083938,d_vargas,2211.61,SKILL_014,464.71,Fasten nuts onto bolts,2026-01-23T08:39:38Z,True,4
SKILL_015_20260123_141519,e_martinez,1808.88,SKILL_015,373.72,Thread a needle,2026-01-23T14:15:20Z,True,4
SKILL_013_20260123_134452,h_alcaraz,994.11,SKILL_013,209.38,Set up a hand lamp,2026-01-23T13:44:52Z,True,4
SKILL_013_20260123_083035,d_vargas,540.95,SKILL_013,119.96,Set up a hand lamp,2026-01-23T08:30:35Z,True,4
SKILL_013_20260123_082732,d_vargas,653.12,SKILL_013,142.72,Set up a hand lamp,2026-01-23T08:27:32Z,True,4
SKILL_013_20260123_083435,d_vargas,182.55,SKILL_013,39.04,Set up a hand lamp,2026-01-23T08:34:35Z,False,4
SKILL_012_20260123_133741,h_alcaraz,884.89,SKILL_012,179.98,Put pasta in jars,2026-01-23T13:37:41Z,True,4
SKILL_012_20260123_133236,h_alcaraz,1264.46,SKILL_012,255.37,Put pasta in jars,2026-01-23T13:32:36Z,True,4
SKILL_012_20260123_082412,d_vargas,421.93,SKILL_012,90.52,Put pasta in jars,2026-01-23T08:24:12Z,False,4
SKILL_012_20260123_082221,d_vargas,120.54,SKILL_012,27.08,Put pasta in jars,2026-01-23T08:22:21Z,False,4
SKILL_012_20260123_081757,d_vargas,1055.03,SKILL_012,226.03,Put pasta in jars,2026-01-23T08:17:57Z,True,4
SKILL_010_20260123_132636,h_alcaraz,1228.75,SKILL_010,260.45,Package earphones,2026-01-23T13:26:36Z,True,4
SKILL_021_20260123_103316,d_vargas,441.0,SKILL_021,97.3,Build Up Box (Mailer),2026-01-23T10:33:16Z,True,4
SKILL_021_20260123_102839,d_vargas,1082.3,SKILL_021,248.08,Build Up Box (Mailer),2026-01-23T10:28:39Z,True,4
SKILL_021_20260123_102452,d_vargas,762.07,SKILL_021,175.39,Build Up Box (Mailer),2026-01-23T10:24:52Z,True,4
SKILL_020_20260123_100909,d_vargas,324.8,SKILL_020,78.46,Open locks with their keys,2026-01-23T10:09:09Z,False,4
SKILL_020_20260123_100519,d_vargas,632.27,SKILL_020,143.67,Open locks with their keys,2026-01-23T10:05:19Z,True,4
SKILL_020_20260123_095926,d_vargas,759.72,SKILL_020,168.12,Open locks with their keys,2026-01-23T09:59:26Z,True,4
SKILL_019_20260123_094624,d_vargas,1284.57,SKILL_019,270.24,Put pasta in plastic containers,2026-01-23T09:46:24Z,True,4
SKILL_019_20260123_095317,d_vargas,970.99,SKILL_019,214.3,Put pasta in plastic containers,2026-01-23T09:53:17Z,True,4
SKILL_018_20260123_145054,e_martinez,1339.63,SKILL_018,303.11,Close bags with twist ties,2026-01-23T14:50:54Z,True,4
SKILL_018_20260123_094001,d_vargas,956.86,SKILL_018,206.48,Close bags with twist ties,2026-01-23T09:40:01Z,True,4
SKILL_018_20260123_093349,d_vargas,1166.96,SKILL_018,242.16,Close bags with twist ties,2026-01-23T09:33:49Z,True,4
SKILL_017_20260123_145043,e_martinez,10.3,SKILL_017,3.27,Put pasta in ziploc bags,2026-01-23T14:50:43Z,False,4
SKILL_017_20260123_144111,e_martinez,2227.94,SKILL_017,487.81,Put pasta in ziploc bags,2026-01-23T14:41:11Z,True,4
SKILL_017_20260123_091950,d_vargas,964.06,SKILL_017,233.94,Put pasta in ziploc bags,2026-01-23T09:19:50Z,True,4
SKILL_017_20260123_091659,d_vargas,702.78,SKILL_017,149.49,Put pasta in ziploc bags,2026-01-23T09:16:59Z,True,4
SKILL_016_20260123_143657,e_martinez,522.81,SKILL_016,118.73,Package a sewing set,2026-01-23T14:36:57Z,True,4
SKILL_016_20260123_143124,e_martinez,539.8,SKILL_016,124.96,Package a sewing set,2026-01-23T14:31:24Z,True,4
SKILL_016_20260123_142815,e_martinez,523.92,SKILL_016,111.33,Package a sewing set,2026-01-23T14:28:15Z,True,4
SKILL_016_20260123_091125,d_vargas,686.25,SKILL_016,135.96,Package a sewing set,2026-01-23T09:11:25Z,True,4
SKILL_010_20260124_080134,e_martinez,576.65,SKILL_010,119.86,Package earphones,2026-01-24T08:01:34Z,True,1
SKILL_009_20260124_075106,e_martinez,1199.06,SKILL_009,252.14,Package Cotton set,2026-01-24T07:51:06Z,True,1
SKILL_009_20260124_074207,e_martinez,2348.58,SKILL_009,496.35,Package Cotton set,2026-01-24T07:42:07Z,True,1
SKILL_007_20260124_073813,e_martinez,196.67,SKILL_007,32.19,Separate tongue depressors by color,2026-01-24T07:38:13Z,False,1
SKILL_007_20260124_073439,e_martinez,931.32,SKILL_007,199.12,Separate tongue depressors by color,2026-01-24T07:34:39Z,True,1
SKILL_007_20260124_072620,e_martinez,2020.81,SKILL_007,406.86,Separate tongue depressors by color,2026-01-24T07:26:20Z,True,1
SKILL_005_20260124_072217,e_martinez,307.8,SKILL_005,64.63,Insert allen keys in package,2026-01-24T07:22:17Z,False,1
SKILL_005_20260124_071825,e_martinez,768.53,SKILL_005,167.29,Insert allen keys in package,2026-01-24T07:18:25Z,True,1
SKILL_005_20260124_071503,e_martinez,716.46,SKILL_005,159.37,Insert allen keys in package,2026-01-24T07:15:03Z,True,1
SKILL_024_20260123_111504,d_vargas,1720.87,SKILL_024,307.05,Put hooks on shower courtain,2026-01-23T11:15:04Z,True,4
SKILL_024_20260123_110959,d_vargas,589.05,SKILL_024,128.27,Put hooks on shower courtain,2026-01-23T11:09:59Z,True,4
SKILL_024_20260123_110407,d_vargas,1056.03,SKILL_024,233.84,Put hooks on shower courtain,2026-01-23T11:04:07Z,True,4
SKILL_023_20260123_105741,d_vargas,836.58,SKILL_023,181.11,Built up box (Present),2026-01-23T10:57:41Z,True,4
SKILL_023_20260123_105316,d_vargas,835.95,SKILL_023,180.69,Built up box (Present),2026-01-23T10:53:16Z,True,4
SKILL_023_20260123_104918,d_vargas,808.28,SKILL_023,168.42,Built up box (Present),2026-01-23T10:49:18Z,True,4
SKILL_022_20260123_104603,d_vargas,348.7,SKILL_022,81.16,Build Up Box (Regular ECT),2026-01-23T10:46:03Z,False,4
SKILL_022_20260123_104331,d_vargas,448.33,SKILL_022,103.63,Build Up Box (Regular ECT),2026-01-23T10:43:31Z,True,4
SKILL_022_20260123_103958,d_vargas,881.07,SKILL_022,186.31,Build Up Box (Regular ECT),2026-01-23T10:39:58Z,True,4
SKILL_022_20260123_103814,d_vargas,273.19,SKILL_022,63.4,Build Up Box (Regular ECT),2026-01-23T10:38:14Z,False,4
SKILL_022_20260123_103624,d_vargas,342.36,SKILL_022,81.06,Build Up Box (Regular ECT),2026-01-23T10:36:24Z,False,4
SKILL_009_20260124_124945,h_alcaraz,1029.6,SKILL_009,227.03,Package Cotton set,2026-01-24T12:49:45Z,True,2
SKILL_009_20260124_083344,h_alcaraz,2945.51,SKILL_009,628.58,Package Cotton set,2026-01-24T08:33:44Z,True,2
SKILL_007_20260124_082046,h_alcaraz,2703.27,SKILL_007,560.97,Separate tongue depressors by color,2026-01-24T08:20:46Z,True,2
SKILL_005_20260124_124455,h_alcaraz,331.36,SKILL_005,73.11,Insert allen keys in package,2026-01-24T12:44:55Z,False,2
SKILL_005_20260124_123824,h_alcaraz,1079.18,SKILL_005,241.28,Insert allen keys in package,2026-01-24T12:38:24Z,True,2
SKILL_005_20260124_080158,h_alcaraz,911.53,SKILL_005,199.26,Insert allen keys in package,2026-01-24T08:01:58Z,True,2
SKILL_005_20260124_075522,h_alcaraz,1292.12,SKILL_005,287.14,Insert allen keys in package,2026-01-24T07:55:22Z,True,2
SKILL_004_20260124_123054,h_alcaraz,963.82,SKILL_004,199.68,Set Screwdriver package,2026-01-24T12:30:54Z,True,2
SKILL_004_20260124_074140,c_becerra,1085.92,SKILL_004,218.6,Set Screwdriver package,2026-01-24T07:41:40Z,True,2
SKILL_003_20260124_073755,c_becerra,136.75,SKILL_003,29.12,Organize screwdriver bits,2026-01-24T07:37:55Z,False,2
SKILL_003_20260124_073154,c_becerra,834.51,SKILL_003,180.34,Organize screwdriver bits,2026-01-24T07:31:54Z,True,2
SKILL_003_20260124_072617,c_becerra,964.48,SKILL_003,210.08,Organize screwdriver bits,2026-01-24T07:26:17Z,True,2
SKILL_001_20260124_112208,c_becerra,2350.72,SKILL_001,501.81,Organize beads per color,2026-01-24T11:22:08Z,True,2
SKILL_001_20260124_071103,c_becerra,3645.73,SKILL_001,736.93,Organize beads per color,2026-01-24T07:11:03Z,True,2
SKILL_013_20260124_083957,e_martinez,751.85,SKILL_013,155.01,Set up a hand lamp,2026-01-24T08:39:57Z,True,1
SKILL_013_20260124_083316,e_martinez,767.95,SKILL_013,161.26,Set up a hand lamp,2026-01-24T08:33:16Z,True,1
SKILL_012_20260124_082843,e_martinez,916.07,SKILL_012,192.05,Put pasta in jars,2026-01-24T08:28:43Z,True,1
SKILL_012_20260124_082459,e_martinez,802.83,SKILL_012,167.69,Put pasta in jars,2026-01-24T08:24:59Z,True,1
SKILL_012_20260124_082031,e_martinez,901.7,SKILL_012,190.47,Put pasta in jars,2026-01-24T08:20:31Z,True,1
SKILL_010_20260124_084556,h_alcaraz,2663.22,SKILL_010,575.23,Package earphones,2026-01-24T08:45:56Z,True,2
SKILL_009_20260124_125408,h_alcaraz,1048.52,SKILL_009,218.83,Package Cotton set,2026-01-24T12:54:08Z,True,2
SKILL_015_20260124_135240,h_alcaraz,1000.41,SKILL_015,215.08,Thread a needle,2026-01-24T13:52:40Z,True,2
SKILL_015_20260124_135205,h_alcaraz,91.95,SKILL_015,20.81,Thread a needle,2026-01-24T13:52:05Z,False,2
SKILL_015_20260124_134629,h_alcaraz,1240.24,SKILL_015,265.31,Thread a needle,2026-01-24T13:46:29Z,True,2
SKILL_014_20260124_134153,h_alcaraz,786.63,SKILL_014,179.92,Fasten nuts onto bolts,2026-01-24T13:41:53Z,True,2
SKILL_014_20260124_133834,h_alcaraz,0.03,SKILL_014,0.77,Fasten nuts onto bolts,2026-01-24T13:38:34Z,False,2
SKILL_014_20260124_133330,h_alcaraz,1353.93,SKILL_014,303.8,Fasten nuts onto bolts,2026-01-24T13:33:30Z,True,2
SKILL_014_20260124_091936,d_vargas,1962.66,SKILL_014,419.65,Fasten nuts onto bolts,2026-01-24T09:19:36Z,True,2
SKILL_013_20260124_132603,h_alcaraz,1234.19,SKILL_013,265.4,Set up a hand lamp,2026-01-24T13:26:03Z,True,2
SKILL_013_20260124_132133,h_alcaraz,653.78,SKILL_013,139.99,Set up a hand lamp,2026-01-24T13:21:33Z,True,2
SKILL_013_20260124_091259,h_alcaraz,701.19,SKILL_013,152.99,Set up a hand lamp,2026-01-24T09:12:59Z,True,2
SKILL_013_20260124_090912,h_alcaraz,841.15,SKILL_013,182.53,Set up a hand lamp,2026-01-24T09:09:12Z,True,2
SKILL_012_20260124_131829,h_alcaraz,508.62,SKILL_012,111.91,Put pasta in jars,2026-01-24T13:18:29Z,True,2
SKILL_012_20260124_131551,h_alcaraz,579.32,SKILL_012,127.4,Put pasta in jars,2026-01-24T13:15:51Z,True,2
SKILL_012_20260124_131404,h_alcaraz,135.54,SKILL_012,55.75,Put pasta in jars,2026-01-24T13:14:04Z,False,2
SKILL_012_20260124_131009,h_alcaraz,953.42,SKILL_012,205.19,Put pasta in jars,2026-01-24T13:10:09Z,True,2
SKILL_012_20260124_090331,h_alcaraz,682.46,SKILL_012,148.32,Put pasta in jars,2026-01-24T09:03:31Z,True,2
SKILL_012_20260124_085959,h_alcaraz,840.16,SKILL_012,176.8,Put pasta in jars,2026-01-24T08:59:59Z,True,2
SKILL_010_20260124_130605,h_alcaraz,94.09,SKILL_010,20.17,Package earphones,2026-01-24T13:06:05Z,False,2
SKILL_010_20260124_130119,h_alcaraz,714.86,SKILL_010,156.22,Package earphones,2026-01-24T13:01:19Z,True,2
SKILL_019_20260124_100411,d_vargas,1056.65,SKILL_019,239.31,Put pasta in plastic containers,2026-01-24T10:04:11Z,True,2
SKILL_018_20260124_143531,e_martinez,1157.42,SKILL_018,244.51,Close bags with twist ties,2026-01-24T14:35:31Z,True,2
SKILL_018_20260124_143100,e_martinez,935.75,SKILL_018,201.25,Close bags with twist ties,2026-01-24T14:31:00Z,True,2
SKILL_018_20260124_100110,d_vargas,351.08,SKILL_018,77.28,Close bags with twist ties,2026-01-24T10:01:10Z,False,2
SKILL_018_20260124_095647,d_vargas,665.75,SKILL_018,150.19,Close bags with twist ties,2026-01-24T09:56:47Z,True,2
SKILL_018_20260124_095205,d_vargas,857.79,SKILL_018,190.32,Close bags with twist ties,2026-01-24T09:52:05Z,True,2
SKILL_017_20260124_142024,e_martinez,1734.48,SKILL_017,374.31,Put pasta in ziploc bags,2026-01-24T14:20:24Z,True,2
SKILL_017_20260124_094745,d_vargas,17.15,SKILL_017,4.7,Put pasta in ziploc bags,2026-01-24T09:47:45Z,False,2
SKILL_017_20260124_094439,d_vargas,821.14,SKILL_017,185.85,Put pasta in ziploc bags,2026-01-24T09:44:39Z,True,2
SKILL_016_20260124_141030,h_alcaraz,537.03,SKILL_016,110.15,Package a sewing set,2026-01-24T14:10:30Z,True,2
SKILL_016_20260124_140915,h_alcaraz,10.77,SKILL_016,5.46,Package a sewing set,2026-01-24T14:09:15Z,False,2
SKILL_016_20260124_140811,h_alcaraz,3.06,SKILL_016,2.09,Package a sewing set,2026-01-24T14:08:11Z,False,2
SKILL_016_20260124_140555,h_alcaraz,644.61,SKILL_016,136.05,Package a sewing set,2026-01-24T14:05:55Z,True,2
SKILL_016_20260124_140223,h_alcaraz,724.29,SKILL_016,151.32,Package a sewing set,2026-01-24T14:02:23Z,True,2
SKILL_016_20260124_135854,h_alcaraz,821.16,SKILL_016,169.33,Package a sewing set,2026-01-24T13:58:54Z,True,2
SKILL_016_20260124_094109,d_vargas,344.78,SKILL_016,68.54,Package a sewing set,2026-01-24T09:41:09Z,False,2
SKILL_016_20260124_093805,d_vargas,490.37,SKILL_016,105.87,Package a sewing set,2026-01-24T09:38:05Z,True,2
SKILL_016_20260124_093452,d_vargas,454.95,SKILL_016,95.06,Package a sewing set,2026-01-24T09:34:52Z,True,2
SKILL_016_20260124_093140,d_vargas,599.67,SKILL_016,124.28,Package a sewing set,2026-01-24T09:31:40Z,True,2
SKILL_024_20260124_110318,c_becerra,1242.03,SKILL_024,238.58,Put hooks on shower courtain,2026-01-24T11:03:18Z,True,2
SKILL_024_20260124_105732,c_becerra,1086.83,SKILL_024,272.89,Put hooks on shower courtain,2026-01-24T10:57:32Z,True,2
SKILL_023_20260124_105039,c_becerra,584.94,SKILL_023,132.2,Built up box (Present),2026-01-24T10:50:39Z,True,2
SKILL_023_20260124_104551,c_becerra,961.0,SKILL_023,214.25,Built up box (Present),2026-01-24T10:45:51Z,True,2
SKILL_022_20260124_104123,c_becerra,289.68,SKILL_022,65.87,Build Up Box (Regular ECT),2026-01-24T10:41:23Z,False,2
SKILL_022_20260124_104255,c_becerra,218.92,SKILL_022,50.57,Build Up Box (Regular ECT),2026-01-24T10:42:55Z,False,2
SKILL_022_20260124_103955,c_becerra,260.64,SKILL_022,59.5,Build Up Box (Regular ECT),2026-01-24T10:39:55Z,False,2
SKILL_022_20260124_103823,c_becerra,291.83,SKILL_022,66.36,Build Up Box (Regular ECT),2026-01-24T10:38:23Z,False,2
SKILL_022_20260124_103638,c_becerra,338.59,SKILL_022,80.4,Build Up Box (Regular ECT),2026-01-24T10:36:38Z,False,2
SKILL_022_20260124_103518,c_becerra,257.61,SKILL_022,59.5,Build Up Box (Regular ECT),2026-01-24T10:35:18Z,False,2
SKILL_022_20260124_103343,c_becerra,298.75,SKILL_022,68.96,Build Up Box (Regular ECT),2026-01-24T10:33:43Z,False,2
SKILL_021_20260124_145229,e_martinez,767.82,SKILL_021,178.16,Build Up Box (Mailer),2026-01-24T14:52:29Z,True,2
SKILL_021_20260124_102905,c_becerra,871.45,SKILL_021,200.0,Build Up Box (Mailer),2026-01-24T10:29:05Z,True,2
SKILL_021_20260124_102323,c_becerra,1217.89,SKILL_021,286.01,Build Up Box (Mailer),2026-01-24T10:23:23Z,True,2
SKILL_019_20260124_144708,e_martinez,1033.09,SKILL_019,225.49,Put pasta in plastic containers,2026-01-24T14:47:08Z,True,2
SKILL_019_20260124_144202,e_martinez,1200.79,SKILL_019,255.96,Put pasta in plastic containers,2026-01-24T14:42:02Z,True,2
SKILL_019_20260124_101906,d_vargas,533.0,SKILL_019,119.92,Put pasta in plastic containers,2026-01-24T10:19:06Z,True,2
SKILL_019_20260124_101452,d_vargas,643.08,SKILL_019,142.38,Put pasta in plastic containers,2026-01-24T10:14:52Z,True,2
SKILL_019_20260124_100947,d_vargas,319.39,SKILL_019,71.66,Put pasta in plastic containers,2026-01-24T10:09:47Z,False,2
SKILL_004_20260124_111449,d_vargas,31.88,SKILL_004,7.28,Set Screwdriver package,2026-01-24T11:14:49Z,False,3
SKILL_003_20260124_111042,d_vargas,52.17,SKILL_003,7.93,Organize screwdriver bits,2026-01-24T11:10:42Z,False,3
SKILL_003_20260124_110452,d_vargas,2452.99,SKILL_003,342.69,Organize screwdriver bits,2026-01-24T11:04:52Z,True,3
SKILL_003_20260124_105748,d_vargas,1719.32,SKILL_003,368.04,Organize screwdriver bits,2026-01-24T10:57:48Z,True,3
SKILL_001_20260124_104634,H_alcaraz,2974.49,SKILL_001,547.24,Organize beads per color,2026-01-24T10:46:34Z,True,3
SKILL_011_20260124_143521,n_mora,1059.58,SKILL_011,226.71,Package plastic ice cubes,2026-01-24T14:35:21Z,True,3
SKILL_011_20260124_143053,n_mora,1037.85,SKILL_011,217.98,Package plastic ice cubes,2026-01-24T14:30:53Z,True,3
SKILL_011_20260124_142436,n_mora,1163.44,SKILL_011,249.79,Package plastic ice cubes,2026-01-24T14:24:36Z,True,3
SKILL_010_20260124_125007,d_vargas,1705.35,SKILL_010,383.44,Package earphones,2026-01-24T12:50:07Z,True,3
SKILL_010_20260124_123904,e_martinez,1560.24,SKILL_010,330.75,Package earphones,2026-01-24T12:39:04Z,True,3
SKILL_009_20260124_145238,n_mora,893.7,SKILL_009,204.15,Package Cotton set,2026-01-24T14:52:38Z,True,3
SKILL_009_20260124_124211,d_vargas,45.99,SKILL_009,10.7,Package Cotton set,2026-01-24T12:42:11Z,False,3
SKILL_009_20260124_123834,d_vargas,158.03,SKILL_009,37.45,Package Cotton set,2026-01-24T12:38:34Z,False,3
SKILL_009_20260124_123314,e_martinez,1064.68,SKILL_009,238.17,Package Cotton set,2026-01-24T12:33:14Z,True,3
SKILL_009_20260124_122655,e_martinez,1447.28,SKILL_009,313.13,Package Cotton set,2026-01-24T12:26:55Z,True,3
SKILL_007_20260124_122911,d_vargas,1968.36,SKILL_007,375.23,Separate tongue depressors by color,2026-01-24T12:29:11Z,True,3
SKILL_007_20260124_122647,d_vargas,633.44,SKILL_007,123.12,Separate tongue depressors by color,2026-01-24T12:26:47Z,True,3
SKILL_007_20260124_122245,e_martinez,695.8,SKILL_007,156.38,Separate tongue depressors by color,2026-01-24T12:22:45Z,True,3
SKILL_005_20260124_121910,d_vargas,911.26,SKILL_005,220.92,Insert allen keys in package,2026-01-24T12:19:10Z,True,3
SKILL_007_20260124_121416,e_martinez,2020.08,SKILL_007,421.79,Separate tongue depressors by color,2026-01-24T12:14:16Z,True,3
SKILL_005_20260124_121500,d_vargas,839.96,SKILL_005,192.85,Insert allen keys in package,2026-01-24T12:15:00Z,True,3
SKILL_005_20260124_121431,d_vargas,37.87,SKILL_005,7.92,Insert allen keys in package,2026-01-24T12:14:31Z,False,3
SKILL_004_20260124_112719,d_vargas,525.44,SKILL_004,115.34,Set Screwdriver package,2026-01-24T11:27:19Z,True,3
SKILL_004_20260124_112152,d_vargas,1569.22,SKILL_004,302.1,Set Screwdriver package,2026-01-24T11:21:52Z,True,3
SKILL_015_20260124_134046,n_mora,1139.02,SKILL_015,239.51,Thread a needle,2026-01-24T13:40:46Z,True,3
SKILL_015_20260124_133315,n_mora,1612.47,SKILL_015,325.51,Thread a needle,2026-01-24T13:33:15Z,True,3
SKILL_015_20260124_132121,e_martinez,1623.11,SKILL_015,316.41,Thread a needle,2026-01-24T13:21:21Z,True,3
SKILL_014_20260124_132810,n_mora,553.02,SKILL_014,126.56,Fasten nuts onto bolts,2026-01-24T13:28:10Z,True,3
SKILL_014_20260124_132127,n_mora,1618.15,SKILL_014,361.62,Fasten nuts onto bolts,2026-01-24T13:21:27Z,True,3
SKILL_014_20260124_131106,e_martinez,2671.13,SKILL_014,540.45,Fasten nuts onto bolts,2026-01-24T13:11:06Z,True,3
SKILL_014_20260124_090156,n_mora,1589.66,SKILL_014,329.04,Fasten nuts onto bolts,2026-01-24T09:01:56Z,True,3
SKILL_014_20260124_090030,n_mora,325.6,SKILL_014,50.55,Fasten nuts onto bolts,2026-01-24T09:00:30Z,False,3
SKILL_013_20260124_131825,n_mora,567.8,SKILL_013,120.77,Set up a hand lamp,2026-01-24T13:18:25Z,True,3
SKILL_013_20260124_131454,n_mora,818.48,SKILL_013,177.32,Set up a hand lamp,2026-01-24T13:14:54Z,True,3
SKILL_013_20260124_131159,N_mora,189.43,SKILL_013,42.53,Set up a hand lamp,2026-01-24T13:11:59Z,False,3
SKILL_013_20260124_130523,e_martinez,850.03,SKILL_013,176.77,Set up a hand lamp,2026-01-24T13:05:23Z,True,3
SKILL_013_20260124_130030,e_martinez,1135.59,SKILL_013,229.99,Set up a hand lamp,2026-01-24T13:00:30Z,True,3
SKILL_012_20260124_130514,d_vargas,965.03,SKILL_012,202.48,Put pasta in jars,2026-01-24T13:05:14Z,True,3
SKILL_012_20260124_130045,d_vargas,883.17,SKILL_012,185.75,Put pasta in jars,2026-01-24T13:00:45Z,True,3
SKILL_012_20260124_125609,e_martinez,411.68,SKILL_012,87.95,Put pasta in jars,2026-01-24T12:56:09Z,False,3
SKILL_012_20260124_125149,e_martinez,825.17,SKILL_012,176.23,Put pasta in jars,2026-01-24T12:51:49Z,True,3
SKILL_012_20260124_124908,e_martinez,623.27,SKILL_012,130.95,Put pasta in jars,2026-01-24T12:49:08Z,True,3
SKILL_018_20260124_093932,n_mora,868.29,SKILL_018,185.64,Close bags with twist ties,2026-01-24T09:39:32Z,True,3
SKILL_018_20260124_140104,d_vargas,1099.03,SKILL_018,246.53,Close bags with twist ties,2026-01-24T14:01:04Z,True,3
SKILL_018_20260124_093255,n_mora,930.15,SKILL_018,198.53,Close bags with twist ties,2026-01-24T09:32:55Z,True,3
SKILL_017_20260124_134635,d_vargas,356.0,SKILL_017,75.55,Put pasta in ziploc bags,2026-01-24T13:46:35Z,False,3
SKILL_017_20260124_134910,d_vargas,276.85,SKILL_017,59.64,Put pasta in ziploc bags,2026-01-24T13:49:10Z,False,3
SKILL_017_20260124_135148,d_vargas,379.36,SKILL_017,83.97,Put pasta in ziploc bags,2026-01-24T13:51:48Z,False,3
SKILL_017_20260124_135445,d_vargas,793.8,SKILL_017,174.45,Put pasta in ziploc bags,2026-01-24T13:54:45Z,True,3
SKILL_017_20260124_135858,n_mora,898.17,SKILL_017,180.14,Put pasta in ziploc bags,2026-01-24T13:58:58Z,True,3
SKILL_017_20260124_140305,n_mora,972.36,SKILL_017,193.54,Put pasta in ziploc bags,2026-01-24T14:03:05Z,True,3
SKILL_017_20260124_140731,n_mora,1200.33,SKILL_017,237.43,Put pasta in ziploc bags,2026-01-24T14:07:31Z,True,3
SKILL_020_20260124_095145,n_mora,49.06,SKILL_020,10.29,Open locks with their keys,2026-01-24T09:51:45Z,False,3
SKILL_015_20260124_135146,n_mora,988.62,SKILL_015,192.72,Thread a needle,2026-01-24T13:51:46Z,True,3
SKILL_018_20260124_141917,n_mora,957.46,SKILL_018,205.07,Close bags with twist ties,2026-01-24T14:19:17Z,True,3
SKILL_020_20260124_095224,n_mora,435.7,SKILL_020,98.9,Open locks with their keys,2026-01-24T09:52:24Z,True,3
SKILL_015_20260124_135538,n_mora,670.06,SKILL_015,134.16,Thread a needle,2026-01-24T13:55:38Z,True,3
SKILL_016_20260124_090941,n_mora,1027.52,SKILL_016,194.08,Package a sewing set,2026-01-24T09:09:41Z,True,3
SKILL_018_20260124_140725,d_vargas,859.36,SKILL_018,187.66,Close bags with twist ties,2026-01-24T14:07:25Z,True,3
SKILL_016_20260124_091340,n_mora,446.48,SKILL_016,106.81,Package a sewing set,2026-01-24T09:13:40Z,True,3
SKILL_016_20260124_133346,d_vargas,643.97,SKILL_016,131.39,Package a sewing set,2026-01-24T13:33:46Z,True,3
SKILL_018_20260124_141422,n_mora,1080.1,SKILL_018,228.07,Close bags with twist ties,2026-01-24T14:14:22Z,True,3
SKILL_016_20260124_133728,d_vargas,108.7,SKILL_016,21.79,Package a sewing set,2026-01-24T13:37:28Z,False,3
SKILL_019_20260124_142642,d_vargas,79.79,SKILL_019,17.42,Put pasta in plastic containers,2026-01-24T14:26:42Z,False,3
SKILL_016_20260124_134029,d_vargas,403.7,SKILL_016,84.5,Package a sewing set,2026-01-24T13:40:29Z,False,3
SKILL_016_20260124_134248,d_vargas,434.31,SKILL_016,89.07,Package a sewing set,2026-01-24T13:42:48Z,False,3
SKILL_019_20260124_141415,d_vargas,866.46,SKILL_019,186.02,Put pasta in plastic containers,2026-01-24T14:14:15Z,True,3
SKILL_017_20260124_091939,n_mora,1277.93,SKILL_017,242.0,Put pasta in ziploc bags,2026-01-24T09:19:39Z,True,3
SKILL_019_20260124_142110,d_vargas,1011.41,SKILL_019,212.22,Put pasta in plastic containers,2026-01-24T14:21:10Z,True,3
SKILL_019_20260124_142730,d_vargas,474.56,SKILL_019,100.0,Put pasta in plastic containers,2026-01-24T14:27:30Z,True,3
SKILL_019_20260124_094429,n_mora,1148.16,SKILL_019,228.9,Put pasta in plastic containers,2026-01-24T09:44:29Z,True,3
SKILL_018_20260124_092833,N_MORA,704.41,SKILL_018,148.19,Close bags with twist ties,2026-01-24T09:28:33Z,True,3
SKILL_021_20260124_100630,h_alcaraz,275.73,SKILL_021,60.84,Build Up Box (Mailer),2026-01-24T10:06:30Z,False,3
SKILL_021_20260124_100347,h_alcaraz,720.52,SKILL_021,161.93,Build Up Box (Mailer),2026-01-24T10:03:47Z,True,3
SKILL_020_20260124_095630,n_mora,334.87,SKILL_020,75.81,Open locks with their keys,2026-01-24T09:56:30Z,False,3
SKILL_020_20260124_095436,n_mora,333.87,SKILL_020,73.21,Open locks with their keys,2026-01-24T09:54:36Z,False,3
SKILL_020_20260124_095925,n_mora,14.89,SKILL_020,4.05,Open locks with their keys,2026-01-24T09:59:25Z,False,3
SKILL_003_20260124_071215,d_vargas,339.45,SKILL_003,79.09,Organize screwdriver bits,2026-01-24T07:12:15Z,False,4
SKILL_024_20260124_103816,h_alcaraz,1001.58,SKILL_024,202.8,Put hooks on shower courtain,2026-01-24T10:38:16Z,True,3
SKILL_024_20260124_103352,h_alcaraz,1170.4,SKILL_024,254.81,Put hooks on shower courtain,2026-01-24T10:33:52Z,True,3
SKILL_023_20260124_145127,d_vargas,676.63,SKILL_023,147.94,Built up box (Present),2026-01-24T14:51:27Z,True,3
SKILL_023_20260124_102926,h_alcaraz,815.78,SKILL_023,175.12,Built up box (Present),2026-01-24T10:29:26Z,True,3
SKILL_023_20260124_102531,h_alcaraz,660.42,SKILL_023,144.76,Built up box (Present),2026-01-24T10:25:31Z,True,3
SKILL_023_20260124_102338,h_alcaraz,559.25,SKILL_023,109.4,Built up box (Present),2026-01-24T10:23:38Z,True,3
SKILL_022_20260124_144818,d_vargas,401.45,SKILL_022,91.36,Build Up Box (Regular ECT),2026-01-24T14:48:18Z,True,3
SKILL_022_20260124_144409,d_vargas,9.82,SKILL_022,3.29,Build Up Box (Regular ECT),2026-01-24T14:44:09Z,False,3
SKILL_022_20260124_144210,d_vargas,368.28,SKILL_022,85.25,Build Up Box (Regular ECT),2026-01-24T14:42:10Z,False,3
SKILL_022_20260124_101800,h_alcaraz,349.8,SKILL_022,79.24,Build Up Box (Regular ECT),2026-01-24T10:18:00Z,False,3
SKILL_022_20260124_101430,h_alcaraz,364.93,SKILL_022,81.31,Build Up Box (Regular ECT),2026-01-24T10:14:30Z,False,3
SKILL_021_20260124_144757,n_mora,874.82,SKILL_021,199.25,Build Up Box (Mailer),2026-01-24T14:47:57Z,True,3
SKILL_021_20260124_144206,n_mora,1373.02,SKILL_021,303.56,Build Up Box (Mailer),2026-01-24T14:42:06Z,True,3
SKILL_021_20260124_143636,d_vargas,771.89,SKILL_021,174.16,Build Up Box (Mailer),2026-01-24T14:36:36Z,True,3
SKILL_021_20260124_143045,d_vargas,1225.72,SKILL_021,274.6,Build Up Box (Mailer),2026-01-24T14:30:45Z,True,3
SKILL_021_20260124_100801,h_alcaraz,759.25,SKILL_021,166.72,Build Up Box (Mailer),2026-01-24T10:08:01Z,True,3
SKILL_023_20260124_145507,d_vargas,168.91,SKILL_023,36.56,Built up box (Present),2026-01-24T14:55:07Z,False,3
SKILL_012_20260124_084646,c_becerra,1027.01,SKILL_012,216.7,Put pasta in jars,2026-01-24T08:46:46Z,True,4
SKILL_010_20260124_083706,d_vargas,2046.54,SKILL_010,432.62,Package earphones,2026-01-24T08:37:06Z,True,4
SKILL_010_20260124_083350,d_vargas,494.3,SKILL_010,113.23,Package earphones,2026-01-24T08:33:50Z,True,4
SKILL_010_20260124_083337,d_vargas,52.1,SKILL_010,12.16,Package earphones,2026-01-24T08:33:37Z,False,4
SKILL_009_20260124_082039,d_vargas,2853.84,SKILL_009,571.73,Package Cotton set,2026-01-24T08:20:39Z,True,4
SKILL_007_20260124_075536,d_vargas,2443.96,SKILL_007,464.81,Separate tongue depressors by color,2026-01-24T07:55:36Z,True,4
SKILL_005_20260124_123336,n_mora,7.53,SKILL_005,2.47,Insert allen keys in package,2026-01-24T12:33:36Z,False,4
SKILL_005_20260124_123154,n_mora,555.78,SKILL_005,93.89,Insert allen keys in package,2026-01-24T12:31:54Z,False,4
SKILL_005_20260124_075040,d_vargas,693.93,SKILL_005,158.77,Insert allen keys in package,2026-01-24T07:50:40Z,True,4
SKILL_005_20260124_074726,d_vargas,716.14,SKILL_005,165.42,Insert allen keys in package,2026-01-24T07:47:26Z,True,4
SKILL_005_20260124_074405,d_vargas,752.88,SKILL_005,170.94,Insert allen keys in package,2026-01-24T07:44:05Z,True,4
SKILL_004_20260124_122016,n_mora,890.53,SKILL_004,168.65,Set Screwdriver package,2026-01-24T12:20:16Z,True,4
SKILL_004_20260124_073233,d_vargas,2039.74,SKILL_004,378.49,Set Screwdriver package,2026-01-24T07:32:33Z,True,4
SKILL_004_20260124_072615,d_vargas,1673.78,SKILL_004,326.39,Set Screwdriver package,2026-01-24T07:26:15Z,True,4
SKILL_003_20260124_112741,n_mora,699.78,SKILL_003,164.8,Organize screwdriver bits,2026-01-24T11:27:41Z,True,4
SKILL_003_20260124_112133,n_mora,733.44,SKILL_003,175.1,Organize screwdriver bits,2026-01-24T11:21:33Z,True,4
SKILL_003_20260124_071801,d_vargas,1331.15,SKILL_003,304.77,Organize screwdriver bits,2026-01-24T07:18:01Z,True,4
SKILL_003_20260124_071417,d_vargas,221.72,SKILL_003,50.95,Organize screwdriver bits,2026-01-24T07:14:17Z,False,4
SKILL_021_20260124_101741,e_martinez,22.58,SKILL_021,5.68,Build Up Box (Mailer),2026-01-24T10:17:41Z,False,4
SKILL_021_20260124_101738,e_martinez,7.22,SKILL_021,2.16,Build Up Box (Mailer),2026-01-24T10:17:38Z,False,4
SKILL_021_20260124_101644,e_martinez,264.93,SKILL_021,53.51,Build Up Box (Mailer),2026-01-24T10:16:44Z,False,4
SKILL_021_20260124_101441,e_martinez,23.29,SKILL_021,6.2,Build Up Box (Mailer),2026-01-24T10:14:41Z,False,4
SKILL_020_20260124_100647,e_martinez,510.42,SKILL_020,111.25,Open locks with their keys,2026-01-24T10:06:47Z,True,4
SKILL_020_20260124_100400,e_martinez,2.1,SKILL_020,1.0,Open locks with their keys,2026-01-24T10:04:00Z,False,4
SKILL_019_20260124_100033,e_martinez,580.55,SKILL_019,120.3,Put pasta in plastic containers,2026-01-24T10:00:33Z,True,4
SKILL_019_20260124_095418,e_martinez,623.61,SKILL_019,137.14,Put pasta in plastic containers,2026-01-24T09:54:18Z,True,4
SKILL_019_20260124_095152,e_martinez,303.77,SKILL_019,67.27,Put pasta in plastic containers,2026-01-24T09:51:52Z,False,4
SKILL_018_20260124_094434,c_becerra,897.67,SKILL_018,186.35,Close bags with twist ties,2026-01-24T09:44:34Z,True,4
SKILL_017_20260124_093654,c_becerra,1414.71,SKILL_017,297.02,Put pasta in ziploc bags,2026-01-24T09:36:54Z,True,4
SKILL_017_20260124_092958,c_becerra,1401.2,SKILL_017,296.89,Put pasta in ziploc bags,2026-01-24T09:29:58Z,True,4
SKILL_014_20260124_092427,c_becerra,359.19,SKILL_014,123.31,Fasten nuts onto bolts,2026-01-24T09:24:27Z,True,4
SKILL_014_20260124_092227,c_becerra,123.71,SKILL_014,20.65,Fasten nuts onto bolts,2026-01-24T09:22:27Z,False,4
SKILL_014_20260124_091925,c_becerra,864.27,SKILL_014,180.82,Fasten nuts onto bolts,2026-01-24T09:19:25Z,True,4
SKILL_014_20260124_090918,c_becerra,977.88,SKILL_014,204.21,Fasten nuts onto bolts,2026-01-24T09:09:18Z,True,4
SKILL_013_20260124_090404,c_becerra,898.79,SKILL_013,184.86,Set up a hand lamp,2026-01-24T09:04:04Z,True,4
SKILL_013_20260124_090006,c_becerra,856.95,SKILL_013,177.71,Set up a hand lamp,2026-01-24T09:00:06Z,True,4
SKILL_012_20260124_085108,c_becerra,709.95,SKILL_012,154.42,Put pasta in jars,2026-01-24T08:51:08Z,True,4
SKILL_018_20260124_143438,c_becerra,1082.48,SKILL_018,288.9,Close bags with twist ties,2026-01-24T14:34:38Z,True,5
SKILL_018_20260124_142358,c_becerra,1078.74,SKILL_018,299.23,Close bags with twist ties,2026-01-24T14:23:58Z,True,5
SKILL_016_20260124_144537,h_alcaraz,1.81,SKILL_016,1.0,Package a sewing set,2026-01-24T14:45:37Z,False,5
SKILL_016_20260124_144358,h_alcaraz,424.66,SKILL_016,98.62,Package a sewing set,2026-01-24T14:43:58Z,True,5
SKILL_016_20260124_144213,h_alcaraz,311.58,SKILL_016,76.91,Package a sewing set,2026-01-24T14:42:13Z,False,5
SKILL_016_20260124_144144,h_alcaraz,19.9,SKILL_016,5.55,Package a sewing set,2026-01-24T14:41:44Z,False,5
SKILL_016_20260124_134448,c_becerra,231.16,SKILL_016,60.2,Package a sewing set,2026-01-24T13:44:48Z,False,5
SKILL_016_20260124_134301,c_becerra,273.37,SKILL_016,67.1,Package a sewing set,2026-01-24T13:43:01Z,False,5
SKILL_014_20260124_134633,c_becerra,1244.78,SKILL_014,547.93,Fasten nuts onto bolts,2026-01-24T13:46:33Z,True,5
SKILL_013_20260124_133800,c_becerra,512.63,SKILL_013,152.33,Set up a hand lamp,2026-01-24T13:38:00Z,True,5
SKILL_013_20260124_082202,n_mora,144.09,SKILL_013,35.95,Set up a hand lamp,2026-01-24T08:22:02Z,False,5
SKILL_010_20260124_133325,c_becerra,761.73,SKILL_010,208.32,Package earphones,2026-01-24T13:33:25Z,True,5
SKILL_010_20260124_132715,c_becerra,1126.95,SKILL_010,290.15,Package earphones,2026-01-24T13:27:15Z,True,5
SKILL_010_20260124_130208,c_becerra,3.96,SKILL_010,1.47,Package earphones,2026-01-24T13:02:08Z,False,5
SKILL_010_20260124_125622,c_becerra,1470.55,SKILL_010,346.29,Package earphones,2026-01-24T12:56:22Z,True,5
SKILL_010_20260124_075123,n_mora,1076.1,SKILL_010,261.09,Package earphones,2026-01-24T07:51:23Z,True,5
SKILL_023_20260124_103511,n_mora,402.82,SKILL_023,88.98,Built up box (Present),2026-01-24T10:35:11Z,False,4
SKILL_022_20260124_102636,e_martinez,324.26,SKILL_022,70.89,Build Up Box (Regular ECT),2026-01-24T10:26:36Z,False,4
SKILL_001_20260126_124515,n_mora,3377.02,SKILL_001,637.4,Organize beads per color,2026-01-26T12:45:15Z,True,3
SKILL_001_20260126_123229,e_martinez,3043.21,SKILL_001,599.7,Organize beads per color,2026-01-26T12:32:29Z,True,3
SKILL_012_20260126_085308,c_becerra,360.88,SKILL_012,82.16,Put pasta in jars,2026-01-26T08:53:08Z,False,2
SKILL_012_20260126_084912,c_becerra,848.14,SKILL_012,188.13,Put pasta in jars,2026-01-26T08:49:12Z,True,2
SKILL_010_20260126_083835,c_becerra,1387.54,SKILL_010,282.67,Package earphones,2026-01-26T08:38:35Z,True,2
SKILL_010_20260126_083000,c_becerra,2198.22,SKILL_010,454.78,Package earphones,2026-01-26T08:30:00Z,True,2
SKILL_009_20260126_081909,c_becerra,1859.56,SKILL_009,441.46,Package Cotton set,2026-01-26T08:19:09Z,True,2
SKILL_007_20260126_075236,c_becerra,2532.47,SKILL_007,510.42,Separate tongue depressors by color,2026-01-26T07:52:36Z,True,2
SKILL_005_20260126_074647,c_becerra,1036.67,SKILL_005,229.01,Insert allen keys in package,2026-01-26T07:46:47Z,True,2
SKILL_005_20260126_074219,c_becerra,1099.74,SKILL_005,244.71,Insert allen keys in package,2026-01-26T07:42:19Z,True,2
SKILL_003_20260126_073718,c_becerra,984.06,SKILL_003,215.68,Organize screwdriver bits,2026-01-26T07:37:18Z,True,2
SKILL_003_20260126_073219,c_becerra,1058.59,SKILL_003,236.49,Organize screwdriver bits,2026-01-26T07:32:19Z,True,2
SKILL_001_20260126_073206,c_becerra,23.55,SKILL_001,5.93,Organize beads per color,2026-01-26T07:32:06Z,False,2
SKILL_001_20260126_072900,c_becerra,366.94,SKILL_001,77.47,Organize beads per color,2026-01-26T07:29:00Z,False,2
SKILL_001_20260126_071505,c_becerra,3691.33,SKILL_001,779.27,Organize beads per color,2026-01-26T07:15:05Z,True,2
SKILL_001_20260126_071134,c_becerra,170.42,SKILL_001,38.72,Organize beads per color,2026-01-26T07:11:34Z,False,2
SKILL_020_20260124_142103,c_becerra,275.12,SKILL_020,84.25,Open locks with their keys,2026-01-24T14:21:03Z,False,5
SKILL_020_20260124_141836,c_becerra,290.14,SKILL_020,85.43,Open locks with their keys,2026-01-24T14:18:36Z,False,5
SKILL_020_20260124_141540,c_becerra,410.34,SKILL_020,117.45,Open locks with their keys,2026-01-24T14:15:40Z,True,5
SKILL_005_20260126_141819,h_alcaraz,780.73,SKILL_005,168.66,Insert allen keys in package,2026-01-26T14:18:19Z,True,3
SKILL_005_20260126_141430,h_alcaraz,830.8,SKILL_005,180.72,Insert allen keys in package,2026-01-26T14:14:30Z,True,3
SKILL_005_20260126_141009,h_alcaraz,929.96,SKILL_005,202.97,Insert allen keys in package,2026-01-26T14:10:09Z,True,3
SKILL_005_20260126_140604,h_alcaraz,949.77,SKILL_005,206.29,Insert allen keys in package,2026-01-26T14:06:04Z,True,3
SKILL_005_20260126_130808,e_martinez,726.78,SKILL_005,204.99,Insert allen keys in package,2026-01-26T13:08:08Z,True,3
SKILL_005_20260126_130212,e_martinez,923.4,SKILL_005,198.55,Insert allen keys in package,2026-01-26T13:02:12Z,True,3
SKILL_004_20260126_130954,n_mora,23.29,SKILL_004,5.69,Set Screwdriver package,2026-01-26T13:09:54Z,False,3
SKILL_004_20260126_130158,n_mora,1231.49,SKILL_004,235.53,Set Screwdriver package,2026-01-26T13:01:58Z,True,3
SKILL_012_20260126_075549,n_mora,701.05,SKILL_012,145.11,Put pasta in jars,2026-01-26T07:55:49Z,True,3
SKILL_012_20260126_075216,n_mora,875.44,SKILL_012,180.77,Put pasta in jars,2026-01-26T07:52:16Z,True,3
SKILL_010_20260126_142605,n_mora,1588.28,SKILL_010,325.59,Package earphones,2026-01-26T14:26:05Z,True,3
SKILL_010_20260126_142443,n_mora,46.58,SKILL_010,10.69,Package earphones,2026-01-26T14:24:43Z,False,3
SKILL_010_20260126_141935,c_becerra,1134.72,SKILL_010,238.59,Package earphones,2026-01-26T14:19:35Z,True,3
SKILL_010_20260126_141135,c_becerra,1224.21,SKILL_010,302.96,Package earphones,2026-01-26T14:11:35Z,True,3
SKILL_010_20260126_140636,c_becerra,152.4,SKILL_010,28.93,Package earphones,2026-01-26T14:06:36Z,False,3
SKILL_010_20260126_074633,n_mora,1297.85,SKILL_010,280.2,Package earphones,2026-01-26T07:46:33Z,True,3
SKILL_010_20260126_074211,n_mora,1106.1,SKILL_010,238.17,Package earphones,2026-01-26T07:42:11Z,True,3
SKILL_009_20260126_135404,d_vargas,1409.61,SKILL_009,303.87,Package Cotton set,2026-01-26T13:54:04Z,True,3
SKILL_009_20260126_134928,d_vargas,1007.52,SKILL_009,219.42,Package Cotton set,2026-01-26T13:49:28Z,True,3
SKILL_009_20260126_133926,e_martinez,2322.48,SKILL_009,496.73,Package Cotton set,2026-01-26T13:39:26Z,True,3
SKILL_009_20260126_073200,n_mora,2469.15,SKILL_009,520.84,Package Cotton set,2026-01-26T07:32:00Z,True,3
SKILL_007_20260126_133908,d_vargas,1566.24,SKILL_007,285.55,Separate tongue depressors by color,2026-01-26T13:39:08Z,True,3
SKILL_007_20260126_132747,h_alcaraz,3109.82,SKILL_007,531.78,Separate tongue depressors by color,2026-01-26T13:27:47Z,True,3
SKILL_007_20260126_132434,h_alcaraz,240.3,SKILL_007,46.84,Separate tongue depressors by color,2026-01-26T13:24:34Z,False,3
SKILL_007_20260126_131437,e_martinez,2094.89,SKILL_007,434.75,Separate tongue depressors by color,2026-01-26T13:14:37Z,True,3
SKILL_007_20260126_072549,n_mora,1377.94,SKILL_007,270.03,Separate tongue depressors by color,2026-01-26T07:25:49Z,True,3
SKILL_007_20260126_071725,n_mora,2200.15,SKILL_007,437.07,Separate tongue depressors by color,2026-01-26T07:17:25Z,True,3
SKILL_017_20260126_092307,H_ALCARAZ,1949.65,SKILL_017,397.63,Put pasta in ziploc bags,2026-01-26T09:23:07Z,True,3
SKILL_017_20260126_091719,H_ALCARAZ,1358.67,SKILL_017,283.64,Put pasta in ziploc bags,2026-01-26T09:17:19Z,True,3
SKILL_016_20260126_085758,H_ALCARAZ,741.59,SKILL_016,152.91,Package a sewing set,2026-01-26T08:57:58Z,True,3
SKILL_016_20260126_084956,H_ALCARAZ,967.02,SKILL_016,192.63,Package a sewing set,2026-01-26T08:49:56Z,True,3
SKILL_016_20260126_085409,H_ALCARAZ,758.76,SKILL_016,155.4,Package a sewing set,2026-01-26T08:54:09Z,True,3
SKILL_015_20260126_083513,H_ALCARAZ,1238.02,SKILL_015,264.09,Thread a needle,2026-01-26T08:35:13Z,True,3
SKILL_015_20260126_144257,d_vargas,825.56,SKILL_015,179.33,Thread a needle,2026-01-26T14:42:57Z,True,3
SKILL_015_20260126_144930,e_martinez,1376.23,SKILL_015,275.62,Thread a needle,2026-01-26T14:49:30Z,True,3
SKILL_014_20260126_082701,H_ALCARAZ,503.02,SKILL_014,105.63,Fasten nuts onto bolts,2026-01-26T08:27:01Z,True,3
SKILL_014_20260126_081710,H_ALCARAZ,2412.3,SKILL_014,496.21,Fasten nuts onto bolts,2026-01-26T08:17:10Z,True,3
SKILL_014_20260126_143359,e_martinez,1312.39,SKILL_014,259.07,Fasten nuts onto bolts,2026-01-26T14:33:59Z,True,3
SKILL_012_20260126_143750,n_mora,395.75,SKILL_012,81.83,Put pasta in jars,2026-01-26T14:37:50Z,False,3
SKILL_012_20260126_143405,n_mora,883.33,SKILL_012,177.39,Put pasta in jars,2026-01-26T14:34:05Z,True,3
SKILL_015_20260126_083013,H_ALCARAZ,1215.8,SKILL_015,250.04,Thread a needle,2026-01-26T08:30:13Z,True,3
SKILL_012_20260126_100609,n_mora,781.03,SKILL_012,159.6,Put pasta in jars,2026-01-26T10:06:09Z,True,3
SKILL_012_20260126_095947,n_mora,692.85,SKILL_012,136.85,Put pasta in jars,2026-01-26T09:59:47Z,True,3
SKILL_012_20260126_092411,c_becerra,1021.55,SKILL_012,216.01,Put pasta in jars,2026-01-26T09:24:11Z,True,3
SKILL_012_20260126_091658,c_becerra,965.04,SKILL_012,202.95,Put pasta in jars,2026-01-26T09:16:58Z,True,3
SKILL_012_20260126_075845,n_mora,688.13,SKILL_012,141.88,Put pasta in jars,2026-01-26T07:58:45Z,True,3
SKILL_020_20260126_110630,n_mora,340.54,SKILL_020,79.31,Open locks with their keys,2026-01-26T11:06:30Z,False,3
SKILL_020_20260126_110223,n_mora,336.89,SKILL_020,78.17,Open locks with their keys,2026-01-26T11:02:23Z,False,3
SKILL_019_20260126_105143,n_mora,1130.99,SKILL_019,228.98,Put pasta in plastic containers,2026-01-26T10:51:43Z,True,3
SKILL_019_20260126_104751,n_mora,946.83,SKILL_019,200.26,Put pasta in plastic containers,2026-01-26T10:47:51Z,True,3
SKILL_019_20260126_104332,n_mora,1060.25,SKILL_019,211.3,Put pasta in plastic containers,2026-01-26T10:43:32Z,True,3
SKILL_019_20260126_104010,h_alcaraz,642.32,SKILL_019,128.27,Put pasta in plastic containers,2026-01-26T10:40:10Z,True,3
SKILL_019_20260126_102520,h_alcaraz,120.87,SKILL_019,25.4,Put pasta in plastic containers,2026-01-26T10:25:20Z,False,3
SKILL_019_20260126_103337,h_alcaraz,1247.45,SKILL_019,251.49,Put pasta in plastic containers,2026-01-26T10:33:37Z,True,3
SKILL_018_20260126_103058,n_mora,604.82,SKILL_018,130.8,Close bags with twist ties,2026-01-26T10:30:58Z,True,3
SKILL_018_20260126_102359,n_mora,1247.45,SKILL_018,274.64,Close bags with twist ties,2026-01-26T10:23:59Z,True,3
SKILL_018_20260126_101151,h_alcaraz,1326.28,SKILL_018,282.49,Close bags with twist ties,2026-01-26T10:11:51Z,True,3
SKILL_018_20260126_101752,h_alcaraz,976.73,SKILL_018,213.53,Close bags with twist ties,2026-01-26T10:17:52Z,True,3
SKILL_017_20260126_101837,n_mora,575.78,SKILL_017,124.45,Put pasta in ziploc bags,2026-01-26T10:18:37Z,True,3
SKILL_017_20260126_101531,n_mora,748.83,SKILL_017,158.36,Put pasta in ziploc bags,2026-01-26T10:15:31Z,True,3
SKILL_017_20260126_101135,n_mora,797.09,SKILL_017,171.15,Put pasta in ziploc bags,2026-01-26T10:11:35Z,True,3
SKILL_017_20260126_100653,h_alcaraz,1142.85,SKILL_017,231.01,Put pasta in ziploc bags,2026-01-26T10:06:53Z,True,3
SKILL_017_20260126_095954,h_alcaraz,1731.65,SKILL_017,364.33,Put pasta in ziploc bags,2026-01-26T09:59:54Z,True,3
SKILL_017_20260126_095348,h_alcaraz,1433.78,SKILL_017,305.16,Put pasta in ziploc bags,2026-01-26T09:53:48Z,True,3
SKILL_017_20260126_093857,h_alcaraz,1815.74,SKILL_017,391.37,Put pasta in ziploc bags,2026-01-26T09:38:57Z,True,3
SKILL_020_20260126_110947,n_mora,346.29,SKILL_020,82.03,Open locks with their keys,2026-01-26T11:09:47Z,False,3
SKILL_001_20260126_130228,h_alcaraz,3439.4,SKILL_001,648.66,Organize beads per color,2026-01-26T13:02:28Z,True,4
SKILL_024_20260126_124141,n_mora,474.89,SKILL_024,113.55,Put hooks on shower courtain,2026-01-26T12:41:41Z,True,3
SKILL_024_20260126_123711,n_mora,893.26,SKILL_024,212.34,Put hooks on shower courtain,2026-01-26T12:37:11Z,True,3
SKILL_024_20260126_123303,n_mora,787.93,SKILL_024,174.28,Put hooks on shower courtain,2026-01-26T12:33:03Z,True,3
SKILL_024_20260126_122535,e_martinez,889.04,SKILL_024,193.57,Put hooks on shower courtain,2026-01-26T12:25:35Z,True,3
SKILL_024_20260126_122024,e_martinez,1026.03,SKILL_024,219.38,Put hooks on shower courtain,2026-01-26T12:20:24Z,True,3
SKILL_022_20260126_112502,d_vargas,277.76,SKILL_022,60.03,Build Up Box (Regular ECT),2026-01-26T11:25:02Z,False,3
SKILL_021_20260126_122804,n_mora,684.41,SKILL_021,159.5,Build Up Box (Mailer),2026-01-26T12:28:04Z,True,3
SKILL_021_20260126_122730,n_mora,2.75,SKILL_021,1.02,Build Up Box (Mailer),2026-01-26T12:27:30Z,False,3
SKILL_021_20260126_122630,n_mora,267.47,SKILL_021,59.97,Build Up Box (Mailer),2026-01-26T12:26:30Z,False,3
SKILL_021_20260126_122216,n_mora,859.42,SKILL_021,194.32,Build Up Box (Mailer),2026-01-26T12:22:16Z,True,3
SKILL_021_20260126_121634,n_mora,1152.23,SKILL_021,256.84,Build Up Box (Mailer),2026-01-26T12:16:34Z,True,3
SKILL_021_20260126_111842,d_vargas,1019.4,SKILL_021,218.32,Build Up Box (Mailer),2026-01-26T11:18:42Z,True,3
SKILL_021_20260126_111156,d_vargas,1308.03,SKILL_021,279.98,Build Up Box (Mailer),2026-01-26T11:11:56Z,True,3
SKILL_020_20260126_112524,n_mora,334.34,SKILL_020,76.0,Open locks with their keys,2026-01-26T11:25:24Z,False,3
SKILL_020_20260126_111526,n_mora,369.71,SKILL_020,85.15,Open locks with their keys,2026-01-26T11:15:26Z,False,3
SKILL_020_20260126_111301,n_mora,417.2,SKILL_020,97.11,Open locks with their keys,2026-01-26T11:13:01Z,True,3
SKILL_020_20260126_111216,n_mora,70.16,SKILL_020,17.24,Open locks with their keys,2026-01-26T11:12:16Z,False,3
SKILL_012_20260126_084014,d_vargas,1.59,SKILL_012,1.06,Put pasta in jars,2026-01-26T08:40:14Z,False,4
SKILL_012_20260126_083648,d_vargas,994.32,SKILL_012,204.91,Put pasta in jars,2026-01-26T08:36:48Z,True,4
SKILL_012_20260126_083604,d_vargas,0.39,SKILL_012,1.62,Put pasta in jars,2026-01-26T08:36:04Z,False,4
SKILL_012_20260126_083340,d_vargas,521.95,SKILL_012,108.43,Put pasta in jars,2026-01-26T08:33:40Z,True,4
SKILL_012_20260126_083007,d_vargas,827.68,SKILL_012,170.69,Put pasta in jars,2026-01-26T08:30:07Z,True,4
SKILL_010_20260126_144936,c_becerra,1131.3,SKILL_010,233.29,Package earphones,2026-01-26T14:49:36Z,True,4
SKILL_010_20260126_144239,c_becerra,1569.49,SKILL_010,357.66,Package earphones,2026-01-26T14:42:39Z,True,4
SKILL_010_20260126_143528,c_becerra,823.79,SKILL_010,185.86,Package earphones,2026-01-26T14:35:28Z,True,4
SKILL_010_20260126_081655,d_vargas,1903.83,SKILL_010,379.73,Package earphones,2026-01-26T08:16:55Z,True,4
SKILL_009_20260126_075945,d_vargas,465.16,SKILL_009,93.72,Package Cotton set,2026-01-26T07:59:45Z,True,4
SKILL_009_20260126_075244,d_vargas,1543.95,SKILL_009,341.57,Package Cotton set,2026-01-26T07:52:44Z,True,4
SKILL_007_20260126_074207,d_vargas,2706.38,SKILL_007,500.16,Separate tongue depressors by color,2026-01-26T07:42:07Z,True,4
SKILL_005_20260126_143043,c_becerra,998.75,SKILL_005,239.52,Insert allen keys in package,2026-01-26T14:30:43Z,True,4
SKILL_005_20260126_142450,c_becerra,1098.61,SKILL_005,252.61,Insert allen keys in package,2026-01-26T14:24:50Z,True,4
SKILL_005_20260126_073739,d_vargas,972.67,SKILL_005,203.24,Insert allen keys in package,2026-01-26T07:37:39Z,True,4
SKILL_005_20260126_073228,d_vargas,1053.07,SKILL_005,235.4,Insert allen keys in package,2026-01-26T07:32:28Z,True,4
SKILL_003_20260126_073204,d_vargas,83.66,SKILL_003,19.58,Organize screwdriver bits,2026-01-26T07:32:04Z,False,4
SKILL_003_20260126_072759,d_vargas,662.31,SKILL_003,149.69,Organize screwdriver bits,2026-01-26T07:27:59Z,True,4
SKILL_003_20260126_072028,d_vargas,1633.84,SKILL_003,366.15,Organize screwdriver bits,2026-01-26T07:20:28Z,True,4
SKILL_024_20260126_125340,c_becerra,789.81,SKILL_024,169.94,Put hooks on shower courtain,2026-01-26T12:53:40Z,True,4
SKILL_024_20260126_124808,c_becerra,1238.96,SKILL_024,262.29,Put hooks on shower courtain,2026-01-26T12:48:08Z,True,4
SKILL_021_20260126_124235,c_becerra,1015.15,SKILL_021,226.42,Build Up Box (Mailer),2026-01-26T12:42:35Z,True,4
SKILL_020_20260126_122734,c_becerra,467.09,SKILL_020,100.68,Open locks with their keys,2026-01-26T12:27:34Z,True,4
SKILL_020_20260126_122620,c_becerra,7.06,SKILL_020,2.4,Open locks with their keys,2026-01-26T12:26:20Z,False,4
SKILL_020_20260126_122459,c_becerra,362.74,SKILL_020,80.7,Open locks with their keys,2026-01-26T12:24:59Z,False,4
SKILL_017_20260126_102156,d_vargas,1093.39,SKILL_017,225.25,Put pasta in ziploc bags,2026-01-26T10:21:56Z,True,4
SKILL_015_20260126_100748,d_vargas,622.65,SKILL_015,151.01,Thread a needle,2026-01-26T10:07:48Z,True,4
SKILL_015_20260126_100406,d_vargas,716.77,SKILL_015,163.28,Thread a needle,2026-01-26T10:04:06Z,True,4
SKILL_015_20260126_095901,d_vargas,971.71,SKILL_015,216.14,Thread a needle,2026-01-26T09:59:01Z,True,4
SKILL_015_20260126_092458,n_mora,1322.76,SKILL_015,255.3,Thread a needle,2026-01-26T09:24:58Z,True,4
SKILL_014_20260126_085714,n_mora,1484.32,SKILL_014,326.07,Fasten nuts onto bolts,2026-01-26T08:57:14Z,True,4
SKILL_014_20260126_084946,n_mora,1739.48,SKILL_014,376.1,Fasten nuts onto bolts,2026-01-26T08:49:46Z,True,4
SKILL_012_20260126_101657,d_vargas,592.48,SKILL_012,129.79,Put pasta in jars,2026-01-26T10:16:57Z,True,4
SKILL_012_20260126_101524,d_vargas,79.28,SKILL_012,28.71,Put pasta in jars,2026-01-26T10:15:24Z,False,4
SKILL_012_20260126_101147,d_vargas,717.87,SKILL_012,149.15,Put pasta in jars,2026-01-26T10:11:47Z,True,4
SKILL_003_20260126_131735,d_vargas,499.04,SKILL_003,238.4,Organize screwdriver bits,2026-01-26T13:17:35Z,True,5
SKILL_003_20260126_131148,d_vargas,661.78,SKILL_003,273.35,Organize screwdriver bits,2026-01-26T13:11:48Z,True,5
SKILL_003_20260126_105853,c_becerra,819.42,SKILL_003,204.27,Organize screwdriver bits,2026-01-26T10:58:53Z,True,5
SKILL_003_20260126_105157,c_becerra,962.47,SKILL_003,230.79,Organize screwdriver bits,2026-01-26T10:51:57Z,True,5
SKILL_003_20260126_083232,e_martinez,12.32,SKILL_003,2.51,Organize screwdriver bits,2026-01-26T08:32:32Z,False,5
SKILL_003_20260126_082533,e_martinez,1677.54,SKILL_003,418.16,Organize screwdriver bits,2026-01-26T08:25:33Z,True,5
SKILL_003_20260126_082155,e_martinez,531.57,SKILL_003,135.33,Organize screwdriver bits,2026-01-26T08:21:55Z,True,5
SKILL_003_20260126_074802,e_martinez,1609.8,SKILL_003,469.29,Organize screwdriver bits,2026-01-26T07:48:02Z,True,5
SKILL_003_20260126_081835,e_martinez,582.34,SKILL_003,140.26,Organize screwdriver bits,2026-01-26T08:18:35Z,True,5
SKILL_003_20260126_075842,e_martinez,1616.89,SKILL_003,405.49,Organize screwdriver bits,2026-01-26T07:58:42Z,True,5
SKILL_014_20260126_112354,c_becerra,1353.6,SKILL_014,392.11,Fasten nuts onto bolts,2026-01-26T11:23:54Z,True,5
SKILL_014_20260126_111451,c_becerra,1613.0,SKILL_014,450.71,Fasten nuts onto bolts,2026-01-26T11:14:51Z,True,5
SKILL_014_20260126_110351,c_becerra,3168.98,SKILL_014,583.23,Fasten nuts onto bolts,2026-01-26T11:03:51Z,True,5
SKILL_014_20260126_072129,e_martinez,2289.56,SKILL_014,658.96,Fasten nuts onto bolts,2026-01-26T07:21:29Z,True,5
SKILL_013_20260126_135348,n_mora,780.88,SKILL_013,208.14,Set up a hand lamp,2026-01-26T13:53:48Z,True,5
SKILL_013_20260126_135021,n_mora,620.84,SKILL_013,168.62,Set up a hand lamp,2026-01-26T13:50:21Z,True,5
SKILL_013_20260126_125606,d_vargas,618.02,SKILL_013,163.08,Set up a hand lamp,2026-01-26T12:56:06Z,True,5
SKILL_013_20260126_125255,d_vargas,451.83,SKILL_013,121.88,Set up a hand lamp,2026-01-26T12:52:55Z,True,5
SKILL_013_20260126_125237,d_vargas,1.49,SKILL_013,1.34,Set up a hand lamp,2026-01-26T12:52:37Z,False,5
SKILL_013_20260126_125231,d_vargas,24.04,SKILL_013,6.35,Set up a hand lamp,2026-01-26T12:52:31Z,False,5
SKILL_013_20260126_125209,d_vargas,15.95,SKILL_013,7.03,Set up a hand lamp,2026-01-26T12:52:09Z,False,5
SKILL_013_20260126_124904,d_vargas,497.41,SKILL_013,130.64,Set up a hand lamp,2026-01-26T12:49:04Z,True,5
SKILL_013_20260126_104043,c_becerra,871.57,SKILL_013,199.5,Set up a hand lamp,2026-01-26T10:40:43Z,True,5
SKILL_013_20260126_103514,c_becerra,1231.39,SKILL_013,271.84,Set up a hand lamp,2026-01-26T10:35:14Z,True,5
SKILL_013_20260126_074030,e_martinez,1100.71,SKILL_013,295.4,Set up a hand lamp,2026-01-26T07:40:30Z,True,5
SKILL_013_20260126_073439,e_martinez,948.11,SKILL_013,250.95,Set up a hand lamp,2026-01-26T07:34:39Z,True,5
SKILL_009_20260126_083607,e_martinez,1746.99,SKILL_009,469.07,Package Cotton set,2026-01-26T08:36:07Z,True,5
SKILL_003_20260126_144600,h_alcaraz,871.73,SKILL_003,237.65,Organize screwdriver bits,2026-01-26T14:46:00Z,True,5
SKILL_003_20260126_143750,h_alcaraz,1271.35,SKILL_003,332.73,Organize screwdriver bits,2026-01-26T14:37:50Z,True,5
SKILL_016_20260126_143110,h_alcaraz,210.09,SKILL_016,54.94,Package a sewing set,2026-01-26T14:31:10Z,False,5
SKILL_016_20260126_143003,h_alcaraz,152.02,SKILL_016,39.96,Package a sewing set,2026-01-26T14:30:03Z,False,5
SKILL_016_20260126_141837,n_mora,113.25,SKILL_016,57.8,Package a sewing set,2026-01-26T14:18:37Z,False,5
SKILL_016_20260126_140155,n_mora,228.95,SKILL_016,62.4,Package a sewing set,2026-01-26T14:01:55Z,False,5
SKILL_016_20260126_131005,d_vargas,162.47,SKILL_016,40.25,Package a sewing set,2026-01-26T13:10:05Z,False,5
SKILL_016_20260126_130816,d_vargas,338.81,SKILL_016,87.61,Package a sewing set,2026-01-26T13:08:16Z,False,5
SKILL_016_20260126_130346,d_vargas,182.54,SKILL_016,43.82,Package a sewing set,2026-01-26T13:03:46Z,False,5
SKILL_016_20260126_130255,d_vargas,155.1,SKILL_016,35.14,Package a sewing set,2026-01-26T13:02:55Z,False,5
SKILL_016_20260126_104932,c_becerra,252.66,SKILL_016,62.64,Package a sewing set,2026-01-26T10:49:32Z,False,5
SKILL_016_20260126_104727,c_becerra,353.51,SKILL_016,77.57,Package a sewing set,2026-01-26T10:47:27Z,False,5
SKILL_016_20260126_104521,c_becerra,343.02,SKILL_016,79.81,Package a sewing set,2026-01-26T10:45:21Z,False,5
SKILL_015_20260126_130111,d_vargas,15.4,SKILL_015,3.44,Thread a needle,2026-01-26T13:01:11Z,False,5
SKILL_014_20260126_141008,n_mora,1217.38,SKILL_014,340.33,Fasten nuts onto bolts,2026-01-26T14:10:08Z,True,5
SKILL_014_20260126_140418,n_mora,808.22,SKILL_014,235.09,Fasten nuts onto bolts,2026-01-26T14:04:18Z,True,5
SKILL_014_20260126_132340,d_vargas,1214.94,SKILL_014,314.07,Fasten nuts onto bolts,2026-01-26T13:23:40Z,True,5
SKILL_014_20260126_124048,d_vargas,1178.63,SKILL_014,329.61,Fasten nuts onto bolts,2026-01-26T12:40:48Z,True,5
SKILL_014_20260126_123534,d_vargas,239.7,SKILL_014,65.45,Fasten nuts onto bolts,2026-01-26T12:35:34Z,False,5
SKILL_014_20260126_122812,d_vargas,1126.79,SKILL_014,330.2,Fasten nuts onto bolts,2026-01-26T12:28:12Z,True,5
SKILL_014_20260126_122518,d_vargas,14.66,SKILL_014,7.08,Fasten nuts onto bolts,2026-01-26T12:25:18Z,False,5
SKILL_001_20260127_121647,l_aguilera,1.26,SKILL_001,0.7,Organize beads per color,2026-01-27T12:16:47Z,False,3
SKILL_001_20260127_120320,n_mora,2248.92,SKILL_001,505.74,Organize beads per color,2026-01-27T12:03:20Z,True,3
SKILL_001_20260127_120742,l_aguilera,2922.13,SKILL_001,544.3,Organize beads per color,2026-01-27T12:07:42Z,True,3
SKILL_016_20260127_144102,l_aguilera,477.86,SKILL_016,98.28,Package a sewing set,2026-01-27T14:41:02Z,True,2
SKILL_016_20260127_143123,l_aguilera,544.12,SKILL_016,108.12,Package a sewing set,2026-01-27T14:31:23Z,True,2
SKILL_016_20260127_144333,l_aguilera,266.92,SKILL_016,57.82,Package a sewing set,2026-01-27T14:43:33Z,False,2
SKILL_014_20260127_135722,n_mora,698.47,SKILL_014,151.83,Fasten nuts onto bolts,2026-01-27T13:57:22Z,True,2
SKILL_014_20260127_135157,n_mora,1163.06,SKILL_014,248.25,Fasten nuts onto bolts,2026-01-27T13:51:57Z,True,2
SKILL_013_20260127_145152,l_aguilera,932.67,SKILL_013,196.97,Set up a hand lamp,2026-01-27T14:51:52Z,True,2
SKILL_013_20260127_144841,l_aguilera,732.08,SKILL_013,155.06,Set up a hand lamp,2026-01-27T14:48:41Z,True,2
SKILL_013_20260127_144515,l_aguilera,644.85,SKILL_013,140.39,Set up a hand lamp,2026-01-27T14:45:15Z,True,2
SKILL_013_20260127_134806,n_mora,682.59,SKILL_013,142.47,Set up a hand lamp,2026-01-27T13:48:06Z,True,2
SKILL_013_20260127_134411,n_mora,649.15,SKILL_013,131.13,Set up a hand lamp,2026-01-27T13:44:11Z,True,2
SKILL_010_20260127_132252,n_mora,1302.31,SKILL_010,286.81,Package earphones,2026-01-27T13:22:52Z,True,2
SKILL_010_20260127_131236,n_mora,1655.59,SKILL_010,349.26,Package earphones,2026-01-27T13:12:36Z,True,2
SKILL_009_20260127_133901,n_mora,943.33,SKILL_009,226.92,Package Cotton set,2026-01-27T13:39:01Z,True,2
SKILL_001_20260127_141849,l_aguilera,2917.56,SKILL_001,591.44,Organize beads per color,2026-01-27T14:18:49Z,True,2
SKILL_001_20260127_140846,l_aguilera,1925.59,SKILL_001,403.41,Organize beads per color,2026-01-27T14:08:46Z,True,2
SKILL_016_20260126_143256,h_alcaraz,221.0,SKILL_016,56.5,Package a sewing set,2026-01-26T14:32:56Z,False,5
SKILL_001_20260127_121928,l_aguilera,2333.32,SKILL_001,422.73,Organize beads per color,2026-01-27T12:19:28Z,True,3
SKILL_005_20260127_073717,l_aguilera,722.5,SKILL_005,160.42,Insert allen keys in package,2026-01-27T07:37:17Z,True,3
SKILL_005_20260127_073357,l_aguilera,811.75,SKILL_005,175.85,Insert allen keys in package,2026-01-27T07:33:57Z,True,3
SKILL_005_20260127_073007,l_aguilera,911.97,SKILL_005,199.74,Insert allen keys in package,2026-01-27T07:30:07Z,True,3
SKILL_005_20260127_072935,l_aguilera,25.3,SKILL_005,5.25,Insert allen keys in package,2026-01-27T07:29:35Z,False,3
SKILL_005_20260127_072255,n_mora,1005.32,SKILL_005,228.61,Insert allen keys in package,2026-01-27T07:22:55Z,True,3
SKILL_005_20260127_071938,n_mora,749.49,SKILL_005,175.36,Insert allen keys in package,2026-01-27T07:19:38Z,True,3
SKILL_005_20260127_071907,n_mora,97.94,SKILL_005,21.36,Insert allen keys in package,2026-01-27T07:19:07Z,False,3
SKILL_005_20260127_071444,n_mora,776.58,SKILL_005,185.74,Insert allen keys in package,2026-01-27T07:14:44Z,True,3
SKILL_004_20260127_082819,l_aguilera,942.69,SKILL_004,189.96,Set Screwdriver package,2026-01-27T08:28:19Z,True,3
SKILL_004_20260127_082251,l_aguilera,1520.47,SKILL_004,294.79,Set Screwdriver package,2026-01-27T08:22:51Z,True,3
SKILL_004_20260127_075920,n_mora,561.81,SKILL_004,107.56,Set Screwdriver package,2026-01-27T07:59:20Z,True,3
SKILL_004_20260127_075123,n_mora,1224.12,SKILL_004,240.98,Set Screwdriver package,2026-01-27T07:51:23Z,True,3
SKILL_003_20260127_071617,l_aguilera,89.69,SKILL_003,20.03,Organize screwdriver bits,2026-01-27T07:16:17Z,False,3
SKILL_003_20260127_072332,l_aguilera,842.43,SKILL_003,187.14,Organize screwdriver bits,2026-01-27T07:23:32Z,True,3
SKILL_003_20260127_071854,l_aguilera,1010.81,SKILL_003,218.86,Organize screwdriver bits,2026-01-27T07:18:54Z,True,3
SKILL_001_20260127_165717,l_aguilera,433.67,SKILL_001,11.69,Organize beads per color,2026-01-27T16:57:17Z,False,3
SKILL_001_20260127_123546,n_mora,2057.27,SKILL_001,404.75,Organize beads per color,2026-01-27T12:35:46Z,True,3
SKILL_001_20260127_122926,l_aguilera,785.53,SKILL_001,169.82,Organize beads per color,2026-01-27T12:29:26Z,True,3
SKILL_001_20260127_122754,n_mora,1756.54,SKILL_001,366.06,Organize beads per color,2026-01-27T12:27:54Z,True,3
SKILL_010_20260127_081716,l_aguilera,1264.27,SKILL_010,260.69,Package earphones,2026-01-27T08:17:16Z,True,3
SKILL_009_20260127_132542,l_aguilera,764.74,SKILL_009,146.29,Package Cotton set,2026-01-27T13:25:42Z,True,3
SKILL_010_20260127_081145,l_aguilera,1304.02,SKILL_010,266.0,Package earphones,2026-01-27T08:11:45Z,True,3
SKILL_007_20260127_083743,l_aguilera,2496.36,SKILL_007,446.21,Separate tongue depressors by color,2026-01-27T08:37:43Z,True,3
SKILL_007_20260127_084509,l_aguilera,0.89,SKILL_007,0.78,Separate tongue depressors by color,2026-01-27T08:45:09Z,False,3
SKILL_007_20260127_084625,l_aguilera,1284.39,SKILL_007,237.5,Separate tongue depressors by color,2026-01-27T08:46:25Z,True,3
SKILL_009_20260127_074252,n_mora,2052.68,SKILL_009,437.22,Package Cotton set,2026-01-27T07:42:52Z,True,3
SKILL_009_20260127_075130,l_aguilera,2448.67,SKILL_009,512.58,Package Cotton set,2026-01-27T07:51:30Z,True,3
SKILL_006_20260127_125718,l_aguilera,2443.57,SKILL_006,511.13,Separate tongue depressors by size,2026-01-27T12:57:18Z,True,3
SKILL_006_20260127_130652,l_aguilera,2234.25,SKILL_006,454.23,Separate tongue depressors by size,2026-01-27T13:06:52Z,True,3
SKILL_006_20260127_131522,l_aguilera,150.68,SKILL_006,31.5,Separate tongue depressors by size,2026-01-27T13:15:22Z,False,3
SKILL_007_20260127_082218,n_mora,2050.98,SKILL_007,413.94,Separate tongue depressors by color,2026-01-27T08:22:18Z,True,3
SKILL_007_20260127_082912,n_mora,13.3,SKILL_007,2.42,Separate tongue depressors by color,2026-01-27T08:29:12Z,False,3
SKILL_007_20260127_083013,n_mora,1756.04,SKILL_007,352.9,Separate tongue depressors by color,2026-01-27T08:30:13Z,True,3
SKILL_005_20260127_123257,l_aguilera,717.54,SKILL_005,157.23,Insert allen keys in package,2026-01-27T12:32:57Z,True,3
SKILL_005_20260127_123853,l_aguilera,830.34,SKILL_005,178.97,Insert allen keys in package,2026-01-27T12:38:53Z,True,3
SKILL_005_20260127_124658,n_mora,19.16,SKILL_005,3.73,Insert allen keys in package,2026-01-27T12:46:58Z,False,3
SKILL_005_20260127_124718,n_mora,630.22,SKILL_005,151.31,Insert allen keys in package,2026-01-27T12:47:18Z,True,3
SKILL_005_20260127_125009,n_mora,619.99,SKILL_005,148.51,Insert allen keys in package,2026-01-27T12:50:09Z,True,3
SKILL_005_20260127_125630,n_mora,572.58,SKILL_005,137.16,Insert allen keys in package,2026-01-27T12:56:30Z,True,3
SKILL_012_20260127_133313,c_becerra,805.43,SKILL_012,182.54,Put pasta in jars,2026-01-27T13:33:13Z,True,3
SKILL_012_20260127_132929,c_becerra,759.49,SKILL_012,173.29,Put pasta in jars,2026-01-27T13:29:29Z,True,3
SKILL_012_20260127_085832,l_aguilera,484.77,SKILL_012,98.03,Put pasta in jars,2026-01-27T08:58:32Z,True,3
SKILL_012_20260127_085539,l_aguilera,694.77,SKILL_012,137.55,Put pasta in jars,2026-01-27T08:55:39Z,True,3
SKILL_012_20260127_085226,l_aguilera,773.41,SKILL_012,154.61,Put pasta in jars,2026-01-27T08:52:26Z,True,3
SKILL_012_20260127_084412,n_mora,729.19,SKILL_012,154.98,Put pasta in jars,2026-01-27T08:44:12Z,True,3
SKILL_010_20260127_133701,l_aguilera,954.29,SKILL_010,204.13,Package earphones,2026-01-27T13:37:01Z,True,3
SKILL_012_20260127_084029,n_mora,726.26,SKILL_012,150.19,Put pasta in jars,2026-01-27T08:40:29Z,True,3
SKILL_012_20260127_084720,n_mora,557.53,SKILL_012,119.4,Put pasta in jars,2026-01-27T08:47:20Z,True,3
SKILL_010_20260127_130029,n_mora,421.3,SKILL_010,100.87,Package earphones,2026-01-27T13:00:29Z,True,3
SKILL_010_20260127_131055,c_becerra,1247.22,SKILL_010,267.79,Package earphones,2026-01-27T13:10:55Z,True,3
SKILL_010_20260127_133054,l_aguilera,1407.31,SKILL_010,299.29,Package earphones,2026-01-27T13:30:54Z,True,3
SKILL_012_20260127_083740,n_mora,654.23,SKILL_012,136.88,Put pasta in jars,2026-01-27T08:37:40Z,True,3
SKILL_013_20260127_134654,c_becerra,293.16,SKILL_013,61.89,Set up a hand lamp,2026-01-27T13:46:54Z,False,3
SKILL_013_20260127_134224,c_becerra,1109.67,SKILL_013,238.7,Set up a hand lamp,2026-01-27T13:42:24Z,True,3
SKILL_013_20260127_074943,l_aguilera,8.49,SKILL_013,2.34,Set up a hand lamp,2026-01-27T07:49:43Z,False,3
SKILL_013_20260127_074620,l_aguilera,949.82,SKILL_013,202.75,Set up a hand lamp,2026-01-27T07:46:20Z,True,3
SKILL_013_20260127_074211,l_aguilera,997.53,SKILL_013,213.78,Set up a hand lamp,2026-01-27T07:42:11Z,True,3
SKILL_013_20260127_073529,n_mora,888.01,SKILL_013,194.8,Set up a hand lamp,2026-01-27T07:35:29Z,True,3
SKILL_010_20260127_132315,c_becerra,1246.36,SKILL_010,266.06,Package earphones,2026-01-27T13:23:15Z,True,3
SKILL_013_20260127_135108,l_aguilera,835.25,SKILL_013,176.78,Set up a hand lamp,2026-01-27T13:51:08Z,True,3
SKILL_013_20260127_135722,l_aguilera,913.35,SKILL_013,193.31,Set up a hand lamp,2026-01-27T13:57:22Z,True,3
SKILL_014_20260127_085203,n_mora,1854.36,SKILL_014,406.76,Fasten nuts onto bolts,2026-01-27T08:52:03Z,True,3
SKILL_014_20260127_090154,l_aguilera,2519.15,SKILL_014,545.33,Fasten nuts onto bolts,2026-01-27T09:01:54Z,True,3
SKILL_014_20260127_141002,d_vargas,1030.55,SKILL_014,227.42,Fasten nuts onto bolts,2026-01-27T14:10:02Z,True,3
SKILL_014_20260127_141522,d_vargas,1310.09,SKILL_014,283.38,Fasten nuts onto bolts,2026-01-27T14:15:22Z,True,3
SKILL_015_20260127_093159,l_aguilera,1195.87,SKILL_015,250.92,Thread a needle,2026-01-27T09:31:59Z,True,3
SKILL_015_20260127_090128,n_mora,1755.14,SKILL_015,366.09,Thread a needle,2026-01-27T09:01:28Z,True,3
SKILL_015_20260127_093706,l_aguilera,927.43,SKILL_015,200.88,Thread a needle,2026-01-27T09:37:06Z,True,3
SKILL_012_20260127_133713,c_becerra,801.31,SKILL_012,181.39,Put pasta in jars,2026-01-27T13:37:13Z,True,3
SKILL_015_20260127_091934,l_aguilera,176.77,SKILL_015,38.55,Thread a needle,2026-01-27T09:19:34Z,False,3
SKILL_012_20260127_134155,l_aguilera,687.41,SKILL_012,143.38,Put pasta in jars,2026-01-27T13:41:55Z,True,3
SKILL_015_20260127_092619,l_aguilera,1168.63,SKILL_015,243.32,Thread a needle,2026-01-27T09:26:19Z,True,3
SKILL_015_20260127_091456,l_aguilera,1000.63,SKILL_015,210.24,Thread a needle,2026-01-27T09:14:56Z,True,3
SKILL_012_20260127_134454,l_aguilera,558.6,SKILL_012,115.52,Put pasta in jars,2026-01-27T13:44:54Z,True,3
SKILL_012_20260127_134731,l_aguilera,622.24,SKILL_012,126.25,Put pasta in jars,2026-01-27T13:47:31Z,True,3
SKILL_015_20260127_091407,l_aguilera,116.78,SKILL_015,25.5,Thread a needle,2026-01-27T09:14:07Z,False,3
SKILL_013_20260127_072839,n_mora,1142.1,SKILL_013,253.87,Set up a hand lamp,2026-01-27T07:28:39Z,True,3
SKILL_013_20260127_073330,n_mora,351.66,SKILL_013,76.86,Set up a hand lamp,2026-01-27T07:33:30Z,False,3
SKILL_016_20260127_145240,d_vargas,226.03,SKILL_016,49.07,Package a sewing set,2026-01-27T14:52:40Z,False,3
SKILL_016_20260127_145131,d_vargas,246.02,SKILL_016,51.36,Package a sewing set,2026-01-27T14:51:31Z,False,3
SKILL_016_20260127_144533,d_vargas,514.91,SKILL_016,106.48,Package a sewing set,2026-01-27T14:45:33Z,True,3
SKILL_016_20260127_144855,d_vargas,518.89,SKILL_016,107.1,Package a sewing set,2026-01-27T14:48:55Z,True,3
SKILL_016_20260127_144218,d_vargas,663.85,SKILL_016,138.3,Package a sewing set,2026-01-27T14:42:18Z,True,3
SKILL_016_20260127_143924,d_vargas,501.03,SKILL_016,105.44,Package a sewing set,2026-01-27T14:39:24Z,True,3
SKILL_016_20260127_143600,d_vargas,414.08,SKILL_016,89.31,Package a sewing set,2026-01-27T14:36:00Z,False,3
SKILL_016_20260127_143525,e_martinez,433.4,SKILL_016,96.22,Package a sewing set,2026-01-27T14:35:25Z,True,3
SKILL_016_20260127_143352,e_martinez,610.4,SKILL_016,90.82,Package a sewing set,2026-01-27T14:33:52Z,False,3
SKILL_016_20260127_143100,d_vargas,503.09,SKILL_016,105.34,Package a sewing set,2026-01-27T14:31:00Z,True,3
SKILL_016_20260127_142822,e_martinez,528.16,SKILL_016,112.64,Package a sewing set,2026-01-27T14:28:22Z,True,3
SKILL_016_20260127_142615,d_vargas,921.56,SKILL_016,200.17,Package a sewing set,2026-01-27T14:26:15Z,True,3
SKILL_016_20260127_091844,n_mora,483.8,SKILL_016,104.54,Package a sewing set,2026-01-27T09:18:44Z,True,3
SKILL_016_20260127_091519,n_mora,559.67,SKILL_016,118.47,Package a sewing set,2026-01-27T09:15:19Z,True,3
SKILL_015_20260127_142159,e_martinez,814.95,SKILL_015,176.52,Thread a needle,2026-01-27T14:21:59Z,True,3
SKILL_015_20260127_141455,e_martinez,986.1,SKILL_015,208.64,Thread a needle,2026-01-27T14:14:55Z,True,3
SKILL_020_20260127_101443,c_becerra,452.88,SKILL_020,101.18,Open locks with their keys,2026-01-27T10:14:43Z,True,3
SKILL_019_20260127_101624,d_vargas,1002.23,SKILL_019,202.87,Put pasta in plastic containers,2026-01-27T10:16:24Z,True,3
SKILL_019_20260127_100733,c_becerra,987.45,SKILL_019,212.77,Put pasta in plastic containers,2026-01-27T10:07:33Z,True,3
SKILL_019_20260127_100242,c_becerra,1093.03,SKILL_019,233.25,Put pasta in plastic containers,2026-01-27T10:02:42Z,True,3
SKILL_018_20260127_145207,e_martinez,1158.71,SKILL_018,256.18,Close bags with twist ties,2026-01-27T14:52:07Z,True,3
SKILL_018_20260127_101406,d_vargas,477.13,SKILL_018,98.98,Close bags with twist ties,2026-01-27T10:14:06Z,True,3
SKILL_018_20260127_100415,d_vargas,1100.14,SKILL_018,240.72,Close bags with twist ties,2026-01-27T10:04:15Z,True,3
SKILL_018_20260127_100007,d_vargas,817.06,SKILL_018,179.16,Close bags with twist ties,2026-01-27T10:00:07Z,True,3
SKILL_018_20260127_095152,c_becerra,491.24,SKILL_018,103.26,Close bags with twist ties,2026-01-27T09:51:52Z,True,3
SKILL_018_20260127_094714,c_becerra,245.63,SKILL_018,39.3,Close bags with twist ties,2026-01-27T09:47:14Z,False,3
SKILL_017_20260127_145620,d_vargas,256.2,SKILL_017,55.0,Put pasta in ziploc bags,2026-01-27T14:56:20Z,False,3
SKILL_017_20260127_145526,d_vargas,330.39,SKILL_017,51.77,Put pasta in ziploc bags,2026-01-27T14:55:26Z,False,3
SKILL_017_20260127_143928,e_martinez,1843.38,SKILL_017,366.63,Put pasta in ziploc bags,2026-01-27T14:39:28Z,True,3
SKILL_017_20260127_095311,d_vargas,1039.36,SKILL_017,225.45,Put pasta in ziploc bags,2026-01-27T09:53:11Z,True,3
SKILL_017_20260127_094504,d_vargas,2049.95,SKILL_017,428.14,Put pasta in ziploc bags,2026-01-27T09:45:04Z,True,3
SKILL_017_20260127_094411,d_vargas,2.37,SKILL_017,1.22,Put pasta in ziploc bags,2026-01-27T09:44:11Z,False,3
SKILL_017_20260127_094042,c_becerra,203.74,SKILL_017,41.9,Put pasta in ziploc bags,2026-01-27T09:40:42Z,False,3
SKILL_017_20260127_093500,c_becerra,579.05,SKILL_017,104.75,Put pasta in ziploc bags,2026-01-27T09:35:00Z,True,3
SKILL_017_20260127_092716,c_becerra,1919.49,SKILL_017,364.75,Put pasta in ziploc bags,2026-01-27T09:27:16Z,True,3
SKILL_022_20260127_110615,n_mora,320.83,SKILL_022,70.3,Build Up Box (Regular ECT),2026-01-27T11:06:15Z,False,3
SKILL_022_20260127_110220,d_vargas,113.87,SKILL_022,28.55,Build Up Box (Regular ECT),2026-01-27T11:02:20Z,False,3
SKILL_022_20260127_105845,d_vargas,347.99,SKILL_022,78.88,Build Up Box (Regular ECT),2026-01-27T10:58:45Z,False,3
SKILL_022_20260127_105623,d_vargas,289.99,SKILL_022,67.04,Build Up Box (Regular ECT),2026-01-27T10:56:23Z,False,3
SKILL_022_20260127_105403,d_vargas,256.26,SKILL_022,58.73,Build Up Box (Regular ECT),2026-01-27T10:54:03Z,False,3
SKILL_022_20260127_105148,d_vargas,292.84,SKILL_022,64.86,Build Up Box (Regular ECT),2026-01-27T10:51:48Z,False,3
SKILL_022_20260127_104918,c_becerra,317.14,SKILL_022,71.43,Build Up Box (Regular ECT),2026-01-27T10:49:18Z,False,3
SKILL_022_20260127_104727,c_becerra,354.51,SKILL_022,76.22,Build Up Box (Regular ECT),2026-01-27T10:47:27Z,False,3
SKILL_022_20260127_104537,c_becerra,285.57,SKILL_022,62.9,Build Up Box (Regular ECT),2026-01-27T10:45:37Z,False,3
SKILL_021_20260127_104631,d_vargas,921.82,SKILL_021,207.66,Build Up Box (Mailer),2026-01-27T10:46:31Z,True,3
SKILL_021_20260127_104018,d_vargas,1140.02,SKILL_021,254.14,Build Up Box (Mailer),2026-01-27T10:40:18Z,True,3
SKILL_021_20260127_103111,c_becerra,1429.98,SKILL_021,321.35,Build Up Box (Mailer),2026-01-27T10:31:11Z,True,3
SKILL_021_20260127_102600,c_becerra,1251.42,SKILL_021,270.18,Build Up Box (Mailer),2026-01-27T10:26:00Z,True,3
SKILL_020_20260127_104005,d_vargas,15.7,SKILL_020,4.23,Open locks with their keys,2026-01-27T10:40:05Z,False,3
SKILL_020_20260127_103347,d_vargas,231.78,SKILL_020,51.23,Open locks with their keys,2026-01-27T10:33:47Z,False,3
SKILL_020_20260127_103319,d_vargas,63.58,SKILL_020,14.22,Open locks with their keys,2026-01-27T10:33:19Z,False,3
SKILL_020_20260127_102938,d_vargas,709.22,SKILL_020,155.86,Open locks with their keys,2026-01-27T10:29:38Z,True,3
SKILL_020_20260127_101724,c_becerra,599.12,SKILL_020,133.94,Open locks with their keys,2026-01-27T10:17:24Z,True,3
SKILL_020_20260127_102552,d_vargas,676.9,SKILL_020,146.29,Open locks with their keys,2026-01-27T10:25:52Z,True,3
SKILL_022_20260127_111240,n_mora,303.62,SKILL_022,70.29,Build Up Box (Regular ECT),2026-01-27T11:12:40Z,False,3
SKILL_009_20260127_083040,e_martinez,1060.2,SKILL_009,244.01,Package Cotton set,2026-01-27T08:30:40Z,True,4
SKILL_009_20260127_082243,e_martinez,1956.24,SKILL_009,448.15,Package Cotton set,2026-01-27T08:22:43Z,True,4
SKILL_009_20260127_081407,d_vargas,775.26,SKILL_009,173.38,Package Cotton set,2026-01-27T08:14:07Z,True,4
SKILL_007_20260127_090004,e_martinez,547.82,SKILL_007,115.03,Separate tongue depressors by color,2026-01-27T09:00:04Z,True,4
SKILL_007_20260127_085303,e_martinez,1686.34,SKILL_007,342.27,Separate tongue depressors by color,2026-01-27T08:53:03Z,True,4
SKILL_006_20260127_074640,d_vargas,762.79,SKILL_006,170.88,Separate tongue depressors by size,2026-01-27T07:46:40Z,True,4
SKILL_006_20260127_074213,d_vargas,1016.47,SKILL_006,231.61,Separate tongue depressors by size,2026-01-27T07:42:13Z,True,4
SKILL_004_20260127_084342,e_martinez,424.45,SKILL_004,81.75,Set Screwdriver package,2026-01-27T08:43:42Z,False,4
SKILL_004_20260127_083723,e_martinez,1025.97,SKILL_004,197.09,Set Screwdriver package,2026-01-27T08:37:23Z,True,4
SKILL_003_20260127_073818,d_vargas,480.45,SKILL_003,114.62,Organize screwdriver bits,2026-01-27T07:38:18Z,True,4
SKILL_001_20260127_073005,d_vargas,317.38,SKILL_001,73.03,Organize beads per color,2026-01-27T07:30:05Z,False,4
SKILL_001_20260127_071706,d_vargas,3316.31,SKILL_001,677.77,Organize beads per color,2026-01-27T07:17:06Z,True,4
SKILL_003_20260127_073148,d_vargas,1331.49,SKILL_003,307.33,Organize screwdriver bits,2026-01-27T07:31:48Z,True,4
SKILL_024_20260127_111312,c_becerra,460.99,SKILL_024,102.59,Put hooks on shower courtain,2026-01-27T11:13:12Z,True,3
SKILL_024_20260127_111629,c_becerra,779.31,SKILL_024,171.77,Put hooks on shower courtain,2026-01-27T11:16:29Z,True,3
SKILL_023_20260127_110250,n_mora,396.16,SKILL_023,84.33,Built up box (Present),2026-01-27T11:02:50Z,False,3
SKILL_023_20260127_105149,c_becerra,546.65,SKILL_023,119.79,Built up box (Present),2026-01-27T10:51:49Z,True,3
SKILL_023_20260127_103959,c_becerra,263.67,SKILL_023,58.75,Built up box (Present),2026-01-27T10:39:59Z,False,3
SKILL_022_20260127_111430,n_mora,250.68,SKILL_022,57.7,Build Up Box (Regular ECT),2026-01-27T11:14:30Z,False,3
SKILL_003_20260127_073742,c_becerra,1172.85,SKILL_003,242.15,Organize screwdriver bits,2026-01-27T07:37:42Z,True,5
SKILL_003_20260127_073148,c_becerra,900.64,SKILL_003,197.67,Organize screwdriver bits,2026-01-27T07:31:48Z,True,5
SKILL_021_20260127_110253,e_martinez,683.78,SKILL_021,152.45,Build Up Box (Mailer),2026-01-27T11:02:53Z,True,4
SKILL_021_20260127_110208,e_martinez,133.14,SKILL_021,28.76,Build Up Box (Mailer),2026-01-27T11:02:08Z,False,4
SKILL_020_20260127_105823,e_martinez,719.28,SKILL_020,145.99,Open locks with their keys,2026-01-27T10:58:23Z,True,4
SKILL_020_20260127_105457,e_martinez,727.43,SKILL_020,153.79,Open locks with their keys,2026-01-27T10:54:57Z,True,4
SKILL_019_20260127_104147,e_martinez,930.84,SKILL_019,206.82,Put pasta in plastic containers,2026-01-27T10:41:47Z,True,4
SKILL_018_20260127_103430,e_martinez,445.65,SKILL_018,90.73,Close bags with twist ties,2026-01-27T10:34:30Z,False,4
SKILL_018_20260127_102555,e_martinez,1362.06,SKILL_018,294.7,Close bags with twist ties,2026-01-27T10:25:55Z,True,4
SKILL_018_20260127_100737,e_martinez,1848.94,SKILL_018,401.21,Close bags with twist ties,2026-01-27T10:07:37Z,True,4
SKILL_018_20260127_101558,e_martinez,1562.16,SKILL_018,331.65,Close bags with twist ties,2026-01-27T10:15:58Z,True,4
SKILL_015_20260127_094456,e_martinez,1076.2,SKILL_015,229.54,Thread a needle,2026-01-27T09:44:56Z,True,4
SKILL_014_20260127_092912,e_martinez,2270.41,SKILL_014,481.0,Fasten nuts onto bolts,2026-01-27T09:29:12Z,True,4
SKILL_014_20260127_091505,e_martinez,2784.23,SKILL_014,592.29,Fasten nuts onto bolts,2026-01-27T09:15:05Z,True,4
SKILL_013_20260127_075637,d_vargas,185.23,SKILL_013,43.48,Set up a hand lamp,2026-01-27T07:56:37Z,False,4
SKILL_013_20260127_075123,d_vargas,651.91,SKILL_013,142.18,Set up a hand lamp,2026-01-27T07:51:23Z,True,4
SKILL_012_20260127_090931,e_martinez,764.44,SKILL_012,167.76,Put pasta in jars,2026-01-27T09:09:31Z,True,4
SKILL_012_20260127_090555,e_martinez,738.93,SKILL_012,159.97,Put pasta in jars,2026-01-27T09:05:55Z,True,4
SKILL_012_20260127_090243,e_martinez,605.08,SKILL_012,132.29,Put pasta in jars,2026-01-27T09:02:43Z,True,4
SKILL_013_20260127_084154,d_vargas,485.72,SKILL_013,111.81,Set up a hand lamp,2026-01-27T08:41:54Z,True,5
SKILL_013_20260127_083920,d_vargas,608.9,SKILL_013,123.58,Set up a hand lamp,2026-01-27T08:39:20Z,True,5
SKILL_013_20260127_071932,c_becerra,1167.68,SKILL_013,259.39,Set up a hand lamp,2026-01-27T07:19:32Z,True,5
SKILL_013_20260127_071501,c_becerra,931.03,SKILL_013,210.96,Set up a hand lamp,2026-01-27T07:15:01Z,True,5
SKILL_010_20260127_134339,d_vargas,1379.31,SKILL_010,297.2,Package earphones,2026-01-27T13:43:39Z,True,5
SKILL_010_20260127_133642,d_vargas,1418.91,SKILL_010,308.68,Package earphones,2026-01-27T13:36:42Z,True,5
SKILL_009_20260127_143901,c_becerra,1202.15,SKILL_009,317.77,Package Cotton set,2026-01-27T14:39:01Z,True,5
SKILL_009_20260127_141215,c_becerra,1017.45,SKILL_009,258.23,Package Cotton set,2026-01-27T14:12:15Z,True,5
SKILL_009_20260127_135816,d_vargas,143.84,SKILL_009,69.76,Package Cotton set,2026-01-27T13:58:16Z,False,5
SKILL_009_20260127_135142,d_vargas,1005.33,SKILL_009,236.96,Package Cotton set,2026-01-27T13:51:42Z,True,5
SKILL_003_20260127_145202,c_becerra,875.59,SKILL_003,211.51,Organize screwdriver bits,2026-01-27T14:52:02Z,True,5
SKILL_003_20260127_144550,c_becerra,915.75,SKILL_003,239.12,Organize screwdriver bits,2026-01-27T14:45:50Z,True,5
SKILL_003_20260127_122842,c_becerra,826.14,SKILL_003,204.32,Organize screwdriver bits,2026-01-27T12:28:42Z,True,5
SKILL_003_20260127_122235,c_becerra,1047.58,SKILL_003,255.77,Organize screwdriver bits,2026-01-27T12:22:35Z,True,5
SKILL_003_20260127_100546,n_mora,1174.98,SKILL_003,243.79,Organize screwdriver bits,2026-01-27T10:05:46Z,True,5
SKILL_003_20260127_095955,n_mora,1205.14,SKILL_003,261.48,Organize screwdriver bits,2026-01-27T09:59:55Z,True,5
SKILL_003_20260127_095313,n_mora,1679.64,SKILL_003,326.85,Organize screwdriver bits,2026-01-27T09:53:13Z,True,5
SKILL_003_20260127_083104,d_vargas,1246.83,SKILL_003,293.96,Organize screwdriver bits,2026-01-27T08:31:04Z,True,5
SKILL_003_20260127_082445,d_vargas,1206.9,SKILL_003,286.41,Organize screwdriver bits,2026-01-27T08:24:45Z,True,5
SKILL_013_20260127_084538,d_vargas,372.04,SKILL_013,93.05,Set up a hand lamp,2026-01-27T08:45:38Z,True,5
SKILL_014_20260127_080922,c_becerra,634.38,SKILL_014,124.08,Fasten nuts onto bolts,2026-01-27T08:09:22Z,True,5
SKILL_014_20260127_080610,c_becerra,705.32,SKILL_014,133.22,Fasten nuts onto bolts,2026-01-27T08:06:10Z,True,5
SKILL_014_20260127_075450,c_becerra,2397.07,SKILL_014,472.98,Fasten nuts onto bolts,2026-01-27T07:54:50Z,True,5
SKILL_014_20260127_072548,c_becerra,1117.46,SKILL_014,241.31,Fasten nuts onto bolts,2026-01-27T07:25:48Z,True,5
SKILL_013_20260127_133229,d_vargas,499.37,SKILL_013,113.38,Set up a hand lamp,2026-01-27T13:32:29Z,True,5
SKILL_013_20260127_133101,d_vargas,177.46,SKILL_013,45.26,Set up a hand lamp,2026-01-27T13:31:01Z,False,5
SKILL_013_20260127_132856,d_vargas,437.64,SKILL_013,105.48,Set up a hand lamp,2026-01-27T13:28:56Z,True,5
SKILL_013_20260127_132726,d_vargas,220.68,SKILL_013,53.05,Set up a hand lamp,2026-01-27T13:27:26Z,False,5
SKILL_013_20260127_132701,d_vargas,23.54,SKILL_013,6.57,Set up a hand lamp,2026-01-27T13:27:01Z,False,5
SKILL_013_20260127_121807,c_becerra,646.3,SKILL_013,154.27,Set up a hand lamp,2026-01-27T12:18:07Z,True,5
SKILL_013_20260127_121133,c_becerra,1138.83,SKILL_013,266.94,Set up a hand lamp,2026-01-27T12:11:33Z,True,5
SKILL_013_20260127_103252,l_aguilera,738.27,SKILL_013,185.84,Set up a hand lamp,2026-01-27T10:32:52Z,True,5
SKILL_013_20260127_102915,l_aguilera,683.71,SKILL_013,169.74,Set up a hand lamp,2026-01-27T10:29:15Z,True,5
SKILL_013_20260127_102509,l_aguilera,763.62,SKILL_013,193.87,Set up a hand lamp,2026-01-27T10:25:09Z,True,5
SKILL_013_20260127_101810,n_mora,305.16,SKILL_013,74.9,Set up a hand lamp,2026-01-27T10:18:10Z,False,5
SKILL_013_20260127_094812,n_mora,855.67,SKILL_013,182.27,Set up a hand lamp,2026-01-27T09:48:12Z,True,5
SKILL_013_20260127_094456,n_mora,481.33,SKILL_013,112.8,Set up a hand lamp,2026-01-27T09:44:56Z,True,5
SKILL_013_20260127_084853,d_vargas,265.32,SKILL_013,64.06,Set up a hand lamp,2026-01-27T08:48:53Z,False,5
SKILL_013_20260127_084729,d_vargas,291.47,SKILL_013,64.49,Set up a hand lamp,2026-01-27T08:47:29Z,False,5
SKILL_016_20260127_090107,d_vargas,388.85,SKILL_016,84.19,Package a sewing set,2026-01-27T09:01:07Z,False,5
SKILL_016_20260127_075231,c_becerra,305.16,SKILL_016,60.86,Package a sewing set,2026-01-27T07:52:31Z,False,5
SKILL_016_20260127_075039,c_becerra,261.27,SKILL_016,58.18,Package a sewing set,2026-01-27T07:50:39Z,False,5
SKILL_016_20260127_074848,c_becerra,309.04,SKILL_016,65.04,Package a sewing set,2026-01-27T07:48:48Z,False,5
SKILL_016_20260127_074636,c_becerra,415.45,SKILL_016,86.5,Package a sewing set,2026-01-27T07:46:36Z,False,5
SKILL_016_20260127_074358,c_becerra,355.53,SKILL_016,99.72,Package a sewing set,2026-01-27T07:43:58Z,True,5
SKILL_014_20260127_131552,d_vargas,1907.01,SKILL_014,411.31,Fasten nuts onto bolts,2026-01-27T13:15:52Z,True,5
SKILL_014_20260127_130144,c_becerra,367.26,SKILL_014,172.45,Fasten nuts onto bolts,2026-01-27T13:01:44Z,True,5
SKILL_014_20260127_125347,c_becerra,839.54,SKILL_014,369.52,Fasten nuts onto bolts,2026-01-27T12:53:47Z,True,5
SKILL_014_20260127_124429,c_becerra,1630.03,SKILL_014,357.54,Fasten nuts onto bolts,2026-01-27T12:44:29Z,True,5
SKILL_014_20260127_111419,l_aguilera,1180.15,SKILL_014,312.38,Fasten nuts onto bolts,2026-01-27T11:14:19Z,True,5
SKILL_014_20260127_110648,l_aguilera,1260.37,SKILL_014,345.17,Fasten nuts onto bolts,2026-01-27T11:06:48Z,True,5
SKILL_014_20260127_110128,l_aguilera,586.0,SKILL_014,154.09,Fasten nuts onto bolts,2026-01-27T11:01:28Z,True,5
SKILL_014_20260127_103744,l_aguilera,637.03,SKILL_014,166.19,Fasten nuts onto bolts,2026-01-27T10:37:44Z,True,5
SKILL_014_20260127_101052,n_mora,1138.56,SKILL_014,266.84,Fasten nuts onto bolts,2026-01-27T10:10:52Z,True,5
SKILL_014_20260127_092832,n_mora,973.43,SKILL_014,207.91,Fasten nuts onto bolts,2026-01-27T09:28:32Z,True,5
SKILL_014_20260127_085119,d_vargas,1879.69,SKILL_014,407.67,Fasten nuts onto bolts,2026-01-27T08:51:19Z,True,5
SKILL_014_20260127_081231,c_becerra,732.68,SKILL_014,143.54,Fasten nuts onto bolts,2026-01-27T08:12:31Z,True,5
SKILL_003_20260128_102008,e_martinez,1555.18,SKILL_003,317.83,Organize screwdriver bits,2026-01-28T10:20:08Z,True,2
SKILL_003_20260128_101315,e_martinez,1653.3,SKILL_003,336.13,Organize screwdriver bits,2026-01-28T10:13:15Z,True,2
SKILL_001_20260128_083741,d_vargas,2381.73,SKILL_001,493.16,Organize beads per color,2026-01-28T08:37:41Z,True,2
SKILL_001_20260128_080313,l_aguilera,2565.27,SKILL_001,520.19,Organize beads per color,2026-01-28T08:03:13Z,True,2
SKILL_001_20260128_075024,l_aguilera,2507.98,SKILL_001,514.68,Organize beads per color,2026-01-28T07:50:24Z,True,2
SKILL_016_20260127_131309,d_vargas,479.58,SKILL_016,99.78,Package a sewing set,2026-01-27T13:13:09Z,True,5
SKILL_016_20260127_131111,d_vargas,273.24,SKILL_016,58.92,Package a sewing set,2026-01-27T13:11:11Z,False,5
SKILL_016_20260127_130922,d_vargas,308.14,SKILL_016,66.66,Package a sewing set,2026-01-27T13:09:22Z,False,5
SKILL_016_20260127_124013,c_becerra,383.04,SKILL_016,89.13,Package a sewing set,2026-01-27T12:40:13Z,False,5
SKILL_016_20260127_123745,c_becerra,540.88,SKILL_016,115.25,Package a sewing set,2026-01-27T12:37:45Z,True,5
SKILL_016_20260127_123622,c_becerra,263.8,SKILL_016,58.0,Package a sewing set,2026-01-27T12:36:22Z,False,5
SKILL_016_20260127_101642,n_mora,170.0,SKILL_016,43.83,Package a sewing set,2026-01-27T10:16:42Z,False,5
SKILL_016_20260127_092632,n_mora,290.03,SKILL_016,64.36,Package a sewing set,2026-01-27T09:26:32Z,False,5
SKILL_016_20260127_092505,n_mora,191.17,SKILL_016,42.69,Package a sewing set,2026-01-27T09:25:05Z,False,5
SKILL_016_20260127_091037,d_vargas,2030.19,SKILL_016,428.72,Package a sewing set,2026-01-27T09:10:37Z,True,5
SKILL_016_20260127_090821,d_vargas,389.31,SKILL_016,83.62,Package a sewing set,2026-01-27T09:08:21Z,False,5
SKILL_016_20260127_090538,d_vargas,596.98,SKILL_016,124.41,Package a sewing set,2026-01-27T09:05:38Z,True,5
SKILL_016_20260127_090401,d_vargas,401.11,SKILL_016,79.78,Package a sewing set,2026-01-27T09:04:01Z,False,5
SKILL_016_20260127_090250,d_vargas,249.95,SKILL_016,52.82,Package a sewing set,2026-01-27T09:02:50Z,False,5
SKILL_003_20260128_111301,d_vargas,1983.37,SKILL_003,423.38,Organize screwdriver bits,2026-01-28T11:13:01Z,True,2
SKILL_003_20260128_122347,l_aguilera,941.0,SKILL_003,204.77,Organize screwdriver bits,2026-01-28T12:23:47Z,True,2
SKILL_009_20260128_100029,e_martinez,63.03,SKILL_009,9.45,Package Cotton set,2026-01-28T10:00:29Z,False,2
SKILL_009_20260128_095310,e_martinez,959.92,SKILL_009,216.93,Package Cotton set,2026-01-28T09:53:10Z,True,2
SKILL_009_20260128_091658,d_vargas,837.4,SKILL_009,182.84,Package Cotton set,2026-01-28T09:16:58Z,True,2
SKILL_009_20260128_091009,d_vargas,788.66,SKILL_009,175.56,Package Cotton set,2026-01-28T09:10:09Z,True,2
SKILL_005_20260128_143429,l_aguilera,876.75,SKILL_005,183.04,Insert allen keys in package,2026-01-28T14:34:29Z,True,2
SKILL_005_20260128_143000,l_aguilera,946.98,SKILL_005,205.3,Insert allen keys in package,2026-01-28T14:30:00Z,True,2
SKILL_005_20260128_142538,l_aguilera,909.92,SKILL_005,188.87,Insert allen keys in package,2026-01-28T14:25:38Z,True,2
SKILL_005_20260128_121904,l_aguilera,826.77,SKILL_005,179.61,Insert allen keys in package,2026-01-28T12:19:04Z,True,2
SKILL_005_20260128_121442,l_aguilera,940.7,SKILL_005,203.63,Insert allen keys in package,2026-01-28T12:14:42Z,True,2
SKILL_005_20260128_112149,d_vargas,831.21,SKILL_005,177.63,Insert allen keys in package,2026-01-28T11:21:49Z,True,2
SKILL_004_20260128_134203,C_BECERRA,955.96,SKILL_004,192.62,Set Screwdriver package,2026-01-28T13:42:03Z,True,2
SKILL_004_20260128_133647,C_BECERRA,1372.59,SKILL_004,272.27,Set Screwdriver package,2026-01-28T13:36:47Z,True,2
SKILL_004_20260128_105740,d_vargas,457.84,SKILL_004,95.47,Set Screwdriver package,2026-01-28T10:57:40Z,True,2
SKILL_004_20260128_105050,d_vargas,905.32,SKILL_004,188.96,Set Screwdriver package,2026-01-28T10:50:50Z,True,2
SKILL_003_20260128_124402,l_aguilera,378.84,SKILL_003,84.86,Organize screwdriver bits,2026-01-28T12:44:02Z,False,2
SKILL_003_20260128_124108,l_aguilera,472.57,SKILL_003,103.89,Organize screwdriver bits,2026-01-28T12:41:08Z,True,2
SKILL_003_20260128_123801,l_aguilera,558.17,SKILL_003,128.53,Organize screwdriver bits,2026-01-28T12:38:01Z,True,2
SKILL_003_20260128_123219,l_aguilera,1041.01,SKILL_003,228.17,Organize screwdriver bits,2026-01-28T12:32:19Z,True,2
SKILL_003_20260128_122803,l_aguilera,865.16,SKILL_003,189.28,Organize screwdriver bits,2026-01-28T12:28:03Z,True,2
SKILL_014_20260128_103023,e_martinez,1742.34,SKILL_014,363.69,Fasten nuts onto bolts,2026-01-28T10:30:23Z,True,2
SKILL_014_20260128_091003,d_vargas,8.15,SKILL_014,1.87,Fasten nuts onto bolts,2026-01-28T09:10:03Z,False,2
SKILL_014_20260128_090548,d_vargas,845.58,SKILL_014,172.75,Fasten nuts onto bolts,2026-01-28T09:05:48Z,True,2
SKILL_014_20260128_085800,d_vargas,1828.32,SKILL_014,369.3,Fasten nuts onto bolts,2026-01-28T08:58:00Z,True,2
SKILL_013_20260128_144524,l_aguilera,815.33,SKILL_013,172.95,Set up a hand lamp,2026-01-28T14:45:24Z,True,2
SKILL_013_20260128_144218,l_aguilera,200.68,SKILL_013,44.51,Set up a hand lamp,2026-01-28T14:42:18Z,False,2
SKILL_013_20260128_100824,e_martinez,771.19,SKILL_013,153.81,Set up a hand lamp,2026-01-28T10:08:24Z,True,2
SKILL_013_20260128_100136,e_martinez,1132.73,SKILL_013,225.16,Set up a hand lamp,2026-01-28T10:01:36Z,True,2
SKILL_013_20260128_074704,l_aguilera,502.95,SKILL_013,106.9,Set up a hand lamp,2026-01-28T07:47:04Z,True,2
SKILL_013_20260128_074108,l_aguilera,1413.78,SKILL_013,289.97,Set up a hand lamp,2026-01-28T07:41:08Z,True,2
SKILL_013_20260128_073515,l_aguilera,1501.06,SKILL_013,299.71,Set up a hand lamp,2026-01-28T07:35:15Z,True,2
SKILL_010_20260128_084839,d_vargas,2292.05,SKILL_010,494.01,Package earphones,2026-01-28T08:48:39Z,True,2
SKILL_009_20260128_142134,l_aguilera,823.75,SKILL_009,171.81,Package Cotton set,2026-01-28T14:21:34Z,True,2
SKILL_009_20260128_141726,l_aguilera,992.25,SKILL_009,209.25,Package Cotton set,2026-01-28T14:17:26Z,True,2
SKILL_009_20260128_135813,C_BECERRA,1207.11,SKILL_009,289.01,Package Cotton set,2026-01-28T13:58:13Z,True,2
SKILL_009_20260128_134708,C_BECERRA,1303.4,SKILL_009,311.89,Package Cotton set,2026-01-28T13:47:08Z,True,2
SKILL_009_20260128_125220,l_aguilera,1005.2,SKILL_009,210.5,Package Cotton set,2026-01-28T12:52:20Z,True,2
SKILL_009_20260128_124807,l_aguilera,1022.96,SKILL_009,216.53,Package Cotton set,2026-01-28T12:48:07Z,True,2
SKILL_003_20260128_143704,c_becerra,872.81,SKILL_003,207.38,Organize screwdriver bits,2026-01-28T14:37:04Z,True,3
SKILL_003_20260128_143305,c_becerra,672.48,SKILL_003,162.41,Organize screwdriver bits,2026-01-28T14:33:05Z,True,3
SKILL_003_20260128_142833,c_becerra,861.22,SKILL_003,196.05,Organize screwdriver bits,2026-01-28T14:28:33Z,True,3
SKILL_003_20260128_072401,d_vargas,5773.15,SKILL_003,164.02,Organize screwdriver bits,2026-01-28T07:24:01Z,True,3
SKILL_003_20260128_072400,d_vargas,4.75,SKILL_003,0.12,Organize screwdriver bits,2026-01-28T07:24:00Z,False,3
SKILL_003_20260128_071910,d_vargas,8356.14,SKILL_003,236.92,Organize screwdriver bits,2026-01-28T07:19:10Z,True,3
SKILL_001_20260128_174542,l_aguilera,314.15,SKILL_001,13.91,Organize beads per color,2026-01-28T17:45:42Z,False,3
SKILL_001_20260128_160813,l_aguilera,244.01,SKILL_001,6.73,Organize beads per color,2026-01-28T16:08:13Z,False,3
SKILL_001_20260128_141327,c_becerra,3459.29,SKILL_001,670.71,Organize beads per color,2026-01-28T14:13:27Z,True,3
SKILL_001_20260128_104520,e_martinez,1945.17,SKILL_001,381.69,Organize beads per color,2026-01-28T10:45:20Z,True,3
SKILL_020_20260128_133110,C_BECERRA,488.73,SKILL_020,103.58,Open locks with their keys,2026-01-28T13:31:10Z,True,2
SKILL_020_20260128_132803,C_BECERRA,536.54,SKILL_020,114.08,Open locks with their keys,2026-01-28T13:28:03Z,True,2
SKILL_020_20260128_132416,C_BECERRA,633.34,SKILL_020,136.66,Open locks with their keys,2026-01-28T13:24:16Z,True,2
SKILL_019_20260128_131917,C_BECERRA,713.26,SKILL_019,156.94,Put pasta in plastic containers,2026-01-28T13:19:17Z,True,2
SKILL_019_20260128_131453,C_BECERRA,904.94,SKILL_019,187.86,Put pasta in plastic containers,2026-01-28T13:14:53Z,True,2
SKILL_019_20260128_125759,l_aguilera,1190.51,SKILL_019,246.17,Put pasta in plastic containers,2026-01-28T12:57:59Z,True,2
SKILL_019_20260128_110546,d_vargas,1016.42,SKILL_019,213.71,Put pasta in plastic containers,2026-01-28T11:05:46Z,True,2
SKILL_019_20260128_110103,d_vargas,1123.25,SKILL_019,240.85,Put pasta in plastic containers,2026-01-28T11:01:03Z,True,2
SKILL_003_20260128_071249,d_vargas,9744.85,SKILL_003,276.76,Organize screwdriver bits,2026-01-28T07:12:50Z,True,3
SKILL_005_20260128_071752,l_aguilera,709.4,SKILL_005,163.58,Insert allen keys in package,2026-01-28T07:17:52Z,True,3
SKILL_005_20260128_071638,l_aguilera,10.99,SKILL_005,6.15,Insert allen keys in package,2026-01-28T07:16:38Z,False,3
SKILL_004_20260128_110048,e_martinez,990.34,SKILL_004,227.13,Set Screwdriver package,2026-01-28T11:00:48Z,True,3
SKILL_004_20260128_074506,d_vargas,838.86,SKILL_004,23.54,Set Screwdriver package,2026-01-28T07:45:07Z,False,3
SKILL_004_20260128_074051,d_vargas,2782.27,SKILL_004,79.27,Set Screwdriver package,2026-01-28T07:40:52Z,False,3
SKILL_004_20260128_073832,d_vargas,313.92,SKILL_004,8.94,Set Screwdriver package,2026-01-28T07:38:32Z,False,3
SKILL_012_20260128_122549,n_mora,708.11,SKILL_012,144.97,Put pasta in jars,2026-01-28T12:25:49Z,True,3
SKILL_012_20260128_122130,n_mora,813.98,SKILL_012,170.87,Put pasta in jars,2026-01-28T12:21:30Z,True,3
SKILL_010_20260128_121543,n_mora,1177.96,SKILL_010,257.2,Package earphones,2026-01-28T12:15:43Z,True,3
SKILL_010_20260128_120836,n_mora,1772.58,SKILL_010,386.15,Package earphones,2026-01-28T12:08:36Z,True,3
SKILL_010_20260128_081828,d_vargas,13824.9,SKILL_010,392.29,Package earphones,2026-01-28T08:18:28Z,True,3
SKILL_009_20260128_112643,e_martinez,763.27,SKILL_009,169.11,Package Cotton set,2026-01-28T11:26:43Z,True,3
SKILL_009_20260128_112228,e_martinez,835.75,SKILL_009,195.84,Package Cotton set,2026-01-28T11:22:28Z,True,3
SKILL_009_20260128_080304,d_vargas,9538.48,SKILL_009,270.57,Package Cotton set,2026-01-28T08:03:04Z,True,3
SKILL_009_20260128_075903,d_vargas,6645.98,SKILL_009,188.3,Package Cotton set,2026-01-28T07:59:03Z,True,3
SKILL_007_20260128_111331,e_martinez,1654.27,SKILL_007,352.35,Separate tongue depressors by color,2026-01-28T11:13:31Z,True,3
SKILL_007_20260128_075043,d_vargas,10091.9,SKILL_007,295.2,Separate tongue depressors by color,2026-01-28T07:50:43Z,True,3
SKILL_005_20260128_144715,c_becerra,410.47,SKILL_005,104.22,Insert allen keys in package,2026-01-28T14:47:15Z,True,3
SKILL_005_20260128_144316,c_becerra,904.93,SKILL_005,218.63,Insert allen keys in package,2026-01-28T14:43:16Z,True,3
SKILL_005_20260128_110923,e_martinez,720.13,SKILL_005,159.95,Insert allen keys in package,2026-01-28T11:09:23Z,True,3
SKILL_005_20260128_110617,e_martinez,628.16,SKILL_005,143.94,Insert allen keys in package,2026-01-28T11:06:18Z,True,3
SKILL_005_20260128_073243,d_vargas,5739.23,SKILL_005,162.54,Insert allen keys in package,2026-01-28T07:32:43Z,True,3
SKILL_005_20260128_072758,d_vargas,6006.96,SKILL_005,170.51,Insert allen keys in package,2026-01-28T07:27:58Z,True,3
SKILL_005_20260128_072432,l_aguilera,591.58,SKILL_005,131.76,Insert allen keys in package,2026-01-28T07:24:32Z,True,3
SKILL_005_20260128_072105,l_aguilera,798.37,SKILL_005,181.79,Insert allen keys in package,2026-01-28T07:21:05Z,True,3
SKILL_015_20260128_125946,n_mora,519.48,SKILL_015,106.39,Thread a needle,2026-01-28T12:59:46Z,True,3
SKILL_015_20260128_125605,n_mora,856.45,SKILL_015,184.49,Thread a needle,2026-01-28T12:56:05Z,True,3
SKILL_015_20260128_125128,n_mora,1132.3,SKILL_015,238.99,Thread a needle,2026-01-28T12:51:28Z,True,3
SKILL_015_20260128_090436,l_aguilera,428.83,SKILL_015,92.67,Thread a needle,2026-01-28T09:04:36Z,True,3
SKILL_015_20260128_090034,l_aguilera,949.62,SKILL_015,204.78,Thread a needle,2026-01-28T09:00:34Z,True,3
SKILL_015_20260128_085659,l_aguilera,812.27,SKILL_015,185.33,Thread a needle,2026-01-28T08:56:59Z,True,3
SKILL_014_20260128_124156,n_mora,1821.71,SKILL_014,400.5,Fasten nuts onto bolts,2026-01-28T12:41:56Z,True,3
SKILL_014_20260128_085633,l_aguilera,12.47,SKILL_014,2.19,Fasten nuts onto bolts,2026-01-28T08:56:33Z,False,3
SKILL_014_20260128_085120,l_aguilera,1163.35,SKILL_014,246.48,Fasten nuts onto bolts,2026-01-28T08:51:20Z,True,3
SKILL_014_20260128_084201,l_aguilera,2213.62,SKILL_014,474.55,Fasten nuts onto bolts,2026-01-28T08:42:01Z,True,3
SKILL_013_20260128_123729,n_mora,729.88,SKILL_013,158.94,Set up a hand lamp,2026-01-28T12:37:29Z,True,3
SKILL_013_20260128_123455,n_mora,532.54,SKILL_013,115.14,Set up a hand lamp,2026-01-28T12:34:55Z,True,3
SKILL_013_20260128_123117,n_mora,690.66,SKILL_013,151.01,Set up a hand lamp,2026-01-28T12:31:17Z,True,3
SKILL_013_20260128_083443,l_aguilera,1202.46,SKILL_013,267.7,Set up a hand lamp,2026-01-28T08:34:43Z,True,3
SKILL_013_20260128_083103,l_aguilera,828.53,SKILL_013,182.82,Set up a hand lamp,2026-01-28T08:31:03Z,True,3
SKILL_020_20260128_101710,l_aguilera,801.09,SKILL_020,175.79,Open locks with their keys,2026-01-28T10:17:10Z,True,3
SKILL_020_20260128_101331,l_aguilera,459.7,SKILL_020,104.01,Open locks with their keys,2026-01-28T10:13:31Z,True,3
SKILL_020_20260128_101100,l_aguilera,460.84,SKILL_020,99.64,Open locks with their keys,2026-01-28T10:11:00Z,True,3
SKILL_020_20260128_100751,l_aguilera,664.29,SKILL_020,146.33,Open locks with their keys,2026-01-28T10:07:51Z,True,3
SKILL_019_20260128_100556,l_aguilera,187.63,SKILL_019,36.92,Put pasta in plastic containers,2026-01-28T10:05:56Z,False,3
SKILL_019_20260128_100134,l_aguilera,278.02,SKILL_019,56.79,Put pasta in plastic containers,2026-01-28T10:01:34Z,False,3
SKILL_019_20260128_095416,l_aguilera,278.92,SKILL_019,87.47,Put pasta in plastic containers,2026-01-28T09:54:16Z,False,3
SKILL_018_20260128_133154,e_martinez,970.12,SKILL_018,208.18,Close bags with twist ties,2026-01-28T13:31:54Z,True,3
SKILL_018_20260128_132602,e_martinez,1148.12,SKILL_018,240.05,Close bags with twist ties,2026-01-28T13:26:02Z,True,3
SKILL_018_20260128_094115,l_aguilera,1149.3,SKILL_018,252.52,Close bags with twist ties,2026-01-28T09:41:15Z,True,3
SKILL_018_20260128_093512,l_aguilera,1149.84,SKILL_018,250.65,Close bags with twist ties,2026-01-28T09:35:12Z,True,3
SKILL_016_20260128_091832,l_aguilera,352.53,SKILL_016,76.67,Package a sewing set,2026-01-28T09:18:32Z,False,3
SKILL_017_20260128_131642,e_martinez,1884.38,SKILL_017,369.92,Put pasta in ziploc bags,2026-01-28T13:16:42Z,True,3
SKILL_015_20260128_130851,n_mora,517.74,SKILL_015,108.68,Thread a needle,2026-01-28T13:08:51Z,True,3
SKILL_016_20260128_091219,l_aguilera,671.39,SKILL_016,135.82,Package a sewing set,2026-01-28T09:12:19Z,True,3
SKILL_016_20260128_091542,l_aguilera,653.15,SKILL_016,134.78,Package a sewing set,2026-01-28T09:15:42Z,True,3
SKILL_017_20260128_092526,l_aguilera,1645.39,SKILL_017,354.54,Put pasta in ziploc bags,2026-01-28T09:25:26Z,True,3
SKILL_015_20260128_130319,n_mora,535.79,SKILL_015,113.98,Thread a needle,2026-01-28T13:03:19Z,True,3
SKILL_015_20260128_130601,n_mora,490.08,SKILL_015,103.58,Thread a needle,2026-01-28T13:06:01Z,True,3
SKILL_017_20260128_092117,l_aguilera,644.49,SKILL_017,193.6,Put pasta in ziploc bags,2026-01-28T09:21:17Z,True,3
SKILL_024_20260128_140737,e_martinez,665.05,SKILL_024,142.5,Put hooks on shower courtain,2026-01-28T14:07:37Z,True,3
SKILL_003_20260128_073406,e_martinez,710.41,SKILL_003,156.79,Organize screwdriver bits,2026-01-28T07:34:06Z,True,4
SKILL_001_20260128_111801,n_mora,2674.06,SKILL_001,511.91,Organize beads per color,2026-01-28T11:18:01Z,True,4
SKILL_001_20260128_144259,n_mora,3276.03,SKILL_001,654.59,Organize beads per color,2026-01-28T14:42:59Z,True,4
SKILL_003_20260128_072820,e_martinez,1250.6,SKILL_003,291.68,Organize screwdriver bits,2026-01-28T07:28:20Z,True,4
SKILL_022_20260128_135715,e_martinez,390.5,SKILL_022,81.24,Build Up Box (Regular ECT),2026-01-28T13:57:15Z,False,3
SKILL_021_20260128_102300,l_aguilera,469.02,SKILL_021,132.94,Build Up Box (Mailer),2026-01-28T10:23:00Z,True,3
SKILL_022_20260128_102823,l_aguilera,330.96,SKILL_022,74.17,Build Up Box (Regular ECT),2026-01-28T10:28:23Z,False,3
SKILL_022_20260128_103215,l_aguilera,328.39,SKILL_022,74.05,Build Up Box (Regular ECT),2026-01-28T10:32:15Z,False,3
SKILL_022_20260128_103413,l_aguilera,227.83,SKILL_022,51.59,Build Up Box (Regular ECT),2026-01-28T10:34:13Z,False,3
SKILL_022_20260128_134459,e_martinez,290.56,SKILL_022,62.32,Build Up Box (Regular ECT),2026-01-28T13:44:59Z,False,3
SKILL_022_20260128_134804,e_martinez,250.9,SKILL_022,54.51,Build Up Box (Regular ECT),2026-01-28T13:48:04Z,False,3
SKILL_022_20260128_135211,e_martinez,210.32,SKILL_022,46.69,Build Up Box (Regular ECT),2026-01-28T13:52:11Z,False,3
SKILL_022_20260128_135521,e_martinez,367.88,SKILL_022,77.59,Build Up Box (Regular ECT),2026-01-28T13:55:21Z,False,3
SKILL_024_20260128_140316,e_martinez,938.32,SKILL_024,191.47,Put hooks on shower courtain,2026-01-28T14:03:16Z,True,3
SKILL_024_20260128_103913,l_aguilera,965.6,SKILL_024,241.9,Put hooks on shower courtain,2026-01-28T10:39:13Z,True,3
SKILL_020_20260128_102006,l_aguilera,1.47,SKILL_020,0.75,Open locks with their keys,2026-01-28T10:20:06Z,False,3
SKILL_001_20260128_071632,e_martinez,3021.96,SKILL_001,614.26,Organize beads per color,2026-01-28T07:16:32Z,True,4
SKILL_001_20260128_111541,n_mora,696.74,SKILL_001,132.91,Organize beads per color,2026-01-28T11:15:41Z,True,4
SKILL_001_20260128_071326,e_martinez,98.48,SKILL_001,21.54,Organize beads per color,2026-01-28T07:13:26Z,False,4
SKILL_012_20260128_124326,d_vargas,591.04,SKILL_012,127.43,Put pasta in jars,2026-01-28T12:43:26Z,True,4
SKILL_012_20260128_124250,d_vargas,112.09,SKILL_012,26.22,Put pasta in jars,2026-01-28T12:42:50Z,False,4
SKILL_012_20260128_085327,n_mora,593.33,SKILL_012,120.05,Put pasta in jars,2026-01-28T08:53:27Z,True,4
SKILL_012_20260128_084904,n_mora,776.56,SKILL_012,165.18,Put pasta in jars,2026-01-28T08:49:04Z,True,4
SKILL_012_20260128_084523,n_mora,791.82,SKILL_012,166.03,Put pasta in jars,2026-01-28T08:45:23Z,True,4
SKILL_010_20260128_123821,d_vargas,534.12,SKILL_010,120.79,Package earphones,2026-01-28T12:38:21Z,True,4
SKILL_010_20260128_123145,d_vargas,1563.69,SKILL_010,333.33,Package earphones,2026-01-28T12:31:45Z,True,4
SKILL_010_20260128_083417,n_mora,1832.1,SKILL_010,393.18,Package earphones,2026-01-28T08:34:17Z,True,4
SKILL_010_20260128_082749,n_mora,1473.17,SKILL_010,330.01,Package earphones,2026-01-28T08:27:49Z,True,4
SKILL_009_20260128_122726,d_vargas,772.35,SKILL_009,171.1,Package Cotton set,2026-01-28T12:27:26Z,True,4
SKILL_009_20260128_122201,d_vargas,1259.44,SKILL_009,273.13,Package Cotton set,2026-01-28T12:22:01Z,True,4
SKILL_009_20260128_081846,e_martinez,1690.46,SKILL_009,383.07,Package Cotton set,2026-01-28T08:18:46Z,True,4
SKILL_007_20260128_121215,d_vargas,2357.39,SKILL_007,423.92,Separate tongue depressors by color,2026-01-28T12:12:15Z,True,4
SKILL_006_20260128_081528,e_martinez,166.29,SKILL_006,35.31,Separate tongue depressors by size,2026-01-28T08:15:28Z,False,4
SKILL_006_20260128_080212,e_martinez,1922.55,SKILL_006,406.96,Separate tongue depressors by size,2026-01-28T08:02:12Z,True,4
SKILL_005_20260128_074155,e_martinez,760.32,SKILL_005,165.78,Insert allen keys in package,2026-01-28T07:41:55Z,True,4
SKILL_005_20260128_073840,e_martinez,801.39,SKILL_005,175.7,Insert allen keys in package,2026-01-28T07:38:40Z,True,4
SKILL_004_20260128_075004,e_martinez,834.41,SKILL_004,169.45,Set Screwdriver package,2026-01-28T07:50:04Z,True,4
SKILL_004_20260128_075524,e_martinez,985.4,SKILL_004,190.94,Set Screwdriver package,2026-01-28T07:55:24Z,True,4
SKILL_016_20260128_094100,n_mora,718.52,SKILL_016,148.47,Package a sewing set,2026-01-28T09:41:00Z,True,4
SKILL_016_20260128_093759,n_mora,464.95,SKILL_016,98.68,Package a sewing set,2026-01-28T09:37:59Z,True,4
SKILL_015_20260128_092815,n_mora,854.37,SKILL_015,176.49,Thread a needle,2026-01-28T09:28:15Z,True,4
SKILL_015_20260128_092113,n_mora,1221.68,SKILL_015,246.96,Thread a needle,2026-01-28T09:21:13Z,True,4
SKILL_014_20260128_130331,d_vargas,1928.54,SKILL_014,416.86,Fasten nuts onto bolts,2026-01-28T13:03:31Z,True,4
SKILL_014_20260128_091202,n_mora,1814.28,SKILL_014,396.14,Fasten nuts onto bolts,2026-01-28T09:12:02Z,True,4
SKILL_013_20260128_130033,d_vargas,197.83,SKILL_013,44.54,Set up a hand lamp,2026-01-28T13:00:33Z,False,4
SKILL_013_20260128_125845,d_vargas,406.07,SKILL_013,87.91,Set up a hand lamp,2026-01-28T12:58:45Z,False,4
SKILL_013_20260128_125112,d_vargas,744.16,SKILL_013,163.09,Set up a hand lamp,2026-01-28T12:51:12Z,True,4
SKILL_013_20260128_125435,d_vargas,528.28,SKILL_013,116.18,Set up a hand lamp,2026-01-28T12:54:35Z,True,4
SKILL_013_20260128_090428,n_mora,202.56,SKILL_013,45.51,Set up a hand lamp,2026-01-28T09:04:28Z,False,4
SKILL_013_20260128_090307,n_mora,271.88,SKILL_013,60.56,Set up a hand lamp,2026-01-28T09:03:07Z,False,4
SKILL_013_20260128_085901,n_mora,846.72,SKILL_013,184.96,Set up a hand lamp,2026-01-28T08:59:01Z,True,4
SKILL_013_20260128_085622,n_mora,583.97,SKILL_013,127.99,Set up a hand lamp,2026-01-28T08:56:22Z,True,4
SKILL_012_20260128_124622,d_vargas,711.25,SKILL_012,148.31,Put pasta in jars,2026-01-28T12:46:22Z,True,4
SKILL_013_20260128_130026,d_vargas,35.4,SKILL_013,5.84,Set up a hand lamp,2026-01-28T13:00:26Z,False,4
SKILL_021_20260128_135631,l_aguilera,804.5,SKILL_021,173.8,Build Up Box (Mailer),2026-01-28T13:56:31Z,True,4
SKILL_021_20260128_110035,n_mora,714.43,SKILL_021,164.22,Build Up Box (Mailer),2026-01-28T11:00:35Z,True,4
SKILL_021_20260128_104603,n_mora,1072.28,SKILL_021,239.57,Build Up Box (Mailer),2026-01-28T10:46:03Z,True,4
SKILL_020_20260128_104102,c_becerra,385.41,SKILL_020,83.62,Open locks with their keys,2026-01-28T10:41:02Z,False,4
SKILL_020_20260128_103728,c_becerra,572.18,SKILL_020,124.71,Open locks with their keys,2026-01-28T10:37:28Z,True,4
SKILL_020_20260128_103215,c_becerra,94.92,SKILL_020,22.89,Open locks with their keys,2026-01-28T10:32:15Z,False,4
SKILL_020_20260128_103029,c_becerra,60.0,SKILL_020,11.55,Open locks with their keys,2026-01-28T10:30:29Z,False,4
SKILL_019_20260128_131918,l_aguilera,1001.28,SKILL_019,196.27,Put pasta in plastic containers,2026-01-28T13:19:18Z,True,4
SKILL_019_20260128_131430,l_aguilera,1153.95,SKILL_019,230.79,Put pasta in plastic containers,2026-01-28T13:14:30Z,True,4
SKILL_019_20260128_102203,c_becerra,1078.08,SKILL_019,222.32,Put pasta in plastic containers,2026-01-28T10:22:03Z,True,4
SKILL_019_20260128_101727,c_becerra,1075.91,SKILL_019,217.98,Put pasta in plastic containers,2026-01-28T10:17:27Z,True,4
SKILL_018_20260128_135341,l_aguilera,148.02,SKILL_018,28.11,Close bags with twist ties,2026-01-28T13:53:41Z,False,4
SKILL_018_20260128_134501,l_aguilera,2017.96,SKILL_018,441.6,Close bags with twist ties,2026-01-28T13:45:01Z,True,4
SKILL_018_20260128_100843,c_becerra,1594.01,SKILL_018,348.48,Close bags with twist ties,2026-01-28T10:08:43Z,True,4
SKILL_017_20260128_133155,l_aguilera,1150.92,SKILL_017,238.29,Put pasta in ziploc bags,2026-01-28T13:31:55Z,True,4
SKILL_017_20260128_132601,l_aguilera,1542.96,SKILL_017,302.98,Put pasta in ziploc bags,2026-01-28T13:26:01Z,True,4
SKILL_017_20260128_095733,c_becerra,1538.69,SKILL_017,304.51,Put pasta in ziploc bags,2026-01-28T09:57:33Z,True,4
SKILL_016_20260128_094410,n_mora,471.41,SKILL_016,97.02,Package a sewing set,2026-01-28T09:44:10Z,True,4
SKILL_017_20260128_095058,c_becerra,1547.98,SKILL_017,324.9,Put pasta in ziploc bags,2026-01-28T09:50:58Z,True,4
SKILL_021_20260128_140102,l_aguilera,539.6,SKILL_021,116.7,Build Up Box (Mailer),2026-01-28T14:01:02Z,True,4
SKILL_005_20260128_111252,c_becerra,847.49,SKILL_005,195.43,Insert allen keys in package,2026-01-28T11:12:52Z,True,5
SKILL_005_20260128_110344,c_becerra,568.64,SKILL_005,211.02,Insert allen keys in package,2026-01-28T11:03:44Z,True,5
SKILL_005_20260128_105907,c_becerra,1079.55,SKILL_005,234.1,Insert allen keys in package,2026-01-28T10:59:07Z,True,5
SKILL_004_20260128_105400,c_becerra,1127.42,SKILL_004,241.54,Set Screwdriver package,2026-01-28T10:54:00Z,True,5
SKILL_004_20260128_104828,c_becerra,1054.43,SKILL_004,238.98,Set Screwdriver package,2026-01-28T10:48:28Z,True,5
SKILL_003_20260128_125058,e_martinez,1027.83,SKILL_003,237.67,Organize screwdriver bits,2026-01-28T12:50:58Z,True,5
SKILL_003_20260128_090930,c_becerra,458.56,SKILL_003,206.28,Organize screwdriver bits,2026-01-28T09:09:30Z,True,5
SKILL_003_20260128_090356,c_becerra,918.93,SKILL_003,267.16,Organize screwdriver bits,2026-01-28T09:03:56Z,True,5
SKILL_001_20260128_134826,d_vargas,663.82,SKILL_001,137.12,Organize beads per color,2026-01-28T13:48:26Z,True,5
SKILL_001_20260128_134622,d_vargas,198.41,SKILL_001,47.22,Organize beads per color,2026-01-28T13:46:22Z,False,5
SKILL_001_20260128_073946,n_mora,2394.66,SKILL_001,549.3,Organize beads per color,2026-01-28T07:39:46Z,True,5
SKILL_024_20260128_143603,n_mora,591.1,SKILL_024,131.16,Put hooks on shower courtain,2026-01-28T14:36:03Z,True,4
SKILL_024_20260128_143015,n_mora,672.61,SKILL_024,149.27,Put hooks on shower courtain,2026-01-28T14:30:15Z,True,4
SKILL_024_20260128_111139,n_mora,811.52,SKILL_024,171.5,Put hooks on shower courtain,2026-01-28T11:11:39Z,True,4
SKILL_024_20260128_110731,n_mora,657.38,SKILL_024,138.63,Put hooks on shower courtain,2026-01-28T11:07:31Z,True,4
SKILL_023_20260128_142202,n_mora,573.36,SKILL_023,119.82,Built up box (Present),2026-01-28T14:22:02Z,True,4
SKILL_023_20260128_141605,n_mora,444.31,SKILL_023,94.56,Built up box (Present),2026-01-28T14:16:05Z,True,4
SKILL_023_20260128_141333,n_mora,594.32,SKILL_023,126.58,Built up box (Present),2026-01-28T14:13:33Z,True,4
SKILL_021_20260128_140441,l_aguilera,320.94,SKILL_021,73.23,Build Up Box (Mailer),2026-01-28T14:04:41Z,False,4
SKILL_010_20260128_141659,e_martinez,1135.36,SKILL_010,254.54,Package earphones,2026-01-28T14:16:59Z,True,5
SKILL_010_20260128_103508,n_mora,1138.76,SKILL_010,249.96,Package earphones,2026-01-28T10:35:08Z,True,5
SKILL_009_20260128_132138,D_VARGAS,748.28,SKILL_009,161.85,Package Cotton set,2026-01-28T13:21:38Z,True,5
SKILL_009_20260128_131836,D_VARGAS,50.83,SKILL_009,27.34,Package Cotton set,2026-01-28T13:18:36Z,False,5
SKILL_009_20260128_131501,D_VARGAS,267.22,SKILL_009,138.32,Package Cotton set,2026-01-28T13:15:01Z,True,5
SKILL_009_20260128_125839,e_martinez,979.25,SKILL_009,215.9,Package Cotton set,2026-01-28T12:58:39Z,True,5
SKILL_009_20260128_103025,n_mora,782.42,SKILL_009,215.59,Package Cotton set,2026-01-28T10:30:25Z,True,5
SKILL_009_20260128_102640,n_mora,112.33,SKILL_009,26.95,Package Cotton set,2026-01-28T10:26:40Z,False,5
SKILL_009_20260128_085835,c_becerra,1001.65,SKILL_009,289.38,Package Cotton set,2026-01-28T08:58:35Z,True,5
SKILL_009_20260128_085244,c_becerra,1016.83,SKILL_009,299.08,Package Cotton set,2026-01-28T08:52:44Z,True,5
SKILL_009_20260128_073124,n_mora,664.98,SKILL_009,169.11,Package Cotton set,2026-01-28T07:31:24Z,True,5
SKILL_009_20260128_073502,n_mora,778.94,SKILL_009,225.09,Package Cotton set,2026-01-28T07:35:02Z,True,5
SKILL_009_20260128_072642,n_mora,715.54,SKILL_009,191.08,Package Cotton set,2026-01-28T07:26:42Z,True,5
SKILL_005_20260128_135726,d_vargas,956.1,SKILL_005,187.02,Insert allen keys in package,2026-01-28T13:57:26Z,True,5
SKILL_005_20260128_123622,e_martinez,242.88,SKILL_005,55.15,Insert allen keys in package,2026-01-28T12:36:22Z,False,5
SKILL_005_20260128_123807,e_martinez,160.7,SKILL_005,37.02,Insert allen keys in package,2026-01-28T12:38:07Z,False,5
SKILL_005_20260128_123419,e_martinez,237.33,SKILL_005,55.06,Insert allen keys in package,2026-01-28T12:34:19Z,False,5
SKILL_005_20260128_123018,e_martinez,670.74,SKILL_005,168.22,Insert allen keys in package,2026-01-28T12:30:18Z,True,5
SKILL_005_20260128_122706,e_martinez,624.7,SKILL_005,157.01,Insert allen keys in package,2026-01-28T12:27:06Z,True,5
SKILL_014_20260128_111749,c_becerra,1503.8,SKILL_014,365.71,Fasten nuts onto bolts,2026-01-28T11:17:49Z,True,5
SKILL_014_20260128_101614,n_mora,1410.54,SKILL_014,335.85,Fasten nuts onto bolts,2026-01-28T10:16:14Z,True,5
SKILL_014_20260128_100954,n_mora,1321.61,SKILL_014,307.56,Fasten nuts onto bolts,2026-01-28T10:09:54Z,True,5
SKILL_014_20260128_100230,n_mora,1500.14,SKILL_014,328.39,Fasten nuts onto bolts,2026-01-28T10:02:30Z,True,5
SKILL_013_20260128_124433,e_martinez,746.02,SKILL_013,182.91,Set up a hand lamp,2026-01-28T12:44:33Z,True,5
SKILL_013_20260128_124028,e_martinez,672.59,SKILL_013,173.06,Set up a hand lamp,2026-01-28T12:40:28Z,True,5
SKILL_013_20260128_095510,n_mora,111.57,SKILL_013,30.34,Set up a hand lamp,2026-01-28T09:55:10Z,False,5
SKILL_013_20260128_095219,n_mora,538.0,SKILL_013,125.15,Set up a hand lamp,2026-01-28T09:52:19Z,True,5
SKILL_013_20260128_084148,c_becerra,409.68,SKILL_013,98.71,Set up a hand lamp,2026-01-28T08:41:48Z,True,5
SKILL_013_20260128_084731,c_becerra,801.68,SKILL_013,190.26,Set up a hand lamp,2026-01-28T08:47:31Z,True,5
SKILL_013_20260128_084354,c_becerra,827.51,SKILL_013,181.46,Set up a hand lamp,2026-01-28T08:43:54Z,True,5
SKILL_013_20260128_083740,c_becerra,789.2,SKILL_013,184.66,Set up a hand lamp,2026-01-28T08:37:40Z,True,5
SKILL_013_20260128_081759,n_mora,162.49,SKILL_013,41.03,Set up a hand lamp,2026-01-28T08:17:59Z,False,5
SKILL_013_20260128_080633,n_mora,155.37,SKILL_013,40.43,Set up a hand lamp,2026-01-28T08:06:33Z,False,5
SKILL_013_20260128_080208,n_mora,917.18,SKILL_013,202.47,Set up a hand lamp,2026-01-28T08:02:08Z,True,5
SKILL_013_20260128_075525,n_mora,277.37,SKILL_013,75.46,Set up a hand lamp,2026-01-28T07:55:25Z,False,5
SKILL_013_20260128_075142,n_mora,189.23,SKILL_013,55.61,Set up a hand lamp,2026-01-28T07:51:42Z,False,5
SKILL_013_20260128_075111,n_mora,45.86,SKILL_013,10.92,Set up a hand lamp,2026-01-28T07:51:11Z,False,5
SKILL_010_20260128_142439,e_martinez,1180.82,SKILL_010,258.44,Package earphones,2026-01-28T14:24:39Z,True,5
SKILL_016_20260128_091602,c_becerra,229.23,SKILL_016,60.67,Package a sewing set,2026-01-28T09:16:02Z,False,5
SKILL_020_20260128_134203,d_vargas,1.2,SKILL_020,1.12,Open locks with their keys,2026-01-28T13:42:03Z,False,5
SKILL_020_20260128_134020,d_vargas,515.03,SKILL_020,100.7,Open locks with their keys,2026-01-28T13:40:20Z,True,5
SKILL_020_20260128_134013,d_vargas,22.25,SKILL_020,5.58,Open locks with their keys,2026-01-28T13:40:13Z,False,5
SKILL_020_20260128_133906,d_vargas,0.01,SKILL_020,1.33,Open locks with their keys,2026-01-28T13:39:06Z,False,5
SKILL_020_20260128_133905,d_vargas,0.57,SKILL_020,1.18,Open locks with their keys,2026-01-28T13:39:05Z,False,5
SKILL_020_20260128_133707,d_vargas,567.55,SKILL_020,116.96,Open locks with their keys,2026-01-28T13:37:07Z,True,5
SKILL_020_20260128_133531,d_vargas,2.27,SKILL_020,1.33,Open locks with their keys,2026-01-28T13:35:31Z,False,5
SKILL_020_20260128_133503,d_vargas,124.47,SKILL_020,28.07,Open locks with their keys,2026-01-28T13:35:03Z,False,5
SKILL_020_20260128_122405,e_martinez,400.09,SKILL_020,105.05,Open locks with their keys,2026-01-28T12:24:05Z,True,5
SKILL_020_20260128_122059,e_martinez,503.42,SKILL_020,137.66,Open locks with their keys,2026-01-28T12:20:59Z,True,5
SKILL_020_20260128_121239,e_martinez,429.35,SKILL_020,129.34,Open locks with their keys,2026-01-28T12:12:39Z,True,5
SKILL_019_20260128_143404,e_martinez,878.22,SKILL_019,228.05,Put pasta in plastic containers,2026-01-28T14:34:04Z,True,5
SKILL_016_20260128_132953,D_VARGAS,275.76,SKILL_016,59.81,Package a sewing set,2026-01-28T13:29:53Z,False,5
SKILL_016_20260128_132924,D_VARGAS,0.39,SKILL_016,1.33,Package a sewing set,2026-01-28T13:29:24Z,False,5
SKILL_016_20260128_132922,D_VARGAS,0.44,SKILL_016,1.0,Package a sewing set,2026-01-28T13:29:22Z,False,5
SKILL_016_20260128_132821,D_VARGAS,283.05,SKILL_016,60.15,Package a sewing set,2026-01-28T13:28:21Z,False,5
SKILL_016_20260128_132652,D_VARGAS,267.4,SKILL_016,59.03,Package a sewing set,2026-01-28T13:26:52Z,False,5
SKILL_016_20260128_132532,D_VARGAS,208.73,SKILL_016,46.01,Package a sewing set,2026-01-28T13:25:32Z,False,5
SKILL_016_20260128_091832,c_becerra,239.12,SKILL_016,57.23,Package a sewing set,2026-01-28T09:18:32Z,False,5
SKILL_014_20260129_133310,n_mora,1958.02,SKILL_014,430.4,Fasten nuts onto bolts,2026-01-29T13:33:10Z,True,1
SKILL_012_20260129_132212,n_mora,687.38,SKILL_012,151.93,Put pasta in jars,2026-01-29T13:22:12Z,True,1
SKILL_012_20260129_132132,n_mora,11.47,SKILL_012,4.62,Put pasta in jars,2026-01-29T13:21:32Z,False,1
SKILL_012_20260129_131758,n_mora,939.17,SKILL_012,212.04,Put pasta in jars,2026-01-29T13:17:58Z,True,1
SKILL_012_20260129_131330,n_mora,899.72,SKILL_012,201.94,Put pasta in jars,2026-01-29T13:13:30Z,True,1
SKILL_010_20260129_130444,n_mora,198.0,SKILL_010,44.42,Package earphones,2026-01-29T13:04:44Z,False,1
SKILL_009_20260129_125735,e_martinez,955.1,SKILL_009,216.21,Package Cotton set,2026-01-29T12:57:35Z,True,1
SKILL_007_20260129_124112,e_martinez,1795.43,SKILL_007,386.83,Separate tongue depressors by color,2026-01-29T12:41:12Z,True,1
SKILL_005_20260129_122543,e_martinez,657.13,SKILL_005,147.31,Insert allen keys in package,2026-01-29T12:25:43Z,True,1
SKILL_005_20260129_122229,e_martinez,767.89,SKILL_005,171.96,Insert allen keys in package,2026-01-29T12:22:29Z,True,1
SKILL_005_20260129_121929,e_martinez,688.91,SKILL_005,154.62,Insert allen keys in package,2026-01-29T12:19:29Z,True,1
SKILL_005_20260129_121629,e_martinez,694.36,SKILL_005,155.93,Insert allen keys in package,2026-01-29T12:16:29Z,True,1
SKILL_004_20260129_121527,e_martinez,20.42,SKILL_004,4.22,Set Screwdriver package,2026-01-29T12:15:27Z,False,1
SKILL_004_20260129_121313,e_martinez,539.11,SKILL_004,109.77,Set Screwdriver package,2026-01-29T12:13:13Z,True,1
SKILL_004_20260129_121137,e_martinez,338.46,SKILL_004,69.41,Set Screwdriver package,2026-01-29T12:11:37Z,False,1
SKILL_004_20260129_121006,e_martinez,371.54,SKILL_004,75.44,Set Screwdriver package,2026-01-29T12:10:06Z,False,1
SKILL_004_20260129_120819,e_martinez,395.79,SKILL_004,81.48,Set Screwdriver package,2026-01-29T12:08:19Z,False,1
SKILL_004_20260129_120636,e_martinez,390.24,SKILL_004,79.76,Set Screwdriver package,2026-01-29T12:06:36Z,False,1
SKILL_020_20260128_134303,d_vargas,494.47,SKILL_020,99.49,Open locks with their keys,2026-01-28T13:43:03Z,True,5
SKILL_009_20260129_110844,L_AGUILERA,1022.71,SKILL_009,232.85,Package Cotton set,2026-01-29T11:08:44Z,True,2
SKILL_009_20260129_110445,L_AGUILERA,1030.65,SKILL_009,218.3,Package Cotton set,2026-01-29T11:04:45Z,True,2
SKILL_005_20260129_144647,l_aguilera,678.13,SKILL_005,144.44,Insert allen keys in package,2026-01-29T14:46:47Z,True,2
SKILL_005_20260129_143921,l_aguilera,848.4,SKILL_005,178.36,Insert allen keys in package,2026-01-29T14:39:21Z,True,2
SKILL_005_20260129_123109,l_aguilera,502.76,SKILL_005,86.83,Insert allen keys in package,2026-01-29T12:31:09Z,False,2
SKILL_005_20260129_123444,l_aguilera,1006.96,SKILL_005,164.0,Insert allen keys in package,2026-01-29T12:34:44Z,True,2
SKILL_005_20260129_123753,l_aguilera,1173.34,SKILL_005,184.37,Insert allen keys in package,2026-01-29T12:37:53Z,True,2
SKILL_005_20260129_144245,l_aguilera,793.64,SKILL_005,170.25,Insert allen keys in package,2026-01-29T14:42:45Z,True,2
SKILL_005_20260129_104631,c_becerra,906.55,SKILL_005,198.84,Insert allen keys in package,2026-01-29T10:46:31Z,True,2
SKILL_005_20260129_104226,c_becerra,876.52,SKILL_005,189.38,Insert allen keys in package,2026-01-29T10:42:26Z,True,2
SKILL_004_20260129_105611,c_becerra,404.79,SKILL_004,87.14,Set Screwdriver package,2026-01-29T10:56:11Z,False,2
SKILL_004_20260129_105232,c_becerra,879.96,SKILL_004,177.42,Set Screwdriver package,2026-01-29T10:52:32Z,True,2
SKILL_003_20260129_103710,c_becerra,806.68,SKILL_003,175.01,Organize screwdriver bits,2026-01-29T10:37:10Z,True,2
SKILL_003_20260129_103255,c_becerra,835.28,SKILL_003,177.09,Organize screwdriver bits,2026-01-29T10:32:55Z,True,2
SKILL_003_20260129_102614,c_becerra,1138.87,SKILL_003,240.22,Organize screwdriver bits,2026-01-29T10:26:14Z,True,2
SKILL_015_20260129_144345,c_becerra,267.9,SKILL_015,64.35,Thread a needle,2026-01-29T14:43:45Z,False,1
SKILL_015_20260129_143153,c_becerra,1129.58,SKILL_015,246.5,Thread a needle,2026-01-29T14:31:53Z,True,1
SKILL_015_20260129_135235,n_mora,250.27,SKILL_015,56.96,Thread a needle,2026-01-29T13:52:35Z,False,1
SKILL_014_20260129_134222,n_mora,1610.01,SKILL_014,364.7,Fasten nuts onto bolts,2026-01-29T13:42:22Z,True,1
SKILL_009_20260129_141942,l_aguilera,774.08,SKILL_009,170.55,Package Cotton set,2026-01-29T14:19:42Z,True,2
SKILL_014_20260129_081939,e_martinez,1557.76,SKILL_014,323.86,Fasten nuts onto bolts,2026-01-29T08:19:39Z,True,2
SKILL_014_20260129_081145,e_martinez,1635.1,SKILL_014,340.17,Fasten nuts onto bolts,2026-01-29T08:11:45Z,True,2
SKILL_013_20260129_133359,d_vargas,1792.76,SKILL_013,354.74,Set up a hand lamp,2026-01-29T13:33:59Z,True,2
SKILL_013_20260129_133146,d_vargas,45.89,SKILL_013,9.55,Set up a hand lamp,2026-01-29T13:31:46Z,False,2
SKILL_013_20260129_132351,d_vargas,90.19,SKILL_013,20.05,Set up a hand lamp,2026-01-29T13:23:51Z,False,2
SKILL_013_20260129_102245,c_becerra,846.66,SKILL_013,168.92,Set up a hand lamp,2026-01-29T10:22:45Z,True,2
SKILL_013_20260129_101307,c_becerra,393.7,SKILL_013,79.28,Set up a hand lamp,2026-01-29T10:13:07Z,False,2
SKILL_013_20260129_085702,n_mora,533.48,SKILL_013,112.43,Set up a hand lamp,2026-01-29T08:57:02Z,True,2
SKILL_013_20260129_084851,n_mora,664.3,SKILL_013,133.12,Set up a hand lamp,2026-01-29T08:48:51Z,True,2
SKILL_013_20260129_085423,n_mora,528.85,SKILL_013,113.59,Set up a hand lamp,2026-01-29T08:54:23Z,True,2
SKILL_013_20260129_084615,n_mora,452.02,SKILL_013,92.05,Set up a hand lamp,2026-01-29T08:46:15Z,True,2
SKILL_013_20260129_073806,e_martinez,894.18,SKILL_013,166.9,Set up a hand lamp,2026-01-29T07:38:06Z,True,2
SKILL_013_20260129_074418,e_martinez,915.65,SKILL_013,178.34,Set up a hand lamp,2026-01-29T07:44:18Z,True,2
SKILL_010_20260129_112023,L_AGUILERA,767.48,SKILL_010,160.46,Package earphones,2026-01-29T11:20:23Z,True,2
SKILL_010_20260129_111832,L_AGUILERA,341.03,SKILL_010,76.75,Package earphones,2026-01-29T11:18:32Z,False,2
SKILL_010_20260129_111342,L_AGUILERA,1078.15,SKILL_010,231.5,Package earphones,2026-01-29T11:13:42Z,True,2
SKILL_010_20260129_083741,n_mora,1924.25,SKILL_010,393.12,Package earphones,2026-01-29T08:37:41Z,True,2
SKILL_009_20260129_142755,l_aguilera,7.65,SKILL_009,3.21,Package Cotton set,2026-01-29T14:27:55Z,False,2
SKILL_009_20260129_142315,l_aguilera,1055.03,SKILL_009,218.09,Package Cotton set,2026-01-29T14:23:15Z,True,2
SKILL_019_20260129_124844,l_aguilera,981.72,SKILL_019,211.53,Put pasta in plastic containers,2026-01-29T12:48:44Z,True,2
SKILL_019_20260129_124432,l_aguilera,885.76,SKILL_019,191.87,Put pasta in plastic containers,2026-01-29T12:44:32Z,True,2
SKILL_019_20260129_092655,n_mora,463.65,SKILL_019,103.47,Put pasta in plastic containers,2026-01-29T09:26:55Z,True,2
SKILL_019_20260129_092407,n_mora,416.41,SKILL_019,96.4,Put pasta in plastic containers,2026-01-29T09:24:07Z,True,2
SKILL_019_20260129_092025,n_mora,618.76,SKILL_019,133.84,Put pasta in plastic containers,2026-01-29T09:20:25Z,True,2
SKILL_019_20260129_080709,e_martinez,938.66,SKILL_019,209.86,Put pasta in plastic containers,2026-01-29T08:07:09Z,True,2
SKILL_019_20260129_080134,e_martinez,967.38,SKILL_019,208.21,Put pasta in plastic containers,2026-01-29T08:01:34Z,True,2
SKILL_019_20260129_075444,e_martinez,1265.86,SKILL_019,267.27,Put pasta in plastic containers,2026-01-29T07:54:44Z,True,2
SKILL_019_20260129_074851,e_martinez,1306.53,SKILL_019,277.46,Put pasta in plastic containers,2026-01-29T07:48:51Z,True,2
SKILL_016_20260129_095118,c_becerra,297.84,SKILL_016,60.62,Package a sewing set,2026-01-29T09:51:18Z,False,2
SKILL_016_20260129_094927,c_becerra,256.05,SKILL_016,53.88,Package a sewing set,2026-01-29T09:49:27Z,False,2
SKILL_016_20260129_094722,c_becerra,343.75,SKILL_016,72.59,Package a sewing set,2026-01-29T09:47:22Z,False,2
SKILL_014_20260129_122431,l_aguilera,912.7,SKILL_014,172.63,Fasten nuts onto bolts,2026-01-29T12:24:31Z,True,2
SKILL_014_20260129_122132,l_aguilera,171.31,SKILL_014,31.71,Fasten nuts onto bolts,2026-01-29T12:21:32Z,False,2
SKILL_014_20260129_121545,l_aguilera,1268.44,SKILL_014,245.33,Fasten nuts onto bolts,2026-01-29T12:15:45Z,True,2
SKILL_014_20260129_100157,c_becerra,2247.94,SKILL_014,430.04,Fasten nuts onto bolts,2026-01-29T10:01:57Z,True,2
SKILL_014_20260129_095247,c_becerra,2328.95,SKILL_014,448.95,Fasten nuts onto bolts,2026-01-29T09:52:47Z,True,2
SKILL_014_20260129_091127,n_mora,1586.73,SKILL_014,324.47,Fasten nuts onto bolts,2026-01-29T09:11:27Z,True,2
SKILL_014_20260129_090454,n_mora,1314.53,SKILL_014,269.05,Fasten nuts onto bolts,2026-01-29T09:04:54Z,True,2
SKILL_020_20260129_135031,d_vargas,430.07,SKILL_020,92.55,Open locks with their keys,2026-01-29T13:50:31Z,True,2
SKILL_020_20260129_134700,d_vargas,287.0,SKILL_020,59.91,Open locks with their keys,2026-01-29T13:47:00Z,False,2
SKILL_020_20260129_134311,d_vargas,615.42,SKILL_020,127.72,Open locks with their keys,2026-01-29T13:43:11Z,True,2
SKILL_020_20260129_132050,d_vargas,288.42,SKILL_020,61.5,Open locks with their keys,2026-01-29T13:20:50Z,False,2
SKILL_020_20260129_131104,d_vargas,503.96,SKILL_020,101.5,Open locks with their keys,2026-01-29T13:11:04Z,True,2
SKILL_020_20260129_130935,d_vargas,7.51,SKILL_020,2.7,Open locks with their keys,2026-01-29T13:09:35Z,False,2
SKILL_020_20260129_130746,d_vargas,392.52,SKILL_020,84.13,Open locks with their keys,2026-01-29T13:07:46Z,False,2
SKILL_020_20260129_130629,d_vargas,115.82,SKILL_020,23.52,Open locks with their keys,2026-01-29T13:06:29Z,False,2
SKILL_020_20260129_121148,l_aguilera,214.63,SKILL_020,42.01,Open locks with their keys,2026-01-29T12:11:48Z,False,2
SKILL_020_20260129_120823,l_aguilera,631.57,SKILL_020,123.96,Open locks with their keys,2026-01-29T12:08:23Z,True,2
SKILL_020_20260129_120539,l_aguilera,541.66,SKILL_020,109.08,Open locks with their keys,2026-01-29T12:05:39Z,True,2
SKILL_020_20260129_094328,c_becerra,641.7,SKILL_020,137.06,Open locks with their keys,2026-01-29T09:43:28Z,True,2
SKILL_020_20260129_094024,c_becerra,614.17,SKILL_020,130.92,Open locks with their keys,2026-01-29T09:40:24Z,True,2
SKILL_020_20260129_093736,c_becerra,514.77,SKILL_020,107.73,Open locks with their keys,2026-01-29T09:37:36Z,True,2
SKILL_019_20260129_125257,l_aguilera,1120.0,SKILL_019,240.65,Put pasta in plastic containers,2026-01-29T12:52:57Z,True,2
SKILL_004_20260129_071654,c_becerra,437.26,SKILL_004,87.72,Set Screwdriver package,2026-01-29T07:16:54Z,False,3
SKILL_004_20260129_071514,c_becerra,404.28,SKILL_004,81.46,Set Screwdriver package,2026-01-29T07:15:14Z,False,3
SKILL_004_20260129_071334,c_becerra,387.55,SKILL_004,78.63,Set Screwdriver package,2026-01-29T07:13:34Z,False,3
SKILL_004_20260129_071129,c_becerra,484.79,SKILL_004,96.28,Set Screwdriver package,2026-01-29T07:11:29Z,True,3
SKILL_003_20260129_121403,c_becerra,453.17,SKILL_003,107.76,Organize screwdriver bits,2026-01-29T12:14:03Z,True,3
SKILL_003_20260129_121019,c_becerra,754.15,SKILL_003,176.3,Organize screwdriver bits,2026-01-29T12:10:19Z,True,3
SKILL_003_20260129_120643,c_becerra,620.43,SKILL_003,149.46,Organize screwdriver bits,2026-01-29T12:06:43Z,True,3
SKILL_003_20260129_112426,e_martinez,853.29,SKILL_003,203.84,Organize screwdriver bits,2026-01-29T11:24:26Z,True,3
SKILL_003_20260129_112143,e_martinez,11.57,SKILL_003,3.24,Organize screwdriver bits,2026-01-29T11:21:43Z,False,3
SKILL_003_20260129_112140,e_martinez,3.82,SKILL_003,2.22,Organize screwdriver bits,2026-01-29T11:21:40Z,False,3
SKILL_003_20260129_071259,e_martinez,10070.6,SKILL_003,271.22,Organize screwdriver bits,2026-01-29T07:13:00Z,True,3
SKILL_001_20260129_112220,c_becerra,2318.18,SKILL_001,470.72,Organize beads per color,2026-01-29T11:22:20Z,True,3
SKILL_003_20260129_071816,e_martinez,8311.23,SKILL_003,238.32,Organize screwdriver bits,2026-01-29T07:18:16Z,True,3
SKILL_020_20260129_143643,l_aguilera,467.6,SKILL_020,105.25,Open locks with their keys,2026-01-29T14:36:43Z,True,2
SKILL_001_20260129_110525,e_martinez,2936.86,SKILL_001,607.84,Organize beads per color,2026-01-29T11:05:25Z,True,3
SKILL_020_20260129_143139,l_aguilera,502.45,SKILL_020,113.14,Open locks with their keys,2026-01-29T14:31:39Z,True,2
SKILL_020_20260129_142818,l_aguilera,354.01,SKILL_020,82.26,Open locks with their keys,2026-01-29T14:28:18Z,False,2
SKILL_020_20260129_135533,d_vargas,261.27,SKILL_020,53.65,Open locks with their keys,2026-01-29T13:55:33Z,False,2
SKILL_020_20260129_135315,d_vargas,364.66,SKILL_020,75.49,Open locks with their keys,2026-01-29T13:53:15Z,False,2
SKILL_005_20260129_080426,d_vargas,4669.24,SKILL_005,135.27,Insert allen keys in package,2026-01-29T08:04:26Z,True,3
SKILL_005_20260129_080036,d_vargas,4781.06,SKILL_005,133.24,Insert allen keys in package,2026-01-29T08:00:36Z,True,3
SKILL_005_20260129_075704,d_vargas,4823.5,SKILL_005,135.67,Insert allen keys in package,2026-01-29T07:57:05Z,True,3
SKILL_005_20260129_073824,d_vargas,8718.11,SKILL_005,263.33,Insert allen keys in package,2026-01-29T07:38:25Z,True,3
SKILL_005_20260129_072730,c_becerra,692.53,SKILL_005,176.56,Insert allen keys in package,2026-01-29T07:27:30Z,True,3
SKILL_005_20260129_072322,c_becerra,730.12,SKILL_005,187.21,Insert allen keys in package,2026-01-29T07:23:22Z,True,3
SKILL_004_20260129_125645,d_vargas,757.95,SKILL_004,161.43,Set Screwdriver package,2026-01-29T12:56:45Z,True,3
SKILL_004_20260129_125133,d_vargas,933.84,SKILL_004,199.51,Set Screwdriver package,2026-01-29T12:51:33Z,True,3
SKILL_004_20260129_124640,d_vargas,280.14,SKILL_004,55.15,Set Screwdriver package,2026-01-29T12:46:40Z,False,3
SKILL_004_20260129_124424,d_vargas,326.37,SKILL_004,65.56,Set Screwdriver package,2026-01-29T12:44:24Z,False,3
SKILL_004_20260129_124120,d_vargas,592.01,SKILL_004,116.4,Set Screwdriver package,2026-01-29T12:41:20Z,True,3
SKILL_004_20260129_122317,d_vargas,763.63,SKILL_004,20.66,Set Screwdriver package,2026-01-29T12:23:18Z,False,3
SKILL_004_20260129_073400,d_vargas,3288.13,SKILL_004,99.35,Set Screwdriver package,2026-01-29T07:34:00Z,True,3
SKILL_004_20260129_073358,d_vargas,34.08,SKILL_004,0.19,Set Screwdriver package,2026-01-29T07:33:59Z,False,3
SKILL_004_20260129_072850,e_martinez,178.2,SKILL_004,4.97,Set Screwdriver package,2026-01-29T07:28:50Z,False,3
SKILL_004_20260129_072647,e_martinez,3602.05,SKILL_004,98.81,Set Screwdriver package,2026-01-29T07:26:47Z,True,3
SKILL_004_20260129_072427,e_martinez,3984.16,SKILL_004,109.09,Set Screwdriver package,2026-01-29T07:24:27Z,True,3
SKILL_004_20260129_072028,c_becerra,436.4,SKILL_004,86.94,Set Screwdriver package,2026-01-29T07:20:28Z,False,3
SKILL_004_20260129_071846,c_becerra,416.86,SKILL_004,83.2,Set Screwdriver package,2026-01-29T07:18:46Z,False,3
SKILL_009_20260129_082008,n_mora,1034.15,SKILL_009,232.15,Package Cotton set,2026-01-29T08:20:08Z,True,3
SKILL_009_20260129_081330,n_mora,1629.71,SKILL_009,371.11,Package Cotton set,2026-01-29T08:13:30Z,True,3
SKILL_008_20260129_140155,e_martinez,156.77,SKILL_008,4.08,Separate tongue depressors by type,2026-01-29T14:01:55Z,False,3
SKILL_007_20260129_131238,l_aguilera,59.66,SKILL_007,11.46,Separate tongue depressors by color,2026-01-29T13:12:38Z,False,3
SKILL_007_20260129_130411,l_aguilera,2444.71,SKILL_007,448.69,Separate tongue depressors by color,2026-01-29T13:04:11Z,True,3
SKILL_007_20260129_080531,n_mora,1488.96,SKILL_007,316.75,Separate tongue depressors by color,2026-01-29T08:05:31Z,True,3
SKILL_007_20260129_075916,n_mora,2032.59,SKILL_007,374.42,Separate tongue depressors by color,2026-01-29T07:59:16Z,True,3
SKILL_007_20260129_075711,n_mora,311.4,SKILL_007,104.65,Separate tongue depressors by color,2026-01-29T07:57:11Z,True,3
SKILL_007_20260129_075104,n_mora,166.99,SKILL_007,36.74,Separate tongue depressors by color,2026-01-29T07:51:04Z,False,3
SKILL_005_20260129_140450,d_vargas,5125.96,SKILL_005,145.85,Insert allen keys in package,2026-01-29T14:04:50Z,True,3
SKILL_005_20260129_083532,d_vargas,8998.57,SKILL_005,258.36,Insert allen keys in package,2026-01-29T08:35:32Z,True,3
SKILL_005_20260129_083355,d_vargas,7.33,SKILL_005,0.03,Insert allen keys in package,2026-01-29T08:33:55Z,False,3
SKILL_005_20260129_083323,d_vargas,1.29,SKILL_005,0.01,Insert allen keys in package,2026-01-29T08:33:23Z,False,3
SKILL_005_20260129_082820,d_vargas,10937.45,SKILL_005,290.16,Insert allen keys in package,2026-01-29T08:28:20Z,True,3
SKILL_005_20260129_081242,d_vargas,25302.36,SKILL_005,680.15,Insert allen keys in package,2026-01-29T08:12:42Z,True,3
SKILL_013_20260129_085325,e_martinez,361.69,SKILL_013,78.75,Set up a hand lamp,2026-01-29T08:53:25Z,False,3
SKILL_013_20260129_085030,e_martinez,684.23,SKILL_013,144.17,Set up a hand lamp,2026-01-29T08:50:30Z,True,3
SKILL_013_20260129_084615,e_martinez,931.35,SKILL_013,196.07,Set up a hand lamp,2026-01-29T08:46:15Z,True,3
SKILL_012_20260129_092531,d_vargas,1817.06,SKILL_012,48.7,Put pasta in jars,2026-01-29T09:25:31Z,False,3
SKILL_012_20260129_091215,d_vargas,18048.77,SKILL_012,485.68,Put pasta in jars,2026-01-29T09:12:15Z,True,3
SKILL_012_20260129_090540,d_vargas,9880.03,SKILL_012,268.19,Put pasta in jars,2026-01-29T09:05:40Z,True,3
SKILL_012_20260129_090033,d_vargas,9341.78,SKILL_012,253.3,Put pasta in jars,2026-01-29T09:00:33Z,True,3
SKILL_012_20260129_085253,d_vargas,7007.33,SKILL_012,190.1,Put pasta in jars,2026-01-29T08:52:53Z,True,3
SKILL_012_20260129_084644,d_vargas,9494.36,SKILL_012,267.32,Put pasta in jars,2026-01-29T08:46:45Z,True,3
SKILL_012_20260129_084401,e_martinez,244.75,SKILL_012,53.9,Put pasta in jars,2026-01-29T08:44:01Z,False,3
SKILL_012_20260129_084058,e_martinez,707.66,SKILL_012,153.31,Put pasta in jars,2026-01-29T08:40:58Z,True,3
SKILL_012_20260129_083750,e_martinez,597.35,SKILL_012,126.19,Put pasta in jars,2026-01-29T08:37:50Z,True,3
SKILL_012_20260129_083439,e_martinez,718.79,SKILL_012,153.32,Put pasta in jars,2026-01-29T08:34:39Z,True,3
SKILL_010_20260129_132650,l_aguilera,575.4,SKILL_010,134.71,Package earphones,2026-01-29T13:26:50Z,True,3
SKILL_010_20260129_132110,l_aguilera,1175.85,SKILL_010,282.06,Package earphones,2026-01-29T13:21:10Z,True,3
SKILL_010_20260129_131819,l_aguilera,50.76,SKILL_010,11.13,Package earphones,2026-01-29T13:18:19Z,False,3
SKILL_010_20260129_084228,d_vargas,2419.74,SKILL_010,68.38,Package earphones,2026-01-29T08:42:29Z,False,3
SKILL_010_20260129_082639,n_mora,1265.87,SKILL_010,277.19,Package earphones,2026-01-29T08:26:39Z,True,3
SKILL_009_20260129_144649,n_mora,786.58,SKILL_009,185.96,Package Cotton set,2026-01-29T14:46:49Z,True,3
SKILL_019_20260129_101257,n_mora,625.57,SKILL_019,130.66,Put pasta in plastic containers,2026-01-29T10:12:57Z,True,3
SKILL_015_20260129_091134,e_martinez,969.6,SKILL_015,219.9,Thread a needle,2026-01-29T09:11:34Z,True,3
SKILL_015_20260129_091606,e_martinez,854.91,SKILL_015,189.65,Thread a needle,2026-01-29T09:16:06Z,True,3
SKILL_016_20260129_092228,e_martinez,620.13,SKILL_016,134.4,Package a sewing set,2026-01-29T09:22:28Z,True,3
SKILL_016_20260129_092729,e_martinez,467.11,SKILL_016,102.7,Package a sewing set,2026-01-29T09:27:29Z,True,3
SKILL_016_20260129_141011,d_vargas,6780.21,SKILL_016,179.56,Package a sewing set,2026-01-29T14:10:11Z,True,3
SKILL_016_20260129_143156,d_vargas,2783.5,SKILL_016,76.16,Package a sewing set,2026-01-29T14:31:57Z,False,3
SKILL_016_20260129_144535,d_vargas,2499.61,SKILL_016,66.93,Package a sewing set,2026-01-29T14:45:35Z,False,3
SKILL_017_20260129_093336,n_mora,761.33,SKILL_017,154.69,Put pasta in ziploc bags,2026-01-29T09:33:36Z,True,3
SKILL_017_20260129_093958,n_mora,197.53,SKILL_017,39.97,Put pasta in ziploc bags,2026-01-29T09:39:58Z,False,3
SKILL_018_20260129_094137,n_mora,1238.15,SKILL_018,285.94,Close bags with twist ties,2026-01-29T09:41:37Z,True,3
SKILL_018_20260129_094755,n_mora,516.31,SKILL_018,121.3,Close bags with twist ties,2026-01-29T09:47:55Z,True,3
SKILL_018_20260129_100107,n_mora,544.12,SKILL_018,123.38,Close bags with twist ties,2026-01-29T10:01:07Z,True,3
SKILL_018_20260129_100347,n_mora,647.31,SKILL_018,150.02,Close bags with twist ties,2026-01-29T10:03:47Z,True,3
SKILL_018_20260129_133710,l_aguilera,1134.46,SKILL_018,253.76,Close bags with twist ties,2026-01-29T13:37:10Z,True,3
SKILL_018_20260129_134653,l_aguilera,768.08,SKILL_018,174.94,Close bags with twist ties,2026-01-29T13:46:53Z,True,3
SKILL_018_20260129_135044,l_aguilera,832.02,SKILL_018,180.25,Close bags with twist ties,2026-01-29T13:50:44Z,True,3
SKILL_019_20260129_100756,n_mora,1257.22,SKILL_019,261.18,Put pasta in plastic containers,2026-01-29T10:07:56Z,True,3
SKILL_019_20260129_101742,d_vargas,2799.94,SKILL_019,78.29,Put pasta in plastic containers,2026-01-29T10:17:43Z,False,3
SKILL_019_20260129_101952,d_vargas,8860.66,SKILL_019,250.4,Put pasta in plastic containers,2026-01-29T10:19:52Z,True,3
SKILL_019_20260129_102836,d_vargas,4555.44,SKILL_019,122.29,Put pasta in plastic containers,2026-01-29T10:28:37Z,True,3
SKILL_013_20260129_143246,e_martinez,226.95,SKILL_013,49.84,Set up a hand lamp,2026-01-29T14:32:46Z,False,3
SKILL_014_20260129_090009,e_martinez,2477.09,SKILL_014,509.74,Fasten nuts onto bolts,2026-01-29T09:00:09Z,True,3
SKILL_023_20260129_104156,l_aguilera,406.81,SKILL_023,87.52,Built up box (Present),2026-01-29T10:41:56Z,False,3
SKILL_023_20260129_103911,l_aguilera,607.5,SKILL_023,134.22,Built up box (Present),2026-01-29T10:39:11Z,True,3
SKILL_022_20260129_104529,d_vargas,3580.26,SKILL_022,100.72,Build Up Box (Regular ECT),2026-01-29T10:45:29Z,True,3
SKILL_022_20260129_104323,d_vargas,2017.93,SKILL_022,55.88,Build Up Box (Regular ECT),2026-01-29T10:43:24Z,False,3
SKILL_022_20260129_103732,l_aguilera,203.43,SKILL_022,47.99,Build Up Box (Regular ECT),2026-01-29T10:37:32Z,False,3
SKILL_022_20260129_103623,l_aguilera,203.73,SKILL_022,48.19,Build Up Box (Regular ECT),2026-01-29T10:36:23Z,False,3
SKILL_022_20260129_103504,l_aguilera,258.39,SKILL_022,58.5,Build Up Box (Regular ECT),2026-01-29T10:35:04Z,False,3
SKILL_022_20260129_103351,l_aguilera,252.97,SKILL_022,57.88,Build Up Box (Regular ECT),2026-01-29T10:33:51Z,False,3
SKILL_022_20260129_103212,l_aguilera,355.03,SKILL_022,81.69,Build Up Box (Regular ECT),2026-01-29T10:32:12Z,False,3
SKILL_022_20260129_103027,l_aguilera,327.61,SKILL_022,72.85,Build Up Box (Regular ECT),2026-01-29T10:30:27Z,False,3
SKILL_022_20260129_102800,n_mora,153.32,SKILL_022,40.72,Build Up Box (Regular ECT),2026-01-29T10:28:00Z,False,3
SKILL_021_20260129_102045,n_mora,1291.87,SKILL_021,301.23,Build Up Box (Mailer),2026-01-29T10:20:45Z,True,3
SKILL_019_20260129_103517,d_vargas,7150.61,SKILL_019,198.8,Put pasta in plastic containers,2026-01-29T10:35:18Z,True,3
SKILL_019_20260129_103219,d_vargas,3042.47,SKILL_019,85.59,Put pasta in plastic containers,2026-01-29T10:32:20Z,False,3
SKILL_001_20260129_071026,l_aguilera,903.3,SKILL_001,178.67,Organize beads per color,2026-01-29T07:10:26Z,True,4
SKILL_024_20260129_122605,c_becerra,715.35,SKILL_024,155.19,Put hooks on shower courtain,2026-01-29T12:26:05Z,True,3
SKILL_024_20260129_122203,c_becerra,770.36,SKILL_024,165.08,Put hooks on shower courtain,2026-01-29T12:22:03Z,True,3
SKILL_024_20260129_121244,d_vargas,5610.48,SKILL_024,167.4,Put hooks on shower courtain,2026-01-29T12:12:44Z,True,3
SKILL_024_20260129_121723,d_vargas,1010.97,SKILL_024,28.59,Put hooks on shower courtain,2026-01-29T12:17:23Z,False,3
SKILL_024_20260129_121740,c_becerra,926.67,SKILL_024,206.04,Put hooks on shower courtain,2026-01-29T12:17:40Z,True,3
SKILL_024_20260129_120509,d_vargas,470.3,SKILL_024,12.83,Put hooks on shower courtain,2026-01-29T12:05:10Z,False,3
SKILL_024_20260129_120845,d_vargas,6288.46,SKILL_024,180.18,Put hooks on shower courtain,2026-01-29T12:08:45Z,True,3
SKILL_023_20260129_111519,c_becerra,667.63,SKILL_023,143.02,Built up box (Present),2026-01-29T11:15:19Z,True,3
SKILL_023_20260129_111109,c_becerra,884.84,SKILL_023,182.94,Built up box (Present),2026-01-29T11:11:09Z,True,3
SKILL_023_20260129_110530,c_becerra,763.92,SKILL_023,162.07,Built up box (Present),2026-01-29T11:05:30Z,True,3
SKILL_023_20260129_110103,d_vargas,6273.86,SKILL_023,168.84,Built up box (Present),2026-01-29T11:01:03Z,True,3
SKILL_023_20260129_105801,l_aguilera,332.08,SKILL_023,66.91,Built up box (Present),2026-01-29T10:58:01Z,False,3
SKILL_023_20260129_105537,d_vargas,6461.33,SKILL_023,173.81,Built up box (Present),2026-01-29T10:55:37Z,True,3
SKILL_023_20260129_105334,l_aguilera,919.55,SKILL_023,177.41,Built up box (Present),2026-01-29T10:53:34Z,True,3
SKILL_023_20260129_105016,l_aguilera,786.03,SKILL_023,151.89,Built up box (Present),2026-01-29T10:50:16Z,True,3
SKILL_023_20260129_104945,d_vargas,9875.37,SKILL_023,265.92,Built up box (Present),2026-01-29T10:49:45Z,True,3
SKILL_023_20260129_104744,l_aguilera,309.33,SKILL_023,68.16,Built up box (Present),2026-01-29T10:47:44Z,False,3
SKILL_023_20260129_104349,l_aguilera,511.37,SKILL_023,112.59,Built up box (Present),2026-01-29T10:43:49Z,True,3
SKILL_012_20260129_090250,c_becerra,649.16,SKILL_012,141.77,Put pasta in jars,2026-01-29T09:02:50Z,True,4
SKILL_012_20260129_090028,c_becerra,414.76,SKILL_012,90.39,Put pasta in jars,2026-01-29T09:00:28Z,False,4
SKILL_010_20260129_084723,c_becerra,1617.15,SKILL_010,340.62,Package earphones,2026-01-29T08:47:23Z,True,4
SKILL_009_20260129_083521,c_becerra,2748.83,SKILL_009,597.18,Package Cotton set,2026-01-29T08:35:21Z,True,4
SKILL_007_20260129_082649,l_aguilera,1336.81,SKILL_007,247.44,Separate tongue depressors by color,2026-01-29T08:26:49Z,True,4
SKILL_005_20260129_082215,l_aguilera,486.31,SKILL_005,107.24,Insert allen keys in package,2026-01-29T08:22:15Z,True,4
SKILL_005_20260129_081540,l_aguilera,634.44,SKILL_005,143.86,Insert allen keys in package,2026-01-29T08:15:40Z,True,4
SKILL_005_20260129_081220,l_aguilera,771.21,SKILL_005,176.5,Insert allen keys in package,2026-01-29T08:12:20Z,True,4
SKILL_005_20260129_080914,l_aguilera,634.71,SKILL_005,146.84,Insert allen keys in package,2026-01-29T08:09:14Z,True,4
SKILL_004_20260129_080137,l_aguilera,329.05,SKILL_004,66.05,Set Screwdriver package,2026-01-29T08:01:37Z,False,4
SKILL_004_20260129_075922,l_aguilera,264.06,SKILL_004,56.58,Set Screwdriver package,2026-01-29T07:59:22Z,False,4
SKILL_004_20260129_075704,l_aguilera,582.02,SKILL_004,115.76,Set Screwdriver package,2026-01-29T07:57:04Z,True,4
SKILL_004_20260129_074953,l_aguilera,56.47,SKILL_004,12.58,Set Screwdriver package,2026-01-29T07:49:53Z,False,4
SKILL_004_20260129_074704,l_aguilera,109.49,SKILL_004,21.42,Set Screwdriver package,2026-01-29T07:47:04Z,False,4
SKILL_004_20260129_074039,l_aguilera,188.53,SKILL_004,37.97,Set Screwdriver package,2026-01-29T07:40:39Z,False,4
SKILL_003_20260129_073035,l_aguilera,258.19,SKILL_003,60.02,Organize screwdriver bits,2026-01-29T07:30:35Z,False,4
SKILL_003_20260129_072612,l_aguilera,965.38,SKILL_003,214.14,Organize screwdriver bits,2026-01-29T07:26:12Z,True,4
SKILL_001_20260129_071537,l_aguilera,2107.46,SKILL_001,413.5,Organize beads per color,2026-01-29T07:15:37Z,True,4
SKILL_001_20260129_071325,l_aguilera,1.35,SKILL_001,0.75,Organize beads per color,2026-01-29T07:13:25Z,False,4
SKILL_013_20260129_091235,c_becerra,836.36,SKILL_013,179.74,Set up a hand lamp,2026-01-29T09:12:35Z,True,4
SKILL_012_20260129_090901,c_becerra,565.95,SKILL_012,130.74,Put pasta in jars,2026-01-29T09:09:01Z,True,4
SKILL_012_20260129_090551,c_becerra,707.48,SKILL_012,158.82,Put pasta in jars,2026-01-29T09:05:51Z,True,4
SKILL_005_20260129_124621,n_mora,268.47,SKILL_005,59.85,Insert allen keys in package,2026-01-29T12:46:21Z,False,5
SKILL_005_20260129_101424,e_martinez,755.17,SKILL_005,165.14,Insert allen keys in package,2026-01-29T10:14:24Z,True,5
SKILL_005_20260129_101141,e_martinez,227.74,SKILL_005,51.03,Insert allen keys in package,2026-01-29T10:11:41Z,False,5
SKILL_005_20260129_100855,e_martinez,457.71,SKILL_005,97.66,Insert allen keys in package,2026-01-29T10:08:55Z,True,5
SKILL_003_20260129_100122,e_martinez,1217.82,SKILL_003,251.44,Organize screwdriver bits,2026-01-29T10:01:22Z,True,5
SKILL_003_20260129_095920,e_martinez,94.6,SKILL_003,23.29,Organize screwdriver bits,2026-01-29T09:59:20Z,False,5
SKILL_003_20260129_095334,e_martinez,192.0,SKILL_003,43.82,Organize screwdriver bits,2026-01-29T09:53:34Z,False,5
SKILL_003_20260129_094614,e_martinez,78.94,SKILL_003,16.02,Organize screwdriver bits,2026-01-29T09:46:14Z,False,5
SKILL_003_20260129_094526,e_martinez,242.1,SKILL_003,46.67,Organize screwdriver bits,2026-01-29T09:45:26Z,False,5
SKILL_003_20260129_094011,e_martinez,1594.71,SKILL_003,311.93,Organize screwdriver bits,2026-01-29T09:40:11Z,True,5
SKILL_003_20260129_075814,c_becerra,722.73,SKILL_003,177.58,Organize screwdriver bits,2026-01-29T07:58:14Z,True,5
SKILL_003_20260129_075647,c_becerra,13.31,SKILL_003,4.57,Organize screwdriver bits,2026-01-29T07:56:47Z,False,5
SKILL_003_20260129_075323,c_becerra,816.85,SKILL_003,198.23,Organize screwdriver bits,2026-01-29T07:53:23Z,True,5
SKILL_003_20260129_074551,c_becerra,911.36,SKILL_003,227.66,Organize screwdriver bits,2026-01-29T07:45:51Z,True,5
SKILL_001_20260129_081400,c_becerra,2569.58,SKILL_001,581.72,Organize beads per color,2026-01-29T08:14:00Z,True,5
SKILL_015_20260129_093254,l_aguilera,926.16,SKILL_015,199.81,Thread a needle,2026-01-29T09:32:54Z,True,4
SKILL_014_20260129_092612,c_becerra,1173.21,SKILL_014,256.37,Fasten nuts onto bolts,2026-01-29T09:26:12Z,True,4
SKILL_013_20260129_092036,c_becerra,443.72,SKILL_013,96.22,Set up a hand lamp,2026-01-29T09:20:36Z,True,4
SKILL_013_20260129_090851,l_aguilera,817.9,SKILL_013,212.02,Set up a hand lamp,2026-01-29T09:08:51Z,True,5
SKILL_013_20260129_090207,l_aguilera,840.91,SKILL_013,216.58,Set up a hand lamp,2026-01-29T09:02:07Z,True,5
SKILL_013_20260129_081012,c_becerra,850.24,SKILL_013,167.62,Set up a hand lamp,2026-01-29T08:10:12Z,True,5
SKILL_013_20260129_080516,c_becerra,1110.01,SKILL_013,222.17,Set up a hand lamp,2026-01-29T08:05:16Z,True,5
SKILL_010_20260129_102946,e_martinez,8.65,SKILL_010,2.29,Package earphones,2026-01-29T10:29:46Z,False,5
SKILL_010_20260129_102517,e_martinez,1437.81,SKILL_010,267.06,Package earphones,2026-01-29T10:25:17Z,True,5
SKILL_010_20260129_101823,e_martinez,940.47,SKILL_010,173.74,Package earphones,2026-01-29T10:18:23Z,True,5
SKILL_009_20260129_133206,c_becerra,768.43,SKILL_009,227.61,Package Cotton set,2026-01-29T13:32:06Z,True,5
SKILL_009_20260129_132019,c_becerra,853.86,SKILL_009,251.06,Package Cotton set,2026-01-29T13:20:19Z,True,5
SKILL_009_20260129_120557,n_mora,709.91,SKILL_009,184.11,Package Cotton set,2026-01-29T12:05:57Z,True,5
SKILL_009_20260129_112418,n_mora,536.71,SKILL_009,137.56,Package Cotton set,2026-01-29T11:24:18Z,True,5
SKILL_009_20260129_111929,n_mora,833.27,SKILL_009,202.06,Package Cotton set,2026-01-29T11:19:29Z,True,5
SKILL_009_20260129_105617,e_martinez,702.03,SKILL_009,198.61,Package Cotton set,2026-01-29T10:56:17Z,True,5
SKILL_009_20260129_074024,c_becerra,1042.53,SKILL_009,261.64,Package Cotton set,2026-01-29T07:40:24Z,True,5
SKILL_009_20260129_073501,c_becerra,1094.21,SKILL_009,277.11,Package Cotton set,2026-01-29T07:35:01Z,True,5
SKILL_005_20260129_124901,n_mora,680.3,SKILL_005,166.27,Insert allen keys in package,2026-01-29T12:49:01Z,True,5
SKILL_009_20260129_111418,n_mora,937.28,SKILL_009,244.9,Package Cotton set,2026-01-29T11:14:18Z,True,5
SKILL_016_20260129_091621,l_aguilera,215.02,SKILL_016,59.53,Package a sewing set,2026-01-29T09:16:21Z,False,5
SKILL_016_20260129_091431,l_aguilera,237.47,SKILL_016,69.38,Package a sewing set,2026-01-29T09:14:31Z,False,5
SKILL_013_20260129_125600,n_mora,245.57,SKILL_013,56.87,Set up a hand lamp,2026-01-29T12:56:00Z,False,5
SKILL_013_20260129_125243,n_mora,620.79,SKILL_013,155.36,Set up a hand lamp,2026-01-29T12:52:43Z,True,5
SKILL_013_20260129_122239,n_mora,794.76,SKILL_013,168.27,Set up a hand lamp,2026-01-29T12:22:39Z,True,5
SKILL_013_20260129_121803,n_mora,1073.69,SKILL_013,212.78,Set up a hand lamp,2026-01-29T12:18:03Z,True,5
SKILL_013_20260129_121418,n_mora,576.11,SKILL_013,130.86,Set up a hand lamp,2026-01-29T12:14:18Z,True,5
SKILL_013_20260129_121107,n_mora,519.31,SKILL_013,118.44,Set up a hand lamp,2026-01-29T12:11:07Z,True,5
SKILL_020_20260129_082758,c_becerra,313.39,SKILL_020,90.09,Open locks with their keys,2026-01-29T08:27:58Z,False,5
SKILL_020_20260129_082554,c_becerra,351.6,SKILL_020,81.25,Open locks with their keys,2026-01-29T08:25:54Z,False,5
SKILL_019_20260129_135110,c_becerra,744.42,SKILL_019,198.97,Put pasta in plastic containers,2026-01-29T13:51:10Z,True,5
SKILL_019_20260129_134510,c_becerra,905.6,SKILL_019,212.97,Put pasta in plastic containers,2026-01-29T13:45:10Z,True,5
SKILL_019_20260129_133640,c_becerra,698.1,SKILL_019,176.75,Put pasta in plastic containers,2026-01-29T13:36:40Z,True,5
SKILL_019_20260129_103743,e_martinez,1186.51,SKILL_019,262.84,Put pasta in plastic containers,2026-01-29T10:37:43Z,True,5
SKILL_019_20260129_103212,e_martinez,1170.51,SKILL_019,258.8,Put pasta in plastic containers,2026-01-29T10:32:12Z,True,5
SKILL_019_20260129_084000,l_aguilera,810.17,SKILL_019,205.09,Put pasta in plastic containers,2026-01-29T08:40:00Z,True,5
SKILL_019_20260129_083506,l_aguilera,1052.51,SKILL_019,259.35,Put pasta in plastic containers,2026-01-29T08:35:06Z,True,5
SKILL_016_20260129_092612,l_aguilera,684.54,SKILL_016,173.42,Package a sewing set,2026-01-29T09:26:12Z,True,5
SKILL_016_20260129_092439,l_aguilera,147.21,SKILL_016,42.89,Package a sewing set,2026-01-29T09:24:39Z,False,5
SKILL_016_20260129_092057,l_aguilera,664.4,SKILL_016,178.95,Package a sewing set,2026-01-29T09:20:57Z,True,5
SKILL_016_20260129_091909,l_aguilera,245.91,SKILL_016,62.81,Package a sewing set,2026-01-29T09:19:09Z,False,5
SKILL_004_20260130_071743,d_vargas,526.32,SKILL_004,122.38,Set Screwdriver package,2026-01-30T07:17:43Z,True,1
SKILL_004_20260130_071449,d_vargas,610.75,SKILL_004,139.7,Set Screwdriver package,2026-01-30T07:14:49Z,True,1
SKILL_004_20260130_071432,d_vargas,7.4,SKILL_004,3.39,Set Screwdriver package,2026-01-30T07:14:32Z,False,1
SKILL_004_20260130_071231,d_vargas,521.34,SKILL_004,120.68,Set Screwdriver package,2026-01-30T07:12:31Z,True,1
SKILL_003_20260130_121402,d_vargas,9715.52,SKILL_003,273.86,Organize screwdriver bits,2026-01-30T12:14:02Z,True,1
SKILL_003_20260130_120742,d_vargas,11194.13,SKILL_003,326.71,Organize screwdriver bits,2026-01-30T12:07:42Z,True,1
SKILL_001_20260130_112414,d_vargas,1568.71,SKILL_001,296.4,Organize beads per color,2026-01-30T11:24:14Z,True,1
SKILL_020_20260129_123704,n_mora,661.59,SKILL_020,138.33,Open locks with their keys,2026-01-29T12:37:04Z,True,5
SKILL_020_20260129_123135,n_mora,433.17,SKILL_020,93.18,Open locks with their keys,2026-01-29T12:31:35Z,True,5
SKILL_020_20260129_105134,e_martinez,411.43,SKILL_020,113.54,Open locks with their keys,2026-01-29T10:51:34Z,True,5
SKILL_020_20260129_104927,e_martinez,315.87,SKILL_020,91.04,Open locks with their keys,2026-01-29T10:49:27Z,True,5
SKILL_020_20260129_104653,e_martinez,220.98,SKILL_020,57.46,Open locks with their keys,2026-01-29T10:46:53Z,False,5
SKILL_020_20260129_085729,l_aguilera,410.45,SKILL_020,117.79,Open locks with their keys,2026-01-29T08:57:29Z,True,5
SKILL_020_20260129_084825,l_aguilera,434.71,SKILL_020,112.7,Open locks with their keys,2026-01-29T08:48:25Z,True,5
SKILL_020_20260129_084554,l_aguilera,413.57,SKILL_020,106.03,Open locks with their keys,2026-01-29T08:45:54Z,True,5
SKILL_020_20260129_084510,l_aguilera,20.6,SKILL_020,7.46,Open locks with their keys,2026-01-29T08:45:10Z,False,5
SKILL_005_20260130_141743,d_vargas,6584.38,SKILL_005,186.49,Insert allen keys in package,2026-01-30T14:17:43Z,True,2
SKILL_009_20260130_081454,e_martinez,22.51,SKILL_009,5.34,Package Cotton set,2026-01-30T08:14:54Z,False,2
SKILL_005_20260130_141414,d_vargas,5344.16,SKILL_005,152.34,Insert allen keys in package,2026-01-30T14:14:14Z,True,2
SKILL_005_20260130_141028,d_vargas,5437.58,SKILL_005,154.84,Insert allen keys in package,2026-01-30T14:10:28Z,True,2
SKILL_005_20260130_140950,d_vargas,197.37,SKILL_005,5.41,Insert allen keys in package,2026-01-30T14:09:50Z,False,2
SKILL_005_20260130_123024,n_mora,6036.02,SKILL_005,163.58,Insert allen keys in package,2026-01-30T12:30:24Z,True,2
SKILL_005_20260130_121911,n_mora,7664.05,SKILL_005,209.08,Insert allen keys in package,2026-01-30T12:19:11Z,True,2
SKILL_004_20260130_121703,n_mora,2966.75,SKILL_004,80.62,Set Screwdriver package,2026-01-30T12:17:03Z,False,2
SKILL_004_20260130_121400,n_mora,3820.87,SKILL_004,103.17,Set Screwdriver package,2026-01-30T12:14:00Z,True,2
SKILL_004_20260130_112000,n_mora,513.84,SKILL_004,105.03,Set Screwdriver package,2026-01-30T11:20:00Z,True,2
SKILL_004_20260130_111742,n_mora,519.05,SKILL_004,106.59,Set Screwdriver package,2026-01-30T11:17:42Z,True,2
SKILL_004_20260130_112145,n_mora,0.02,SKILL_004,0.53,Set Screwdriver package,2026-01-30T11:21:45Z,False,2
SKILL_005_20260130_073318,d_vargas,955.62,SKILL_005,215.02,Insert allen keys in package,2026-01-30T07:33:18Z,True,1
SKILL_003_20260130_143937,n_mora,3987.97,SKILL_003,106.8,Organize screwdriver bits,2026-01-30T14:39:37Z,True,2
SKILL_003_20260130_124556,n_mora,9412.82,SKILL_003,253.88,Organize screwdriver bits,2026-01-30T12:45:56Z,True,2
SKILL_003_20260130_144136,n_mora,2863.15,SKILL_003,76.41,Organize screwdriver bits,2026-01-30T14:41:36Z,False,2
SKILL_005_20260130_072949,d_vargas,771.34,SKILL_005,175.97,Insert allen keys in package,2026-01-30T07:29:49Z,True,1
SKILL_005_20260130_072620,d_vargas,780.74,SKILL_005,179.96,Insert allen keys in package,2026-01-30T07:26:20Z,True,1
SKILL_004_20260130_072241,d_vargas,363.41,SKILL_004,85.51,Set Screwdriver package,2026-01-30T07:22:41Z,False,1
SKILL_004_20260130_072018,d_vargas,473.56,SKILL_004,111.94,Set Screwdriver package,2026-01-30T07:20:18Z,True,1
SKILL_013_20260130_074007,e_martinez,572.12,SKILL_013,114.19,Set up a hand lamp,2026-01-30T07:40:07Z,True,2
SKILL_009_20260130_143345,d_vargas,8897.93,SKILL_009,240.2,Package Cotton set,2026-01-30T14:33:45Z,True,2
SKILL_009_20260130_143326,d_vargas,112.24,SKILL_009,3.04,Package Cotton set,2026-01-30T14:33:26Z,False,2
SKILL_009_20260130_104929,n_mora,1000.7,SKILL_009,216.21,Package Cotton set,2026-01-30T10:49:29Z,True,2
SKILL_009_20260130_104825,n_mora,131.92,SKILL_009,29.22,Package Cotton set,2026-01-30T10:48:25Z,False,2
SKILL_009_20260130_082744,e_martinez,16.83,SKILL_009,9.45,Package Cotton set,2026-01-30T08:27:44Z,False,2
SKILL_009_20260130_082650,e_martinez,3.41,SKILL_009,2.49,Package Cotton set,2026-01-30T08:26:50Z,False,2
SKILL_009_20260130_082516,e_martinez,218.36,SKILL_009,45.44,Package Cotton set,2026-01-30T08:25:16Z,False,2
SKILL_009_20260130_081928,e_martinez,1390.69,SKILL_009,284.12,Package Cotton set,2026-01-30T08:19:28Z,True,2
SKILL_020_20260130_101827,e_martinez,242.21,SKILL_020,52.81,Open locks with their keys,2026-01-30T10:18:27Z,False,2
SKILL_020_20260130_101613,e_martinez,321.9,SKILL_020,68.65,Open locks with their keys,2026-01-30T10:16:13Z,False,2
SKILL_020_20260130_073943,e_martinez,14.05,SKILL_020,2.8,Open locks with their keys,2026-01-30T07:39:43Z,False,2
SKILL_020_20260130_073617,e_martinez,464.63,SKILL_020,94.63,Open locks with their keys,2026-01-30T07:36:17Z,True,2
SKILL_019_20260130_125224,n_mora,8165.91,SKILL_019,217.08,Put pasta in plastic containers,2026-01-30T12:52:24Z,True,2
SKILL_019_20260130_111033,n_mora,983.32,SKILL_019,212.99,Put pasta in plastic containers,2026-01-30T11:10:33Z,True,2
SKILL_019_20260130_110604,n_mora,879.57,SKILL_019,190.41,Put pasta in plastic containers,2026-01-30T11:06:04Z,True,2
SKILL_013_20260130_142935,d_vargas,4364.88,SKILL_013,117.73,Set up a hand lamp,2026-01-30T14:29:35Z,True,2
SKILL_013_20260130_142608,d_vargas,4179.06,SKILL_013,112.42,Set up a hand lamp,2026-01-30T14:26:08Z,True,2
SKILL_013_20260130_142202,d_vargas,3809.12,SKILL_013,103.86,Set up a hand lamp,2026-01-30T14:22:02Z,True,2
SKILL_013_20260130_124251,n_mora,3989.12,SKILL_013,107.23,Set up a hand lamp,2026-01-30T12:42:51Z,True,2
SKILL_013_20260130_123959,n_mora,5286.06,SKILL_013,141.47,Set up a hand lamp,2026-01-30T12:39:59Z,True,2
SKILL_013_20260130_123438,n_mora,4389.57,SKILL_013,119.89,Set up a hand lamp,2026-01-30T12:34:38Z,True,2
SKILL_013_20260130_110233,n_mora,558.62,SKILL_013,121.05,Set up a hand lamp,2026-01-30T11:02:33Z,True,2
SKILL_013_20260130_105847,n_mora,735.23,SKILL_013,156.2,Set up a hand lamp,2026-01-30T10:58:47Z,True,2
SKILL_013_20260130_105444,n_mora,780.54,SKILL_013,167.12,Set up a hand lamp,2026-01-30T10:54:44Z,True,2
SKILL_013_20260130_075610,e_martinez,45.2,SKILL_013,20.57,Set up a hand lamp,2026-01-30T07:56:10Z,False,2
SKILL_013_20260130_075032,e_martinez,361.07,SKILL_013,77.18,Set up a hand lamp,2026-01-30T07:50:32Z,False,2
SKILL_013_20260130_074520,e_martinez,292.35,SKILL_013,65.93,Set up a hand lamp,2026-01-30T07:45:20Z,False,2
SKILL_001_20260130_145542,a_rodriguez,2009.84,SKILL_001,53.91,Organize beads per color,2026-01-30T14:55:42Z,False,3
SKILL_001_20260130_145541,a_rodriguez,31.14,SKILL_001,0.14,Organize beads per color,2026-01-30T14:55:41Z,False,3
SKILL_001_20260130_142204,a_rodriguez,0.06,SKILL_001,0.01,Organize beads per color,2026-01-30T14:22:04Z,False,3
SKILL_001_20260130_142202,a_rodriguez,0.67,SKILL_001,0.02,Organize beads per color,2026-01-30T14:22:02Z,False,3
SKILL_001_20260130_142201,a_rodriguez,7.56,SKILL_001,0.03,Organize beads per color,2026-01-30T14:22:02Z,False,3
SKILL_001_20260130_141246,a_rodriguez,19457.87,SKILL_001,542.34,Organize beads per color,2026-01-30T14:12:46Z,True,3
SKILL_001_20260130_124014,e_martinez,4833.8,SKILL_001,267.54,Organize beads per color,2026-01-30T12:40:14Z,True,3
SKILL_001_20260130_123904,e_martinez,113.98,SKILL_001,5.61,Organize beads per color,2026-01-30T12:39:06Z,False,3
SKILL_001_20260130_123035,e_martinez,10098.09,SKILL_001,507.15,Organize beads per color,2026-01-30T12:30:37Z,True,3
SKILL_001_20260130_121112,c_becerra,25418.49,SKILL_001,758.87,Organize beads per color,2026-01-30T12:11:12Z,True,3
SKILL_001_20260130_071851,n_mora,1941.0,SKILL_001,368.78,Organize beads per color,2026-01-30T07:18:51Z,True,3
SKILL_001_20260130_071257,n_mora,373.58,SKILL_001,78.0,Organize beads per color,2026-01-30T07:12:57Z,False,3
SKILL_020_20260130_145117,n_mora,2356.06,SKILL_020,63.53,Open locks with their keys,2026-01-30T14:51:17Z,False,2
SKILL_020_20260130_144400,n_mora,4276.48,SKILL_020,115.4,Open locks with their keys,2026-01-30T14:44:00Z,True,2
SKILL_020_20260130_135540,a_rodriguez,6703.75,SKILL_020,184.92,Open locks with their keys,2026-01-30T13:55:41Z,True,2
SKILL_020_20260130_135058,a_rodriguez,2965.41,SKILL_020,85.05,Open locks with their keys,2026-01-30T13:50:58Z,False,2
SKILL_020_20260130_102808,e_martinez,1162.58,SKILL_020,250.93,Open locks with their keys,2026-01-30T10:28:08Z,True,2
SKILL_020_20260130_102330,e_martinez,992.35,SKILL_020,210.06,Open locks with their keys,2026-01-30T10:23:30Z,True,2
SKILL_020_20260130_102013,e_martinez,364.9,SKILL_020,76.01,Open locks with their keys,2026-01-30T10:20:13Z,False,2
SKILL_004_20260130_132228,l_aguilera,7850.92,SKILL_004,208.26,Set Screwdriver package,2026-01-30T13:22:28Z,True,3
SKILL_004_20260130_131656,l_aguilera,8392.25,SKILL_004,222.08,Set Screwdriver package,2026-01-30T13:16:56Z,True,3
SKILL_004_20260130_131354,l_aguilera,2816.08,SKILL_004,74.72,Set Screwdriver package,2026-01-30T13:13:54Z,False,3
SKILL_004_20260130_130818,a_rodriguez,939.63,SKILL_004,26.42,Set Screwdriver package,2026-01-30T13:08:19Z,False,3
SKILL_004_20260130_130613,a_rodriguez,979.32,SKILL_004,25.35,Set Screwdriver package,2026-01-30T13:06:14Z,False,3
SKILL_004_20260130_124731,c_becerra,9177.1,SKILL_004,239.9,Set Screwdriver package,2026-01-30T12:47:31Z,True,3
SKILL_004_20260130_074411,n_mora,575.91,SKILL_004,120.77,Set Screwdriver package,2026-01-30T07:44:11Z,True,3
SKILL_004_20260130_074136,n_mora,629.75,SKILL_004,132.51,Set Screwdriver package,2026-01-30T07:41:36Z,True,3
SKILL_004_20260130_073920,n_mora,474.07,SKILL_004,103.61,Set Screwdriver package,2026-01-30T07:39:20Z,True,3
SKILL_004_20260130_073506,l_aguilera,3834.13,SKILL_004,109.51,Set Screwdriver package,2026-01-30T07:35:06Z,True,3
SKILL_004_20260130_072757,l_aguilera,3815.57,SKILL_004,101.44,Set Screwdriver package,2026-01-30T07:27:58Z,True,3
SKILL_004_20260130_072604,l_aguilera,3589.04,SKILL_004,94.74,Set Screwdriver package,2026-01-30T07:26:04Z,True,3
SKILL_003_20260130_123251,c_becerra,21173.84,SKILL_003,579.8,Organize screwdriver bits,2026-01-30T12:32:52Z,True,3
SKILL_003_20260130_125054,a_rodriguez,16138.74,SKILL_003,448.35,Organize screwdriver bits,2026-01-30T12:50:54Z,True,3
SKILL_003_20260130_072144,l_aguilera,6578.63,SKILL_003,175.82,Organize screwdriver bits,2026-01-30T07:21:44Z,True,3
SKILL_003_20260130_073448,n_mora,642.13,SKILL_003,149.38,Organize screwdriver bits,2026-01-30T07:34:48Z,True,3
SKILL_003_20260130_072730,n_mora,73.81,SKILL_003,20.16,Organize screwdriver bits,2026-01-30T07:27:30Z,False,3
SKILL_003_20260130_071804,l_aguilera,5046.94,SKILL_003,183.58,Organize screwdriver bits,2026-01-30T07:18:04Z,True,3
SKILL_003_20260130_071330,l_aguilera,8707.31,SKILL_003,236.47,Organize screwdriver bits,2026-01-30T07:13:31Z,True,3
SKILL_005_20260130_073936,l_aguilera,4908.99,SKILL_005,128.97,Insert allen keys in package,2026-01-30T07:39:37Z,True,3
SKILL_011_20260130_092346,n_mora,574.76,SKILL_011,125.51,Package plastic ice cubes,2026-01-30T09:23:46Z,True,3
SKILL_010_20260130_134552,d_vargas,5820.59,SKILL_010,162.83,Package earphones,2026-01-30T13:45:52Z,True,3
SKILL_011_20260130_091802,n_mora,998.5,SKILL_011,222.52,Package plastic ice cubes,2026-01-30T09:18:02Z,True,3
SKILL_010_20260130_083025,l_aguilera,7843.05,SKILL_010,208.23,Package earphones,2026-01-30T08:30:25Z,True,3
SKILL_010_20260130_084427,n_mora,475.28,SKILL_010,105.18,Package earphones,2026-01-30T08:44:28Z,True,3
SKILL_010_20260130_083815,n_mora,1437.29,SKILL_010,325.66,Package earphones,2026-01-30T08:38:15Z,True,3
SKILL_010_20260130_082618,l_aguilera,6529.98,SKILL_010,175.91,Package earphones,2026-01-30T08:26:18Z,True,3
SKILL_009_20260130_133149,l_aguilera,10633.7,SKILL_009,280.68,Package Cotton set,2026-01-30T13:31:50Z,True,3
SKILL_009_20260130_082336,n_mora,2479.05,SKILL_009,543.23,Package Cotton set,2026-01-30T08:23:36Z,True,3
SKILL_009_20260130_081428,l_aguilera,5673.74,SKILL_009,154.71,Package Cotton set,2026-01-30T08:14:28Z,True,3
SKILL_007_20260130_075001,l_aguilera,18666.08,SKILL_007,484.46,Separate tongue depressors by color,2026-01-30T07:50:01Z,True,3
SKILL_005_20260130_081206,n_mora,2259.94,SKILL_005,449.0,Insert allen keys in package,2026-01-30T08:12:06Z,True,3
SKILL_005_20260130_080253,n_mora,1695.45,SKILL_005,351.86,Insert allen keys in package,2026-01-30T08:02:53Z,True,3
SKILL_005_20260130_075804,n_mora,266.81,SKILL_005,63.75,Insert allen keys in package,2026-01-30T07:58:04Z,False,3
SKILL_005_20260130_075436,n_mora,807.93,SKILL_005,183.52,Insert allen keys in package,2026-01-30T07:54:36Z,True,3
SKILL_005_20260130_075000,n_mora,930.56,SKILL_005,214.68,Insert allen keys in package,2026-01-30T07:50:00Z,True,3
SKILL_005_20260130_074227,l_aguilera,6246.49,SKILL_005,179.77,Insert allen keys in package,2026-01-30T07:42:27Z,True,3
SKILL_016_20260130_093128,l_aguilera,5446.17,SKILL_016,142.16,Package a sewing set,2026-01-30T09:31:29Z,True,3
SKILL_015_20260130_101539,n_mora,353.33,SKILL_015,71.53,Thread a needle,2026-01-30T10:15:39Z,False,3
SKILL_015_20260130_101235,n_mora,728.49,SKILL_015,148.95,Thread a needle,2026-01-30T10:12:35Z,True,3
SKILL_015_20260130_095132,n_mora,1210.54,SKILL_015,247.28,Thread a needle,2026-01-30T09:51:32Z,True,3
SKILL_015_20260130_092347,l_aguilera,6792.52,SKILL_015,183.04,Thread a needle,2026-01-30T09:23:47Z,True,3
SKILL_015_20260130_091944,l_aguilera,7166.75,SKILL_015,193.1,Thread a needle,2026-01-30T09:19:44Z,True,3
SKILL_015_20260130_091246,l_aguilera,7559.21,SKILL_015,211.37,Thread a needle,2026-01-30T09:12:46Z,True,3
SKILL_014_20260130_094059,n_mora,2066.1,SKILL_014,448.31,Fasten nuts onto bolts,2026-01-30T09:40:59Z,True,3
SKILL_014_20260130_090650,l_aguilera,5039.69,SKILL_014,143.15,Fasten nuts onto bolts,2026-01-30T09:06:50Z,True,3
SKILL_014_20260130_085818,l_aguilera,10197.21,SKILL_014,319.22,Fasten nuts onto bolts,2026-01-30T08:58:19Z,True,3
SKILL_013_20260130_084957,l_aguilera,6546.34,SKILL_013,185.96,Set up a hand lamp,2026-01-30T08:49:57Z,True,3
SKILL_012_20260130_090605,n_mora,641.07,SKILL_012,137.41,Put pasta in jars,2026-01-30T09:06:05Z,True,3
SKILL_012_20260130_090259,n_mora,747.6,SKILL_012,158.02,Put pasta in jars,2026-01-30T09:02:59Z,True,3
SKILL_012_20260130_085524,n_mora,783.94,SKILL_012,166.23,Put pasta in jars,2026-01-30T08:55:24Z,True,3
SKILL_012_20260130_085229,n_mora,377.83,SKILL_012,78.87,Put pasta in jars,2026-01-30T08:52:29Z,False,3
SKILL_012_20260130_084925,n_mora,631.71,SKILL_012,133.15,Put pasta in jars,2026-01-30T08:49:25Z,True,3
SKILL_012_20260130_084346,l_aguilera,3053.29,SKILL_012,82.49,Put pasta in jars,2026-01-30T08:43:46Z,False,3
SKILL_012_20260130_084110,l_aguilera,4398.03,SKILL_012,119.56,Put pasta in jars,2026-01-30T08:41:10Z,True,3
SKILL_012_20260130_083809,l_aguilera,5444.62,SKILL_012,146.76,Put pasta in jars,2026-01-30T08:38:09Z,True,3
SKILL_019_20260130_104423,e_martinez,918.9,SKILL_019,206.14,Put pasta in plastic containers,2026-01-30T10:44:23Z,True,3
SKILL_019_20260130_104001,e_martinez,950.82,SKILL_019,206.96,Put pasta in plastic containers,2026-01-30T10:40:01Z,True,3
SKILL_019_20260130_103037,l_aguilera,6285.81,SKILL_019,167.28,Put pasta in plastic containers,2026-01-30T10:30:37Z,True,3
SKILL_019_20260130_102741,l_aguilera,3972.11,SKILL_019,129.67,Put pasta in plastic containers,2026-01-30T10:27:41Z,True,3
SKILL_019_20260130_102336,l_aguilera,7528.05,SKILL_019,207.25,Put pasta in plastic containers,2026-01-30T10:23:36Z,True,3
SKILL_018_20260130_103029,e_martinez,879.37,SKILL_018,191.11,Close bags with twist ties,2026-01-30T10:30:29Z,True,3
SKILL_018_20260130_102354,e_martinez,815.5,SKILL_018,180.71,Close bags with twist ties,2026-01-30T10:23:54Z,True,3
SKILL_018_20260130_101905,l_aguilera,6628.39,SKILL_018,179.17,Close bags with twist ties,2026-01-30T10:19:05Z,True,3
SKILL_017_20260130_101729,n_mora,710.62,SKILL_017,144.32,Put pasta in ziploc bags,2026-01-30T10:17:29Z,True,3
SKILL_017_20260130_101330,l_aguilera,6871.08,SKILL_017,183.22,Put pasta in ziploc bags,2026-01-30T10:13:30Z,True,3
SKILL_017_20260130_100145,l_aguilera,9145.59,SKILL_017,251.73,Put pasta in ziploc bags,2026-01-30T10:01:45Z,True,3
SKILL_017_20260130_095903,l_aguilera,564.22,SKILL_017,14.91,Put pasta in ziploc bags,2026-01-30T09:59:03Z,False,3
SKILL_017_20260130_095722,l_aguilera,1511.0,SKILL_017,41.13,Put pasta in ziploc bags,2026-01-30T09:57:22Z,False,3
SKILL_017_20260130_095136,l_aguilera,12447.94,SKILL_017,341.7,Put pasta in ziploc bags,2026-01-30T09:51:36Z,True,3
SKILL_016_20260130_095828,n_mora,630.65,SKILL_016,133.04,Package a sewing set,2026-01-30T09:58:28Z,True,3
SKILL_016_20260130_094659,l_aguilera,6760.57,SKILL_016,178.71,Package a sewing set,2026-01-30T09:46:59Z,True,3
SKILL_016_20260130_094355,l_aguilera,5153.82,SKILL_016,135.88,Package a sewing set,2026-01-30T09:43:55Z,True,3
SKILL_016_20260130_094033,l_aguilera,5598.28,SKILL_016,147.8,Package a sewing set,2026-01-30T09:40:33Z,True,3
SKILL_016_20260130_093451,l_aguilera,2654.83,SKILL_016,69.79,Package a sewing set,2026-01-30T09:34:51Z,False,3
SKILL_022_20260130_105740,e_martinez,318.01,SKILL_022,73.0,Build Up Box (Regular ECT),2026-01-30T10:57:40Z,False,3
SKILL_022_20260130_105604,c_becerra,1837.58,SKILL_022,50.39,Build Up Box (Regular ECT),2026-01-30T10:56:04Z,False,3
SKILL_022_20260130_105446,c_becerra,1930.65,SKILL_022,55.69,Build Up Box (Regular ECT),2026-01-30T10:54:46Z,False,3
SKILL_022_20260130_105322,c_becerra,2277.46,SKILL_022,64.84,Build Up Box (Regular ECT),2026-01-30T10:53:22Z,False,3
SKILL_021_20260130_105505,e_martinez,422.57,SKILL_021,87.76,Build Up Box (Mailer),2026-01-30T10:55:05Z,False,3
SKILL_021_20260130_105120,c_becerra,2398.69,SKILL_021,67.68,Build Up Box (Mailer),2026-01-30T10:51:22Z,False,3
SKILL_021_20260130_104903,c_becerra,4067.98,SKILL_021,115.25,Build Up Box (Mailer),2026-01-30T10:49:03Z,True,3
SKILL_021_20260130_104400,c_becerra,8749.52,SKILL_021,250.02,Build Up Box (Mailer),2026-01-30T10:44:00Z,True,3
SKILL_004_20260130_145447,c_becerra,3991.7,SKILL_004,109.79,Set Screwdriver package,2026-01-30T14:54:48Z,True,4
SKILL_024_20260130_121429,e_martinez,2989.77,SKILL_024,125.86,Put hooks on shower courtain,2026-01-30T12:14:30Z,True,3
SKILL_024_20260130_121240,e_martinez,259.53,SKILL_024,10.09,Put hooks on shower courtain,2026-01-30T12:12:41Z,False,3
SKILL_024_20260130_121029,e_martinez,311.14,SKILL_024,9.9,Put hooks on shower courtain,2026-01-30T12:10:30Z,False,3
SKILL_024_20260130_120800,e_martinez,1217.93,SKILL_024,43.22,Put hooks on shower courtain,2026-01-30T12:08:02Z,False,3
SKILL_024_20260130_120607,e_martinez,956.07,SKILL_024,39.05,Put hooks on shower courtain,2026-01-30T12:06:08Z,False,3
SKILL_024_20260130_112647,e_martinez,662.26,SKILL_024,147.05,Put hooks on shower courtain,2026-01-30T11:26:47Z,True,3
SKILL_024_20260130_112244,e_martinez,648.94,SKILL_024,143.65,Put hooks on shower courtain,2026-01-30T11:22:44Z,True,3
SKILL_023_20260130_111838,e_martinez,705.96,SKILL_023,154.99,Built up box (Present),2026-01-30T11:18:38Z,True,3
SKILL_023_20260130_111811,c_becerra,4046.58,SKILL_023,162.39,Built up box (Present),2026-01-30T11:18:11Z,True,3
SKILL_023_20260130_111403,c_becerra,5673.12,SKILL_023,157.33,Built up box (Present),2026-01-30T11:14:03Z,True,3
SKILL_023_20260130_111323,e_martinez,894.54,SKILL_023,186.41,Built up box (Present),2026-01-30T11:13:23Z,True,3
SKILL_023_20260130_110841,c_becerra,6285.82,SKILL_023,170.2,Built up box (Present),2026-01-30T11:08:41Z,True,3
SKILL_023_20260130_110407,c_becerra,4213.37,SKILL_023,130.25,Built up box (Present),2026-01-30T11:04:07Z,True,3
SKILL_023_20260130_110122,c_becerra,4706.87,SKILL_023,126.9,Built up box (Present),2026-01-30T11:01:22Z,True,3
SKILL_023_20260130_105828,c_becerra,5341.02,SKILL_023,144.76,Built up box (Present),2026-01-30T10:58:28Z,True,3
SKILL_022_20260130_110218,e_martinez,26.56,SKILL_022,6.47,Build Up Box (Regular ECT),2026-01-30T11:02:18Z,False,3
SKILL_022_20260130_110138,e_martinez,26.02,SKILL_022,5.13,Build Up Box (Regular ECT),2026-01-30T11:01:38Z,False,3
SKILL_022_20260130_110000,e_martinez,399.24,SKILL_022,95.16,Build Up Box (Regular ECT),2026-01-30T11:00:00Z,True,3
SKILL_009_20260130_135050,c_becerra,4098.07,SKILL_009,218.98,Package Cotton set,2026-01-30T13:50:51Z,True,5
SKILL_009_20260130_133951,c_becerra,4278.06,SKILL_009,232.73,Package Cotton set,2026-01-30T13:39:53Z,True,5
SKILL_009_20260130_131504,c_becerra,2383.36,SKILL_009,143.62,Package Cotton set,2026-01-30T13:15:05Z,True,5
SKILL_009_20260130_112021,l_aguilera,796.31,SKILL_009,214.96,Package Cotton set,2026-01-30T11:20:21Z,True,5
SKILL_009_20260130_111652,l_aguilera,668.04,SKILL_009,183.87,Package Cotton set,2026-01-30T11:16:52Z,True,5
SKILL_009_20260130_111049,l_aguilera,226.98,SKILL_009,60.99,Package Cotton set,2026-01-30T11:10:49Z,False,5
SKILL_009_20260130_111024,l_aguilera,5.96,SKILL_009,2.41,Package Cotton set,2026-01-30T11:10:24Z,False,5
SKILL_005_20260130_143549,l_aguilera,3112.28,SKILL_005,145.95,Insert allen keys in package,2026-01-30T14:35:50Z,True,5
SKILL_005_20260130_142815,l_aguilera,2506.81,SKILL_005,140.5,Insert allen keys in package,2026-01-30T14:28:15Z,True,5
SKILL_005_20260130_142451,l_aguilera,3573.62,SKILL_005,157.8,Insert allen keys in package,2026-01-30T14:24:51Z,True,5
SKILL_005_20260130_110340,l_aguilera,465.09,SKILL_005,127.06,Insert allen keys in package,2026-01-30T11:03:40Z,True,5
SKILL_005_20260130_110013,l_aguilera,577.24,SKILL_005,156.42,Insert allen keys in package,2026-01-30T11:00:13Z,True,5
SKILL_005_20260130_105715,l_aguilera,559.25,SKILL_005,154.58,Insert allen keys in package,2026-01-30T10:57:15Z,True,5
SKILL_005_20260130_105643,l_aguilera,12.75,SKILL_005,6.75,Insert allen keys in package,2026-01-30T10:56:43Z,False,5
SKILL_005_20260130_073926,c_becerra,1106.87,SKILL_005,224.78,Insert allen keys in package,2026-01-30T07:39:26Z,True,5
SKILL_003_20260130_123426,d_vargas,3088.74,SKILL_003,240.88,Organize screwdriver bits,2026-01-30T12:34:26Z,True,5
SKILL_003_20260130_122813,d_vargas,3571.45,SKILL_003,273.74,Organize screwdriver bits,2026-01-30T12:28:14Z,True,5
SKILL_003_20260130_103254,c_becerra,906.33,SKILL_003,226.87,Organize screwdriver bits,2026-01-30T10:32:54Z,True,5
SKILL_003_20260130_102901,c_becerra,665.12,SKILL_003,179.99,Organize screwdriver bits,2026-01-30T10:29:01Z,True,5
SKILL_020_20260130_105111,l_aguilera,402.88,SKILL_020,120.97,Open locks with their keys,2026-01-30T10:51:11Z,True,5
SKILL_020_20260130_104859,l_aguilera,296.36,SKILL_020,90.91,Open locks with their keys,2026-01-30T10:48:59Z,True,5
SKILL_020_20260130_104236,l_aguilera,39.21,SKILL_020,10.15,Open locks with their keys,2026-01-30T10:42:36Z,False,5
SKILL_020_20260130_080301,e_martinez,191.14,SKILL_020,49.65,Open locks with their keys,2026-01-30T08:03:01Z,False,5
SKILL_020_20260130_080105,e_martinez,185.27,SKILL_020,47.71,Open locks with their keys,2026-01-30T08:01:05Z,False,5
SKILL_020_20260130_080013,e_martinez,9.44,SKILL_020,2.73,Open locks with their keys,2026-01-30T08:00:13Z,False,5
SKILL_020_20260130_075841,e_martinez,265.07,SKILL_020,62.89,Open locks with their keys,2026-01-30T07:58:41Z,False,5
SKILL_020_20260130_075753,e_martinez,38.91,SKILL_020,9.48,Open locks with their keys,2026-01-30T07:57:53Z,False,5
SKILL_020_20260130_075027,c_becerra,438.16,SKILL_020,105.49,Open locks with their keys,2026-01-30T07:50:27Z,True,5
SKILL_014_20260130_121956,l_aguilera,3235.35,SKILL_014,178.71,Fasten nuts onto bolts,2026-01-30T12:19:56Z,True,5
SKILL_013_20260130_144650,l_aguilera,3075.48,SKILL_013,148.92,Set up a hand lamp,2026-01-30T14:46:52Z,True,5
SKILL_013_20260130_144104,l_aguilera,2936.36,SKILL_013,141.64,Set up a hand lamp,2026-01-30T14:41:04Z,True,5
SKILL_013_20260130_121540,l_aguilera,2630.3,SKILL_013,142.93,Set up a hand lamp,2026-01-30T12:15:40Z,True,5
SKILL_013_20260130_121058,l_aguilera,3707.37,SKILL_013,196.67,Set up a hand lamp,2026-01-30T12:10:59Z,True,5
SKILL_013_20260130_102533,c_becerra,461.92,SKILL_013,114.18,Set up a hand lamp,2026-01-30T10:25:33Z,True,5
SKILL_013_20260130_102311,c_becerra,305.19,SKILL_013,86.82,Set up a hand lamp,2026-01-30T10:23:11Z,False,5
SKILL_013_20260130_101914,c_becerra,666.11,SKILL_013,160.49,Set up a hand lamp,2026-01-30T10:19:14Z,True,5
SKILL_013_20260130_101413,c_becerra,957.7,SKILL_013,233.23,Set up a hand lamp,2026-01-30T10:14:13Z,True,5
SKILL_013_20260130_082516,c_becerra,861.17,SKILL_013,195.65,Set up a hand lamp,2026-01-30T08:25:16Z,True,5
SKILL_013_20260130_080645,e_martinez,385.58,SKILL_013,162.6,Set up a hand lamp,2026-01-30T08:06:45Z,True,5
SKILL_003_20260131_082201,e_martinez,11596.27,SKILL_003,321.41,Organize screwdriver bits,2026-01-31T08:22:01Z,True,2
SKILL_003_20260131_081543,e_martinez,11242.57,SKILL_003,310.79,Organize screwdriver bits,2026-01-31T08:15:43Z,True,2
SKILL_001_20260131_110618,n_mora,21480.75,SKILL_001,580.66,Organize beads per color,2026-01-31T11:06:18Z,True,2
SKILL_001_20260131_105432,n_mora,19214.78,SKILL_001,515.64,Organize beads per color,2026-01-31T10:54:33Z,True,2
SKILL_005_20260131_080904,c_becerra,2980.52,SKILL_005,85.12,Insert allen keys in package,2026-01-31T08:09:04Z,False,1
SKILL_005_20260131_080708,c_becerra,3313.7,SKILL_005,95.1,Insert allen keys in package,2026-01-31T08:07:08Z,True,1
SKILL_005_20260131_080305,c_becerra,3448.96,SKILL_005,113.22,Insert allen keys in package,2026-01-31T08:03:05Z,True,1
SKILL_001_20260131_081147,c_becerra,1880.74,SKILL_001,55.3,Organize beads per color,2026-01-31T08:11:47Z,False,1
SKILL_020_20260130_142150,l_aguilera,1590.64,SKILL_020,68.83,Open locks with their keys,2026-01-30T14:21:51Z,False,5
SKILL_020_20260130_141623,l_aguilera,1364.99,SKILL_020,78.3,Open locks with their keys,2026-01-30T14:16:23Z,False,5
SKILL_020_20260130_141415,l_aguilera,1443.54,SKILL_020,84.64,Open locks with their keys,2026-01-30T14:14:15Z,False,5
SKILL_020_20260130_141156,l_aguilera,1521.47,SKILL_020,83.46,Open locks with their keys,2026-01-30T14:11:57Z,False,5
SKILL_020_20260130_125514,d_vargas,2053.46,SKILL_020,104.73,Open locks with their keys,2026-01-30T12:55:14Z,True,5
SKILL_020_20260130_125447,d_vargas,161.81,SKILL_020,7.84,Open locks with their keys,2026-01-30T12:54:47Z,False,5
SKILL_020_20260130_125202,d_vargas,1944.05,SKILL_020,94.78,Open locks with their keys,2026-01-30T12:52:03Z,True,5
SKILL_020_20260130_124527,d_vargas,1049.97,SKILL_020,114.95,Open locks with their keys,2026-01-30T12:45:27Z,True,5
SKILL_020_20260130_124233,d_vargas,1288.18,SKILL_020,92.71,Open locks with their keys,2026-01-30T12:42:33Z,True,5
SKILL_020_20260130_124008,d_vargas,1222.77,SKILL_020,88.5,Open locks with their keys,2026-01-30T12:40:08Z,False,5
SKILL_020_20260130_105403,l_aguilera,326.01,SKILL_020,95.24,Open locks with their keys,2026-01-30T10:54:03Z,True,5
SKILL_009_20260131_093813,n_mora,12226.64,SKILL_009,342.13,Package Cotton set,2026-01-31T09:38:13Z,True,2
SKILL_009_20260131_075518,e_martinez,6377.69,SKILL_009,173.11,Package Cotton set,2026-01-31T07:55:18Z,True,2
SKILL_009_20260131_075119,e_martinez,6218.13,SKILL_009,168.24,Package Cotton set,2026-01-31T07:51:19Z,True,2
SKILL_009_20260131_074626,e_martinez,8955.6,SKILL_009,242.9,Package Cotton set,2026-01-31T07:46:26Z,True,2
SKILL_005_20260131_124510,e_martinez,5130.0,SKILL_005,148.03,Insert allen keys in package,2026-01-31T12:45:10Z,True,2
SKILL_005_20260131_124052,e_martinez,5885.12,SKILL_005,162.92,Insert allen keys in package,2026-01-31T12:40:52Z,True,2
SKILL_005_20260131_122910,e_martinez,245.14,SKILL_005,8.96,Insert allen keys in package,2026-01-31T12:29:11Z,False,2
SKILL_005_20260131_112235,n_mora,550.15,SKILL_005,14.87,Insert allen keys in package,2026-01-31T11:22:35Z,False,2
SKILL_005_20260131_112116,n_mora,2199.87,SKILL_005,60.86,Insert allen keys in package,2026-01-31T11:21:16Z,False,2
SKILL_005_20260131_085638,e_martinez,5635.38,SKILL_005,151.25,Insert allen keys in package,2026-01-31T08:56:38Z,True,2
SKILL_005_20260131_085235,e_martinez,6605.82,SKILL_005,178.36,Insert allen keys in package,2026-01-31T08:52:35Z,True,2
SKILL_005_20260131_084911,e_martinez,6432.86,SKILL_005,171.84,Insert allen keys in package,2026-01-31T08:49:12Z,True,2
SKILL_005_20260131_084248,e_martinez,6505.46,SKILL_005,186.77,Insert allen keys in package,2026-01-31T08:42:48Z,True,2
SKILL_005_20260131_072945,e_martinez,6146.95,SKILL_005,166.17,Insert allen keys in package,2026-01-31T07:29:45Z,True,2
SKILL_005_20260131_072616,e_martinez,6174.22,SKILL_005,166.19,Insert allen keys in package,2026-01-31T07:26:16Z,True,2
SKILL_005_20260131_072246,e_martinez,6913.12,SKILL_005,185.52,Insert allen keys in package,2026-01-31T07:22:47Z,True,2
SKILL_004_20260131_083911,e_martinez,2627.63,SKILL_004,75.71,Set Screwdriver package,2026-01-31T08:39:11Z,False,2
SKILL_004_20260131_083547,e_martinez,2776.45,SKILL_004,80.96,Set Screwdriver package,2026-01-31T08:35:47Z,False,2
SKILL_004_20260131_083317,e_martinez,3642.44,SKILL_004,108.17,Set Screwdriver package,2026-01-31T08:33:17Z,True,2
SKILL_013_20260131_100000,n_mora,5067.3,SKILL_013,137.67,Set up a hand lamp,2026-01-31T10:00:00Z,True,2
SKILL_013_20260131_074159,e_martinez,5942.64,SKILL_013,160.1,Set up a hand lamp,2026-01-31T07:41:59Z,True,2
SKILL_013_20260131_074053,e_martinez,1820.37,SKILL_013,50.15,Set up a hand lamp,2026-01-31T07:40:53Z,False,2
SKILL_013_20260131_073700,e_martinez,1513.54,SKILL_013,41.44,Set up a hand lamp,2026-01-31T07:37:00Z,False,2
SKILL_013_20260131_073425,e_martinez,1.85,SKILL_013,0.06,Set up a hand lamp,2026-01-31T07:34:25Z,False,2
SKILL_009_20260131_131037,e_martinez,79.69,SKILL_009,1.89,Package Cotton set,2026-01-31T13:10:37Z,False,2
SKILL_009_20260131_130522,e_martinez,4132.12,SKILL_009,121.21,Package Cotton set,2026-01-31T13:05:22Z,True,2
SKILL_009_20260131_130000,e_martinez,7110.07,SKILL_009,197.32,Package Cotton set,2026-01-31T13:00:00Z,True,2
SKILL_009_20260131_125301,e_martinez,2180.44,SKILL_009,58.59,Package Cotton set,2026-01-31T12:53:02Z,False,2
SKILL_009_20260131_095027,n_mora,15990.2,SKILL_009,436.0,Package Cotton set,2026-01-31T09:50:27Z,True,2
SKILL_009_20260131_094924,n_mora,149.36,SKILL_009,3.66,Package Cotton set,2026-01-31T09:49:24Z,False,2
SKILL_009_20260131_094355,n_mora,10.95,SKILL_009,0.08,Package Cotton set,2026-01-31T09:43:55Z,False,2
SKILL_003_20260131_073948,n_mora,1571.55,SKILL_003,44.55,Organize screwdriver bits,2026-01-31T07:39:48Z,False,3
SKILL_002_20260131_073608,n_mora,3960.56,SKILL_002,105.15,Organize beads per character,2026-01-31T07:36:08Z,True,3
SKILL_001_20260131_071537,n_mora,42322.91,SKILL_001,1147.41,Organize beads per color,2026-01-31T07:15:38Z,True,3
SKILL_020_20260131_121139,e_martinez,3289.62,SKILL_020,91.31,Open locks with their keys,2026-01-31T12:11:39Z,True,2
SKILL_020_20260131_120821,e_martinez,3865.95,SKILL_020,107.16,Open locks with their keys,2026-01-31T12:08:21Z,True,2
SKILL_020_20260131_120740,e_martinez,1070.68,SKILL_020,29.66,Open locks with their keys,2026-01-31T12:07:40Z,False,2
SKILL_019_20260131_121604,e_martinez,3449.65,SKILL_019,94.12,Put pasta in plastic containers,2026-01-31T12:16:05Z,True,2
SKILL_019_20260131_104459,n_mora,4894.96,SKILL_019,132.95,Put pasta in plastic containers,2026-01-31T10:44:59Z,True,2
SKILL_019_20260131_103933,n_mora,6588.13,SKILL_019,194.72,Put pasta in plastic containers,2026-01-31T10:39:33Z,True,2
SKILL_019_20260131_103440,n_mora,7646.96,SKILL_019,206.78,Put pasta in plastic containers,2026-01-31T10:34:40Z,True,2
SKILL_016_20260131_090942,e_martinez,1367.0,SKILL_016,37.0,Package a sewing set,2026-01-31T09:09:42Z,False,2
SKILL_016_20260131_090739,e_martinez,2291.39,SKILL_016,61.3,Package a sewing set,2026-01-31T09:07:39Z,False,2
SKILL_016_20260131_090624,e_martinez,1705.76,SKILL_016,45.48,Package a sewing set,2026-01-31T09:06:24Z,False,2
SKILL_014_20260131_101552,n_mora,12230.54,SKILL_014,331.61,Fasten nuts onto bolts,2026-01-31T10:15:53Z,True,2
SKILL_014_20260131_091052,e_martinez,14785.63,SKILL_014,406.74,Fasten nuts onto bolts,2026-01-31T09:10:52Z,True,2
SKILL_014_20260131_080618,e_martinez,14771.68,SKILL_014,413.74,Fasten nuts onto bolts,2026-01-31T08:06:18Z,True,2
SKILL_013_20260131_101051,n_mora,4631.4,SKILL_013,125.59,Set up a hand lamp,2026-01-31T10:10:51Z,True,2
SKILL_013_20260131_100659,n_mora,4519.58,SKILL_013,123.04,Set up a hand lamp,2026-01-31T10:06:59Z,True,2
SKILL_013_20260131_132823,c_becerra,7975.51,SKILL_013,221.39,Set up a hand lamp,2026-01-31T13:28:23Z,True,3
SKILL_013_20260131_132412,c_becerra,7371.2,SKILL_013,201.63,Set up a hand lamp,2026-01-31T13:24:12Z,True,3
SKILL_010_20260131_130541,c_becerra,10388.76,SKILL_010,281.96,Package earphones,2026-01-31T13:05:41Z,True,3
SKILL_010_20260131_125906,c_becerra,11412.3,SKILL_010,317.03,Package earphones,2026-01-31T12:59:06Z,True,3
SKILL_009_20260131_124626,c_becerra,23363.67,SKILL_009,664.71,Package Cotton set,2026-01-31T12:46:26Z,True,3
SKILL_007_20260131_123100,c_becerra,20956.14,SKILL_007,559.05,Separate tongue depressors by color,2026-01-31T12:31:00Z,True,3
SKILL_005_20260131_122623,c_becerra,7374.62,SKILL_005,200.05,Insert allen keys in package,2026-01-31T12:26:23Z,True,3
SKILL_005_20260131_122035,c_becerra,7886.66,SKILL_005,210.47,Insert allen keys in package,2026-01-31T12:20:35Z,True,3
SKILL_005_20260131_083959,n_mora,5751.58,SKILL_005,156.4,Insert allen keys in package,2026-01-31T08:39:59Z,True,3
SKILL_005_20260131_083412,n_mora,4643.41,SKILL_005,124.61,Insert allen keys in package,2026-01-31T08:34:12Z,True,3
SKILL_005_20260131_082731,n_mora,6828.47,SKILL_005,182.0,Insert allen keys in package,2026-01-31T08:27:31Z,True,3
SKILL_004_20260131_121726,c_becerra,5051.64,SKILL_004,132.99,Set Screwdriver package,2026-01-31T12:17:26Z,True,3
SKILL_004_20260131_120936,c_becerra,8729.96,SKILL_004,249.35,Set Screwdriver package,2026-01-31T12:09:37Z,True,3
SKILL_004_20260131_081654,n_mora,8012.96,SKILL_004,214.59,Set Screwdriver package,2026-01-31T08:16:54Z,True,3
SKILL_004_20260131_080947,n_mora,8230.92,SKILL_004,220.2,Set Screwdriver package,2026-01-31T08:09:47Z,True,3
SKILL_004_20260131_080509,n_mora,8463.74,SKILL_004,225.63,Set Screwdriver package,2026-01-31T08:05:09Z,True,3
SKILL_003_20260131_075524,n_mora,7342.48,SKILL_003,198.24,Organize screwdriver bits,2026-01-31T07:55:24Z,True,3
SKILL_003_20260131_074828,n_mora,8098.21,SKILL_003,217.24,Organize screwdriver bits,2026-01-31T07:48:29Z,True,3
SKILL_003_20260131_074227,n_mora,9157.59,SKILL_003,256.85,Organize screwdriver bits,2026-01-31T07:42:28Z,True,3
SKILL_003_20260131_071735,c_becerra,6884.77,SKILL_003,186.54,Organize screwdriver bits,2026-01-31T07:17:36Z,True,4
SKILL_003_20260131_071310,c_becerra,7272.96,SKILL_003,197.38,Organize screwdriver bits,2026-01-31T07:13:10Z,True,4
SKILL_002_20260131_143326,e_martinez,1034.85,SKILL_002,27.78,Organize beads per character,2026-01-31T14:33:26Z,False,4
SKILL_001_20260131_104336,e_martinez,18833.13,SKILL_001,515.8,Organize beads per color,2026-01-31T10:43:36Z,True,4
SKILL_018_20260131_131933,c_becerra,8413.61,SKILL_018,228.21,Close bags with twist ties,2026-01-31T13:19:33Z,True,3
SKILL_018_20260131_131600,c_becerra,6401.42,SKILL_018,172.89,Close bags with twist ties,2026-01-31T13:16:00Z,True,3
SKILL_018_20260131_131206,c_becerra,6784.43,SKILL_018,183.71,Close bags with twist ties,2026-01-31T13:12:06Z,True,3
SKILL_018_20260131_112533,d_vargas,3345.74,SKILL_018,91.06,Close bags with twist ties,2026-01-31T11:25:33Z,True,3
SKILL_018_20260131_111751,d_vargas,5402.68,SKILL_018,167.63,Close bags with twist ties,2026-01-31T11:17:51Z,True,3
SKILL_018_20260131_111358,d_vargas,5692.89,SKILL_018,164.75,Close bags with twist ties,2026-01-31T11:13:58Z,True,3
SKILL_017_20260131_110028,d_vargas,14798.62,SKILL_017,411.46,Put pasta in ziploc bags,2026-01-31T11:00:28Z,True,3
SKILL_015_20260131_135302,c_becerra,7483.9,SKILL_015,208.32,Thread a needle,2026-01-31T13:53:02Z,True,3
SKILL_015_20260131_105410,d_vargas,5632.1,SKILL_015,159.74,Thread a needle,2026-01-31T10:54:10Z,True,3
SKILL_015_20260131_105029,d_vargas,6736.46,SKILL_015,186.69,Thread a needle,2026-01-31T10:50:29Z,True,3
SKILL_015_20260131_104648,d_vargas,6459.32,SKILL_015,177.35,Thread a needle,2026-01-31T10:46:48Z,True,3
SKILL_014_20260131_133557,c_becerra,20395.41,SKILL_014,581.58,Fasten nuts onto bolts,2026-01-31T13:35:57Z,True,3
SKILL_014_20260131_104221,d_vargas,5912.76,SKILL_014,159.75,Fasten nuts onto bolts,2026-01-31T10:42:21Z,True,3
SKILL_014_20260131_103607,d_vargas,9185.22,SKILL_014,244.23,Fasten nuts onto bolts,2026-01-31T10:36:07Z,True,3
SKILL_013_20260131_133245,c_becerra,3316.97,SKILL_013,93.97,Set up a hand lamp,2026-01-31T13:32:45Z,True,3
SKILL_003_20260131_105726,e_martinez,7140.59,SKILL_003,228.99,Organize screwdriver bits,2026-01-31T10:57:27Z,True,4
SKILL_010_20260131_095153,d_vargas,1417.66,SKILL_010,46.08,Package earphones,2026-01-31T09:51:54Z,False,4
SKILL_010_20260131_094907,d_vargas,1089.22,SKILL_010,29.27,Package earphones,2026-01-31T09:49:08Z,False,4
SKILL_010_20260131_094255,d_vargas,8324.29,SKILL_010,233.4,Package earphones,2026-01-31T09:42:55Z,True,4
SKILL_009_20260131_123747,n_mora,6011.73,SKILL_009,162.54,Package Cotton set,2026-01-31T12:37:47Z,True,4
SKILL_009_20260131_123129,n_mora,11562.29,SKILL_009,312.92,Package Cotton set,2026-01-31T12:31:29Z,True,4
SKILL_007_20260131_122027,n_mora,15291.69,SKILL_007,406.89,Separate tongue depressors by color,2026-01-31T12:20:27Z,True,4
SKILL_007_20260131_121917,n_mora,1676.45,SKILL_007,44.77,Separate tongue depressors by color,2026-01-31T12:19:17Z,False,4
SKILL_007_20260131_085744,n_mora,15807.04,SKILL_007,420.31,Separate tongue depressors by color,2026-01-31T08:57:44Z,True,4
SKILL_005_20260131_121440,n_mora,5059.12,SKILL_005,172.5,Insert allen keys in package,2026-01-31T12:14:40Z,True,4
SKILL_005_20260131_121135,n_mora,4856.74,SKILL_005,133.59,Insert allen keys in package,2026-01-31T12:11:35Z,True,4
SKILL_005_20260131_120908,n_mora,4669.1,SKILL_005,126.1,Insert allen keys in package,2026-01-31T12:09:08Z,True,4
SKILL_005_20260131_120627,n_mora,5225.52,SKILL_005,141.24,Insert allen keys in package,2026-01-31T12:06:28Z,True,4
SKILL_005_20260131_085353,n_mora,5579.88,SKILL_005,149.96,Insert allen keys in package,2026-01-31T08:53:54Z,True,4
SKILL_004_20260131_111250,e_martinez,6237.71,SKILL_004,168.43,Set Screwdriver package,2026-01-31T11:12:51Z,True,4
SKILL_004_20260131_074830,c_becerra,3057.85,SKILL_004,83.18,Set Screwdriver package,2026-01-31T07:48:30Z,False,4
SKILL_004_20260131_074301,c_becerra,1868.78,SKILL_004,52.56,Set Screwdriver package,2026-01-31T07:43:02Z,False,4
SKILL_004_20260131_074003,c_becerra,435.64,SKILL_004,11.58,Set Screwdriver package,2026-01-31T07:40:03Z,False,4
SKILL_004_20260131_073651,c_becerra,1367.68,SKILL_004,36.62,Set Screwdriver package,2026-01-31T07:36:52Z,False,4
SKILL_003_20260131_110313,e_martinez,7455.65,SKILL_003,203.64,Organize screwdriver bits,2026-01-31T11:03:13Z,True,4
SKILL_014_20260131_102217,d_vargas,60.25,SKILL_014,1.66,Fasten nuts onto bolts,2026-01-31T10:22:18Z,False,4
SKILL_013_20260131_131757,n_mora,4500.38,SKILL_013,122.04,Set up a hand lamp,2026-01-31T13:17:57Z,True,4
SKILL_013_20260131_131532,n_mora,3907.49,SKILL_013,105.76,Set up a hand lamp,2026-01-31T13:15:32Z,True,4
SKILL_013_20260131_131210,n_mora,6184.44,SKILL_013,167.26,Set up a hand lamp,2026-01-31T13:12:10Z,True,4
SKILL_013_20260131_091649,c_becerra,7559.47,SKILL_013,206.23,Set up a hand lamp,2026-01-31T09:16:49Z,True,4
SKILL_013_20260131_093705,d_vargas,5409.23,SKILL_013,146.81,Set up a hand lamp,2026-01-31T09:37:05Z,True,4
SKILL_013_20260131_092933,d_vargas,5813.17,SKILL_013,173.47,Set up a hand lamp,2026-01-31T09:29:33Z,True,4
SKILL_013_20260131_093305,d_vargas,6785.06,SKILL_013,185.44,Set up a hand lamp,2026-01-31T09:33:05Z,True,4
SKILL_012_20260131_101509,d_vargas,7277.94,SKILL_012,198.79,Put pasta in jars,2026-01-31T10:15:09Z,True,4
SKILL_012_20260131_101833,d_vargas,5926.05,SKILL_012,160.1,Put pasta in jars,2026-01-31T10:18:33Z,True,4
SKILL_012_20260131_101210,d_vargas,5249.14,SKILL_012,142.55,Put pasta in jars,2026-01-31T10:12:10Z,True,4
SKILL_011_20260131_130757,n_mora,4316.03,SKILL_011,116.02,Package plastic ice cubes,2026-01-31T13:07:57Z,True,4
SKILL_011_20260131_130502,n_mora,4076.51,SKILL_011,109.98,Package plastic ice cubes,2026-01-31T13:05:02Z,True,4
SKILL_011_20260131_130027,n_mora,6543.27,SKILL_011,176.26,Package plastic ice cubes,2026-01-31T13:00:27Z,True,4
SKILL_010_20260131_125209,n_mora,11294.94,SKILL_010,304.73,Package earphones,2026-01-31T12:52:09Z,True,4
SKILL_010_20260131_124504,n_mora,11036.59,SKILL_010,297.09,Package earphones,2026-01-31T12:45:04Z,True,4
SKILL_010_20260131_100524,d_vargas,8827.7,SKILL_010,239.8,Package earphones,2026-01-31T10:05:25Z,True,4
SKILL_010_20260131_100213,d_vargas,284.98,SKILL_010,8.5,Package earphones,2026-01-31T10:02:13Z,False,4
SKILL_010_20260131_095744,d_vargas,3799.99,SKILL_010,101.96,Package earphones,2026-01-31T09:57:45Z,True,4
SKILL_003_20260131_132327,d_vargas,4767.8,SKILL_003,251.81,Organize screwdriver bits,2026-01-31T13:23:28Z,True,5
SKILL_003_20260131_111205,c_becerra,3205.8,SKILL_003,208.65,Organize screwdriver bits,2026-01-31T11:12:05Z,True,5
SKILL_003_20260131_110436,c_becerra,3909.76,SKILL_003,251.21,Organize screwdriver bits,2026-01-31T11:04:36Z,True,5
SKILL_003_20260131_083036,d_vargas,6516.9,SKILL_003,338.49,Organize screwdriver bits,2026-01-31T08:30:36Z,True,5
SKILL_003_20260131_081754,d_vargas,10086.03,SKILL_003,533.01,Organize screwdriver bits,2026-01-31T08:17:54Z,True,5
SKILL_002_20260131_145431,n_mora,1647.88,SKILL_002,91.78,Organize beads per character,2026-01-31T14:54:31Z,True,5
SKILL_002_20260131_145234,c_becerra,1422.51,SKILL_002,85.31,Organize beads per character,2026-01-31T14:52:34Z,False,5
SKILL_002_20260131_144955,c_becerra,1972.81,SKILL_002,117.29,Organize beads per character,2026-01-31T14:49:56Z,True,5
SKILL_002_20260131_144434,c_becerra,1074.37,SKILL_002,65.04,Organize beads per character,2026-01-31T14:44:34Z,False,5
SKILL_002_20260131_143958,n_mora,2236.76,SKILL_002,109.88,Organize beads per character,2026-01-31T14:39:58Z,True,5
SKILL_001_20260131_123841,d_vargas,9326.12,SKILL_001,702.26,Organize beads per color,2026-01-31T12:38:42Z,True,5
SKILL_017_20260131_135239,n_mora,4307.83,SKILL_017,117.23,Put pasta in ziploc bags,2026-01-31T13:52:39Z,True,4
SKILL_001_20260131_095005,c_becerra,9706.42,SKILL_001,594.15,Organize beads per color,2026-01-31T09:50:06Z,True,5
SKILL_015_20260131_134318,n_mora,6122.79,SKILL_015,170.61,Thread a needle,2026-01-31T13:43:18Z,True,4
SKILL_015_20260131_134003,n_mora,5903.64,SKILL_015,159.52,Thread a needle,2026-01-31T13:40:03Z,True,4
SKILL_015_20260131_133601,n_mora,7321.78,SKILL_015,197.69,Thread a needle,2026-01-31T13:36:01Z,True,4
SKILL_014_20260131_133224,n_mora,3632.82,SKILL_014,98.47,Fasten nuts onto bolts,2026-01-31T13:32:24Z,True,4
SKILL_014_20260131_132340,n_mora,14267.39,SKILL_014,387.46,Fasten nuts onto bolts,2026-01-31T13:23:40Z,True,4
SKILL_014_20260131_102220,d_vargas,36.76,SKILL_014,1.0,Fasten nuts onto bolts,2026-01-31T10:22:20Z,False,4
SKILL_004_20260131_073608,d_vargas,2788.74,SKILL_004,152.23,Set Screwdriver package,2026-01-31T07:36:08Z,True,5
SKILL_005_20260131_110026,c_becerra,3511.02,SKILL_005,214.98,Insert allen keys in package,2026-01-31T11:00:27Z,True,5
SKILL_005_20260131_104818,c_becerra,2066.27,SKILL_005,99.38,Insert allen keys in package,2026-01-31T10:48:19Z,True,5
SKILL_005_20260131_091734,d_vargas,134.75,SKILL_005,8.32,Insert allen keys in package,2026-01-31T09:17:34Z,False,5
SKILL_005_20260131_091311,d_vargas,2654.02,SKILL_005,159.51,Insert allen keys in package,2026-01-31T09:13:11Z,True,5
SKILL_005_20260131_075525,d_vargas,3272.26,SKILL_005,174.85,Insert allen keys in package,2026-01-31T07:55:25Z,True,5
SKILL_005_20260131_075135,d_vargas,2976.18,SKILL_005,160.41,Insert allen keys in package,2026-01-31T07:51:35Z,True,5
SKILL_005_20260131_074813,d_vargas,2655.91,SKILL_005,147.15,Insert allen keys in package,2026-01-31T07:48:13Z,True,5
SKILL_004_20260131_102213,c_becerra,2093.15,SKILL_004,98.99,Set Screwdriver package,2026-01-31T10:22:15Z,True,5
SKILL_004_20260131_101621,c_becerra,2412.14,SKILL_004,138.79,Set Screwdriver package,2026-01-31T10:16:21Z,True,5
SKILL_004_20260131_101319,c_becerra,2549.31,SKILL_004,136.18,Set Screwdriver package,2026-01-31T10:13:20Z,True,5
SKILL_004_20260131_090906,d_vargas,2000.05,SKILL_004,112.52,Set Screwdriver package,2026-01-31T09:09:06Z,True,5
SKILL_004_20260131_090613,d_vargas,2427.13,SKILL_004,139.95,Set Screwdriver package,2026-01-31T09:06:13Z,True,5
SKILL_004_20260131_085824,d_vargas,1775.54,SKILL_004,98.46,Set Screwdriver package,2026-01-31T08:58:24Z,True,5
SKILL_004_20260131_085547,d_vargas,2193.32,SKILL_004,122.37,Set Screwdriver package,2026-01-31T08:55:47Z,True,5
SKILL_004_20260131_085509,d_vargas,22.61,SKILL_004,1.36,Set Screwdriver package,2026-01-31T08:55:09Z,False,5
SKILL_004_20260131_085239,d_vargas,2305.03,SKILL_004,125.8,Set Screwdriver package,2026-01-31T08:52:39Z,True,5
SKILL_004_20260131_074417,d_vargas,2053.56,SKILL_004,111.32,Set Screwdriver package,2026-01-31T07:44:17Z,True,5
SKILL_004_20260131_074213,d_vargas,1845.75,SKILL_004,101.51,Set Screwdriver package,2026-01-31T07:42:13Z,True,5
SKILL_004_20260131_073906,d_vargas,1835.81,SKILL_004,99.39,Set Screwdriver package,2026-01-31T07:39:06Z,True,5
SKILL_013_20260131_134610,d_vargas,2908.88,SKILL_013,152.65,Set up a hand lamp,2026-01-31T13:46:10Z,True,5
SKILL_013_20260131_134323,d_vargas,2402.88,SKILL_013,133.06,Set up a hand lamp,2026-01-31T13:43:23Z,True,5
SKILL_013_20260131_081337,d_vargas,2414.01,SKILL_013,124.3,Set up a hand lamp,2026-01-31T08:13:37Z,True,5
SKILL_013_20260131_081049,d_vargas,2100.78,SKILL_013,105.43,Set up a hand lamp,2026-01-31T08:10:49Z,True,5
SKILL_013_20260131_081014,d_vargas,82.62,SKILL_013,7.54,Set up a hand lamp,2026-01-31T08:10:14Z,False,5
SKILL_013_20260131_080625,d_vargas,1627.52,SKILL_013,155.66,Set up a hand lamp,2026-01-31T08:06:25Z,True,5
SKILL_012_20260131_142542,n_mora,2449.16,SKILL_012,120.68,Put pasta in jars,2026-01-31T14:25:42Z,True,5
SKILL_012_20260131_142452,n_mora,899.46,SKILL_012,43.99,Put pasta in jars,2026-01-31T14:24:52Z,False,5
SKILL_012_20260131_135448,d_vargas,2717.05,SKILL_012,142.61,Put pasta in jars,2026-01-31T13:54:48Z,True,5
SKILL_010_20260131_122112,d_vargas,4983.92,SKILL_010,260.38,Package earphones,2026-01-31T12:21:13Z,True,5
SKILL_010_20260131_121459,d_vargas,153.83,SKILL_010,8.45,Package earphones,2026-01-31T12:14:59Z,False,5
SKILL_010_20260131_120942,d_vargas,333.82,SKILL_010,25.42,Package earphones,2026-01-31T12:09:42Z,False,5
SKILL_010_20260131_120739,d_vargas,229.76,SKILL_010,17.87,Package earphones,2026-01-31T12:07:39Z,False,5
SKILL_009_20260131_111808,c_becerra,3466.35,SKILL_009,271.96,Package Cotton set,2026-01-31T11:18:08Z,True,5
SKILL_009_20260131_072704,d_vargas,4619.11,SKILL_009,258.93,Package Cotton set,2026-01-31T07:27:04Z,True,5
SKILL_009_20260131_072106,d_vargas,4640.56,SKILL_009,261.26,Package Cotton set,2026-01-31T07:21:08Z,True,5
SKILL_005_20260131_133739,d_vargas,3536.92,SKILL_005,200.1,Insert allen keys in package,2026-01-31T13:37:39Z,True,5
SKILL_005_20260131_133357,d_vargas,3226.7,SKILL_005,173.03,Insert allen keys in package,2026-01-31T13:33:57Z,True,5
SKILL_005_20260131_132943,d_vargas,3535.01,SKILL_005,185.54,Insert allen keys in package,2026-01-31T13:29:43Z,True,5
SKILL_003_20260202_091132,c_becerra,6968.69,SKILL_003,204.07,Organize screwdriver bits,2026-02-02T09:11:32Z,True,2
SKILL_001_20260202_102345,c_becerra,17943.84,SKILL_001,497.9,Organize beads per color,2026-02-02T10:23:45Z,True,2
SKILL_001_20260202_070754,c_becerra,22848.82,SKILL_001,610.03,Organize beads per color,2026-02-02T07:07:54Z,True,2
SKILL_020_20260131_130146,d_vargas,617.92,SKILL_020,44.12,Open locks with their keys,2026-01-31T13:01:46Z,False,5
SKILL_020_20260131_125940,d_vargas,512.67,SKILL_020,38.26,Open locks with their keys,2026-01-31T12:59:40Z,False,5
SKILL_020_20260131_125729,d_vargas,590.06,SKILL_020,43.3,Open locks with their keys,2026-01-31T12:57:29Z,False,5
SKILL_020_20260131_125445,d_vargas,1538.11,SKILL_020,114.29,Open locks with their keys,2026-01-31T12:54:45Z,True,5
SKILL_019_20260131_123258,d_vargas,95.33,SKILL_019,5.94,Put pasta in plastic containers,2026-01-31T12:32:58Z,False,5
SKILL_019_20260131_122643,d_vargas,5777.74,SKILL_019,306.82,Put pasta in plastic containers,2026-01-31T12:26:43Z,True,5
SKILL_016_20260131_085010,d_vargas,449.06,SKILL_016,24.11,Package a sewing set,2026-01-31T08:50:10Z,False,5
SKILL_016_20260131_084807,d_vargas,1688.92,SKILL_016,88.66,Package a sewing set,2026-01-31T08:48:07Z,False,5
SKILL_016_20260131_084553,d_vargas,1059.41,SKILL_016,56.54,Package a sewing set,2026-01-31T08:45:53Z,False,5
SKILL_016_20260131_084009,d_vargas,1318.38,SKILL_016,68.63,Package a sewing set,2026-01-31T08:40:09Z,False,5
SKILL_016_20260131_084402,d_vargas,961.95,SKILL_016,49.02,Package a sewing set,2026-01-31T08:44:02Z,False,5
SKILL_016_20260131_084235,d_vargas,1072.02,SKILL_016,54.73,Package a sewing set,2026-01-31T08:42:35Z,False,5
SKILL_014_20260131_094028,c_becerra,3762.25,SKILL_014,211.47,Fasten nuts onto bolts,2026-01-31T09:40:28Z,True,5
SKILL_014_20260131_092921,c_becerra,10802.65,SKILL_014,562.6,Fasten nuts onto bolts,2026-01-31T09:29:22Z,True,5
SKILL_013_20260131_135409,d_vargas,120.01,SKILL_013,5.34,Set up a hand lamp,2026-01-31T13:54:09Z,False,5
SKILL_013_20260131_134920,d_vargas,2032.95,SKILL_013,108.11,Set up a hand lamp,2026-01-31T13:49:20Z,True,5
SKILL_003_20260202_091558,c_becerra,389.62,SKILL_003,11.01,Organize screwdriver bits,2026-02-02T09:15:58Z,False,2
SKILL_005_20260202_105237,c_becerra,5564.56,SKILL_005,160.15,Insert allen keys in package,2026-02-02T10:52:37Z,True,2
SKILL_005_20260202_104616,c_becerra,10067.03,SKILL_005,289.21,Insert allen keys in package,2026-02-02T10:46:16Z,True,2
SKILL_005_20260202_103953,c_becerra,10922.84,SKILL_005,310.48,Insert allen keys in package,2026-02-02T10:39:53Z,True,2
SKILL_005_20260202_082715,c_becerra,467.42,SKILL_005,13.14,Insert allen keys in package,2026-02-02T08:27:15Z,False,2
SKILL_005_20260202_082337,c_becerra,5911.25,SKILL_005,174.86,Insert allen keys in package,2026-02-02T08:23:37Z,True,2
SKILL_005_20260202_082015,c_becerra,6047.91,SKILL_005,174.57,Insert allen keys in package,2026-02-02T08:20:15Z,True,2
SKILL_005_20260202_081625,c_becerra,6935.01,SKILL_005,196.01,Insert allen keys in package,2026-02-02T08:16:25Z,True,2
SKILL_004_20260202_112723,c_becerra,3363.75,SKILL_004,92.25,Set Screwdriver package,2026-02-02T11:27:23Z,True,2
SKILL_004_20260202_112512,c_becerra,3091.76,SKILL_004,85.18,Set Screwdriver package,2026-02-02T11:25:12Z,False,2
SKILL_004_20260202_112322,c_becerra,3181.5,SKILL_004,87.22,Set Screwdriver package,2026-02-02T11:23:22Z,False,2
SKILL_004_20260202_112103,c_becerra,4179.18,SKILL_004,114.93,Set Screwdriver package,2026-02-02T11:21:03Z,True,2
SKILL_004_20260202_111904,c_becerra,3325.98,SKILL_004,91.3,Set Screwdriver package,2026-02-02T11:19:04Z,True,2
SKILL_004_20260202_111442,c_becerra,9218.32,SKILL_004,258.5,Set Screwdriver package,2026-02-02T11:14:42Z,True,2
SKILL_004_20260202_111222,c_becerra,3628.7,SKILL_004,100.23,Set Screwdriver package,2026-02-02T11:12:22Z,True,2
SKILL_004_20260202_081354,c_becerra,3132.32,SKILL_004,88.19,Set Screwdriver package,2026-02-02T08:13:54Z,False,2
SKILL_004_20260202_075802,c_becerra,4091.21,SKILL_004,114.87,Set Screwdriver package,2026-02-02T07:58:02Z,True,2
SKILL_004_20260202_075552,c_becerra,4109.26,SKILL_004,114.57,Set Screwdriver package,2026-02-02T07:55:52Z,True,2
SKILL_003_20260202_092052,c_becerra,6259.48,SKILL_003,177.29,Organize screwdriver bits,2026-02-02T09:20:52Z,True,2
SKILL_003_20260202_091626,c_becerra,6189.23,SKILL_003,182.09,Organize screwdriver bits,2026-02-02T09:16:26Z,True,2
SKILL_013_20260202_072132,c_becerra,6004.67,SKILL_013,161.31,Set up a hand lamp,2026-02-02T07:21:32Z,True,2
SKILL_013_20260202_071929,c_becerra,3281.29,SKILL_013,87.93,Set up a hand lamp,2026-02-02T07:19:29Z,False,2
SKILL_012_20260202_123301,d_vargas,6625.48,SKILL_012,178.96,Put pasta in jars,2026-02-02T12:33:01Z,True,2
SKILL_012_20260202_122954,d_vargas,4553.74,SKILL_012,123.42,Put pasta in jars,2026-02-02T12:29:54Z,True,2
SKILL_012_20260202_122701,d_vargas,4875.79,SKILL_012,131.84,Put pasta in jars,2026-02-02T12:27:01Z,True,2
SKILL_012_20260202_075201,c_becerra,5023.82,SKILL_012,140.67,Put pasta in jars,2026-02-02T07:52:01Z,True,2
SKILL_012_20260202_074829,c_becerra,6094.76,SKILL_012,172.77,Put pasta in jars,2026-02-02T07:48:29Z,True,2
SKILL_012_20260202_074509,c_becerra,5684.36,SKILL_012,156.82,Put pasta in jars,2026-02-02T07:45:09Z,True,2
SKILL_012_20260202_073615,c_becerra,6275.65,SKILL_012,171.73,Put pasta in jars,2026-02-02T07:36:15Z,True,2
SKILL_012_20260202_072917,c_becerra,8153.24,SKILL_012,217.18,Put pasta in jars,2026-02-02T07:29:17Z,True,2
SKILL_010_20260202_130650,d_vargas,8492.78,SKILL_010,234.16,Package earphones,2026-02-02T13:06:50Z,True,2
SKILL_010_20260202_130213,d_vargas,8377.34,SKILL_010,230.04,Package earphones,2026-02-02T13:02:13Z,True,2
SKILL_010_20260202_125246,d_vargas,8657.55,SKILL_010,236.09,Package earphones,2026-02-02T12:52:46Z,True,2
SKILL_010_20260202_100433,c_becerra,8723.64,SKILL_010,234.48,Package earphones,2026-02-02T10:04:33Z,True,2
SKILL_010_20260202_095716,c_becerra,10166.52,SKILL_010,274.81,Package earphones,2026-02-02T09:57:16Z,True,2
SKILL_009_20260202_085855,c_becerra,16375.58,SKILL_009,480.1,Package Cotton set,2026-02-02T08:58:55Z,True,2
SKILL_009_20260202_084344,c_becerra,20537.33,SKILL_009,595.84,Package Cotton set,2026-02-02T08:43:44Z,True,2
SKILL_005_20260202_110718,c_becerra,7157.19,SKILL_005,198.72,Insert allen keys in package,2026-02-02T11:07:18Z,True,2
SKILL_005_20260202_105723,c_becerra,6449.25,SKILL_005,179.72,Insert allen keys in package,2026-02-02T10:57:23Z,True,2
SKILL_020_20260202_095134,c_becerra,1904.16,SKILL_020,51.4,Open locks with their keys,2026-02-02T09:51:34Z,False,2
SKILL_020_20260202_094753,c_becerra,3947.13,SKILL_020,106.91,Open locks with their keys,2026-02-02T09:47:53Z,True,2
SKILL_020_20260202_094434,c_becerra,4239.32,SKILL_020,115.4,Open locks with their keys,2026-02-02T09:44:34Z,True,2
SKILL_019_20260202_122540,d_vargas,49.44,SKILL_019,1.33,Put pasta in plastic containers,2026-02-02T12:25:40Z,False,2
SKILL_019_20260202_122129,d_vargas,6168.03,SKILL_019,167.87,Put pasta in plastic containers,2026-02-02T12:21:29Z,True,2
SKILL_019_20260202_121643,d_vargas,6687.64,SKILL_019,181.04,Put pasta in plastic containers,2026-02-02T12:16:43Z,True,2
SKILL_019_20260202_121215,d_vargas,7820.17,SKILL_019,211.76,Put pasta in plastic containers,2026-02-02T12:12:15Z,True,2
SKILL_019_20260202_102006,c_becerra,4839.01,SKILL_019,133.85,Put pasta in plastic containers,2026-02-02T10:20:06Z,True,2
SKILL_019_20260202_101556,c_becerra,6155.59,SKILL_019,171.27,Put pasta in plastic containers,2026-02-02T10:15:56Z,True,2
SKILL_019_20260202_101157,c_becerra,6068.07,SKILL_019,168.06,Put pasta in plastic containers,2026-02-02T10:11:57Z,True,2
SKILL_018_20260202_093919,c_becerra,6488.91,SKILL_018,177.91,Close bags with twist ties,2026-02-02T09:39:19Z,True,2
SKILL_018_20260202_093526,c_becerra,5970.77,SKILL_018,169.28,Close bags with twist ties,2026-02-02T09:35:26Z,True,2
SKILL_018_20260202_093118,c_becerra,6864.41,SKILL_018,196.86,Close bags with twist ties,2026-02-02T09:31:18Z,True,2
SKILL_016_20260202_103749,c_becerra,2272.58,SKILL_016,64.46,Package a sewing set,2026-02-02T10:37:49Z,False,2
SKILL_016_20260202_103544,c_becerra,2028.64,SKILL_016,57.35,Package a sewing set,2026-02-02T10:35:44Z,False,2
SKILL_018_20260202_092528,c_becerra,4194.93,SKILL_018,121.12,Close bags with twist ties,2026-02-02T09:25:28Z,True,2
SKILL_014_20260202_083522,c_becerra,11472.55,SKILL_014,336.49,Fasten nuts onto bolts,2026-02-02T08:35:22Z,True,2
SKILL_014_20260202_082742,c_becerra,11982.99,SKILL_014,356.19,Fasten nuts onto bolts,2026-02-02T08:27:42Z,True,2
SKILL_013_20260202_072502,c_becerra,6148.61,SKILL_013,165.18,Set up a hand lamp,2026-02-02T07:25:02Z,True,2
SKILL_020_20260202_095323,c_becerra,3399.06,SKILL_020,92.3,Open locks with their keys,2026-02-02T09:53:23Z,True,2
SKILL_002_20260202_072103,d_vargas,1598.3,SKILL_002,41.78,Organize beads per character,2026-02-02T07:21:03Z,False,3
SKILL_002_20260202_071934,d_vargas,1838.73,SKILL_002,48.44,Organize beads per character,2026-02-02T07:19:34Z,False,3
SKILL_002_20260202_071803,d_vargas,2020.41,SKILL_002,52.7,Organize beads per character,2026-02-02T07:18:03Z,False,3
SKILL_002_20260202_071708,d_vargas,1115.42,SKILL_002,29.44,Organize beads per character,2026-02-02T07:17:08Z,False,3
SKILL_002_20260202_071542,d_vargas,1651.22,SKILL_002,43.48,Organize beads per character,2026-02-02T07:15:42Z,False,3
SKILL_002_20260202_071418,d_vargas,1615.62,SKILL_002,42.5,Organize beads per character,2026-02-02T07:14:18Z,False,3
SKILL_002_20260202_071301,d_vargas,1656.4,SKILL_002,43.41,Organize beads per character,2026-02-02T07:13:01Z,False,3
SKILL_002_20260202_071151,d_vargas,1248.45,SKILL_002,32.85,Organize beads per character,2026-02-02T07:11:51Z,False,3
SKILL_002_20260202_070954,d_vargas,1506.22,SKILL_002,39.37,Organize beads per character,2026-02-02T07:09:55Z,False,3
SKILL_001_20260202_122900,c_becerra,10228.13,SKILL_001,289.98,Organize beads per color,2026-02-02T12:29:00Z,True,3
SKILL_001_20260202_121926,c_becerra,9408.85,SKILL_001,257.55,Organize beads per color,2026-02-02T12:19:26Z,True,3
SKILL_001_20260202_110832,d_vargas,30705.56,SKILL_001,853.96,Organize beads per color,2026-02-02T11:08:32Z,True,3
SKILL_001_20260202_110808,d_vargas,309.78,SKILL_001,8.51,Organize beads per color,2026-02-02T11:08:08Z,False,3
SKILL_001_20260202_073117,d_vargas,29219.56,SKILL_001,785.93,Organize beads per color,2026-02-02T07:31:18Z,True,3
SKILL_020_20260202_124933,d_vargas,2190.23,SKILL_020,59.94,Open locks with their keys,2026-02-02T12:49:33Z,False,2
SKILL_020_20260202_124711,d_vargas,3720.48,SKILL_020,101.47,Open locks with their keys,2026-02-02T12:47:11Z,True,2
SKILL_020_20260202_124407,d_vargas,4240.83,SKILL_020,115.89,Open locks with their keys,2026-02-02T12:44:07Z,True,2
SKILL_020_20260202_124028,d_vargas,4973.36,SKILL_020,136.12,Open locks with their keys,2026-02-02T12:40:29Z,True,2
SKILL_020_20260202_124019,d_vargas,167.8,SKILL_020,4.47,Open locks with their keys,2026-02-02T12:40:19Z,False,2
SKILL_010_20260202_135250,c_becerra,8701.23,SKILL_010,233.23,Package earphones,2026-02-02T13:52:50Z,True,3
SKILL_007_20260202_090543,d_vargas,9042.09,SKILL_007,250.41,Separate tongue depressors by color,2026-02-02T09:05:43Z,True,3
SKILL_007_20260202_090023,d_vargas,8460.46,SKILL_007,236.48,Separate tongue depressors by color,2026-02-02T09:00:23Z,True,3
SKILL_008_20260202_132543,c_becerra,22784.48,SKILL_008,591.94,Separate tongue depressors by type,2026-02-02T13:25:43Z,True,3
SKILL_009_20260202_133904,c_becerra,20990.47,SKILL_009,558.27,Package Cotton set,2026-02-02T13:39:04Z,True,3
SKILL_010_20260202_091700,d_vargas,14841.03,SKILL_010,406.17,Package earphones,2026-02-02T09:17:00Z,True,3
SKILL_007_20260202_084441,d_vargas,4209.43,SKILL_007,109.16,Separate tongue depressors by color,2026-02-02T08:44:41Z,True,3
SKILL_007_20260202_084905,d_vargas,68.18,SKILL_007,1.61,Separate tongue depressors by color,2026-02-02T08:49:06Z,False,3
SKILL_005_20260202_132149,c_becerra,6351.67,SKILL_005,169.78,Insert allen keys in package,2026-02-02T13:21:49Z,True,3
SKILL_007_20260202_084950,d_vargas,15514.92,SKILL_007,410.2,Separate tongue depressors by color,2026-02-02T08:49:50Z,True,3
SKILL_005_20260202_083851,d_vargas,6016.82,SKILL_005,159.57,Insert allen keys in package,2026-02-02T08:38:52Z,True,3
SKILL_005_20260202_082932,d_vargas,7440.96,SKILL_005,196.81,Insert allen keys in package,2026-02-02T08:29:32Z,True,3
SKILL_005_20260202_075828,d_vargas,5226.54,SKILL_005,134.83,Insert allen keys in package,2026-02-02T07:58:29Z,True,3
SKILL_004_20260202_130240,c_becerra,9650.16,SKILL_004,270.0,Set Screwdriver package,2026-02-02T13:02:40Z,True,3
SKILL_004_20260202_125703,c_becerra,9528.61,SKILL_004,274.05,Set Screwdriver package,2026-02-02T12:57:03Z,True,3
SKILL_003_20260202_124150,c_becerra,7480.17,SKILL_003,209.64,Organize screwdriver bits,2026-02-02T12:41:51Z,True,3
SKILL_003_20260202_123454,c_becerra,8341.48,SKILL_003,230.76,Organize screwdriver bits,2026-02-02T12:34:54Z,True,3
SKILL_003_20260202_082013,d_vargas,10022.11,SKILL_003,286.08,Organize screwdriver bits,2026-02-02T08:20:13Z,True,3
SKILL_003_20260202_081351,d_vargas,9932.48,SKILL_003,289.72,Organize screwdriver bits,2026-02-02T08:13:51Z,True,3
SKILL_019_20260202_105509,d_vargas,9811.16,SKILL_019,273.03,Put pasta in plastic containers,2026-02-02T10:55:09Z,True,3
SKILL_017_20260202_121207,c_becerra,11770.73,SKILL_017,340.14,Put pasta in ziploc bags,2026-02-02T12:12:07Z,True,3
SKILL_017_20260202_102846,d_vargas,10373.63,SKILL_017,283.66,Put pasta in ziploc bags,2026-02-02T10:28:46Z,True,3
SKILL_015_20260202_144253,c_becerra,5364.39,SKILL_015,143.8,Thread a needle,2026-02-02T14:42:53Z,True,3
SKILL_015_20260202_143853,c_becerra,6222.96,SKILL_015,166.74,Thread a needle,2026-02-02T14:38:53Z,True,3
SKILL_015_20260202_101621,d_vargas,6971.55,SKILL_015,189.45,Thread a needle,2026-02-02T10:16:21Z,True,3
SKILL_015_20260202_101120,d_vargas,9184.33,SKILL_015,249.87,Thread a needle,2026-02-02T10:11:20Z,True,3
SKILL_014_20260202_142544,c_becerra,17539.65,SKILL_014,470.66,Fasten nuts onto bolts,2026-02-02T14:25:45Z,True,3
SKILL_014_20260202_100250,d_vargas,6726.74,SKILL_014,182.37,Fasten nuts onto bolts,2026-02-02T10:02:50Z,True,3
SKILL_013_20260202_141529,c_becerra,9207.05,SKILL_013,247.73,Set up a hand lamp,2026-02-02T14:15:29Z,True,3
SKILL_013_20260202_140830,c_becerra,3175.54,SKILL_013,85.47,Set up a hand lamp,2026-02-02T14:08:30Z,False,3
SKILL_013_20260202_141017,c_becerra,7538.5,SKILL_013,202.33,Set up a hand lamp,2026-02-02T14:10:17Z,True,3
SKILL_013_20260202_100744,d_vargas,4780.27,SKILL_013,131.97,Set up a hand lamp,2026-02-02T10:07:44Z,True,3
SKILL_013_20260202_094811,d_vargas,2965.68,SKILL_013,124.34,Set up a hand lamp,2026-02-02T09:48:11Z,True,3
SKILL_013_20260202_094452,d_vargas,5396.15,SKILL_013,151.85,Set up a hand lamp,2026-02-02T09:44:52Z,True,3
SKILL_013_20260202_094424,d_vargas,133.52,SKILL_013,3.36,Set up a hand lamp,2026-02-02T09:44:25Z,False,3
SKILL_011_20260202_145134,c_becerra,7367.11,SKILL_011,197.03,Package plastic ice cubes,2026-02-02T14:51:34Z,True,3
SKILL_011_20260202_144829,c_becerra,5737.15,SKILL_011,153.04,Package plastic ice cubes,2026-02-02T14:48:29Z,True,3
SKILL_010_20260202_135807,c_becerra,8359.88,SKILL_010,224.68,Package earphones,2026-02-02T13:58:07Z,True,3
SKILL_019_20260202_110146,d_vargas,8777.52,SKILL_019,240.9,Put pasta in plastic containers,2026-02-02T11:01:46Z,True,3
SKILL_004_20260202_081315,n_mora,11123.01,SKILL_004,299.93,Set Screwdriver package,2026-02-02T08:13:15Z,True,4
SKILL_003_20260202_122614,e_martinez,7743.02,SKILL_003,210.87,Organize screwdriver bits,2026-02-02T12:26:14Z,True,4
SKILL_003_20260202_122140,e_martinez,3481.31,SKILL_003,123.9,Organize screwdriver bits,2026-02-02T12:21:41Z,True,4
SKILL_003_20260202_121938,e_martinez,197.21,SKILL_003,5.54,Organize screwdriver bits,2026-02-02T12:19:38Z,False,4
SKILL_003_20260202_121525,e_martinez,7537.1,SKILL_003,204.78,Organize screwdriver bits,2026-02-02T12:15:25Z,True,4
SKILL_003_20260202_075708,n_mora,10371.11,SKILL_003,280.59,Organize screwdriver bits,2026-02-02T07:57:08Z,True,4
SKILL_003_20260202_074847,n_mora,13735.22,SKILL_003,371.41,Organize screwdriver bits,2026-02-02T07:48:47Z,True,4
SKILL_002_20260202_074337,n_mora,4744.97,SKILL_002,128.98,Organize beads per character,2026-02-02T07:43:37Z,True,4
SKILL_002_20260202_074026,n_mora,5437.75,SKILL_002,147.27,Organize beads per character,2026-02-02T07:40:26Z,True,4
SKILL_002_20260202_073934,n_mora,1068.18,SKILL_002,28.86,Organize beads per character,2026-02-02T07:39:34Z,False,4
SKILL_002_20260202_073710,n_mora,2169.37,SKILL_002,58.99,Organize beads per character,2026-02-02T07:37:10Z,False,4
SKILL_002_20260202_073612,n_mora,1579.35,SKILL_002,37.8,Organize beads per character,2026-02-02T07:36:12Z,False,4
SKILL_002_20260202_073454,n_mora,2310.52,SKILL_002,62.8,Organize beads per character,2026-02-02T07:34:54Z,False,4
SKILL_002_20260202_073345,n_mora,1728.78,SKILL_002,47.16,Organize beads per character,2026-02-02T07:33:45Z,False,4
SKILL_002_20260202_073129,n_mora,3276.85,SKILL_002,89.22,Organize beads per character,2026-02-02T07:31:29Z,False,4
SKILL_001_20260202_120430,e_martinez,21449.63,SKILL_001,578.98,Organize beads per color,2026-02-02T12:04:30Z,True,4
SKILL_001_20260202_071250,n_mora,27264.12,SKILL_001,734.38,Organize beads per color,2026-02-02T07:12:50Z,True,4
SKILL_024_20260202_121022,c_becerra,128.52,SKILL_024,3.95,Put hooks on shower courtain,2026-02-02T12:10:22Z,False,3
SKILL_024_20260202_120316,c_becerra,5928.05,SKILL_024,172.74,Put hooks on shower courtain,2026-02-02T12:03:16Z,True,3
SKILL_013_20260202_095250,n_mora,4773.93,SKILL_013,130.41,Set up a hand lamp,2026-02-02T09:52:50Z,True,4
SKILL_010_20260202_133934,e_martinez,10028.32,SKILL_010,271.47,Package earphones,2026-02-02T13:39:34Z,True,4
SKILL_010_20260202_094331,n_mora,15638.72,SKILL_010,470.86,Package earphones,2026-02-02T09:43:31Z,True,4
SKILL_009_20260202_133416,e_martinez,6392.84,SKILL_009,174.54,Package Cotton set,2026-02-02T13:34:16Z,True,4
SKILL_009_20260202_132605,e_martinez,16975.19,SKILL_009,458.56,Package Cotton set,2026-02-02T13:26:05Z,True,4
SKILL_009_20260202_093022,n_mora,9699.19,SKILL_009,287.88,Package Cotton set,2026-02-02T09:30:22Z,True,4
SKILL_009_20260202_092309,n_mora,10869.26,SKILL_009,294.45,Package Cotton set,2026-02-02T09:23:09Z,True,4
SKILL_009_20260202_091700,n_mora,11190.11,SKILL_009,305.94,Package Cotton set,2026-02-02T09:17:00Z,True,4
SKILL_007_20260202_131246,e_martinez,16207.77,SKILL_007,435.3,Separate tongue depressors by color,2026-02-02T13:12:46Z,True,4
SKILL_005_20260202_130804,e_martinez,6045.97,SKILL_005,167.88,Insert allen keys in package,2026-02-02T13:08:04Z,True,4
SKILL_005_20260202_125736,e_martinez,6445.47,SKILL_005,174.38,Insert allen keys in package,2026-02-02T12:57:36Z,True,4
SKILL_005_20260202_085651,n_mora,4020.94,SKILL_005,108.89,Insert allen keys in package,2026-02-02T08:56:52Z,True,4
SKILL_005_20260202_085436,n_mora,4075.05,SKILL_005,119.78,Insert allen keys in package,2026-02-02T08:54:36Z,True,4
SKILL_005_20260202_085209,n_mora,4509.45,SKILL_005,121.86,Insert allen keys in package,2026-02-02T08:52:09Z,True,4
SKILL_005_20260202_084945,n_mora,4270.84,SKILL_005,114.96,Insert allen keys in package,2026-02-02T08:49:45Z,True,4
SKILL_004_20260202_123858,e_martinez,7039.41,SKILL_004,189.48,Set Screwdriver package,2026-02-02T12:38:58Z,True,4
SKILL_004_20260202_123304,e_martinez,7602.87,SKILL_004,205.49,Set Screwdriver package,2026-02-02T12:33:04Z,True,4
SKILL_004_20260202_083906,n_mora,9339.03,SKILL_004,252.8,Set Screwdriver package,2026-02-02T08:39:06Z,True,4
SKILL_004_20260202_082203,n_mora,7764.9,SKILL_004,209.35,Set Screwdriver package,2026-02-02T08:22:03Z,True,4
SKILL_018_20260202_111817,n_mora,6448.74,SKILL_018,174.54,Close bags with twist ties,2026-02-02T11:18:17Z,True,4
SKILL_018_20260202_111419,n_mora,6169.42,SKILL_018,171.69,Close bags with twist ties,2026-02-02T11:14:19Z,True,4
SKILL_018_20260202_110835,n_mora,9777.62,SKILL_018,264.03,Close bags with twist ties,2026-02-02T11:08:35Z,True,4
SKILL_017_20260202_105003,n_mora,6083.04,SKILL_017,172.23,Put pasta in ziploc bags,2026-02-02T10:50:03Z,True,4
SKILL_016_20260202_144134,e_martinez,5180.41,SKILL_016,159.77,Package a sewing set,2026-02-02T14:41:34Z,True,4
SKILL_015_20260202_143208,e_martinez,6181.24,SKILL_015,168.08,Thread a needle,2026-02-02T14:32:08Z,True,4
SKILL_015_20260202_142535,e_martinez,8046.4,SKILL_015,217.71,Thread a needle,2026-02-02T14:25:36Z,True,4
SKILL_015_20260202_104316,n_mora,7354.36,SKILL_015,199.0,Thread a needle,2026-02-02T10:43:16Z,True,4
SKILL_015_20260202_103925,n_mora,6816.57,SKILL_015,185.08,Thread a needle,2026-02-02T10:39:25Z,True,4
SKILL_015_20260202_102853,n_mora,9735.32,SKILL_015,263.99,Thread a needle,2026-02-02T10:28:53Z,True,4
SKILL_014_20260202_140828,e_martinez,16863.4,SKILL_014,476.0,Fasten nuts onto bolts,2026-02-02T14:08:28Z,True,4
SKILL_014_20260202_101059,n_mora,15146.15,SKILL_014,410.75,Fasten nuts onto bolts,2026-02-02T10:10:59Z,True,4
SKILL_013_20260202_135636,e_martinez,5636.5,SKILL_013,153.6,Set up a hand lamp,2026-02-02T13:56:36Z,True,4
SKILL_014_20260202_101944,n_mora,10147.38,SKILL_014,274.79,Fasten nuts onto bolts,2026-02-02T10:19:44Z,True,4
SKILL_013_20260202_140050,e_martinez,4784.88,SKILL_013,129.75,Set up a hand lamp,2026-02-02T14:00:50Z,True,4
SKILL_017_20260202_105420,n_mora,8281.72,SKILL_017,225.97,Put pasta in ziploc bags,2026-02-02T10:54:20Z,True,4
SKILL_013_20260202_095917,n_mora,6410.57,SKILL_013,174.36,Set up a hand lamp,2026-02-02T09:59:17Z,True,4
SKILL_013_20260202_100251,n_mora,3599.71,SKILL_013,97.56,Set up a hand lamp,2026-02-02T10:02:52Z,True,4
SKILL_001_20260202_125733,n_mora,649.94,SKILL_001,33.61,Organize beads per color,2026-02-02T12:57:33Z,False,5
SKILL_013_20260202_100507,n_mora,4112.87,SKILL_013,112.48,Set up a hand lamp,2026-02-02T10:05:07Z,True,4
SKILL_001_20260202_081114,e_martinez,11061.61,SKILL_001,554.72,Organize beads per color,2026-02-02T08:11:14Z,True,5
SKILL_001_20260202_075207,e_martinez,9992.42,SKILL_001,504.83,Organize beads per color,2026-02-02T07:52:07Z,True,5
SKILL_009_20260202_071015,e_martinez,6999.81,SKILL_009,333.9,Package Cotton set,2026-02-02T07:10:16Z,True,5
SKILL_006_20260202_143910,n_mora,2576.1,SKILL_006,239.23,Separate tongue depressors by size,2026-02-02T14:39:10Z,True,5
SKILL_005_20260202_093334,e_martinez,2803.86,SKILL_005,146.3,Insert allen keys in package,2026-02-02T09:33:34Z,True,5
SKILL_005_20260202_092132,e_martinez,2997.92,SKILL_005,155.41,Insert allen keys in package,2026-02-02T09:21:32Z,True,5
SKILL_005_20260202_091712,e_martinez,3060.11,SKILL_005,155.96,Insert allen keys in package,2026-02-02T09:17:12Z,True,5
SKILL_005_20260202_091247,e_martinez,3058.39,SKILL_005,166.28,Insert allen keys in package,2026-02-02T09:12:47Z,True,5
SKILL_004_20260202_142507,n_mora,1795.9,SKILL_004,86.39,Set Screwdriver package,2026-02-02T14:25:07Z,False,5
SKILL_004_20260202_142044,n_mora,1754.35,SKILL_004,94.81,Set Screwdriver package,2026-02-02T14:20:44Z,True,5
SKILL_004_20260202_084530,e_martinez,1551.36,SKILL_004,75.5,Set Screwdriver package,2026-02-02T08:45:30Z,False,5
SKILL_004_20260202_084313,e_martinez,1505.15,SKILL_004,79.65,Set Screwdriver package,2026-02-02T08:43:13Z,False,5
SKILL_003_20260202_104108,e_martinez,3928.8,SKILL_003,199.39,Organize screwdriver bits,2026-02-02T10:41:08Z,True,5
SKILL_004_20260202_084100,e_martinez,1846.39,SKILL_004,93.16,Set Screwdriver package,2026-02-02T08:41:01Z,True,5
SKILL_003_20260202_104428,e_martinez,20.69,SKILL_003,0.98,Organize screwdriver bits,2026-02-02T10:44:28Z,False,5
SKILL_003_20260202_103608,e_martinez,4855.08,SKILL_003,234.56,Organize screwdriver bits,2026-02-02T10:36:08Z,True,5
SKILL_003_20260202_083233,e_martinez,4365.23,SKILL_003,254.54,Organize screwdriver bits,2026-02-02T08:32:33Z,True,5
SKILL_003_20260202_082409,e_martinez,6221.18,SKILL_003,318.01,Organize screwdriver bits,2026-02-02T08:24:09Z,True,5
SKILL_002_20260202_143244,n_mora,47.44,SKILL_002,4.86,Organize beads per character,2026-02-02T14:32:44Z,False,5
SKILL_002_20260202_142722,n_mora,3978.71,SKILL_002,196.9,Organize beads per character,2026-02-02T14:27:22Z,True,5
SKILL_001_20260202_130023,n_mora,8389.48,SKILL_001,445.46,Organize beads per color,2026-02-02T13:00:24Z,True,5
SKILL_013_20260202_143256,n_mora,948.75,SKILL_013,90.5,Set up a hand lamp,2026-02-02T14:32:56Z,True,5
SKILL_013_20260202_133349,n_mora,2109.21,SKILL_013,126.14,Set up a hand lamp,2026-02-02T13:33:49Z,True,5
SKILL_013_20260202_133047,n_mora,1242.86,SKILL_013,60.02,Set up a hand lamp,2026-02-02T13:30:48Z,False,5
SKILL_013_20260202_131847,n_mora,2301.95,SKILL_013,147.94,Set up a hand lamp,2026-02-02T13:18:47Z,True,5
SKILL_013_20260202_131603,n_mora,1310.86,SKILL_013,74.64,Set up a hand lamp,2026-02-02T13:16:04Z,False,5
SKILL_013_20260202_074643,e_martinez,2782.9,SKILL_013,149.23,Set up a hand lamp,2026-02-02T07:46:43Z,True,5
SKILL_013_20260202_074252,e_martinez,2940.61,SKILL_013,152.91,Set up a hand lamp,2026-02-02T07:42:53Z,True,5
SKILL_013_20260202_073602,e_martinez,3828.4,SKILL_013,185.51,Set up a hand lamp,2026-02-02T07:36:02Z,True,5
SKILL_012_20260202_135544,n_mora,1105.08,SKILL_012,65.69,Put pasta in jars,2026-02-02T13:55:44Z,False,5
SKILL_012_20260202_135112,n_mora,2686.37,SKILL_012,125.77,Put pasta in jars,2026-02-02T13:51:12Z,True,5
SKILL_012_20260202_134723,n_mora,2909.62,SKILL_012,141.59,Put pasta in jars,2026-02-02T13:47:23Z,True,5
SKILL_012_20260202_100932,e_martinez,3600.28,SKILL_012,166.43,Put pasta in jars,2026-02-02T10:09:33Z,True,5
SKILL_012_20260202_095936,e_martinez,3263.78,SKILL_012,173.43,Put pasta in jars,2026-02-02T09:59:36Z,True,5
SKILL_012_20260202_095404,e_martinez,2736.65,SKILL_012,146.65,Put pasta in jars,2026-02-02T09:54:04Z,True,5
SKILL_009_20260202_134308,n_mora,2196.6,SKILL_009,121.73,Package Cotton set,2026-02-02T13:43:08Z,True,5
SKILL_009_20260202_133902,n_mora,2807.48,SKILL_009,160.69,Package Cotton set,2026-02-02T13:39:02Z,True,5
SKILL_009_20260202_110807,e_martinez,6269.17,SKILL_009,323.38,Package Cotton set,2026-02-02T11:08:07Z,True,5
SKILL_009_20260202_105731,e_martinez,3235.12,SKILL_009,166.84,Package Cotton set,2026-02-02T10:57:31Z,True,5
SKILL_009_20260202_071647,e_martinez,8665.05,SKILL_009,410.27,Package Cotton set,2026-02-02T07:16:47Z,True,5
SKILL_020_20260202_073250,e_martinez,2177.78,SKILL_020,105.28,Open locks with their keys,2026-02-02T07:32:50Z,True,5
SKILL_020_20260202_072838,e_martinez,2749.64,SKILL_020,133.26,Open locks with their keys,2026-02-02T07:28:38Z,True,5
SKILL_020_20260202_072607,e_martinez,2054.84,SKILL_020,99.24,Open locks with their keys,2026-02-02T07:26:07Z,True,5
SKILL_019_20260202_094747,e_martinez,3847.41,SKILL_019,209.25,Put pasta in plastic containers,2026-02-02T09:47:47Z,True,5
SKILL_019_20260202_094147,e_martinez,4553.22,SKILL_019,241.02,Put pasta in plastic containers,2026-02-02T09:41:47Z,True,5
SKILL_019_20260202_093727,e_martinez,4136.6,SKILL_019,212.65,Put pasta in plastic containers,2026-02-02T09:37:27Z,True,5
SKILL_018_20260202_141547,n_mora,2868.14,SKILL_018,175.81,Close bags with twist ties,2026-02-02T14:15:47Z,True,5
SKILL_018_20260202_140918,n_mora,1896.94,SKILL_018,101.66,Close bags with twist ties,2026-02-02T14:09:18Z,True,5
SKILL_018_20260202_140236,n_mora,2839.28,SKILL_018,146.51,Close bags with twist ties,2026-02-02T14:02:37Z,True,5
SKILL_018_20260202_103001,e_martinez,3693.35,SKILL_018,259.56,Close bags with twist ties,2026-02-02T10:30:01Z,True,5
SKILL_018_20260202_102610,e_martinez,3048.9,SKILL_018,159.35,Close bags with twist ties,2026-02-02T10:26:10Z,True,5
SKILL_016_20260202_102419,e_martinez,1039.23,SKILL_016,56.14,Package a sewing set,2026-02-02T10:24:19Z,False,5
SKILL_016_20260202_101905,e_martinez,1264.08,SKILL_016,54.5,Package a sewing set,2026-02-02T10:19:05Z,False,5
SKILL_016_20260202_101649,e_martinez,1000.82,SKILL_016,45.91,Package a sewing set,2026-02-02T10:16:50Z,False,5
SKILL_014_20260202_112455,e_martinez,4514.78,SKILL_014,241.61,Fasten nuts onto bolts,2026-02-02T11:24:55Z,True,5
SKILL_014_20260202_111529,e_martinez,7354.11,SKILL_014,379.29,Fasten nuts onto bolts,2026-02-02T11:15:29Z,True,5
SKILL_014_20260202_085800,e_martinez,7917.12,SKILL_014,415.32,Fasten nuts onto bolts,2026-02-02T08:58:00Z,True,5
SKILL_014_20260202_084853,e_martinez,9020.24,SKILL_014,455.57,Fasten nuts onto bolts,2026-02-02T08:48:53Z,True,5
SKILL_013_20260202_143532,n_mora,1050.71,SKILL_013,101.42,Set up a hand lamp,2026-02-02T14:35:32Z,True,5
SKILL_020_20260202_105304,e_martinez,1629.3,SKILL_020,80.72,Open locks with their keys,2026-02-02T10:53:04Z,False,5
SKILL_020_20260202_105058,e_martinez,1694.37,SKILL_020,85.48,Open locks with their keys,2026-02-02T10:50:58Z,False,5
SKILL_020_20260202_104847,e_martinez,1610.71,SKILL_020,79.93,Open locks with their keys,2026-02-02T10:48:47Z,False,5
SKILL_004_20260203_104252,c_becerra,3490.0,SKILL_004,88.47,Set Screwdriver package,2026-02-03T10:42:52Z,False,1
SKILL_004_20260203_104040,c_becerra,3667.15,SKILL_004,92.54,Set Screwdriver package,2026-02-03T10:40:40Z,True,1
SKILL_004_20260203_103758,c_becerra,4222.73,SKILL_004,105.69,Set Screwdriver package,2026-02-03T10:37:58Z,True,1
SKILL_004_20260203_085303,e_martinez,2273.14,SKILL_004,58.76,Set Screwdriver package,2026-02-03T08:53:03Z,False,1
SKILL_004_20260203_084957,e_martinez,267.45,SKILL_004,7.13,Set Screwdriver package,2026-02-03T08:49:57Z,False,1
SKILL_004_20260203_084815,e_martinez,3939.02,SKILL_004,99.51,Set Screwdriver package,2026-02-03T08:48:15Z,True,1
SKILL_003_20260203_122825,c_becerra,8131.56,SKILL_003,222.35,Organize screwdriver bits,2026-02-03T12:28:25Z,True,1
SKILL_003_20260203_122326,c_becerra,8059.84,SKILL_003,218.78,Organize screwdriver bits,2026-02-03T12:23:26Z,True,1
SKILL_003_20260203_121801,c_becerra,8354.62,SKILL_003,225.47,Organize screwdriver bits,2026-02-03T12:18:01Z,True,1
SKILL_002_20260203_140941,n_mora,9155.66,SKILL_002,228.33,Organize beads per character,2026-02-03T14:09:41Z,True,1
SKILL_001_20260203_141702,n_mora,15506.46,SKILL_001,389.66,Organize beads per color,2026-02-03T14:17:02Z,True,1
SKILL_001_20260203_132218,n_mora,15958.38,SKILL_001,423.67,Organize beads per color,2026-02-03T13:22:18Z,True,1
SKILL_001_20260203_130411,n_mora,19339.77,SKILL_001,526.26,Organize beads per color,2026-02-03T13:04:11Z,True,1
SKILL_001_20260203_124448,c_becerra,17848.8,SKILL_001,507.93,Organize beads per color,2026-02-03T12:44:48Z,True,1
SKILL_001_20260203_085958,e_martinez,2046.81,SKILL_001,58.78,Organize beads per color,2026-02-03T08:59:58Z,False,1
SKILL_020_20260202_121837,n_mora,1663.85,SKILL_020,71.84,Open locks with their keys,2026-02-02T12:18:38Z,False,5
SKILL_001_20260203_091044,e_martinez,16009.52,SKILL_001,433.44,Organize beads per color,2026-02-03T09:10:44Z,True,1
SKILL_020_20260202_122438,n_mora,1683.38,SKILL_020,77.08,Open locks with their keys,2026-02-02T12:24:38Z,False,5
SKILL_020_20260202_122107,n_mora,1964.69,SKILL_020,85.69,Open locks with their keys,2026-02-02T12:21:07Z,False,5
SKILL_009_20260203_135130,n_mora,10091.6,SKILL_009,256.81,Package Cotton set,2026-02-03T13:51:30Z,True,1
SKILL_012_20260203_104732,c_becerra,8680.24,SKILL_012,229.4,Put pasta in jars,2026-02-03T10:47:32Z,True,1
SKILL_009_20260203_140140,n_mora,13382.91,SKILL_009,343.08,Package Cotton set,2026-02-03T14:01:40Z,True,1
SKILL_009_20260203_123451,c_becerra,19317.77,SKILL_009,541.96,Package Cotton set,2026-02-03T12:34:51Z,True,1
SKILL_005_20260203_112030,c_becerra,10632.12,SKILL_005,272.96,Insert allen keys in package,2026-02-03T11:20:30Z,True,1
SKILL_005_20260203_111452,c_becerra,11360.26,SKILL_005,284.25,Insert allen keys in package,2026-02-03T11:14:52Z,True,1
SKILL_005_20260203_110905,c_becerra,12129.5,SKILL_005,306.27,Insert allen keys in package,2026-02-03T11:09:05Z,True,1
SKILL_005_20260203_110329,c_becerra,11869.81,SKILL_005,297.46,Insert allen keys in package,2026-02-03T11:03:29Z,True,1
SKILL_005_20260203_092223,e_martinez,2541.16,SKILL_005,69.83,Insert allen keys in package,2026-02-03T09:22:23Z,False,1
SKILL_005_20260203_092044,e_martinez,2796.25,SKILL_005,77.24,Insert allen keys in package,2026-02-03T09:20:44Z,False,1
SKILL_005_20260203_091917,e_martinez,2763.62,SKILL_005,76.67,Insert allen keys in package,2026-02-03T09:19:17Z,False,1
SKILL_004_20260203_134938,n_mora,2212.65,SKILL_004,57.04,Set Screwdriver package,2026-02-03T13:49:38Z,False,1
SKILL_004_20260203_134807,n_mora,2816.26,SKILL_004,73.23,Set Screwdriver package,2026-02-03T13:48:07Z,False,1
SKILL_004_20260203_134412,n_mora,4121.99,SKILL_004,104.84,Set Screwdriver package,2026-02-03T13:44:12Z,True,1
SKILL_004_20260203_104652,c_becerra,297.55,SKILL_004,7.65,Set Screwdriver package,2026-02-03T10:46:52Z,False,1
SKILL_003_20260203_100551,d_vargas,9548.75,SKILL_003,285.43,Organize screwdriver bits,2026-02-03T10:05:51Z,True,3
SKILL_003_20260203_100518,d_vargas,392.24,SKILL_003,11.79,Organize screwdriver bits,2026-02-03T10:05:18Z,False,3
SKILL_003_20260203_100511,d_vargas,42.89,SKILL_003,1.22,Organize screwdriver bits,2026-02-03T10:05:11Z,False,3
SKILL_003_20260203_072850,c_becerra,7969.6,SKILL_003,228.09,Organize screwdriver bits,2026-02-03T07:28:50Z,True,3
SKILL_003_20260203_072329,c_becerra,8992.47,SKILL_003,249.54,Organize screwdriver bits,2026-02-03T07:23:29Z,True,3
SKILL_003_20260203_071733,c_becerra,10234.91,SKILL_003,281.78,Organize screwdriver bits,2026-02-03T07:17:33Z,True,3
SKILL_001_20260203_142832,l_aguilera,21175.32,SKILL_001,574.03,Organize beads per color,2026-02-03T14:28:32Z,True,3
SKILL_001_20260203_142056,l_aguilera,9139.02,SKILL_001,253.95,Organize beads per color,2026-02-03T14:20:56Z,True,3
SKILL_001_20260203_070431,c_becerra,24266.29,SKILL_001,688.85,Organize beads per color,2026-02-03T07:04:31Z,True,3
SKILL_001_20260203_070012,c_becerra,5842.16,SKILL_001,169.03,Organize beads per color,2026-02-03T07:00:12Z,True,3
SKILL_013_20260203_101510,c_becerra,3185.22,SKILL_013,82.31,Set up a hand lamp,2026-02-03T10:15:10Z,False,1
SKILL_013_20260203_094119,e_martinez,4447.54,SKILL_013,120.22,Set up a hand lamp,2026-02-03T09:41:19Z,True,1
SKILL_013_20260203_093746,e_martinez,5651.03,SKILL_013,152.55,Set up a hand lamp,2026-02-03T09:37:46Z,True,1
SKILL_013_20260203_092512,e_martinez,4780.33,SKILL_013,131.35,Set up a hand lamp,2026-02-03T09:25:12Z,True,1
SKILL_012_20260203_133751,n_mora,5371.12,SKILL_012,137.44,Put pasta in jars,2026-02-03T13:37:51Z,True,1
SKILL_012_20260203_133415,n_mora,6293.67,SKILL_012,159.18,Put pasta in jars,2026-02-03T13:34:15Z,True,1
SKILL_012_20260203_133102,n_mora,5161.75,SKILL_012,133.04,Put pasta in jars,2026-02-03T13:31:02Z,True,1
SKILL_012_20260203_105724,c_becerra,7349.26,SKILL_012,188.78,Put pasta in jars,2026-02-03T10:57:24Z,True,1
SKILL_012_20260203_105234,c_becerra,9247.99,SKILL_012,242.94,Put pasta in jars,2026-02-03T10:52:34Z,True,1
SKILL_004_20260203_105752,n_mora,3126.94,SKILL_004,85.53,Set Screwdriver package,2026-02-03T10:57:52Z,False,3
SKILL_004_20260203_105130,d_vargas,9652.01,SKILL_004,271.45,Set Screwdriver package,2026-02-03T10:51:31Z,True,3
SKILL_004_20260203_104841,d_vargas,1705.53,SKILL_004,47.9,Set Screwdriver package,2026-02-03T10:48:41Z,False,3
SKILL_004_20260203_104131,d_vargas,268.36,SKILL_004,7.62,Set Screwdriver package,2026-02-03T10:41:31Z,False,3
SKILL_004_20260203_102618,d_vargas,2156.3,SKILL_004,62.18,Set Screwdriver package,2026-02-03T10:26:18Z,False,3
SKILL_004_20260203_074143,c_becerra,8023.46,SKILL_004,222.43,Set Screwdriver package,2026-02-03T07:41:43Z,True,3
SKILL_003_20260203_144558,l_aguilera,9530.55,SKILL_003,263.25,Organize screwdriver bits,2026-02-03T14:45:58Z,True,3
SKILL_003_20260203_144050,l_aguilera,9475.94,SKILL_003,261.84,Organize screwdriver bits,2026-02-03T14:40:50Z,True,3
SKILL_003_20260203_101825,d_vargas,4.12,SKILL_003,0.03,Organize screwdriver bits,2026-02-03T10:18:29Z,False,3
SKILL_003_20260203_101357,d_vargas,10001.01,SKILL_003,267.7,Organize screwdriver bits,2026-02-03T10:13:57Z,True,3
SKILL_003_20260203_101354,d_vargas,67.13,SKILL_003,0.42,Organize screwdriver bits,2026-02-03T10:13:56Z,False,3
SKILL_013_20260203_090321,l_aguilera,3284.67,SKILL_013,92.36,Set up a hand lamp,2026-02-03T09:03:22Z,True,3
SKILL_013_20260203_085819,l_aguilera,4156.74,SKILL_013,121.19,Set up a hand lamp,2026-02-03T08:58:19Z,True,3
SKILL_013_20260203_085345,c_becerra,3939.54,SKILL_013,106.2,Set up a hand lamp,2026-02-03T08:53:45Z,True,3
SKILL_011_20260203_120446,e_martinez,5495.24,SKILL_011,147.06,Package plastic ice cubes,2026-02-03T12:04:47Z,True,3
SKILL_010_20260203_121529,e_martinez,1749.24,SKILL_010,46.82,Package earphones,2026-02-03T12:15:29Z,False,3
SKILL_010_20260203_121031,e_martinez,2025.33,SKILL_010,58.6,Package earphones,2026-02-03T12:10:32Z,False,3
SKILL_010_20260203_084802,c_becerra,11122.36,SKILL_010,299.65,Package earphones,2026-02-03T08:48:02Z,True,3
SKILL_010_20260203_084020,c_becerra,11134.77,SKILL_010,297.89,Package earphones,2026-02-03T08:40:21Z,True,3
SKILL_010_20260203_083613,c_becerra,1574.53,SKILL_010,42.28,Package earphones,2026-02-03T08:36:13Z,False,3
SKILL_009_20260203_112119,e_martinez,15233.34,SKILL_009,408.47,Package Cotton set,2026-02-03T11:21:20Z,True,3
SKILL_009_20260203_082357,c_becerra,21567.38,SKILL_009,582.79,Package Cotton set,2026-02-03T08:23:57Z,True,3
SKILL_007_20260203_081315,c_becerra,16656.06,SKILL_007,444.8,Separate tongue depressors by color,2026-02-03T08:13:15Z,True,3
SKILL_007_20260203_081224,c_becerra,192.91,SKILL_007,9.66,Separate tongue depressors by color,2026-02-03T08:12:24Z,False,3
SKILL_005_20260203_075510,c_becerra,5623.21,SKILL_005,155.41,Insert allen keys in package,2026-02-03T07:55:10Z,True,3
SKILL_005_20260203_075025,c_becerra,8196.71,SKILL_005,221.41,Insert allen keys in package,2026-02-03T07:50:26Z,True,3
SKILL_004_20260203_145620,l_aguilera,2581.81,SKILL_004,69.86,Set Screwdriver package,2026-02-03T14:56:20Z,False,3
SKILL_004_20260203_145603,l_aguilera,86.95,SKILL_004,2.38,Set Screwdriver package,2026-02-03T14:56:03Z,False,3
SKILL_004_20260203_145350,l_aguilera,2854.04,SKILL_004,77.12,Set Screwdriver package,2026-02-03T14:53:50Z,False,3
SKILL_004_20260203_145157,l_aguilera,3159.1,SKILL_004,86.15,Set Screwdriver package,2026-02-03T14:51:57Z,False,3
SKILL_021_20260203_135420,l_aguilera,4668.48,SKILL_021,131.81,Build Up Box (Mailer),2026-02-03T13:54:20Z,True,3
SKILL_021_20260203_135346,l_aguilera,135.22,SKILL_021,3.79,Build Up Box (Mailer),2026-02-03T13:53:46Z,False,3
SKILL_021_20260203_135000,l_aguilera,6084.07,SKILL_021,172.91,Build Up Box (Mailer),2026-02-03T13:50:00Z,True,3
SKILL_017_20260203_133336,l_aguilera,11159.77,SKILL_017,312.72,Put pasta in ziploc bags,2026-02-03T13:33:36Z,True,3
SKILL_017_20260203_132702,l_aguilera,12056.35,SKILL_017,339.31,Put pasta in ziploc bags,2026-02-03T13:27:02Z,True,3
SKILL_016_20260203_132422,l_aguilera,3909.36,SKILL_016,109.4,Package a sewing set,2026-02-03T13:24:22Z,True,3
SKILL_016_20260203_132140,l_aguilera,4008.29,SKILL_016,110.81,Package a sewing set,2026-02-03T13:21:40Z,True,3
SKILL_016_20260203_131839,l_aguilera,4185.09,SKILL_016,117.54,Package a sewing set,2026-02-03T13:18:39Z,True,3
SKILL_015_20260203_130914,l_aguilera,5456.1,SKILL_015,153.44,Thread a needle,2026-02-03T13:09:14Z,True,3
SKILL_015_20260203_130529,l_aguilera,6145.49,SKILL_015,173.31,Thread a needle,2026-02-03T13:05:29Z,True,3
SKILL_015_20260203_130139,l_aguilera,6694.95,SKILL_015,188.88,Thread a needle,2026-02-03T13:01:39Z,True,3
SKILL_015_20260203_130117,l_aguilera,72.82,SKILL_015,1.57,Thread a needle,2026-02-03T13:01:17Z,False,3
SKILL_014_20260203_124441,e_martinez,13479.05,SKILL_014,369.39,Fasten nuts onto bolts,2026-02-03T12:44:41Z,True,3
SKILL_014_20260203_123639,e_martinez,9173.41,SKILL_014,252.76,Fasten nuts onto bolts,2026-02-03T12:36:39Z,True,3
SKILL_013_20260203_123040,e_martinez,5698.84,SKILL_013,157.09,Set up a hand lamp,2026-02-03T12:30:40Z,True,3
SKILL_014_20260203_090754,l_aguilera,16329.5,SKILL_014,449.08,Fasten nuts onto bolts,2026-02-03T09:07:55Z,True,3
SKILL_013_20260203_122654,e_martinez,6081.03,SKILL_013,165.72,Set up a hand lamp,2026-02-03T12:26:55Z,True,3
SKILL_014_20260203_091811,l_aguilera,2305.15,SKILL_014,62.92,Fasten nuts onto bolts,2026-02-03T09:18:11Z,False,3
SKILL_013_20260203_090539,l_aguilera,530.27,SKILL_013,15.01,Set up a hand lamp,2026-02-03T09:05:39Z,False,3
SKILL_004_20260203_071746,l_aguilera,3267.72,SKILL_004,88.24,Set Screwdriver package,2026-02-03T07:17:46Z,False,4
SKILL_003_20260203_141806,e_martinez,12771.3,SKILL_003,347.97,Organize screwdriver bits,2026-02-03T14:18:06Z,True,4
SKILL_003_20260203_071311,l_aguilera,6366.83,SKILL_003,173.52,Organize screwdriver bits,2026-02-03T07:13:11Z,True,4
SKILL_003_20260203_070928,l_aguilera,6494.55,SKILL_003,176.21,Organize screwdriver bits,2026-02-03T07:09:28Z,True,4
SKILL_003_20260203_070549,l_aguilera,6671.34,SKILL_003,181.33,Organize screwdriver bits,2026-02-03T07:05:49Z,True,4
SKILL_003_20260203_070152,l_aguilera,7343.09,SKILL_003,200.16,Organize screwdriver bits,2026-02-03T07:01:52Z,True,4
SKILL_001_20260203_140659,e_martinez,14433.97,SKILL_001,431.33,Organize beads per color,2026-02-03T14:06:59Z,True,4
SKILL_023_20260203_141744,l_aguilera,3497.84,SKILL_023,97.39,Built up box (Present),2026-02-03T14:17:44Z,True,3
SKILL_023_20260203_141520,l_aguilera,3381.27,SKILL_023,95.65,Built up box (Present),2026-02-03T14:15:20Z,True,3
SKILL_023_20260203_141211,l_aguilera,5275.35,SKILL_023,148.94,Built up box (Present),2026-02-03T14:12:11Z,True,3
SKILL_023_20260203_140110,l_aguilera,2039.23,SKILL_023,58.22,Built up box (Present),2026-02-03T14:01:10Z,False,3
SKILL_022_20260203_140738,l_aguilera,2516.64,SKILL_022,67.93,Build Up Box (Regular ECT),2026-02-03T14:07:38Z,False,3
SKILL_022_20260203_140533,l_aguilera,2693.36,SKILL_022,72.06,Build Up Box (Regular ECT),2026-02-03T14:05:33Z,False,3
SKILL_022_20260203_140339,l_aguilera,2715.29,SKILL_022,72.5,Build Up Box (Regular ECT),2026-02-03T14:03:40Z,False,3
SKILL_021_20260203_140102,l_aguilera,53.67,SKILL_021,1.48,Build Up Box (Mailer),2026-02-03T14:01:02Z,False,3
SKILL_004_20260203_143103,e_martinez,3770.77,SKILL_004,128.61,Set Screwdriver package,2026-02-03T14:31:03Z,True,4
SKILL_004_20260203_101037,e_martinez,1047.53,SKILL_004,28.65,Set Screwdriver package,2026-02-03T10:10:38Z,False,4
SKILL_004_20260203_072650,l_aguilera,6234.72,SKILL_004,202.81,Set Screwdriver package,2026-02-03T07:26:51Z,True,4
SKILL_004_20260203_100812,e_martinez,386.3,SKILL_004,12.15,Set Screwdriver package,2026-02-03T10:08:13Z,False,4
SKILL_004_20260203_072115,l_aguilera,6887.5,SKILL_004,215.08,Set Screwdriver package,2026-02-03T07:21:16Z,True,4
SKILL_009_20260203_121548,n_mora,10285.11,SKILL_009,285.75,Package Cotton set,2026-02-03T12:15:49Z,True,4
SKILL_009_20260203_120900,n_mora,6068.68,SKILL_009,166.33,Package Cotton set,2026-02-03T12:09:01Z,True,4
SKILL_009_20260203_120527,n_mora,2268.45,SKILL_009,61.98,Package Cotton set,2026-02-03T12:05:27Z,False,4
SKILL_009_20260203_120439,n_mora,65.76,SKILL_009,1.47,Package Cotton set,2026-02-03T12:04:40Z,False,4
SKILL_009_20260203_105638,e_martinez,13540.95,SKILL_009,372.63,Package Cotton set,2026-02-03T10:56:38Z,True,4
SKILL_009_20260203_081514,e_martinez,15066.42,SKILL_009,449.18,Package Cotton set,2026-02-03T08:15:15Z,True,4
SKILL_007_20260203_112106,n_mora,17022.57,SKILL_007,467.32,Separate tongue depressors by color,2026-02-03T11:21:07Z,True,4
SKILL_007_20260203_110738,n_mora,13760.33,SKILL_007,371.11,Separate tongue depressors by color,2026-02-03T11:07:38Z,True,4
SKILL_007_20260203_104809,e_martinez,11393.89,SKILL_007,308.39,Separate tongue depressors by color,2026-02-03T10:48:09Z,True,4
SKILL_007_20260203_075217,l_aguilera,12869.13,SKILL_007,346.1,Separate tongue depressors by color,2026-02-03T07:52:17Z,True,4
SKILL_007_20260203_074549,l_aguilera,11363.09,SKILL_007,322.25,Separate tongue depressors by color,2026-02-03T07:45:49Z,True,4
SKILL_005_20260203_103433,e_martinez,6315.36,SKILL_005,172.65,Insert allen keys in package,2026-02-03T10:34:33Z,True,4
SKILL_005_20260203_102858,e_martinez,6493.43,SKILL_005,184.34,Insert allen keys in package,2026-02-03T10:28:58Z,True,4
SKILL_005_20260203_074213,l_aguilera,4550.34,SKILL_005,146.36,Insert allen keys in package,2026-02-03T07:42:13Z,True,4
SKILL_005_20260203_074002,l_aguilera,186.14,SKILL_005,5.08,Insert allen keys in package,2026-02-03T07:40:02Z,False,4
SKILL_005_20260203_073725,l_aguilera,4974.66,SKILL_005,135.32,Insert allen keys in package,2026-02-03T07:37:25Z,True,4
SKILL_005_20260203_073429,l_aguilera,5299.51,SKILL_005,144.62,Insert allen keys in package,2026-02-03T07:34:29Z,True,4
SKILL_005_20260203_073121,l_aguilera,6125.73,SKILL_005,166.36,Insert allen keys in package,2026-02-03T07:31:21Z,True,4
SKILL_004_20260203_144533,e_martinez,1281.43,SKILL_004,34.77,Set Screwdriver package,2026-02-03T14:45:33Z,False,4
SKILL_018_20260203_132243,c_becerra,8321.08,SKILL_018,228.33,Close bags with twist ties,2026-02-03T13:22:43Z,True,4
SKILL_017_20260203_130848,c_becerra,8057.22,SKILL_017,222.52,Put pasta in ziploc bags,2026-02-03T13:08:48Z,True,4
SKILL_017_20260203_130130,c_becerra,13138.92,SKILL_017,365.73,Put pasta in ziploc bags,2026-02-03T13:01:30Z,True,4
SKILL_017_20260203_125633,n_mora,3890.33,SKILL_017,106.13,Put pasta in ziploc bags,2026-02-03T12:56:33Z,True,4
SKILL_017_20260203_095139,l_aguilera,11064.89,SKILL_017,299.59,Put pasta in ziploc bags,2026-02-03T09:51:40Z,True,4
SKILL_016_20260203_094842,l_aguilera,4844.45,SKILL_016,132.0,Package a sewing set,2026-02-03T09:48:42Z,True,4
SKILL_016_20260203_094523,l_aguilera,5294.19,SKILL_016,142.71,Package a sewing set,2026-02-03T09:45:23Z,True,4
SKILL_015_20260203_125125,n_mora,1771.06,SKILL_015,47.98,Thread a needle,2026-02-03T12:51:25Z,False,4
SKILL_015_20260203_094019,l_aguilera,7037.0,SKILL_015,190.73,Thread a needle,2026-02-03T09:40:19Z,True,4
SKILL_015_20260203_093644,l_aguilera,6684.65,SKILL_015,182.8,Thread a needle,2026-02-03T09:36:44Z,True,4
SKILL_015_20260203_093220,l_aguilera,7667.09,SKILL_015,234.83,Thread a needle,2026-02-03T09:32:21Z,True,4
SKILL_013_20260203_124752,n_mora,3758.11,SKILL_013,102.51,Set up a hand lamp,2026-02-03T12:47:52Z,True,4
SKILL_013_20260203_124445,n_mora,5567.88,SKILL_013,151.47,Set up a hand lamp,2026-02-03T12:44:45Z,True,4
SKILL_013_20260203_123657,n_mora,5089.45,SKILL_013,142.28,Set up a hand lamp,2026-02-03T12:36:58Z,True,4
SKILL_011_20260203_134801,c_becerra,5473.56,SKILL_011,183.9,Package plastic ice cubes,2026-02-03T13:48:01Z,True,4
SKILL_011_20260203_134724,c_becerra,789.28,SKILL_011,22.48,Package plastic ice cubes,2026-02-03T13:47:24Z,False,4
SKILL_011_20260203_134037,c_becerra,7198.51,SKILL_011,195.04,Package plastic ice cubes,2026-02-03T13:40:38Z,True,4
SKILL_010_20260203_122732,n_mora,10882.82,SKILL_010,322.57,Package earphones,2026-02-03T12:27:32Z,True,4
SKILL_010_20260203_082449,e_martinez,8723.05,SKILL_010,235.33,Package earphones,2026-02-03T08:24:49Z,True,4
SKILL_004_20260203_090735,n_mora,1830.3,SKILL_004,84.68,Set Screwdriver package,2026-02-03T09:07:35Z,False,5
SKILL_004_20260203_090451,n_mora,2632.89,SKILL_004,126.91,Set Screwdriver package,2026-02-03T09:04:51Z,True,5
SKILL_003_20260203_104649,l_aguilera,3259.05,SKILL_003,188.26,Organize screwdriver bits,2026-02-03T10:46:49Z,True,5
SKILL_003_20260203_104134,l_aguilera,3723.84,SKILL_003,229.02,Organize screwdriver bits,2026-02-03T10:41:34Z,True,5
SKILL_003_20260203_103849,l_aguilera,1165.62,SKILL_003,72.06,Organize screwdriver bits,2026-02-03T10:38:49Z,False,5
SKILL_003_20260203_103824,l_aguilera,98.38,SKILL_003,5.9,Organize screwdriver bits,2026-02-03T10:38:24Z,False,5
SKILL_003_20260203_103650,l_aguilera,1319.08,SKILL_003,81.0,Organize screwdriver bits,2026-02-03T10:36:50Z,False,5
SKILL_003_20260203_103324,l_aguilera,1507.18,SKILL_003,89.39,Organize screwdriver bits,2026-02-03T10:33:24Z,False,5
SKILL_003_20260203_103127,l_aguilera,51.52,SKILL_003,0.74,Organize screwdriver bits,2026-02-03T10:31:29Z,False,5
SKILL_003_20260203_094758,n_mora,3982.89,SKILL_003,226.68,Organize screwdriver bits,2026-02-03T09:48:00Z,True,5
SKILL_003_20260203_094159,n_mora,3166.47,SKILL_003,166.57,Organize screwdriver bits,2026-02-03T09:41:59Z,True,5
SKILL_002_20260203_093835,n_mora,3085.55,SKILL_002,150.72,Organize beads per character,2026-02-03T09:38:35Z,True,5
SKILL_001_20260203_102253,l_aguilera,5447.55,SKILL_001,315.58,Organize beads per color,2026-02-03T10:22:53Z,True,5
SKILL_001_20260203_101247,l_aguilera,9101.59,SKILL_001,542.88,Organize beads per color,2026-02-03T10:12:47Z,True,5
SKILL_001_20260203_073144,n_mora,9159.02,SKILL_001,511.82,Organize beads per color,2026-02-03T07:31:44Z,True,5
SKILL_018_20260203_133354,c_becerra,5529.15,SKILL_018,149.4,Close bags with twist ties,2026-02-03T13:33:54Z,True,4
SKILL_018_20260203_132957,c_becerra,5866.49,SKILL_018,162.25,Close bags with twist ties,2026-02-03T13:29:57Z,True,4
SKILL_003_20260203_103516,l_aguilera,1102.27,SKILL_003,70.01,Organize screwdriver bits,2026-02-03T10:35:16Z,False,5
SKILL_004_20260203_091201,n_mora,1697.07,SKILL_004,80.28,Set Screwdriver package,2026-02-03T09:12:01Z,False,5
SKILL_004_20260203_090951,n_mora,1768.46,SKILL_004,81.13,Set Screwdriver package,2026-02-03T09:09:51Z,False,5
SKILL_005_20260203_130917,d_vargas,2744.2,SKILL_005,157.91,Insert allen keys in package,2026-02-03T13:09:17Z,True,5
SKILL_005_20260203_121216,l_aguilera,4420.18,SKILL_005,240.04,Insert allen keys in package,2026-02-03T12:12:16Z,True,5
SKILL_005_20260203_120739,l_aguilera,4401.2,SKILL_005,233.92,Insert allen keys in package,2026-02-03T12:07:39Z,True,5
SKILL_005_20260203_130416,d_vargas,4336.92,SKILL_005,264.6,Insert allen keys in package,2026-02-03T13:04:16Z,True,5
SKILL_005_20260203_120309,l_aguilera,4303.65,SKILL_005,224.45,Insert allen keys in package,2026-02-03T12:03:10Z,True,5
SKILL_005_20260203_081325,n_mora,4487.04,SKILL_005,245.79,Insert allen keys in package,2026-02-03T08:13:25Z,True,5
SKILL_005_20260203_075715,n_mora,3669.19,SKILL_005,209.59,Insert allen keys in package,2026-02-03T07:57:15Z,True,5
SKILL_005_20260203_080827,n_mora,2395.2,SKILL_005,226.11,Insert allen keys in package,2026-02-03T08:08:27Z,True,5
SKILL_005_20260203_075615,n_mora,4.11,SKILL_005,0.47,Insert allen keys in package,2026-02-03T07:56:15Z,False,5
SKILL_005_20260203_075542,n_mora,543.4,SKILL_005,30.93,Insert allen keys in package,2026-02-03T07:55:43Z,False,5
SKILL_004_20260203_143940,d_vargas,1237.64,SKILL_004,80.04,Set Screwdriver package,2026-02-03T14:39:40Z,False,5
SKILL_004_20260203_143727,d_vargas,1386.82,SKILL_004,86.98,Set Screwdriver package,2026-02-03T14:37:27Z,False,5
SKILL_004_20260203_143702,d_vargas,35.9,SKILL_004,0.55,Set Screwdriver package,2026-02-03T14:37:03Z,False,5
SKILL_004_20260203_142842,d_vargas,1974.5,SKILL_004,106.36,Set Screwdriver package,2026-02-03T14:28:42Z,True,5
SKILL_004_20260203_142629,d_vargas,1957.94,SKILL_004,104.42,Set Screwdriver package,2026-02-03T14:26:29Z,True,5
SKILL_004_20260203_142437,d_vargas,1839.15,SKILL_004,98.76,Set Screwdriver package,2026-02-03T14:24:37Z,True,5
SKILL_004_20260203_142142,d_vargas,2432.56,SKILL_004,128.39,Set Screwdriver package,2026-02-03T14:21:44Z,True,5
SKILL_004_20260203_141702,d_vargas,1346.91,SKILL_004,89.03,Set Screwdriver package,2026-02-03T14:17:02Z,False,5
SKILL_004_20260203_141400,d_vargas,1875.94,SKILL_004,111.13,Set Screwdriver package,2026-02-03T14:14:01Z,True,5
SKILL_013_20260203_131434,d_vargas,2495.52,SKILL_013,138.54,Set up a hand lamp,2026-02-03T13:14:34Z,True,5
SKILL_013_20260203_122635,l_aguilera,31.79,SKILL_013,1.72,Set up a hand lamp,2026-02-03T12:26:35Z,False,5
SKILL_013_20260203_122404,l_aguilera,1521.24,SKILL_013,86.28,Set up a hand lamp,2026-02-03T12:24:04Z,False,5
SKILL_013_20260203_122054,l_aguilera,2495.02,SKILL_013,138.53,Set up a hand lamp,2026-02-03T12:20:54Z,True,5
SKILL_013_20260203_121711,l_aguilera,1854.3,SKILL_013,102.24,Set up a hand lamp,2026-02-03T12:17:11Z,True,5
SKILL_013_20260203_071020,n_mora,3106.71,SKILL_013,181.04,Set up a hand lamp,2026-02-03T07:10:21Z,True,5
SKILL_013_20260203_070449,n_mora,3673.84,SKILL_013,213.27,Set up a hand lamp,2026-02-03T07:04:51Z,True,5
SKILL_012_20260203_093221,n_mora,3399.69,SKILL_012,169.31,Put pasta in jars,2026-02-03T09:32:21Z,True,5
SKILL_012_20260203_092846,n_mora,3372.64,SKILL_012,161.87,Put pasta in jars,2026-02-03T09:28:46Z,True,5
SKILL_012_20260203_092432,n_mora,4306.59,SKILL_012,210.12,Put pasta in jars,2026-02-03T09:24:32Z,True,5
SKILL_010_20260203_140030,d_vargas,5081.19,SKILL_010,281.69,Package earphones,2026-02-03T14:00:31Z,True,5
SKILL_009_20260203_111124,l_aguilera,3132.97,SKILL_009,184.37,Package Cotton set,2026-02-03T11:11:24Z,True,5
SKILL_009_20260203_110758,l_aguilera,3226.51,SKILL_009,181.16,Package Cotton set,2026-02-03T11:07:59Z,True,5
SKILL_009_20260203_105526,l_aguilera,2483.11,SKILL_009,144.58,Package Cotton set,2026-02-03T10:55:26Z,True,5
SKILL_009_20260203_105138,l_aguilera,3527.53,SKILL_009,197.54,Package Cotton set,2026-02-03T10:51:38Z,True,5
SKILL_009_20260203_083941,n_mora,6380.73,SKILL_009,333.97,Package Cotton set,2026-02-03T08:39:41Z,True,5
SKILL_009_20260203_083137,n_mora,2420.03,SKILL_009,128.36,Package Cotton set,2026-02-03T08:31:37Z,True,5
SKILL_009_20260203_082451,n_mora,5544.47,SKILL_009,311.95,Package Cotton set,2026-02-03T08:24:51Z,True,5
SKILL_005_20260203_131212,d_vargas,1146.33,SKILL_005,67.12,Insert allen keys in package,2026-02-03T13:12:12Z,False,5
SKILL_020_20260203_100147,l_aguilera,1172.71,SKILL_020,83.76,Open locks with their keys,2026-02-03T10:01:47Z,False,5
SKILL_020_20260203_092138,n_mora,1589.48,SKILL_020,80.18,Open locks with their keys,2026-02-03T09:21:38Z,False,5
SKILL_020_20260203_091835,n_mora,2592.98,SKILL_020,127.83,Open locks with their keys,2026-02-03T09:18:35Z,True,5
SKILL_019_20260203_144810,d_vargas,3718.87,SKILL_019,218.22,Put pasta in plastic containers,2026-02-03T14:48:10Z,True,5
SKILL_019_20260203_144740,d_vargas,267.06,SKILL_019,17.46,Put pasta in plastic containers,2026-02-03T14:47:40Z,False,5
SKILL_019_20260203_144303,d_vargas,3780.1,SKILL_019,234.29,Put pasta in plastic containers,2026-02-03T14:43:03Z,True,5
SKILL_019_20260203_112041,l_aguilera,3507.99,SKILL_019,203.47,Put pasta in plastic containers,2026-02-03T11:20:41Z,True,5
SKILL_019_20260203_112011,l_aguilera,55.8,SKILL_019,3.36,Put pasta in plastic containers,2026-02-03T11:20:11Z,False,5
SKILL_019_20260203_111604,l_aguilera,3353.06,SKILL_019,194.24,Put pasta in plastic containers,2026-02-03T11:16:04Z,True,5
SKILL_016_20260203_085547,n_mora,2492.27,SKILL_016,122.14,Package a sewing set,2026-02-03T08:55:47Z,True,5
SKILL_016_20260203_085034,n_mora,3234.43,SKILL_016,162.23,Package a sewing set,2026-02-03T08:50:34Z,True,5
SKILL_016_20260203_084732,n_mora,2355.77,SKILL_016,123.63,Package a sewing set,2026-02-03T08:47:32Z,True,5
SKILL_014_20260203_133759,d_vargas,4171.6,SKILL_014,259.55,Fasten nuts onto bolts,2026-02-03T13:38:01Z,True,5
SKILL_014_20260203_122645,l_aguilera,5663.94,SKILL_014,326.54,Fasten nuts onto bolts,2026-02-03T12:26:45Z,True,5
SKILL_014_20260203_072409,n_mora,5620.45,SKILL_014,327.92,Fasten nuts onto bolts,2026-02-03T07:24:09Z,True,5
SKILL_014_20260203_071536,n_mora,6307.06,SKILL_014,390.75,Fasten nuts onto bolts,2026-02-03T07:15:37Z,True,5
SKILL_013_20260203_133020,d_vargas,1915.47,SKILL_013,119.47,Set up a hand lamp,2026-02-03T13:30:20Z,True,5
SKILL_013_20260203_132648,d_vargas,2303.96,SKILL_013,119.87,Set up a hand lamp,2026-02-03T13:26:50Z,True,5
SKILL_014_20260203_134349,d_vargas,2981.15,SKILL_014,190.97,Fasten nuts onto bolts,2026-02-03T13:43:49Z,True,5
SKILL_020_20260203_123500,l_aguilera,1218.84,SKILL_020,74.04,Open locks with their keys,2026-02-03T12:35:00Z,False,5
SKILL_020_20260203_101010,l_aguilera,1290.2,SKILL_020,82.33,Open locks with their keys,2026-02-03T10:10:12Z,False,5
SKILL_020_20260203_100643,l_aguilera,459.25,SKILL_020,26.56,Open locks with their keys,2026-02-03T10:06:45Z,False,5
SKILL_004_20260204_073842,e_martinez,1868.66,SKILL_004,50.81,Set Screwdriver package,2026-02-04T07:38:42Z,False,1
SKILL_004_20260204_073707,e_martinez,2853.85,SKILL_004,76.97,Set Screwdriver package,2026-02-04T07:37:07Z,False,1
SKILL_004_20260204_073328,e_martinez,3014.5,SKILL_004,80.92,Set Screwdriver package,2026-02-04T07:33:28Z,False,1
SKILL_003_20260204_085315,e_martinez,8433.85,SKILL_003,235.74,Organize screwdriver bits,2026-02-04T08:53:15Z,True,1
SKILL_003_20260204_084756,e_martinez,9413.83,SKILL_003,262.18,Organize screwdriver bits,2026-02-04T08:47:56Z,True,1
SKILL_003_20260204_072706,e_martinez,10236.84,SKILL_003,276.28,Organize screwdriver bits,2026-02-04T07:27:06Z,True,1
SKILL_003_20260204_072129,e_martinez,9865.31,SKILL_003,267.18,Organize screwdriver bits,2026-02-04T07:21:29Z,True,1
SKILL_001_20260204_091911,c_becerra,17520.26,SKILL_001,508.22,Organize beads per color,2026-02-04T09:19:11Z,True,1
SKILL_001_20260204_083848,e_martinez,14630.9,SKILL_001,405.28,Organize beads per color,2026-02-04T08:38:48Z,True,1
SKILL_001_20260204_071136,e_martinez,14609.55,SKILL_001,434.82,Organize beads per color,2026-02-04T07:11:36Z,True,1
SKILL_020_20260203_135825,d_vargas,1032.56,SKILL_020,60.32,Open locks with their keys,2026-02-03T13:58:25Z,False,5
SKILL_020_20260203_135614,d_vargas,1579.63,SKILL_020,90.12,Open locks with their keys,2026-02-03T13:56:14Z,True,5
SKILL_020_20260203_135411,d_vargas,1354.83,SKILL_020,81.0,Open locks with their keys,2026-02-03T13:54:11Z,False,5
SKILL_020_20260203_135158,d_vargas,1475.31,SKILL_020,84.1,Open locks with their keys,2026-02-03T13:51:58Z,False,5
SKILL_020_20260203_134928,d_vargas,1222.0,SKILL_020,89.93,Open locks with their keys,2026-02-03T13:49:28Z,False,5
SKILL_020_20260203_125205,l_aguilera,2795.63,SKILL_020,183.66,Open locks with their keys,2026-02-03T12:52:05Z,True,5
SKILL_020_20260203_124708,l_aguilera,3893.08,SKILL_020,218.26,Open locks with their keys,2026-02-03T12:47:08Z,True,5
SKILL_020_20260203_124331,l_aguilera,1444.1,SKILL_020,82.25,Open locks with their keys,2026-02-03T12:43:31Z,False,5
SKILL_020_20260203_123835,l_aguilera,1960.63,SKILL_020,106.91,Open locks with their keys,2026-02-03T12:38:36Z,True,5
SKILL_013_20260204_120812,n_mora,6103.5,SKILL_013,165.77,Set up a hand lamp,2026-02-04T12:08:13Z,True,1
SKILL_013_20260204_112448,c_becerra,3988.2,SKILL_013,107.87,Set up a hand lamp,2026-02-04T11:24:48Z,True,1
SKILL_013_20260204_111834,c_becerra,7471.99,SKILL_013,202.36,Set up a hand lamp,2026-02-04T11:18:35Z,True,1
SKILL_013_20260204_111601,c_becerra,119.48,SKILL_013,3.26,Set up a hand lamp,2026-02-04T11:16:01Z,False,1
SKILL_013_20260204_111242,c_becerra,6355.37,SKILL_013,198.99,Set up a hand lamp,2026-02-04T11:12:42Z,True,1
SKILL_012_20260204_091504,c_becerra,6484.81,SKILL_012,177.25,Put pasta in jars,2026-02-04T09:15:04Z,True,1
SKILL_012_20260204_091131,c_becerra,5975.74,SKILL_012,163.37,Put pasta in jars,2026-02-04T09:11:31Z,True,1
SKILL_012_20260204_081750,e_martinez,7295.89,SKILL_012,197.21,Put pasta in jars,2026-02-04T08:17:50Z,True,1
SKILL_012_20260204_081431,e_martinez,5400.08,SKILL_012,146.33,Put pasta in jars,2026-02-04T08:14:31Z,True,1
SKILL_012_20260204_081105,e_martinez,6261.22,SKILL_012,168.21,Put pasta in jars,2026-02-04T08:11:06Z,True,1
SKILL_012_20260204_090738,c_becerra,6550.56,SKILL_012,179.7,Put pasta in jars,2026-02-04T09:07:38Z,True,1
SKILL_012_20260204_080557,e_martinez,6133.42,SKILL_012,173.24,Put pasta in jars,2026-02-04T08:05:57Z,True,1
SKILL_009_20260204_105244,c_becerra,19154.23,SKILL_009,557.74,Package Cotton set,2026-02-04T10:52:44Z,True,1
SKILL_009_20260204_075623,e_martinez,5609.95,SKILL_009,159.95,Package Cotton set,2026-02-04T07:56:23Z,True,1
SKILL_009_20260204_074941,e_martinez,12827.21,SKILL_009,366.64,Package Cotton set,2026-02-04T07:49:41Z,True,1
SKILL_005_20260204_144235,n_mora,3997.91,SKILL_005,109.43,Insert allen keys in package,2026-02-04T14:42:35Z,True,1
SKILL_005_20260204_143849,n_mora,5568.82,SKILL_005,151.83,Insert allen keys in package,2026-02-04T14:38:49Z,True,1
SKILL_005_20260204_143514,n_mora,5847.22,SKILL_005,165.47,Insert allen keys in package,2026-02-04T14:35:15Z,True,1
SKILL_004_20260204_074339,e_martinez,2778.3,SKILL_004,75.27,Set Screwdriver package,2026-02-04T07:43:39Z,False,1
SKILL_019_20260204_110452,c_becerra,6261.85,SKILL_019,172.81,Put pasta in plastic containers,2026-02-04T11:04:52Z,True,1
SKILL_018_20260204_104816,c_becerra,5523.41,SKILL_018,152.28,Close bags with twist ties,2026-02-04T10:48:16Z,True,1
SKILL_018_20260204_104422,c_becerra,5961.09,SKILL_018,165.6,Close bags with twist ties,2026-02-04T10:44:22Z,True,1
SKILL_018_20260204_104252,c_becerra,22.85,SKILL_018,0.63,Close bags with twist ties,2026-02-04T10:42:52Z,False,1
SKILL_018_20260204_103944,c_becerra,6788.68,SKILL_018,186.77,Close bags with twist ties,2026-02-04T10:39:44Z,True,1
SKILL_018_20260204_083247,e_martinez,9147.87,SKILL_018,252.38,Close bags with twist ties,2026-02-04T08:32:48Z,True,1
SKILL_018_20260204_082851,e_martinez,2821.82,SKILL_018,76.58,Close bags with twist ties,2026-02-04T08:28:51Z,False,1
SKILL_018_20260204_082447,e_martinez,4141.24,SKILL_018,112.46,Close bags with twist ties,2026-02-04T08:24:47Z,True,1
SKILL_018_20260204_082416,e_martinez,290.29,SKILL_018,7.93,Close bags with twist ties,2026-02-04T08:24:16Z,False,1
SKILL_014_20260204_125150,n_mora,3276.15,SKILL_014,89.65,Fasten nuts onto bolts,2026-02-04T12:51:51Z,False,1
SKILL_014_20260204_124419,n_mora,10850.68,SKILL_014,305.25,Fasten nuts onto bolts,2026-02-04T12:44:19Z,True,1
SKILL_014_20260204_102039,c_becerra,15022.21,SKILL_014,422.21,Fasten nuts onto bolts,2026-02-04T10:20:39Z,True,1
SKILL_014_20260204_101903,c_becerra,2633.75,SKILL_014,73.03,Fasten nuts onto bolts,2026-02-04T10:19:03Z,False,1
SKILL_014_20260204_101839,c_becerra,652.63,SKILL_014,20.68,Fasten nuts onto bolts,2026-02-04T10:18:40Z,False,1
SKILL_013_20260204_123808,n_mora,3252.29,SKILL_013,94.75,Set up a hand lamp,2026-02-04T12:38:08Z,True,1
SKILL_013_20260204_123333,n_mora,3230.14,SKILL_013,97.52,Set up a hand lamp,2026-02-04T12:33:33Z,True,1
SKILL_013_20260204_123107,n_mora,3596.61,SKILL_013,108.4,Set up a hand lamp,2026-02-04T12:31:08Z,True,1
SKILL_013_20260204_121655,n_mora,3869.6,SKILL_013,104.9,Set up a hand lamp,2026-02-04T12:16:56Z,True,1
SKILL_013_20260204_121218,n_mora,3745.07,SKILL_013,101.23,Set up a hand lamp,2026-02-04T12:12:18Z,True,1
SKILL_020_20260204_103157,c_becerra,2869.69,SKILL_020,80.03,Open locks with their keys,2026-02-04T10:31:57Z,False,1
SKILL_020_20260204_102946,c_becerra,2801.96,SKILL_020,78.25,Open locks with their keys,2026-02-04T10:29:46Z,False,1
SKILL_019_20260204_110849,c_becerra,6181.71,SKILL_019,171.95,Put pasta in plastic containers,2026-02-04T11:08:49Z,True,1
SKILL_003_20260204_133945,c_becerra,3986.44,SKILL_003,110.2,Organize screwdriver bits,2026-02-04T13:39:45Z,True,3
SKILL_003_20260204_133019,c_becerra,4562.66,SKILL_003,134.63,Organize screwdriver bits,2026-02-04T13:30:19Z,True,3
SKILL_003_20260204_111950,a_rodriguez,1164.39,SKILL_003,33.96,Organize screwdriver bits,2026-02-04T11:19:51Z,False,3
SKILL_003_20260204_111526,a_rodriguez,49.4,SKILL_003,1.46,Organize screwdriver bits,2026-02-04T11:15:26Z,False,3
SKILL_003_20260204_111519,a_rodriguez,212.37,SKILL_003,6.08,Organize screwdriver bits,2026-02-04T11:15:19Z,False,3
SKILL_003_20260204_105721,a_rodriguez,587.89,SKILL_003,15.96,Organize screwdriver bits,2026-02-04T10:57:21Z,False,3
SKILL_003_20260204_105543,a_rodriguez,1714.96,SKILL_003,48.52,Organize screwdriver bits,2026-02-04T10:55:44Z,False,3
SKILL_003_20260204_102036,a_rodriguez,48.41,SKILL_003,1.33,Organize screwdriver bits,2026-02-04T10:20:36Z,False,3
SKILL_003_20260204_101924,a_rodriguez,2111.59,SKILL_003,71.83,Organize screwdriver bits,2026-02-04T10:19:24Z,False,3
SKILL_003_20260204_101029,a_rodriguez,8045.81,SKILL_003,220.4,Organize screwdriver bits,2026-02-04T10:10:29Z,True,3
SKILL_003_20260204_100111,a_rodriguez,14720.8,SKILL_003,406.35,Organize screwdriver bits,2026-02-04T10:01:12Z,True,3
SKILL_003_20260204_073637,n_mora,11353.86,SKILL_003,304.77,Organize screwdriver bits,2026-02-04T07:36:37Z,True,3
SKILL_003_20260204_073028,n_mora,10465.61,SKILL_003,280.52,Organize screwdriver bits,2026-02-04T07:30:28Z,True,3
SKILL_001_20260204_144852,c_becerra,23691.08,SKILL_001,683.42,Organize beads per color,2026-02-04T14:48:52Z,True,3
SKILL_001_20260204_140925,c_becerra,25844.07,SKILL_001,768.24,Organize beads per color,2026-02-04T14:09:25Z,True,3
SKILL_001_20260204_070915,n_mora,26885.52,SKILL_001,779.42,Organize beads per color,2026-02-04T07:09:15Z,True,3
SKILL_001_20260204_070507,n_mora,6153.26,SKILL_001,179.67,Organize beads per color,2026-02-04T07:05:07Z,True,3
SKILL_020_20260204_103726,c_becerra,2652.22,SKILL_020,74.17,Open locks with their keys,2026-02-04T10:37:26Z,False,1
SKILL_020_20260204_103450,c_becerra,2621.2,SKILL_020,72.54,Open locks with their keys,2026-02-04T10:34:50Z,False,1
SKILL_004_20260204_122545,c_becerra,3338.09,SKILL_004,93.63,Set Screwdriver package,2026-02-04T12:25:45Z,True,3
SKILL_004_20260204_121629,c_becerra,742.48,SKILL_004,20.2,Set Screwdriver package,2026-02-04T12:16:29Z,False,3
SKILL_004_20260204_121600,c_becerra,580.17,SKILL_004,15.15,Set Screwdriver package,2026-02-04T12:16:01Z,False,3
SKILL_004_20260204_112709,a_rodriguez,2192.76,SKILL_004,58.1,Set Screwdriver package,2026-02-04T11:27:09Z,False,3
SKILL_004_20260204_110428,a_rodriguez,2208.14,SKILL_004,59.59,Set Screwdriver package,2026-02-04T11:04:28Z,False,3
SKILL_004_20260204_105954,a_rodriguez,1283.98,SKILL_004,37.49,Set Screwdriver package,2026-02-04T10:59:55Z,False,3
SKILL_004_20260204_105317,a_rodriguez,336.69,SKILL_004,8.58,Set Screwdriver package,2026-02-04T10:53:17Z,False,3
SKILL_004_20260204_104802,a_rodriguez,823.57,SKILL_004,21.8,Set Screwdriver package,2026-02-04T10:48:03Z,False,3
SKILL_004_20260204_104306,a_rodriguez,2801.19,SKILL_004,81.3,Set Screwdriver package,2026-02-04T10:43:06Z,False,3
SKILL_004_20260204_103357,a_rodriguez,666.04,SKILL_004,19.37,Set Screwdriver package,2026-02-04T10:33:58Z,False,3
SKILL_004_20260204_103114,a_rodriguez,558.91,SKILL_004,15.0,Set Screwdriver package,2026-02-04T10:31:15Z,False,3
SKILL_004_20260204_102857,a_rodriguez,273.71,SKILL_004,7.02,Set Screwdriver package,2026-02-04T10:28:58Z,False,3
SKILL_004_20260204_102659,a_rodriguez,1024.87,SKILL_004,28.39,Set Screwdriver package,2026-02-04T10:27:00Z,False,3
SKILL_004_20260204_075821,n_mora,6089.3,SKILL_004,166.14,Set Screwdriver package,2026-02-04T07:58:21Z,True,3
SKILL_004_20260204_075517,n_mora,3340.79,SKILL_004,96.2,Set Screwdriver package,2026-02-04T07:55:17Z,True,3
SKILL_004_20260204_075020,n_mora,7512.4,SKILL_004,219.26,Set Screwdriver package,2026-02-04T07:50:21Z,True,3
SKILL_004_20260204_074329,n_mora,9850.15,SKILL_004,262.04,Set Screwdriver package,2026-02-04T07:43:29Z,True,3
SKILL_003_20260204_135138,c_becerra,16397.35,SKILL_003,477.84,Organize screwdriver bits,2026-02-04T13:51:38Z,True,3
SKILL_003_20260204_134247,c_becerra,8278.77,SKILL_003,232.45,Organize screwdriver bits,2026-02-04T13:42:47Z,True,3
SKILL_013_20260204_090649,a_rodriguez,7041.84,SKILL_013,201.26,Set up a hand lamp,2026-02-04T09:06:49Z,True,3
SKILL_011_20260204_090117,a_rodriguez,6268.27,SKILL_011,183.85,Package plastic ice cubes,2026-02-04T09:01:18Z,True,3
SKILL_011_20260204_085617,n_mora,4306.77,SKILL_011,117.5,Package plastic ice cubes,2026-02-04T08:56:17Z,True,3
SKILL_011_20260204_085305,n_mora,5957.99,SKILL_011,162.34,Package plastic ice cubes,2026-02-04T08:53:05Z,True,3
SKILL_010_20260204_140316,c_becerra,9957.62,SKILL_010,279.78,Package earphones,2026-02-04T14:03:16Z,True,3
SKILL_010_20260204_084952,n_mora,1237.37,SKILL_010,33.89,Package earphones,2026-02-04T08:49:52Z,False,3
SKILL_010_20260204_084255,n_mora,11896.88,SKILL_010,323.51,Package earphones,2026-02-04T08:42:55Z,True,3
SKILL_009_20260204_083447,n_mora,13143.95,SKILL_009,357.8,Package Cotton set,2026-02-04T08:34:48Z,True,3
SKILL_007_20260204_125858,c_becerra,18470.1,SKILL_007,514.63,Separate tongue depressors by color,2026-02-04T12:58:59Z,True,3
SKILL_007_20260204_083030,n_mora,5806.94,SKILL_007,155.34,Separate tongue depressors by color,2026-02-04T08:30:30Z,True,3
SKILL_007_20260204_082241,n_mora,15777.99,SKILL_007,424.51,Separate tongue depressors by color,2026-02-04T08:22:41Z,True,3
SKILL_005_20260204_132623,c_becerra,6395.29,SKILL_005,188.17,Insert allen keys in package,2026-02-04T13:26:23Z,True,3
SKILL_005_20260204_082005,n_mora,3890.36,SKILL_005,107.09,Insert allen keys in package,2026-02-04T08:20:05Z,True,3
SKILL_005_20260204_081351,n_mora,4993.31,SKILL_005,137.27,Insert allen keys in package,2026-02-04T08:13:51Z,True,3
SKILL_013_20260204_091929,a_rodriguez,12348.9,SKILL_013,338.14,Set up a hand lamp,2026-02-04T09:19:30Z,True,3
SKILL_005_20260204_081640,n_mora,4556.03,SKILL_005,124.97,Insert allen keys in package,2026-02-04T08:16:40Z,True,3
SKILL_005_20260204_081127,n_mora,4431.83,SKILL_005,121.61,Insert allen keys in package,2026-02-04T08:11:27Z,True,3
SKILL_005_20260204_131216,c_becerra,6175.61,SKILL_005,171.85,Insert allen keys in package,2026-02-04T13:12:16Z,True,3
SKILL_005_20260204_131528,c_becerra,4481.54,SKILL_005,156.81,Insert allen keys in package,2026-02-04T13:15:30Z,True,3
SKILL_013_20260204_091203,a_rodriguez,3298.55,SKILL_013,94.0,Set up a hand lamp,2026-02-04T09:12:03Z,True,3
SKILL_005_20260204_130902,c_becerra,5781.05,SKILL_005,171.16,Insert allen keys in package,2026-02-04T13:09:02Z,True,3
SKILL_003_20260204_071152,c_becerra,9972.37,SKILL_003,269.79,Organize screwdriver bits,2026-02-04T07:11:52Z,True,4
SKILL_003_20260204_070713,c_becerra,3793.76,SKILL_003,103.03,Organize screwdriver bits,2026-02-04T07:07:13Z,True,4
SKILL_002_20260204_091232,e_martinez,24228.7,SKILL_002,698.22,Organize beads per character,2026-02-04T09:12:32Z,True,4
SKILL_002_20260204_091222,e_martinez,135.0,SKILL_002,3.48,Organize beads per character,2026-02-04T09:12:22Z,False,4
SKILL_001_20260204_090712,e_martinez,4364.37,SKILL_001,121.17,Organize beads per color,2026-02-04T09:07:12Z,True,4
SKILL_018_20260204_144200,c_becerra,6357.75,SKILL_018,175.88,Close bags with twist ties,2026-02-04T14:42:00Z,True,3
SKILL_018_20260204_143747,c_becerra,6577.1,SKILL_018,183.56,Close bags with twist ties,2026-02-04T14:37:47Z,True,3
SKILL_017_20260204_125122,c_becerra,11887.18,SKILL_017,338.51,Put pasta in ziploc bags,2026-02-04T12:51:22Z,True,3
SKILL_017_20260204_123630,c_becerra,6595.46,SKILL_017,189.19,Put pasta in ziploc bags,2026-02-04T12:36:30Z,True,3
SKILL_016_20260204_123446,c_becerra,1859.06,SKILL_016,52.3,Package a sewing set,2026-02-04T12:34:46Z,False,3
SKILL_016_20260204_123337,c_becerra,1426.18,SKILL_016,39.97,Package a sewing set,2026-02-04T12:33:37Z,False,3
SKILL_016_20260204_123210,c_becerra,1889.31,SKILL_016,53.08,Package a sewing set,2026-02-04T12:32:10Z,False,3
SKILL_016_20260204_123015,c_becerra,2341.39,SKILL_016,66.55,Package a sewing set,2026-02-04T12:30:15Z,False,3
SKILL_016_20260204_122838,c_becerra,2204.56,SKILL_016,62.17,Package a sewing set,2026-02-04T12:28:38Z,False,3
SKILL_015_20260204_143052,c_becerra,8529.97,SKILL_015,236.33,Thread a needle,2026-02-04T14:30:52Z,True,3
SKILL_015_20260204_142607,c_becerra,5954.23,SKILL_015,165.42,Thread a needle,2026-02-04T14:26:07Z,True,3
SKILL_001_20260204_120554,l_aguilera,9631.31,SKILL_001,501.05,Organize beads per color,2026-02-04T12:05:54Z,True,5
SKILL_001_20260204_103005,d_vargas,10880.59,SKILL_001,516.9,Organize beads per color,2026-02-04T10:30:05Z,True,5
SKILL_013_20260204_085855,c_becerra,6676.56,SKILL_013,190.71,Set up a hand lamp,2026-02-04T08:58:55Z,True,4
SKILL_013_20260204_085355,c_becerra,7936.82,SKILL_013,226.83,Set up a hand lamp,2026-02-04T08:53:55Z,True,4
SKILL_011_20260204_084930,c_becerra,4307.47,SKILL_011,123.24,Package plastic ice cubes,2026-02-04T08:49:30Z,True,4
SKILL_011_20260204_084557,c_becerra,5992.62,SKILL_011,171.51,Package plastic ice cubes,2026-02-04T08:45:57Z,True,4
SKILL_011_20260204_084225,c_becerra,6307.49,SKILL_011,180.05,Package plastic ice cubes,2026-02-04T08:42:25Z,True,4
SKILL_010_20260204_083431,c_becerra,13322.99,SKILL_010,381.55,Package earphones,2026-02-04T08:34:31Z,True,4
SKILL_009_20260204_082318,c_becerra,19443.71,SKILL_009,558.53,Package Cotton set,2026-02-04T08:23:18Z,True,4
SKILL_007_20260204_081351,c_becerra,14075.63,SKILL_007,403.2,Separate tongue depressors by color,2026-02-04T08:13:51Z,True,4
SKILL_005_20260204_075546,c_becerra,6286.36,SKILL_005,179.74,Insert allen keys in package,2026-02-04T07:55:46Z,True,4
SKILL_005_20260204_075236,c_becerra,5766.38,SKILL_005,164.6,Insert allen keys in package,2026-02-04T07:52:36Z,True,4
SKILL_005_20260204_074934,c_becerra,5477.82,SKILL_005,156.69,Insert allen keys in package,2026-02-04T07:49:34Z,True,4
SKILL_005_20260204_074620,c_becerra,5699.29,SKILL_005,163.1,Insert allen keys in package,2026-02-04T07:46:20Z,True,4
SKILL_005_20260204_074302,c_becerra,6074.86,SKILL_005,173.6,Insert allen keys in package,2026-02-04T07:43:02Z,True,4
SKILL_004_20260204_073951,c_becerra,3530.61,SKILL_004,100.46,Set Screwdriver package,2026-02-04T07:39:51Z,True,4
SKILL_004_20260204_073537,c_becerra,7647.67,SKILL_004,217.65,Set Screwdriver package,2026-02-04T07:35:38Z,True,4
SKILL_004_20260204_072523,c_becerra,7048.97,SKILL_004,207.94,Set Screwdriver package,2026-02-04T07:25:23Z,True,4
SKILL_003_20260204_071800,c_becerra,8232.18,SKILL_003,222.18,Organize screwdriver bits,2026-02-04T07:18:00Z,True,4
SKILL_005_20260204_095353,d_vargas,5308.76,SKILL_005,254.29,Insert allen keys in package,2026-02-04T09:53:53Z,True,5
SKILL_005_20260204_095001,d_vargas,4116.98,SKILL_005,198.1,Insert allen keys in package,2026-02-04T09:50:01Z,True,5
SKILL_005_20260204_083753,l_aguilera,3903.3,SKILL_005,193.08,Insert allen keys in package,2026-02-04T08:37:53Z,True,5
SKILL_005_20260204_083235,l_aguilera,3959.18,SKILL_005,203.55,Insert allen keys in package,2026-02-04T08:32:37Z,True,5
SKILL_005_20260204_082321,l_aguilera,3462.42,SKILL_005,185.91,Insert allen keys in package,2026-02-04T08:23:22Z,True,5
SKILL_005_20260204_081621,l_aguilera,1529.01,SKILL_005,101.03,Insert allen keys in package,2026-02-04T08:16:23Z,True,5
SKILL_005_20260204_080725,l_aguilera,1623.78,SKILL_005,82.66,Insert allen keys in package,2026-02-04T08:07:26Z,False,5
SKILL_005_20260204_075134,l_aguilera,624.61,SKILL_005,38.96,Insert allen keys in package,2026-02-04T07:51:36Z,False,5
SKILL_005_20260204_074753,l_aguilera,1361.0,SKILL_005,75.73,Insert allen keys in package,2026-02-04T07:47:54Z,False,5
SKILL_005_20260204_074257,l_aguilera,306.06,SKILL_005,13.86,Insert allen keys in package,2026-02-04T07:42:59Z,False,5
SKILL_004_20260204_102135,d_vargas,2633.97,SKILL_004,125.46,Set Screwdriver package,2026-02-04T10:21:35Z,True,5
SKILL_004_20260204_101841,d_vargas,2613.0,SKILL_004,122.57,Set Screwdriver package,2026-02-04T10:18:41Z,True,5
SKILL_004_20260204_101541,d_vargas,2041.9,SKILL_004,99.92,Set Screwdriver package,2026-02-04T10:15:41Z,True,5
SKILL_004_20260204_073115,l_aguilera,1232.78,SKILL_004,77.76,Set Screwdriver package,2026-02-04T07:31:15Z,False,5
SKILL_004_20260204_072953,l_aguilera,1095.14,SKILL_004,61.98,Set Screwdriver package,2026-02-04T07:29:53Z,False,5
SKILL_004_20260204_072751,l_aguilera,1898.53,SKILL_004,101.47,Set Screwdriver package,2026-02-04T07:27:51Z,True,5
SKILL_004_20260204_072556,l_aguilera,1846.39,SKILL_004,84.82,Set Screwdriver package,2026-02-04T07:25:57Z,False,5
SKILL_003_20260204_104640,d_vargas,4341.2,SKILL_003,215.33,Organize screwdriver bits,2026-02-04T10:46:40Z,True,5
SKILL_003_20260204_104014,d_vargas,6169.4,SKILL_003,304.31,Organize screwdriver bits,2026-02-04T10:40:14Z,True,5
SKILL_013_20260204_093756,d_vargas,2582.05,SKILL_013,132.15,Set up a hand lamp,2026-02-04T09:37:57Z,True,5
SKILL_013_20260204_093359,d_vargas,1101.88,SKILL_013,54.33,Set up a hand lamp,2026-02-04T09:34:00Z,False,5
SKILL_013_20260204_092853,d_vargas,498.4,SKILL_013,25.37,Set up a hand lamp,2026-02-04T09:28:55Z,False,5
SKILL_013_20260204_092008,d_vargas,1929.03,SKILL_013,104.16,Set up a hand lamp,2026-02-04T09:20:08Z,True,5
SKILL_013_20260204_091803,d_vargas,1900.26,SKILL_013,100.29,Set up a hand lamp,2026-02-04T09:18:05Z,True,5
SKILL_013_20260204_090311,l_aguilera,2569.37,SKILL_013,165.44,Set up a hand lamp,2026-02-04T09:03:11Z,True,5
SKILL_010_20260204_085940,l_aguilera,2080.48,SKILL_010,132.41,Package earphones,2026-02-04T08:59:41Z,True,5
SKILL_010_20260204_084945,l_aguilera,2776.35,SKILL_010,165.6,Package earphones,2026-02-04T08:49:45Z,True,5
SKILL_010_20260204_084519,l_aguilera,4080.26,SKILL_010,226.29,Package earphones,2026-02-04T08:45:20Z,True,5
SKILL_010_20260204_084159,l_aguilera,1109.9,SKILL_010,53.46,Package earphones,2026-02-04T08:41:59Z,False,5
SKILL_005_20260204_095827,d_vargas,1220.99,SKILL_005,63.54,Insert allen keys in package,2026-02-04T09:58:27Z,False,5
SKILL_001_20260205_124119,n_mora,20087.22,SKILL_001,547.37,Organize beads per color,2026-02-05T12:41:19Z,True,1
SKILL_001_20260205_122735,n_mora,23329.07,SKILL_001,669.62,Organize beads per color,2026-02-05T12:27:35Z,True,1
SKILL_020_20260204_121810,l_aguilera,1310.55,SKILL_020,69.03,Open locks with their keys,2026-02-04T12:18:10Z,False,5
SKILL_020_20260204_121616,l_aguilera,1496.56,SKILL_020,73.78,Open locks with their keys,2026-02-04T12:16:16Z,False,5
SKILL_020_20260204_112225,d_vargas,2124.62,SKILL_020,104.34,Open locks with their keys,2026-02-04T11:22:25Z,True,5
SKILL_020_20260204_111946,d_vargas,2210.57,SKILL_020,106.32,Open locks with their keys,2026-02-04T11:19:46Z,True,5
SKILL_020_20260204_111712,d_vargas,1827.46,SKILL_020,89.46,Open locks with their keys,2026-02-04T11:17:12Z,False,5
SKILL_019_20260204_105821,d_vargas,2155.59,SKILL_019,108.06,Put pasta in plastic containers,2026-02-04T10:58:21Z,True,5
SKILL_019_20260204_105449,d_vargas,3555.83,SKILL_019,168.7,Put pasta in plastic containers,2026-02-04T10:54:49Z,True,5
SKILL_019_20260204_105118,d_vargas,3474.28,SKILL_019,168.24,Put pasta in plastic containers,2026-02-04T10:51:18Z,True,5
SKILL_019_20260204_100818,d_vargas,4950.98,SKILL_019,238.23,Put pasta in plastic containers,2026-02-04T10:08:18Z,True,5
SKILL_019_20260204_100335,d_vargas,4814.78,SKILL_019,233.34,Put pasta in plastic containers,2026-02-04T10:03:35Z,True,5
SKILL_018_20260204_111405,d_vargas,1639.98,SKILL_018,81.2,Close bags with twist ties,2026-02-04T11:14:05Z,False,5
SKILL_018_20260204_110714,d_vargas,2534.3,SKILL_018,120.35,Close bags with twist ties,2026-02-04T11:07:14Z,True,5
SKILL_018_20260204_111045,d_vargas,3656.28,SKILL_018,174.47,Close bags with twist ties,2026-02-04T11:10:45Z,True,5
SKILL_018_20260204_110507,d_vargas,2316.31,SKILL_018,107.27,Close bags with twist ties,2026-02-04T11:05:07Z,True,5
SKILL_013_20260204_094617,d_vargas,2299.73,SKILL_013,111.18,Set up a hand lamp,2026-02-04T09:46:17Z,True,5
SKILL_013_20260204_094419,d_vargas,1508.0,SKILL_013,72.15,Set up a hand lamp,2026-02-04T09:44:19Z,False,5
SKILL_013_20260204_094156,d_vargas,2261.59,SKILL_013,108.94,Set up a hand lamp,2026-02-04T09:41:56Z,True,5
SKILL_005_20260205_072141,n_mora,8063.66,SKILL_005,218.43,Insert allen keys in package,2026-02-05T07:21:41Z,True,1
SKILL_005_20260205_071652,n_mora,6873.0,SKILL_005,185.76,Insert allen keys in package,2026-02-05T07:16:52Z,True,1
SKILL_005_20260205_071132,n_mora,7931.79,SKILL_005,213.65,Insert allen keys in package,2026-02-05T07:11:32Z,True,1
SKILL_004_20260205_145338,n_mora,2360.03,SKILL_004,63.3,Set Screwdriver package,2026-02-05T14:53:38Z,False,1
SKILL_004_20260205_112640,n_mora,2390.26,SKILL_004,64.57,Set Screwdriver package,2026-02-05T11:26:40Z,False,1
SKILL_004_20260205_093945,n_mora,2115.74,SKILL_004,57.24,Set Screwdriver package,2026-02-05T09:39:45Z,False,1
SKILL_004_20260205_093742,n_mora,2286.22,SKILL_004,61.96,Set Screwdriver package,2026-02-05T09:37:42Z,False,1
SKILL_004_20260205_093559,n_mora,2535.84,SKILL_004,68.73,Set Screwdriver package,2026-02-05T09:35:59Z,False,1
SKILL_004_20260205_093432,n_mora,2415.02,SKILL_004,65.08,Set Screwdriver package,2026-02-05T09:34:33Z,False,1
SKILL_004_20260205_092205,n_mora,3715.8,SKILL_004,100.97,Set Screwdriver package,2026-02-05T09:22:05Z,True,1
SKILL_002_20260205_084038,n_mora,3874.54,SKILL_002,107.29,Organize beads per character,2026-02-05T08:40:38Z,True,1
SKILL_002_20260205_082917,n_mora,11524.48,SKILL_002,320.14,Organize beads per character,2026-02-05T08:29:17Z,True,1
SKILL_002_20260205_082316,n_mora,8666.47,SKILL_002,240.46,Organize beads per character,2026-02-05T08:23:16Z,True,1
SKILL_001_20260205_141337,n_mora,18012.61,SKILL_001,546.35,Organize beads per color,2026-02-05T14:13:37Z,True,1
SKILL_001_20260205_135421,n_mora,17576.34,SKILL_001,687.11,Organize beads per color,2026-02-05T13:54:21Z,True,1
SKILL_003_20260205_141106,d_vargas,9457.22,SKILL_003,269.31,Organize screwdriver bits,2026-02-05T14:11:06Z,True,3
SKILL_003_20260205_123151,l_aguilera,8483.8,SKILL_003,233.97,Organize screwdriver bits,2026-02-05T12:31:51Z,True,3
SKILL_003_20260205_122710,l_aguilera,8988.65,SKILL_003,247.4,Organize screwdriver bits,2026-02-05T12:27:10Z,True,3
SKILL_003_20260205_072945,c_becerra,6326.96,SKILL_003,177.4,Organize screwdriver bits,2026-02-05T07:29:45Z,True,3
SKILL_003_20260205_072547,c_becerra,6909.73,SKILL_003,190.65,Organize screwdriver bits,2026-02-05T07:25:47Z,True,3
SKILL_001_20260205_140033,d_vargas,20593.32,SKILL_001,589.3,Organize beads per color,2026-02-05T14:00:33Z,True,3
SKILL_001_20260205_140023,d_vargas,120.44,SKILL_001,2.89,Organize beads per color,2026-02-05T14:00:24Z,False,3
SKILL_001_20260205_121357,l_aguilera,24452.81,SKILL_001,672.43,Organize beads per color,2026-02-05T12:13:57Z,True,3
SKILL_001_20260205_071254,c_becerra,25505.38,SKILL_001,717.4,Organize beads per color,2026-02-05T07:12:54Z,True,3
SKILL_017_20260205_134950,n_mora,2922.94,SKILL_017,86.03,Put pasta in ziploc bags,2026-02-05T13:49:50Z,False,1
SKILL_017_20260205_134652,n_mora,4406.66,SKILL_017,126.67,Put pasta in ziploc bags,2026-02-05T13:46:52Z,True,1
SKILL_017_20260205_134650,n_mora,30.18,SKILL_017,0.5,Put pasta in ziploc bags,2026-02-05T13:46:50Z,False,1
SKILL_014_20260205_144604,n_mora,6118.94,SKILL_014,165.27,Fasten nuts onto bolts,2026-02-05T14:46:05Z,True,1
SKILL_014_20260205_144358,n_mora,20.65,SKILL_014,0.72,Fasten nuts onto bolts,2026-02-05T14:43:58Z,False,1
SKILL_014_20260205_143947,n_mora,8877.81,SKILL_014,250.86,Fasten nuts onto bolts,2026-02-05T14:39:47Z,True,1
SKILL_012_20260205_143534,n_mora,6130.17,SKILL_012,171.37,Put pasta in jars,2026-02-05T14:35:34Z,True,1
SKILL_012_20260205_143058,n_mora,5856.26,SKILL_012,161.14,Put pasta in jars,2026-02-05T14:30:58Z,True,1
SKILL_012_20260205_142720,n_mora,5485.13,SKILL_012,149.8,Put pasta in jars,2026-02-05T14:27:20Z,True,1
SKILL_009_20260205_144957,n_mora,6328.11,SKILL_009,170.35,Package Cotton set,2026-02-05T14:49:57Z,True,1
SKILL_004_20260205_073859,c_becerra,5713.81,SKILL_004,158.89,Set Screwdriver package,2026-02-05T07:38:59Z,True,3
SKILL_004_20260205_073358,c_becerra,9384.82,SKILL_004,265.1,Set Screwdriver package,2026-02-05T07:33:58Z,True,3
SKILL_003_20260205_141633,d_vargas,8032.27,SKILL_003,225.21,Organize screwdriver bits,2026-02-05T14:16:33Z,True,3
SKILL_007_20260205_143714,l_aguilera,14727.99,SKILL_007,419.15,Separate tongue depressors by color,2026-02-05T14:37:14Z,True,3
SKILL_007_20260205_075555,c_becerra,11142.78,SKILL_007,296.25,Separate tongue depressors by color,2026-02-05T07:55:55Z,True,3
SKILL_005_20260205_075359,c_becerra,2325.76,SKILL_005,63.91,Insert allen keys in package,2026-02-05T07:53:59Z,False,3
SKILL_005_20260205_075238,c_becerra,2449.88,SKILL_005,67.86,Insert allen keys in package,2026-02-05T07:52:38Z,False,3
SKILL_005_20260205_075115,c_becerra,2590.43,SKILL_005,71.49,Insert allen keys in package,2026-02-05T07:51:15Z,False,3
SKILL_005_20260205_074955,c_becerra,2345.4,SKILL_005,65.03,Insert allen keys in package,2026-02-05T07:49:55Z,False,3
SKILL_005_20260205_074821,c_becerra,2781.6,SKILL_005,77.62,Insert allen keys in package,2026-02-05T07:48:21Z,False,3
SKILL_005_20260205_074629,c_becerra,3154.38,SKILL_005,88.61,Insert allen keys in package,2026-02-05T07:46:29Z,False,3
SKILL_004_20260205_143459,d_vargas,1643.49,SKILL_004,48.41,Set Screwdriver package,2026-02-05T14:34:59Z,False,3
SKILL_004_20260205_143341,d_vargas,2342.45,SKILL_004,67.98,Set Screwdriver package,2026-02-05T14:33:41Z,False,3
SKILL_004_20260205_143051,d_vargas,3642.06,SKILL_004,106.9,Set Screwdriver package,2026-02-05T14:30:51Z,True,3
SKILL_004_20260205_142803,d_vargas,3080.3,SKILL_004,88.4,Set Screwdriver package,2026-02-05T14:28:03Z,False,3
SKILL_004_20260205_142510,d_vargas,3665.2,SKILL_004,101.22,Set Screwdriver package,2026-02-05T14:25:10Z,True,3
SKILL_004_20260205_142139,d_vargas,4766.64,SKILL_004,132.77,Set Screwdriver package,2026-02-05T14:21:39Z,True,3
SKILL_004_20260205_124410,l_aguilera,3115.42,SKILL_004,85.32,Set Screwdriver package,2026-02-05T12:44:10Z,False,3
SKILL_004_20260205_124225,l_aguilera,2737.34,SKILL_004,75.41,Set Screwdriver package,2026-02-05T12:42:25Z,False,3
SKILL_004_20260205_124023,l_aguilera,3517.33,SKILL_004,96.0,Set Screwdriver package,2026-02-05T12:40:23Z,True,3
SKILL_004_20260205_123735,l_aguilera,3539.28,SKILL_004,97.04,Set Screwdriver package,2026-02-05T12:37:35Z,True,3
SKILL_004_20260205_074208,c_becerra,6122.05,SKILL_004,178.8,Set Screwdriver package,2026-02-05T07:42:08Z,True,3
SKILL_024_20260205_100334,e_martinez,5123.5,SKILL_024,153.5,Put hooks on shower courtain,2026-02-05T10:03:34Z,True,3
SKILL_016_20260205_092848,c_becerra,1816.93,SKILL_016,48.92,Package a sewing set,2026-02-05T09:28:48Z,False,3
SKILL_016_20260205_092732,c_becerra,1520.88,SKILL_016,41.36,Package a sewing set,2026-02-05T09:27:32Z,False,3
SKILL_016_20260205_092630,c_becerra,1731.15,SKILL_016,46.97,Package a sewing set,2026-02-05T09:26:30Z,False,3
SKILL_016_20260205_092505,c_becerra,2189.24,SKILL_016,59.32,Package a sewing set,2026-02-05T09:25:05Z,False,3
SKILL_015_20260205_092045,c_becerra,4927.53,SKILL_015,133.72,Thread a needle,2026-02-05T09:20:45Z,True,3
SKILL_015_20260205_091741,c_becerra,5478.32,SKILL_015,147.92,Thread a needle,2026-02-05T09:17:41Z,True,3
SKILL_014_20260205_090418,e_martinez,16541.68,SKILL_014,449.28,Fasten nuts onto bolts,2026-02-05T09:04:18Z,True,3
SKILL_014_20260205_085556,e_martinez,15878.68,SKILL_014,432.41,Fasten nuts onto bolts,2026-02-05T08:55:56Z,True,3
SKILL_014_20260205_085237,e_martinez,4888.75,SKILL_014,132.99,Fasten nuts onto bolts,2026-02-05T08:52:37Z,True,3
SKILL_014_20260205_084931,e_martinez,4677.52,SKILL_014,126.64,Fasten nuts onto bolts,2026-02-05T08:49:31Z,True,3
SKILL_014_20260205_084024,e_martinez,4157.64,SKILL_014,112.63,Fasten nuts onto bolts,2026-02-05T08:40:24Z,True,3
SKILL_010_20260205_083231,e_martinez,14237.45,SKILL_010,389.2,Package earphones,2026-02-05T08:32:31Z,True,3
SKILL_009_20260205_145536,l_aguilera,6718.42,SKILL_009,185.58,Package Cotton set,2026-02-05T14:55:36Z,True,3
SKILL_009_20260205_145319,l_aguilera,4451.6,SKILL_009,123.6,Package Cotton set,2026-02-05T14:53:19Z,True,3
SKILL_009_20260205_082454,e_martinez,12033.86,SKILL_009,328.84,Package Cotton set,2026-02-05T08:24:54Z,True,3
SKILL_009_20260205_081708,e_martinez,14754.33,SKILL_009,404.05,Package Cotton set,2026-02-05T08:17:08Z,True,3
SKILL_009_20260205_081532,c_becerra,474.11,SKILL_009,13.14,Package Cotton set,2026-02-05T08:15:32Z,False,3
SKILL_007_20260205_144455,l_aguilera,15896.68,SKILL_007,440.35,Separate tongue depressors by color,2026-02-05T14:44:55Z,True,3
SKILL_004_20260206_094044,n_mora,6794.55,SKILL_004,179.35,Set Screwdriver package,2026-02-06T09:40:44Z,True,3
SKILL_004_20260206_093551,n_mora,6470.54,SKILL_004,171.28,Set Screwdriver package,2026-02-06T09:35:51Z,True,3
SKILL_004_20260206_093118,n_mora,6815.68,SKILL_004,180.25,Set Screwdriver package,2026-02-06T09:31:18Z,True,3
SKILL_004_20260206_074132,d_vargas,2657.52,SKILL_004,74.63,Set Screwdriver package,2026-02-06T07:41:32Z,False,3
SKILL_004_20260206_073317,d_vargas,8970.48,SKILL_004,237.13,Set Screwdriver package,2026-02-06T07:33:17Z,True,3
SKILL_003_20260206_072742,d_vargas,9504.73,SKILL_003,254.33,Organize screwdriver bits,2026-02-06T07:27:42Z,True,3
SKILL_004_20260206_073753,d_vargas,6601.25,SKILL_004,175.23,Set Screwdriver package,2026-02-06T07:37:53Z,True,3
SKILL_002_20260206_092449,n_mora,9876.41,SKILL_002,267.98,Organize beads per character,2026-02-06T09:24:49Z,True,3
SKILL_003_20260206_072241,d_vargas,6814.7,SKILL_003,181.75,Organize screwdriver bits,2026-02-06T07:22:41Z,True,3
SKILL_002_20260206_091739,n_mora,7881.18,SKILL_002,217.37,Organize beads per character,2026-02-06T09:17:39Z,True,3
SKILL_001_20260206_090424,n_mora,22679.7,SKILL_001,656.47,Organize beads per color,2026-02-06T09:04:24Z,True,3
SKILL_001_20260206_071119,d_vargas,22359.95,SKILL_001,589.73,Organize beads per color,2026-02-06T07:11:20Z,True,3
SKILL_007_20260206_073016,n_mora,12637.15,SKILL_007,345.49,Separate tongue depressors by color,2026-02-06T07:30:16Z,True,1
SKILL_007_20260206_072707,n_mora,2614.64,SKILL_007,71.3,Separate tongue depressors by color,2026-02-06T07:27:07Z,False,1
SKILL_007_20260206_071503,n_mora,20073.78,SKILL_007,572.39,Separate tongue depressors by color,2026-02-06T07:15:04Z,True,1
SKILL_024_20260205_120935,l_aguilera,4149.16,SKILL_024,114.06,Put hooks on shower courtain,2026-02-05T12:09:35Z,True,3
SKILL_024_20260205_120626,l_aguilera,4279.4,SKILL_024,118.44,Put hooks on shower courtain,2026-02-05T12:06:26Z,True,3
SKILL_024_20260205_120252,l_aguilera,5996.67,SKILL_024,166.06,Put hooks on shower courtain,2026-02-05T12:02:52Z,True,3
SKILL_024_20260205_100713,e_martinez,4745.36,SKILL_024,146.62,Put hooks on shower courtain,2026-02-05T10:07:13Z,True,3
SKILL_004_20260206_094817,n_mora,6450.08,SKILL_004,171.13,Set Screwdriver package,2026-02-06T09:48:17Z,True,3
SKILL_004_20260206_094423,n_mora,6333.49,SKILL_004,169.26,Set Screwdriver package,2026-02-06T09:44:23Z,True,3
SKILL_015_20260206_085103,d_vargas,10573.82,SKILL_015,290.2,Thread a needle,2026-02-06T08:51:03Z,True,3
SKILL_014_20260206_085052,d_vargas,117.02,SKILL_014,3.28,Fasten nuts onto bolts,2026-02-06T08:50:52Z,False,3
SKILL_014_20260206_084723,d_vargas,6083.15,SKILL_014,167.94,Fasten nuts onto bolts,2026-02-06T08:47:23Z,True,3
SKILL_014_20260206_084057,d_vargas,9933.28,SKILL_014,278.18,Fasten nuts onto bolts,2026-02-06T08:40:57Z,True,3
SKILL_010_20260206_083744,d_vargas,5764.52,SKILL_010,159.23,Package earphones,2026-02-06T08:37:44Z,True,3
SKILL_010_20260206_083451,d_vargas,4197.99,SKILL_010,115.26,Package earphones,2026-02-06T08:34:51Z,True,3
SKILL_010_20260206_083203,d_vargas,4529.19,SKILL_010,122.83,Package earphones,2026-02-06T08:32:03Z,True,3
SKILL_010_20260206_082501,d_vargas,12540.31,SKILL_010,340.21,Package earphones,2026-02-06T08:25:01Z,True,3
SKILL_010_20260206_082011,d_vargas,8725.7,SKILL_010,241.11,Package earphones,2026-02-06T08:20:11Z,True,3
SKILL_009_20260206_081621,d_vargas,5704.46,SKILL_009,160.44,Package Cotton set,2026-02-06T08:16:21Z,True,3
SKILL_009_20260206_081244,d_vargas,6112.83,SKILL_009,170.14,Package Cotton set,2026-02-06T08:12:44Z,True,3
SKILL_009_20260206_080848,d_vargas,7226.45,SKILL_009,201.58,Package Cotton set,2026-02-06T08:08:48Z,True,3
SKILL_007_20260206_080007,d_vargas,2286.79,SKILL_007,65.87,Separate tongue depressors by color,2026-02-06T08:00:07Z,False,3
SKILL_005_20260206_075013,d_vargas,3140.27,SKILL_005,84.27,Insert allen keys in package,2026-02-06T07:50:13Z,False,3
SKILL_007_20260206_075238,d_vargas,16986.04,SKILL_007,446.28,Separate tongue depressors by color,2026-02-06T07:52:38Z,True,3
SKILL_005_20260206_074835,d_vargas,2698.97,SKILL_005,72.12,Insert allen keys in package,2026-02-06T07:48:35Z,False,3
SKILL_005_20260206_074656,d_vargas,3008.11,SKILL_005,81.17,Insert allen keys in package,2026-02-06T07:46:56Z,False,3
SKILL_005_20260206_074507,d_vargas,3351.74,SKILL_005,90.1,Insert allen keys in package,2026-02-06T07:45:07Z,True,3
SKILL_004_20260206_095155,n_mora,2728.33,SKILL_004,72.48,Set Screwdriver package,2026-02-06T09:51:55Z,False,3
SKILL_015_20260206_085640,d_vargas,6853.93,SKILL_015,187.97,Thread a needle,2026-02-06T08:56:40Z,True,3
SKILL_003_20260202_140616,d_vargas,8252.25,SKILL_003,228.19,Organize screwdriver bits,2026-02-02T14:06:16Z,TRUE,02
SKILL_012_20260202_142152,d_vargas,6057.05,SKILL_012,163.73,Put pasta in jars,2026-02-02T14:21:52Z,TRUE,02
SKILL_020_20260202_141552,d_vargas,4009.81,SKILL_020,109.35,Open locks with their keys,2026-02-02T14:15:52Z,TRUE,02
SKILL_013_20260202_135301,d_vargas,6053.3,SKILL_013,166.51,Set up a hand lamp,2026-02-02T13:53:01Z,TRUE,02
SKILL_004_20260202_133808,d_vargas,4478.33,SKILL_004,132.73,Set Screwdriver package,2026-02-02T13:38:08Z,TRUE,02
SKILL_004_20260202_134153,d_vargas,4665.0,SKILL_004,132.71,Set Screwdriver package,2026-02-02T13:41:53Z,TRUE,02
SKILL_003_20260203_071626,d_vargas,317.16,SKILL_003,8.73,Organize screwdriver bits,2026-02-03T07:16:26Z,FALSE,02
SKILL_002_20260203_094633,d_vargas,3832.53,SKILL_002,104.05,Organize beads per character,2026-02-03T09:46:33Z,TRUE,02
SKILL_002_20260203_094859,d_vargas,1998.43,SKILL_002,53.87,Organize beads per character,2026-02-03T09:48:59Z,FALSE,02
SKILL_004_20260203_072953,d_vargas,5358.12,SKILL_004,144.17,Set Screwdriver package,2026-02-03T07:29:53Z,TRUE,02
SKILL_003_20260203_071651,d_vargas,8972.24,SKILL_003,249.19,Organize screwdriver bits,2026-02-03T07:16:51Z,TRUE,02
SKILL_002_20260203_095018,d_vargas,3019.59,SKILL_002,82.26,Organize beads per character,2026-02-03T09:50:18Z,FALSE,02
SKILL_009_20260203_090448,d_vargas,11372.01,SKILL_009,312.9,Package Cotton set,2026-02-03T09:04:48Z,TRUE,02
SKILL_005_20260203_083001,d_vargas,3997.54,SKILL_005,111.91,Insert allen keys in package,2026-02-03T08:30:01Z,TRUE,02
SKILL_005_20260203_082614,d_vargas,7135.26,SKILL_005,194.32,Insert allen keys in package,2026-02-03T08:26:14Z,TRUE,02
SKILL_004_20260203_073244,d_vargas,4008.17,SKILL_004,108.32,Set Screwdriver package,2026-02-03T07:32:44Z,TRUE,02
SKILL_012_20260203_084624,d_vargas,1592.6,SKILL_012,44.12,Put pasta in jars,2026-02-03T08:46:24Z,FALSE,02
SKILL_010_20260203_093605,d_vargas,9497.17,SKILL_010,259.22,Package earphones,2026-02-03T09:36:05Z,TRUE,02
SKILL_010_20260203_093144,d_vargas,7575.28,SKILL_010,205.56,Package earphones,2026-02-03T09:31:44Z,TRUE,02
SKILL_010_20260203_093110,d_vargas,424.75,SKILL_010,11.41,Package earphones,2026-02-03T09:31:10Z,FALSE,02
SKILL_013_20260203_074726,d_vargas,195.93,SKILL_013,4.92,Set up a hand lamp,2026-02-03T07:47:26Z,FALSE,02
SKILL_012_20260203_085446,d_vargas,4065.8,SKILL_012,113.1,Put pasta in jars,2026-02-03T08:54:46Z,TRUE,02
SKILL_012_20260203_085116,d_vargas,6480.26,SKILL_012,182.24,Put pasta in jars,2026-02-03T08:51:16Z,TRUE,02
SKILL_012_20260203_084740,d_vargas,6540.74,SKILL_012,178.69,Put pasta in jars,2026-02-03T08:47:40Z,TRUE,02
SKILL_013_20260203_075645,d_vargas,3876.59,SKILL_013,105.67,Set up a hand lamp,2026-02-03T07:56:45Z,TRUE,02
SKILL_018_20260203_091825,d_vargas,8392.65,SKILL_018,232.56,Close bags with twist ties,2026-02-03T09:18:25Z,TRUE,02
SKILL_018_20260203_092406,d_vargas,6196.49,SKILL_018,168.3,Close bags with twist ties,2026-02-03T09:24:06Z,TRUE,02
SKILL_018_20260203_092810,d_vargas,2684.97,SKILL_018,72.96,Close bags with twist ties,2026-02-03T09:28:10Z,FALSE,02
SKILL_018_20260203_100135,c_becerra,6161.85,SKILL_018,171.13,Close bags with twist ties,2026-02-03T10:01:35Z,TRUE,02
SKILL_019_20260203_083249,d_vargas,10048.79,SKILL_019,282.58,Put pasta in plastic containers,2026-02-03T08:32:49Z,TRUE,02
SKILL_019_20260203_083832,d_vargas,10789.68,SKILL_019,306.61,Put pasta in plastic containers,2026-02-03T08:38:32Z,TRUE,02
SKILL_020_20260203_080942,d_vargas,145.9,SKILL_020,3.6,Open locks with their keys,2026-02-03T08:09:43Z,FALSE,02
SKILL_020_20260203_081022,d_vargas,3547.62,SKILL_020,96.77,Open locks with their keys,2026-02-03T08:10:22Z,TRUE,02
SKILL_020_20260203_081312,d_vargas,3993.52,SKILL_020,109.85,Open locks with their keys,2026-02-03T08:13:12Z,TRUE,02
SKILL_013_20260203_075910,d_vargas,4575.22,SKILL_013,125.06,Set up a hand lamp,2026-02-03T07:59:10Z,TRUE,02
SKILL_020_20260203_081943,d_vargas,3108.24,SKILL_020,84.46,Open locks with their keys,2026-02-03T08:19:43Z,FALSE,02
SKILL_001_20260204_125558,d_vargas,26076.55,SKILL_001,726.35,Organize beads per color,2026-02-04T12:55:58Z,TRUE,04
SKILL_003_20260204_131041,d_vargas,7432.32,SKILL_003,200.69,Organize screwdriver bits,2026-02-04T13:10:41Z,TRUE,04
SKILL_003_20260204_131457,d_vargas,8476.3,SKILL_003,228.27,Organize screwdriver bits,2026-02-04T13:14:57Z,TRUE,04
SKILL_005_20260204_102801,l_aguilera,4979.33,SKILL_005,141.86,Insert allen keys in package,2026-02-04T10:28:01Z,TRUE,04
SKILL_005_20260204_103047,l_aguilera,4368.3,SKILL_005,121.56,Insert allen keys in package,2026-02-04T10:30:47Z,TRUE,04
SKILL_005_20260204_103311,l_aguilera,4538.5,SKILL_005,125.94,Insert allen keys in package,2026-02-04T10:33:11Z,TRUE,04
SKILL_005_20260204_133738,d_vargas,6018.26,SKILL_005,162.12,Insert allen keys in package,2026-02-04T13:37:38Z,TRUE,04
SKILL_005_20260204_134106,d_vargas,6808.37,SKILL_005,183.31,Insert allen keys in package,2026-02-04T13:41:06Z,TRUE,04
SKILL_007_20260204_103614,l_aguilera,1634.27,SKILL_007,44.48,Separate tongue depressors by color,2026-02-04T10:36:14Z,FALSE,04
SKILL_012_20260202_142849,d_vargas,2716.96,SKILL_012,73.33,Put pasta in jars,2026-02-02T14:28:49Z,FALSE,02
SKILL_018_20260202_143143,d_vargas,5041.64,SKILL_018,136.27,Close bags with twist ties,2026-02-02T14:31:43Z,TRUE,02
SKILL_002_20260203_094454,d_vargas,2618.3,SKILL_002,71.08,Organize beads per character,2026-02-03T09:44:54Z,FALSE,02
SKILL_013_20260202_140020,d_vargas,9112.52,SKILL_013,250.56,Set up a hand lamp,2026-02-02T14:00:20Z,TRUE,02
SKILL_018_20260202_143455,d_vargas,4180.31,SKILL_018,112.18,Close bags with twist ties,2026-02-02T14:34:55Z,TRUE,02
SKILL_018_20260202_143827,d_vargas,5140.92,SKILL_018,138.6,Close bags with twist ties,2026-02-02T14:38:27Z,TRUE,02
SKILL_020_20260202_141835,d_vargas,1929.26,SKILL_020,52.53,Open locks with their keys,2026-02-02T14:18:35Z,FALSE,02
SKILL_009_20260204_133200,d_vargas,8641.8,SKILL_009,233.73,Package Cotton set,2026-02-04T13:32:00Z,TRUE,04
SKILL_009_20260204_132653,d_vargas,8594.31,SKILL_009,247.56,Package Cotton set,2026-02-04T13:26:54Z,TRUE,04
SKILL_007_20260204_143244,d_vargas,14870.91,SKILL_007,393.55,Separate tongue depressors by color,2026-02-04T14:32:44Z,TRUE,04
SKILL_007_20260204_105236,l_aguilera,6476.79,SKILL_007,176.28,Separate tongue depressors by color,2026-02-04T10:52:37Z,TRUE,04
SKILL_007_20260204_105942,n_mora,13946.57,SKILL_007,385.63,Separate tongue depressors by color,2026-02-04T10:59:42Z,TRUE,04
SKILL_010_20260204_135027,d_vargas,12226.93,SKILL_010,331.83,Package earphones,2026-02-04T13:50:27Z,TRUE,04
SKILL_007_20260204_104056,l_aguilera,5267.7,SKILL_007,142.85,Separate tongue depressors by color,2026-02-04T10:40:57Z,TRUE,04
SKILL_007_20260204_103744,l_aguilera,1336.57,SKILL_007,37.3,Separate tongue depressors by color,2026-02-04T10:37:44Z,FALSE,04
SKILL_013_20260204_141416,d_vargas,1746.95,SKILL_013,46.99,Set up a hand lamp,2026-02-04T14:14:16Z,FALSE,04
SKILL_002_20260203_094200,d_vargas,3560.46,SKILL_002,96.89,Organize beads per character,2026-02-03T09:42:00Z,TRUE,02
SKILL_002_20260203_094343,d_vargas,1581.33,SKILL_002,42.87,Organize beads per character,2026-02-03T09:43:43Z,FALSE,02
SKILL_014_20260204_142745,d_vargas,5035.32,SKILL_014,135.42,Fasten nuts onto bolts,2026-02-04T14:27:45Z,TRUE,04
SKILL_014_20260204_142003,d_vargas,13562.42,SKILL_014,364.72,Fasten nuts onto bolts,2026-02-04T14:20:03Z,TRUE,04
SKILL_015_20260204_144857,d_vargas,8074.39,SKILL_015,218.11,Thread a needle,2026-02-04T14:48:57Z,TRUE,04
SKILL_015_20260204_144310,d_vargas,9885.16,SKILL_015,266.31,Thread a needle,2026-02-04T14:43:10Z,TRUE,04
SKILL_017_20260204_112325,n_mora,4190.01,SKILL_017,114.28,Put pasta in ziploc bags,2026-02-04T11:23:25Z,TRUE,04
SKILL_017_20260204_112110,n_mora,3596.15,SKILL_017,99.49,Put pasta in ziploc bags,2026-02-04T11:21:10Z,TRUE,04
SKILL_009_20260204_134329,n_mora,2728.06,SKILL_009,137.18,Package Cotton set,2026-02-04T13:43:30Z,TRUE,05
SKILL_009_20260204_141423,l_aguilera,1953.83,SKILL_009,130.4,Package Cotton set,2026-02-04T14:14:23Z,TRUE,05
SKILL_009_20260204_141107,l_aguilera,2592.7,SKILL_009,170.69,Package Cotton set,2026-02-04T14:11:08Z,TRUE,05
SKILL_009_20260204_141850,l_aguilera,1635.68,SKILL_009,101.01,Package Cotton set,2026-02-04T14:18:50Z,TRUE,05
SKILL_012_20260204_131053,l_aguilera,2762.19,SKILL_012,150.24,Put pasta in jars,2026-02-04T13:10:54Z,TRUE,05
SKILL_012_20260204_131635,n_mora,2594.99,SKILL_012,138.14,Put pasta in jars,2026-02-04T13:16:35Z,TRUE,05
SKILL_012_20260204_131927,n_mora,2836.75,SKILL_012,152.17,Put pasta in jars,2026-02-04T13:19:27Z,TRUE,05
SKILL_013_20260204_142238,l_aguilera,1488.8,SKILL_013,76.64,Set up a hand lamp,2026-02-04T14:22:38Z,FALSE,05
SKILL_013_20260204_142655,l_aguilera,2467.31,SKILL_013,156.49,Set up a hand lamp,2026-02-04T14:26:56Z,TRUE,05
SKILL_013_20260204_143324,l_aguilera,2741.51,SKILL_013,141.15,Set up a hand lamp,2026-02-04T14:33:25Z,TRUE,05
SKILL_013_20260204_143726,l_aguilera,2817.84,SKILL_013,148.94,Set up a hand lamp,2026-02-04T14:37:26Z,TRUE,05
SKILL_013_20260204_111850,n_mora,3694.15,SKILL_013,107.94,Set up a hand lamp,2026-02-04T11:18:50Z,TRUE,04
SKILL_013_20260204_140830,d_vargas,5892.76,SKILL_013,158.73,Set up a hand lamp,2026-02-04T14:08:30Z,TRUE,04
SKILL_013_20260204_140548,d_vargas,4187.34,SKILL_013,112.6,Set up a hand lamp,2026-02-04T14:05:48Z,TRUE,04
SKILL_018_20260204_144925,l_aguilera,3619.79,SKILL_018,183.75,Close bags with twist ties,2026-02-04T14:49:26Z,TRUE,05
SKILL_020_20260204_140320,l_aguilera,957.67,SKILL_020,75.52,Open locks with their keys,2026-02-04T14:03:20Z,FALSE,05
SKILL_020_20260204_140129,l_aguilera,957.58,SKILL_020,71.59,Open locks with their keys,2026-02-04T14:01:30Z,FALSE,05
SKILL_018_20260204_144406,l_aguilera,3728.61,SKILL_018,172.08,Close bags with twist ties,2026-02-04T14:44:07Z,TRUE,05
SKILL_001_20260205_072523,d_vargas,18814.71,SKILL_001,535.61,Organize beads per color,2026-02-05T07:25:23Z,TRUE,04
SKILL_020_20260204_140721,l_aguilera,966.95,SKILL_020,72.55,Open locks with their keys,2026-02-04T14:07:21Z,FALSE,05
SKILL_020_20260204_140513,l_aguilera,989.84,SKILL_020,80.33,Open locks with their keys,2026-02-04T14:05:13Z,FALSE,05
SKILL_004_20260205_105523,d_vargas,3200.3,SKILL_004,87.64,Set Screwdriver package,2026-02-05T10:55:23Z,FALSE,04
SKILL_013_20260204_111328,n_mora,3667.42,SKILL_013,101.01,Set up a hand lamp,2026-02-04T11:13:28Z,TRUE,04
SKILL_004_20260205_105718,d_vargas,76.21,SKILL_004,2.07,Set Screwdriver package,2026-02-05T10:57:18Z,FALSE,04
SKILL_004_20260205_105730,d_vargas,4768.73,SKILL_004,130.79,Set Screwdriver package,2026-02-05T10:57:30Z,TRUE,04
SKILL_004_20260205_105951,d_vargas,4560.72,SKILL_004,124.79,Set Screwdriver package,2026-02-05T10:59:51Z,TRUE,04
SKILL_004_20260205_110248,d_vargas,2432.19,SKILL_004,66.4,Set Screwdriver package,2026-02-05T11:02:48Z,FALSE,04
SKILL_004_20260205_110607,d_vargas,4057.35,SKILL_004,111.33,Set Screwdriver package,2026-02-05T11:06:07Z,TRUE,04
SKILL_004_20260205_110846,d_vargas,4147.85,SKILL_004,113.84,Set Screwdriver package,2026-02-05T11:08:46Z,TRUE,04
SKILL_004_20260205_111204,d_vargas,258.92,SKILL_004,7.14,Set Screwdriver package,2026-02-05T11:12:04Z,FALSE,04
SKILL_009_20260205_083102,d_vargas,8813.24,SKILL_009,237.89,Package Cotton set,2026-02-05T08:31:02Z,TRUE,04
SKILL_009_20260205_085359,d_vargas,5801.57,SKILL_009,197.42,Package Cotton set,2026-02-05T08:53:59Z,TRUE,04
SKILL_013_20260203_075411,d_vargas,4303.11,SKILL_013,117.9,Set up a hand lamp,2026-02-03T07:54:11Z,TRUE,02
SKILL_009_20260205_090524,d_vargas,8793.41,SKILL_009,237.14,Package Cotton set,2026-02-05T09:05:24Z,TRUE,04
SKILL_012_20260205_073749,d_vargas,6002.84,SKILL_012,159.64,Put pasta in jars,2026-02-05T07:37:49Z,TRUE,04
SKILL_012_20260205_074357,d_vargas,234.17,SKILL_012,6.38,Put pasta in jars,2026-02-05T07:43:57Z,FALSE,04
SKILL_012_20260205_074440,d_vargas,4848.71,SKILL_012,129.17,Put pasta in jars,2026-02-05T07:44:40Z,TRUE,04
SKILL_013_20260205_081001,d_vargas,3400.45,SKILL_013,114.85,Set up a hand lamp,2026-02-05T08:10:02Z,TRUE,04
SKILL_013_20260205_081413,d_vargas,3381.7,SKILL_013,91.29,Set up a hand lamp,2026-02-05T08:14:13Z,TRUE,04
SKILL_013_20260205_081617,d_vargas,209.35,SKILL_013,5.64,Set up a hand lamp,2026-02-05T08:16:17Z,FALSE,04
SKILL_013_20260205_082628,d_vargas,3487.78,SKILL_013,106.8,Set up a hand lamp,2026-02-05T08:26:29Z,TRUE,04
SKILL_013_20260202_134802,d_vargas,3201.24,SKILL_013,88.38,Set up a hand lamp,2026-02-02T13:48:02Z,FALSE,02
SKILL_012_20260202_142555,d_vargas,5140.97,SKILL_012,138.79,Put pasta in jars,2026-02-02T14:25:55Z,TRUE,02
SKILL_013_20260205_132947,e_martinez,5302.1,SKILL_013,140.56,Set up a hand lamp,2026-02-05T13:29:47Z,TRUE,04
SKILL_017_20260205_111217,d_vargas,17818.32,SKILL_017,480.97,Put pasta in ziploc bags,2026-02-05T11:12:17Z,TRUE,04
SKILL_018_20260205_092827,d_vargas,4678.01,SKILL_018,135.57,Close bags with twist ties,2026-02-05T09:28:27Z,TRUE,04
SKILL_013_20260205_132616,e_martinez,5548.78,SKILL_013,147.74,Set up a hand lamp,2026-02-05T13:26:17Z,TRUE,04
SKILL_018_20260205_103144,d_vargas,6872.58,SKILL_018,189.45,Close bags with twist ties,2026-02-05T10:31:44Z,TRUE,04
SKILL_018_20260205_100634,d_vargas,4724.28,SKILL_018,133.62,Close bags with twist ties,2026-02-05T10:06:34Z,TRUE,04
SKILL_018_20260205_133741,e_martinez,6572.38,SKILL_018,211.79,Close bags with twist ties,2026-02-05T13:37:41Z,TRUE,04
SKILL_018_20260205_103625,d_vargas,5648.74,SKILL_018,155.68,Close bags with twist ties,2026-02-05T10:36:25Z,TRUE,04
SKILL_020_20260205_091109,d_vargas,3524.21,SKILL_020,99.92,Open locks with their keys,2026-02-05T09:11:09Z,TRUE,04
SKILL_018_20260205_134246,e_martinez,7995.58,SKILL_018,213.6,Close bags with twist ties,2026-02-05T13:42:46Z,TRUE,04
SKILL_020_20260205_092154,d_vargas,2430.36,SKILL_020,65.3,Open locks with their keys,2026-02-05T09:21:54Z,FALSE,04
SKILL_013_20260202_135017,d_vargas,3889.04,SKILL_013,107.67,Set up a hand lamp,2026-02-02T13:50:17Z,TRUE,02
SKILL_020_20260205_092333,d_vargas,2724.46,SKILL_020,73.72,Open locks with their keys,2026-02-05T09:23:33Z,FALSE,04
SKILL_020_20260205_092530,d_vargas,388.35,SKILL_020,10.65,Open locks with their keys,2026-02-05T09:25:30Z,FALSE,04
SKILL_001_20260205_074958,l_aguilera,8971.97,SKILL_001,504.77,Organize beads per color,2026-02-05T07:49:58Z,TRUE,05
SKILL_001_20260205_080018,l_aguilera,1159.91,SKILL_001,74.36,Organize beads per color,2026-02-05T08:00:18Z,FALSE,05
SKILL_001_20260205_100743,l_aguilera,9675.84,SKILL_001,512.95,Organize beads per color,2026-02-05T10:07:44Z,TRUE,05
SKILL_001_20260205_111440,l_aguilera,6496.25,SKILL_001,369.02,Organize beads per color,2026-02-05T11:14:40Z,TRUE,05
SKILL_001_20260205_140451,c_becerra,6521.26,SKILL_001,435.65,Organize beads per color,2026-02-05T14:04:51Z,TRUE,05
SKILL_001_20260205_144813,e_martinez,8641.33,SKILL_001,407.47,Organize beads per color,2026-02-05T14:48:13Z,TRUE,05
SKILL_003_20260205_083442,l_aguilera,1099.27,SKILL_003,61.85,Organize screwdriver bits,2026-02-05T08:34:43Z,FALSE,05
SKILL_004_20260205_104038,d_vargas,5352.19,SKILL_004,147.56,Set Screwdriver package,2026-02-05T10:40:38Z,TRUE,04
SKILL_003_20260205_083947,l_aguilera,4790.64,SKILL_003,234.28,Organize screwdriver bits,2026-02-05T08:39:48Z,TRUE,05
SKILL_003_20260205_084512,l_aguilera,2288.89,SKILL_003,120.29,Organize screwdriver bits,2026-02-05T08:45:12Z,TRUE,05
SKILL_003_20260205_084751,l_aguilera,3240.37,SKILL_003,167.33,Organize screwdriver bits,2026-02-05T08:47:51Z,TRUE,05
SKILL_003_20260205_085121,l_aguilera,1577.6,SKILL_003,79.79,Organize screwdriver bits,2026-02-05T08:51:21Z,FALSE,05
SKILL_003_20260205_085328,l_aguilera,4437.54,SKILL_003,218.29,Organize screwdriver bits,2026-02-05T08:53:28Z,TRUE,05
SKILL_003_20260205_104024,l_aguilera,4525.49,SKILL_003,258.27,Organize screwdriver bits,2026-02-05T10:40:24Z,TRUE,05
SKILL_003_20260205_104653,l_aguilera,4067.82,SKILL_003,226.33,Organize screwdriver bits,2026-02-05T10:46:53Z,TRUE,05
SKILL_003_20260205_124445,c_becerra,3424.56,SKILL_003,242.34,Organize screwdriver bits,2026-02-05T12:44:45Z,TRUE,05
SKILL_003_20260205_075452,d_vargas,5670.56,SKILL_003,155.07,Organize screwdriver bits,2026-02-05T07:54:52Z,TRUE,04
SKILL_003_20260205_125012,c_becerra,4796.29,SKILL_003,209.05,Organize screwdriver bits,2026-02-05T12:50:12Z,TRUE,05
SKILL_003_20260205_125516,c_becerra,2083.46,SKILL_003,93.65,Organize screwdriver bits,2026-02-05T12:55:16Z,TRUE,05
SKILL_003_20260205_125817,c_becerra,2072.52,SKILL_003,91.99,Organize screwdriver bits,2026-02-05T12:58:17Z,TRUE,05
SKILL_003_20260205_130125,c_becerra,776.81,SKILL_003,35.13,Organize screwdriver bits,2026-02-05T13:01:25Z,FALSE,05
SKILL_003_20260205_141215,c_becerra,3384.8,SKILL_003,242.17,Organize screwdriver bits,2026-02-05T14:12:15Z,TRUE,05
SKILL_003_20260205_144047,e_martinez,5403.54,SKILL_003,250.22,Organize screwdriver bits,2026-02-05T14:40:47Z,TRUE,05
SKILL_004_20260205_092055,l_aguilera,1330.45,SKILL_004,63.34,Set Screwdriver package,2026-02-05T09:20:55Z,FALSE,05
SKILL_004_20260205_092603,l_aguilera,1733.77,SKILL_004,80.41,Set Screwdriver package,2026-02-05T09:26:04Z,FALSE,05
SKILL_020_20260205_091724,d_vargas,3482.62,SKILL_020,94.12,Open locks with their keys,2026-02-05T09:17:24Z,TRUE,04
SKILL_004_20260205_093333,l_aguilera,1553.24,SKILL_004,81.78,Set Screwdriver package,2026-02-05T09:33:33Z,FALSE,05
SKILL_004_20260205_093540,l_aguilera,1211.53,SKILL_004,67.51,Set Screwdriver package,2026-02-05T09:35:40Z,FALSE,05
SKILL_004_20260205_093716,l_aguilera,988.95,SKILL_004,58.7,Set Screwdriver package,2026-02-05T09:37:16Z,FALSE,05
SKILL_004_20260205_093851,l_aguilera,1031.61,SKILL_004,55.14,Set Screwdriver package,2026-02-05T09:38:51Z,FALSE,05
SKILL_004_20260205_094210,l_aguilera,1614.48,SKILL_004,92.21,Set Screwdriver package,2026-02-05T09:42:10Z,TRUE,05
SKILL_004_20260205_135454,c_becerra,1870.22,SKILL_004,110.06,Set Screwdriver package,2026-02-05T13:54:54Z,TRUE,05
SKILL_004_20260205_135838,c_becerra,2373.1,SKILL_004,100.89,Set Screwdriver package,2026-02-05T13:58:39Z,TRUE,05
SKILL_004_20260205_140247,c_becerra,2242.96,SKILL_004,99.68,Set Screwdriver package,2026-02-05T14:02:47Z,TRUE,05
SKILL_009_20260205_071852,l_aguilera,2313.82,SKILL_009,122.36,Package Cotton set,2026-02-05T07:18:53Z,TRUE,05
SKILL_009_20260205_072958,l_aguilera,2936.25,SKILL_009,154.57,Package Cotton set,2026-02-05T07:29:58Z,TRUE,05
SKILL_013_20260204_110900,n_mora,4022.87,SKILL_013,111.24,Set up a hand lamp,2026-02-04T11:09:00Z,TRUE,04
SKILL_009_20260205_073314,l_aguilera,2899.28,SKILL_009,153.9,Package Cotton set,2026-02-05T07:33:14Z,TRUE,05
SKILL_009_20260205_073622,l_aguilera,3515.07,SKILL_009,191.57,Package Cotton set,2026-02-05T07:36:22Z,TRUE,05
SKILL_009_20260205_105333,l_aguilera,2868.15,SKILL_009,152.57,Package Cotton set,2026-02-05T10:53:33Z,TRUE,05
SKILL_009_20260205_105649,l_aguilera,2592.92,SKILL_009,137.59,Package Cotton set,2026-02-05T10:56:49Z,TRUE,05
SKILL_009_20260205_132418,c_becerra,5512.18,SKILL_009,240.36,Package Cotton set,2026-02-05T13:24:18Z,TRUE,05
SKILL_009_20260205_132908,c_becerra,1862.77,SKILL_009,82.15,Package Cotton set,2026-02-05T13:29:08Z,FALSE,05
SKILL_009_20260205_133732,c_becerra,438.67,SKILL_009,18.74,Package Cotton set,2026-02-05T13:37:34Z,FALSE,05
SKILL_009_20260205_133823,c_becerra,3422.98,SKILL_009,169.62,Package Cotton set,2026-02-05T13:38:23Z,TRUE,05
SKILL_009_20260205_134724,c_becerra,3905.2,SKILL_009,192.19,Package Cotton set,2026-02-05T13:47:24Z,TRUE,05
SKILL_010_20260204_135707,d_vargas,11936.48,SKILL_010,319.33,Package earphones,2026-02-04T13:57:07Z,TRUE,04
SKILL_009_20260205_142148,c_becerra,3472.55,SKILL_009,157.82,Package Cotton set,2026-02-05T14:21:48Z,TRUE,05
SKILL_009_20260205_144507,e_martinez,3590.08,SKILL_009,177.08,Package Cotton set,2026-02-05T14:45:07Z,TRUE,05
SKILL_012_20260205_085943,l_aguilera,3633.02,SKILL_012,175.79,Put pasta in jars,2026-02-05T08:59:43Z,TRUE,05
SKILL_012_20260205_090738,l_aguilera,567.13,SKILL_012,27.96,Put pasta in jars,2026-02-05T09:07:38Z,FALSE,05
SKILL_012_20260205_091014,l_aguilera,2896.36,SKILL_012,136.22,Put pasta in jars,2026-02-05T09:10:15Z,TRUE,05
SKILL_012_20260205_091310,l_aguilera,1401.66,SKILL_012,67.92,Put pasta in jars,2026-02-05T09:13:10Z,FALSE,05
SKILL_012_20260205_091648,l_aguilera,3247.37,SKILL_012,141.29,Put pasta in jars,2026-02-05T09:16:50Z,TRUE,05
SKILL_012_20260205_120745,c_becerra,3877.6,SKILL_012,203.36,Put pasta in jars,2026-02-05T12:07:46Z,TRUE,05
SKILL_013_20260203_075112,d_vargas,4506.76,SKILL_013,121.66,Set up a hand lamp,2026-02-03T07:51:13Z,TRUE,02
SKILL_012_20260205_141635,c_becerra,1332.14,SKILL_012,87.32,Put pasta in jars,2026-02-05T14:16:35Z,FALSE,05
SKILL_012_20260205_141844,c_becerra,3313.74,SKILL_012,144.88,Put pasta in jars,2026-02-05T14:18:45Z,TRUE,05
SKILL_012_20260205_143818,e_martinez,3053.11,SKILL_012,138.22,Put pasta in jars,2026-02-05T14:38:18Z,TRUE,05
SKILL_013_20260205_101809,l_aguilera,1679.43,SKILL_013,90.49,Set up a hand lamp,2026-02-05T10:18:09Z,TRUE,05
SKILL_013_20260205_102358,l_aguilera,2072.3,SKILL_013,109.09,Set up a hand lamp,2026-02-05T10:23:58Z,TRUE,05
SKILL_013_20260205_102632,l_aguilera,2957.54,SKILL_013,152.44,Set up a hand lamp,2026-02-05T10:26:32Z,TRUE,05
SKILL_013_20260205_102950,l_aguilera,2178.35,SKILL_013,113.89,Set up a hand lamp,2026-02-05T10:29:50Z,TRUE,05
SKILL_013_20260205_103418,l_aguilera,1602.72,SKILL_013,89.99,Set up a hand lamp,2026-02-05T10:34:19Z,TRUE,05
SKILL_013_20260205_103656,l_aguilera,1920.84,SKILL_013,115.49,Set up a hand lamp,2026-02-05T10:36:56Z,TRUE,05
SKILL_020_20260203_081623,d_vargas,4484.47,SKILL_020,122.88,Open locks with their keys,2026-02-03T08:16:23Z,TRUE,02
SKILL_013_20260205_122436,c_becerra,4605.38,SKILL_013,189.42,Set up a hand lamp,2026-02-05T12:24:36Z,TRUE,05
SKILL_013_20260205_122839,c_becerra,3647.87,SKILL_013,151.06,Set up a hand lamp,2026-02-05T12:28:39Z,TRUE,05
SKILL_013_20260205_143544,e_martinez,2751.72,SKILL_013,132.89,Set up a hand lamp,2026-02-05T14:35:44Z,TRUE,05
SKILL_017_20260205_080612,l_aguilera,8167.57,SKILL_017,370.37,Put pasta in ziploc bags,2026-02-05T08:06:13Z,TRUE,05
SKILL_017_20260205_081446,l_aguilera,4998.1,SKILL_017,266.36,Put pasta in ziploc bags,2026-02-05T08:14:47Z,TRUE,05
SKILL_017_20260205_082633,l_aguilera,2764.84,SKILL_017,140.26,Put pasta in ziploc bags,2026-02-05T08:26:34Z,TRUE,05
SKILL_017_20260205_130705,c_becerra,8561.33,SKILL_017,395.12,Put pasta in ziploc bags,2026-02-05T13:07:05Z,TRUE,05
SKILL_017_20260205_131449,c_becerra,9271.74,SKILL_017,425.11,Put pasta in ziploc bags,2026-02-05T13:14:49Z,TRUE,05
SKILL_017_20260205_142624,c_becerra,4959.75,SKILL_017,236.36,Put pasta in ziploc bags,2026-02-05T14:26:24Z,TRUE,05
SKILL_005_20260204_134442,d_vargas,3338.15,SKILL_005,90.53,Insert allen keys in package,2026-02-04T13:44:42Z,TRUE,04
SKILL_020_20260205_074107,l_aguilera,1368.96,SKILL_020,78.33,Open locks with their keys,2026-02-05T07:41:07Z,FALSE,05
SKILL_020_20260205_074312,l_aguilera,1408.63,SKILL_020,80.19,Open locks with their keys,2026-02-05T07:43:12Z,FALSE,05
SKILL_020_20260205_074509,l_aguilera,1093.53,SKILL_020,66.18,Open locks with their keys,2026-02-05T07:45:09Z,FALSE,05
SKILL_020_20260205_074733,l_aguilera,1240.48,SKILL_020,76.61,Open locks with their keys,2026-02-05T07:47:33Z,FALSE,05
SKILL_020_20260205_095232,l_aguilera,1552.09,SKILL_020,82.4,Open locks with their keys,2026-02-05T09:52:34Z,FALSE,05
SKILL_020_20260205_095822,l_aguilera,1229.57,SKILL_020,72.24,Open locks with their keys,2026-02-05T09:58:24Z,FALSE,05
SKILL_020_20260205_100313,l_aguilera,1652.86,SKILL_020,81.57,Open locks with their keys,2026-02-05T10:03:14Z,FALSE,05
SKILL_020_20260205_110123,l_aguilera,1575.87,SKILL_020,85.04,Open locks with their keys,2026-02-05T11:01:23Z,FALSE,05
SKILL_020_20260205_110638,l_aguilera,1702.85,SKILL_020,100.62,Open locks with their keys,2026-02-05T11:06:40Z,TRUE,05
SKILL_020_20260205_130457,c_becerra,1599.34,SKILL_020,69.34,Open locks with their keys,2026-02-05T13:04:59Z,FALSE,05
SKILL_001_20260203_070524,d_vargas,21592.68,SKILL_001,583.34,Organize beads per color,2026-02-03T07:05:24Z,TRUE,02
SKILL_020_20260205_142459,c_becerra,1599.25,SKILL_020,74.44,Open locks with their keys,2026-02-05T14:24:59Z,FALSE,05
SKILL_001_20260206_110935,n_mora,5193.76,SKILL_001,139.85,Organize beads per color,2026-02-06T11:09:35Z,TRUE,01
SKILL_001_20260206_111228,n_mora,7417.69,SKILL_001,233.4,Organize beads per color,2026-02-06T11:12:28Z,TRUE,01
SKILL_001_20260206_111719,n_mora,14291.12,SKILL_001,388.98,Organize beads per color,2026-02-06T11:17:19Z,TRUE,01
SKILL_001_20260206_122001,n_mora,3073.96,SKILL_001,83.12,Organize beads per color,2026-02-06T12:20:01Z,FALSE,01
SKILL_001_20260206_122911,n_mora,19593.78,SKILL_001,611.14,Organize beads per color,2026-02-06T12:29:12Z,TRUE,01
SKILL_001_20260206_124748,n_mora,2864.41,SKILL_001,77.07,Organize beads per color,2026-02-06T12:47:48Z,FALSE,01
SKILL_001_20260206_124908,n_mora,23.27,SKILL_001,0.64,Organize beads per color,2026-02-06T12:49:08Z,FALSE,01
SKILL_005_20260206_133702,n_mora,8752.83,SKILL_005,241.47,Insert allen keys in package,2026-02-06T13:37:02Z,TRUE,01
SKILL_013_20260204_141146,d_vargas,4119.07,SKILL_013,110.93,Set up a hand lamp,2026-02-04T14:11:46Z,TRUE,04
SKILL_009_20260206_105725,n_mora,4352.13,SKILL_009,119.03,Package Cotton set,2026-02-06T10:57:25Z,TRUE,01
SKILL_009_20260206_105953,n_mora,3918.88,SKILL_009,107.34,Package Cotton set,2026-02-06T10:59:53Z,TRUE,01
SKILL_009_20260206_110245,n_mora,3936.65,SKILL_009,107.12,Package Cotton set,2026-02-06T11:02:45Z,TRUE,01
SKILL_009_20260206_142123,n_mora,4572.5,SKILL_009,124.53,Package Cotton set,2026-02-06T14:21:23Z,TRUE,01
SKILL_009_20260206_142512,n_mora,4973.5,SKILL_009,135.34,Package Cotton set,2026-02-06T14:25:12Z,TRUE,01
SKILL_012_20260206_103917,n_mora,4835.34,SKILL_012,130.82,Put pasta in jars,2026-02-06T10:39:17Z,TRUE,01
SKILL_012_20260206_104218,n_mora,5632.7,SKILL_012,151.11,Put pasta in jars,2026-02-06T10:42:18Z,TRUE,01
SKILL_012_20260206_104509,n_mora,18.03,SKILL_012,0.52,Put pasta in jars,2026-02-06T10:45:09Z,FALSE,01
SKILL_012_20260206_104526,n_mora,22.83,SKILL_012,0.61,Put pasta in jars,2026-02-06T10:45:26Z,FALSE,01
SKILL_012_20260206_104527,n_mora,18.62,SKILL_012,0.52,Put pasta in jars,2026-02-06T10:45:27Z,FALSE,01
SKILL_012_20260206_104651,n_mora,1839.05,SKILL_012,49.04,Put pasta in jars,2026-02-06T10:46:52Z,FALSE,01
SKILL_001_20260204_132312,n_mora,10028.7,SKILL_001,493.98,Organize beads per color,2026-02-04T13:23:12Z,TRUE,05
SKILL_012_20260206_105116,n_mora,4971.97,SKILL_012,133.99,Put pasta in jars,2026-02-06T10:51:16Z,TRUE,01
SKILL_012_20260206_144220,n_mora,11794.78,SKILL_012,320.27,Put pasta in jars,2026-02-06T14:42:20Z,TRUE,01
SKILL_012_20260206_145143,n_mora,4503.62,SKILL_012,120.24,Put pasta in jars,2026-02-06T14:51:43Z,TRUE,01
SKILL_013_20260206_141118,n_mora,4327.41,SKILL_013,117.16,Set up a hand lamp,2026-02-06T14:11:18Z,TRUE,01
SKILL_013_20260206_141353,n_mora,5626.9,SKILL_013,152.81,Set up a hand lamp,2026-02-06T14:13:53Z,TRUE,01
SKILL_014_20260206_100630,n_mora,11665.41,SKILL_014,333.41,Fasten nuts onto bolts,2026-02-06T10:06:30Z,TRUE,01
SKILL_014_20260206_101326,n_mora,6726.57,SKILL_014,181.52,Fasten nuts onto bolts,2026-02-06T10:13:26Z,TRUE,01
SKILL_014_20260206_101738,n_mora,4023.89,SKILL_014,108.41,Fasten nuts onto bolts,2026-02-06T10:17:38Z,TRUE,01
SKILL_014_20260206_103034,n_mora,10540.94,SKILL_014,284.72,Fasten nuts onto bolts,2026-02-06T10:30:34Z,TRUE,01
SKILL_009_20260205_084507,d_vargas,6993.9,SKILL_009,207.93,Package Cotton set,2026-02-05T08:45:07Z,TRUE,04
SKILL_020_20260205_091916,d_vargas,378.02,SKILL_020,10.3,Open locks with their keys,2026-02-05T09:19:16Z,FALSE,04
SKILL_018_20260206_143606,n_mora,3796.14,SKILL_018,103.06,Close bags with twist ties,2026-02-06T14:36:06Z,TRUE,01
SKILL_003_20260205_083009,l_aguilera,1014.4,SKILL_003,55.03,Organize screwdriver bits,2026-02-05T08:30:09Z,FALSE,05
SKILL_004_20260205_093110,l_aguilera,1333.07,SKILL_004,65.11,Set Screwdriver package,2026-02-05T09:31:11Z,FALSE,05
SKILL_005_20260203_082235,d_vargas,6659.51,SKILL_005,186.26,Insert allen keys in package,2026-02-03T08:22:35Z,TRUE,02
SKILL_005_20260202_133112,d_vargas,8685.36,SKILL_005,246.0,Insert allen keys in package,2026-02-02T13:31:12Z,TRUE,02
SKILL_001_20260206_075030,c_becerra,1733.18,SKILL_001,46.14,Organize beads per color,2026-02-06T07:50:31Z,FALSE,02
SKILL_012_20260205_121546,c_becerra,5065.54,SKILL_012,204.42,Put pasta in jars,2026-02-05T12:15:47Z,TRUE,05
SKILL_018_20260205_143110,e_martinez,4982.9,SKILL_018,257.29,Close bags with twist ties,2026-02-05T14:31:10Z,TRUE,05
SKILL_005_20260206_132051,n_mora,2730.36,SKILL_005,73.07,Insert allen keys in package,2026-02-06T13:20:52Z,FALSE,01
SKILL_001_20260206_083145,c_becerra,855.04,SKILL_001,24.19,Organize beads per color,2026-02-06T08:31:45Z,FALSE,02
SKILL_018_20260206_142808,n_mora,4827.8,SKILL_018,131.66,Close bags with twist ties,2026-02-06T14:28:08Z,TRUE,01
SKILL_001_20260206_143027,e_martinez,17807.87,SKILL_001,475.89,Organize beads per color,2026-02-06T14:30:27Z,TRUE,02
SKILL_001_20260206_082147,c_becerra,11032.21,SKILL_001,297.62,Organize beads per color,2026-02-06T08:21:48Z,TRUE,02
SKILL_003_20260206_085531,c_becerra,5320.52,SKILL_003,141.82,Organize screwdriver bits,2026-02-06T08:55:32Z,TRUE,02
SKILL_003_20260206_091626,c_becerra,7656.23,SKILL_003,206.03,Organize screwdriver bits,2026-02-06T09:16:26Z,TRUE,02
SKILL_003_20260206_092108,c_becerra,8494.68,SKILL_003,228.38,Organize screwdriver bits,2026-02-06T09:21:08Z,TRUE,02
SKILL_003_20260206_123717,e_martinez,9599.79,SKILL_003,279.96,Organize screwdriver bits,2026-02-06T12:37:17Z,TRUE,02
SKILL_003_20260206_124426,e_martinez,8711.35,SKILL_003,246.26,Organize screwdriver bits,2026-02-06T12:44:26Z,TRUE,02
SKILL_004_20260206_144051,e_martinez,3832.28,SKILL_004,104.95,Set Screwdriver package,2026-02-06T14:40:51Z,TRUE,02
SKILL_004_20260206_144936,e_martinez,2520.08,SKILL_004,67.17,Set Screwdriver package,2026-02-06T14:49:36Z,FALSE,02
SKILL_004_20260206_145111,e_martinez,1453.42,SKILL_004,38.74,Set Screwdriver package,2026-02-06T14:51:11Z,FALSE,02
SKILL_004_20260206_145210,e_martinez,2027.03,SKILL_004,53.97,Set Screwdriver package,2026-02-06T14:52:10Z,FALSE,02
SKILL_004_20260206_145314,e_martinez,2093.25,SKILL_004,55.69,Set Screwdriver package,2026-02-06T14:53:14Z,FALSE,02
SKILL_005_20260206_122802,e_martinez,418.7,SKILL_005,11.02,Insert allen keys in package,2026-02-06T12:28:02Z,FALSE,02
SKILL_005_20260206_123056,e_martinez,8915.95,SKILL_005,258.83,Insert allen keys in package,2026-02-06T12:30:56Z,TRUE,02
SKILL_007_20260206_140159,e_martinez,15719.93,SKILL_007,418.41,Separate tongue depressors by color,2026-02-06T14:01:59Z,TRUE,02
SKILL_018_20260206_143207,n_mora,5331.76,SKILL_018,144.82,Close bags with twist ties,2026-02-06T14:32:07Z,TRUE,01
SKILL_009_20260206_093029,c_becerra,7572.07,SKILL_009,205.51,Package Cotton set,2026-02-06T09:30:29Z,TRUE,02
SKILL_009_20260206_110643,c_becerra,9372.78,SKILL_009,271.23,Package Cotton set,2026-02-06T11:06:44Z,TRUE,02
SKILL_009_20260206_132550,e_martinez,6828.71,SKILL_009,184.44,Package Cotton set,2026-02-06T13:25:50Z,TRUE,02
SKILL_009_20260206_133000,e_martinez,7393.13,SKILL_009,201.18,Package Cotton set,2026-02-06T13:30:00Z,TRUE,02
SKILL_012_20260206_093429,c_becerra,7150.48,SKILL_012,189.41,Put pasta in jars,2026-02-06T09:34:29Z,TRUE,02
SKILL_012_20260206_093850,c_becerra,5721.65,SKILL_012,151.27,Put pasta in jars,2026-02-06T09:38:50Z,TRUE,02
SKILL_012_20260206_100622,c_becerra,0.0,SKILL_012,2319.65,Put pasta in jars,2026-02-06T10:06:22Z,UNKNOWN,station_01_lab
SKILL_012_20260206_133710,e_martinez,7219.67,SKILL_012,192.06,Put pasta in jars,2026-02-06T13:37:11Z,TRUE,02
SKILL_013_20260206_141905,e_martinez,5065.01,SKILL_013,137.93,Set up a hand lamp,2026-02-06T14:19:05Z,TRUE,02
SKILL_013_20260206_142722,e_martinez,4421.44,SKILL_013,121.23,Set up a hand lamp,2026-02-06T14:27:22Z,TRUE,02
SKILL_017_20260206_095556,c_becerra,12426.22,SKILL_017,331.7,Put pasta in ziploc bags,2026-02-06T09:55:56Z,TRUE,02
SKILL_017_20260206_100210,c_becerra,7156.8,SKILL_017,190.05,Put pasta in ziploc bags,2026-02-06T10:02:10Z,TRUE,02
SKILL_013_20260205_122037,c_becerra,4756.77,SKILL_013,194.99,Set up a hand lamp,2026-02-05T12:20:37Z,TRUE,05
SKILL_001_20260206_081753,c_becerra,305.22,SKILL_001,7.88,Organize beads per color,2026-02-06T08:17:53Z,FALSE,02
SKILL_019_20260206_094514,c_becerra,5262.56,SKILL_019,139.63,Put pasta in plastic containers,2026-02-06T09:45:14Z,TRUE,02
SKILL_019_20260206_094219,c_becerra,4944.49,SKILL_019,131.13,Put pasta in plastic containers,2026-02-06T09:42:19Z,TRUE,02
SKILL_019_20260206_095032,c_becerra,3527.95,SKILL_019,93.0,Put pasta in plastic containers,2026-02-06T09:50:32Z,TRUE,02
SKILL_019_20260206_094823,c_becerra,3474.9,SKILL_019,91.41,Put pasta in plastic containers,2026-02-06T09:48:23Z,TRUE,02
SKILL_020_20260206_141216,e_martinez,3480.99,SKILL_020,93.17,Open locks with their keys,2026-02-06T14:12:16Z,TRUE,02
SKILL_019_20260206_095257,c_becerra,4673.87,SKILL_019,123.64,Put pasta in plastic containers,2026-02-06T09:52:57Z,TRUE,02
SKILL_001_20260206_103623,e_martinez,630.69,SKILL_001,17.56,Organize beads per color,2026-02-06T10:36:23Z,FALSE,03
SKILL_020_20260206_141442,e_martinez,3962.06,SKILL_020,106.47,Open locks with their keys,2026-02-06T14:14:42Z,TRUE,02
SKILL_003_20260206_110852,e_martinez,7486.34,SKILL_003,203.73,Organize screwdriver bits,2026-02-06T11:08:52Z,TRUE,03
SKILL_003_20260206_084839,c_becerra,2985.6,SKILL_003,81.92,Organize screwdriver bits,2026-02-06T08:48:39Z,FALSE,02
SKILL_003_20260206_111327,e_martinez,7749.75,SKILL_003,209.41,Organize screwdriver bits,2026-02-06T11:13:27Z,TRUE,03
SKILL_003_20260206_134839,c_becerra,8219.97,SKILL_003,222.4,Organize screwdriver bits,2026-02-06T13:48:39Z,TRUE,03
SKILL_003_20260206_135322,c_becerra,7100.68,SKILL_003,191.41,Organize screwdriver bits,2026-02-06T13:53:22Z,TRUE,03
SKILL_003_20260206_135712,c_becerra,69.82,SKILL_003,1.92,Organize screwdriver bits,2026-02-06T13:57:12Z,FALSE,03
SKILL_003_20260206_135714,c_becerra,30.45,SKILL_003,0.84,Organize screwdriver bits,2026-02-06T13:57:14Z,FALSE,03
SKILL_004_20260206_111906,e_martinez,6830.14,SKILL_004,182.46,Set Screwdriver package,2026-02-06T11:19:06Z,TRUE,03
SKILL_004_20260206_125105,c_becerra,8076.27,SKILL_004,215.23,Set Screwdriver package,2026-02-06T12:51:05Z,TRUE,03
SKILL_001_20260206_075857,c_becerra,10896.53,SKILL_001,305.95,Organize beads per color,2026-02-06T07:58:58Z,TRUE,02
SKILL_005_20260206_105843,e_martinez,86.24,SKILL_005,2.52,Insert allen keys in package,2026-02-06T10:58:43Z,FALSE,03
SKILL_005_20260206_105958,e_martinez,5685.91,SKILL_005,153.72,Insert allen keys in package,2026-02-06T10:59:58Z,TRUE,03
SKILL_005_20260206_110315,e_martinez,5411.96,SKILL_005,146.63,Insert allen keys in package,2026-02-06T11:03:15Z,TRUE,03
SKILL_005_20260206_124311,c_becerra,6653.79,SKILL_005,179.11,Insert allen keys in package,2026-02-06T12:43:11Z,TRUE,03
SKILL_005_20260206_124628,c_becerra,7031.28,SKILL_005,188.87,Insert allen keys in package,2026-02-06T12:46:28Z,TRUE,03
SKILL_007_20260206_123326,c_becerra,17554.43,SKILL_007,468.49,Separate tongue depressors by color,2026-02-06T12:33:26Z,TRUE,03
SKILL_009_20260206_135720,c_becerra,7430.05,SKILL_009,201.48,Package Cotton set,2026-02-06T13:57:20Z,TRUE,03
SKILL_009_20260206_140125,c_becerra,8054.17,SKILL_009,218.08,Package Cotton set,2026-02-06T14:01:25Z,TRUE,03
SKILL_010_20260206_133445,c_becerra,8916.53,SKILL_010,236.9,Package earphones,2026-02-06T13:34:45Z,TRUE,03
SKILL_009_20260205_134155,c_becerra,3764.29,SKILL_009,181.48,Package Cotton set,2026-02-05T13:41:55Z,TRUE,05
SKILL_001_20260206_104032,e_martinez,22321.24,SKILL_001,633.65,Organize beads per color,2026-02-06T10:40:32Z,TRUE,03
SKILL_001_20260206_074855,c_becerra,374.57,SKILL_001,12.81,Organize beads per color,2026-02-06T07:48:55Z,FALSE,02
SKILL_009_20260205_072508,l_aguilera,2982.96,SKILL_009,166.87,Package Cotton set,2026-02-05T07:25:09Z,TRUE,05
SKILL_020_20260206_143937,n_mora,3583.27,SKILL_020,97.77,Open locks with their keys,2026-02-06T14:39:37Z,TRUE,01
SKILL_003_20260205_123946,c_becerra,5431.69,SKILL_003,226.33,Organize screwdriver bits,2026-02-05T12:39:46Z,TRUE,05
SKILL_019_20260206_140448,n_mora,7082.17,SKILL_019,190.83,Put pasta in plastic containers,2026-02-06T14:04:48Z,TRUE,01
SKILL_019_20260206_135715,n_mora,3735.79,SKILL_019,100.27,Put pasta in plastic containers,2026-02-06T13:57:16Z,TRUE,01
SKILL_003_20260205_074821,d_vargas,10575.74,SKILL_003,283.48,Organize screwdriver bits,2026-02-05T07:48:21Z,TRUE,04
SKILL_018_20260204_135023,n_mora,1979.87,SKILL_018,106.53,Close bags with twist ties,2026-02-04T13:50:23Z,TRUE,05
SKILL_013_20260205_081631,d_vargas,3867.76,SKILL_013,104.77,Set up a hand lamp,2026-02-05T08:16:31Z,TRUE,04
SKILL_020_20260205_111219,l_aguilera,1473.94,SKILL_020,86.33,Open locks with their keys,2026-02-05T11:12:20Z,FALSE,05
SKILL_012_20260206_104825,n_mora,4862.17,SKILL_012,130.76,Put pasta in jars,2026-02-06T10:48:25Z,TRUE,01
SKILL_013_20260206_134407,e_martinez,7270.53,SKILL_013,193.88,Set up a hand lamp,2026-02-06T13:44:08Z,TRUE,02
SKILL_001_20260206_083844,c_becerra,18318.06,SKILL_001,517.13,Organize beads per color,2026-02-06T08:38:44Z,TRUE,02
SKILL_009_20260206_092550,c_becerra,9465.88,SKILL_009,258.13,Package Cotton set,2026-02-06T09:25:50Z,TRUE,02
SKILL_001_20260206_122409,c_becerra,17910.6,SKILL_001,476.37,Organize beads per color,2026-02-06T12:24:09Z,TRUE,03
SKILL_010_20260206_133940,c_becerra,7729.05,SKILL_010,206.18,Package earphones,2026-02-06T13:39:40Z,TRUE,03
SKILL_004_20260206_125523,c_becerra,3355.41,SKILL_004,88.94,Set Screwdriver package,2026-02-06T12:55:23Z,FALSE,03
SKILL_018_20260206_141019,c_becerra,6491.74,SKILL_018,173.42,Close bags with twist ties,2026-02-06T14:10:19Z,TRUE,03
SKILL_013_20260206_143539,c_becerra,7587.15,SKILL_013,203.08,Set up a hand lamp,2026-02-06T14:35:39Z,TRUE,03
SKILL_003_20260206_093603,e_martinez,9712.82,SKILL_003,263.33,Organize screwdriver bits,2026-02-06T09:36:03Z,TRUE,04
SKILL_003_20260206_123534,d_vargas,9650.89,SKILL_003,262.63,Organize screwdriver bits,2026-02-06T12:35:34Z,TRUE,04
SKILL_003_20260206_124208,d_vargas,6540.4,SKILL_003,176.79,Organize screwdriver bits,2026-02-06T12:42:08Z,TRUE,04
SKILL_004_20260206_074032,e_martinez,3162.95,SKILL_004,91.64,Set Screwdriver package,2026-02-06T07:40:32Z,TRUE,04
SKILL_004_20260206_075933,e_martinez,3020.46,SKILL_004,80.67,Set Screwdriver package,2026-02-06T07:59:33Z,FALSE,04
SKILL_004_20260206_080144,e_martinez,3113.48,SKILL_004,83.93,Set Screwdriver package,2026-02-06T08:01:44Z,FALSE,04
SKILL_004_20260206_131507,d_vargas,95.11,SKILL_004,2.67,Set Screwdriver package,2026-02-06T13:15:07Z,FALSE,04
SKILL_004_20260206_131518,d_vargas,3515.06,SKILL_004,94.3,Set Screwdriver package,2026-02-06T13:15:18Z,TRUE,04
SKILL_004_20260206_131731,d_vargas,3316.05,SKILL_004,89.11,Set Screwdriver package,2026-02-06T13:17:31Z,FALSE,04
SKILL_004_20260206_132016,d_vargas,3488.65,SKILL_004,93.86,Set Screwdriver package,2026-02-06T13:20:16Z,TRUE,04
SKILL_004_20260206_132238,d_vargas,3139.07,SKILL_004,84.91,Set Screwdriver package,2026-02-06T13:22:38Z,FALSE,04
SKILL_005_20260206_143328,d_vargas,8549.92,SKILL_005,230.12,Insert allen keys in package,2026-02-06T14:33:28Z,TRUE,04
SKILL_001_20260206_122502,d_vargas,20141.32,SKILL_001,545.61,Organize beads per color,2026-02-06T12:25:02Z,TRUE,04
SKILL_001_20260206_110123,d_vargas,147.42,SKILL_001,4.1,Organize beads per color,2026-02-06T11:01:23Z,FALSE,04
SKILL_001_20260206_080552,e_martinez,16203.41,SKILL_001,438.54,Organize beads per color,2026-02-06T08:05:52Z,TRUE,04
SKILL_001_20260206_105001,d_vargas,16822.98,SKILL_001,455.4,Organize beads per color,2026-02-06T10:50:01Z,TRUE,04
SKILL_003_20260206_071723,e_martinez,10021.54,SKILL_003,272.53,Organize screwdriver bits,2026-02-06T07:17:24Z,TRUE,04
SKILL_009_20260206_095440,e_martinez,6120.63,SKILL_009,167.01,Package Cotton set,2026-02-06T09:54:40Z,TRUE,04
SKILL_009_20260206_085029,e_martinez,5357.77,SKILL_009,145.6,Package Cotton set,2026-02-06T08:50:29Z,TRUE,04
SKILL_009_20260206_085408,e_martinez,4909.03,SKILL_009,134.11,Package Cotton set,2026-02-06T08:54:08Z,TRUE,04
SKILL_018_20260206_141442,c_becerra,7985.21,SKILL_018,212.53,Close bags with twist ties,2026-02-06T14:14:42Z,TRUE,03
SKILL_023_20260206_141908,c_becerra,8556.78,SKILL_023,232.35,Built up box (Present),2026-02-06T14:19:08Z,TRUE,03
SKILL_016_20260206_145402,c_becerra,2142.79,SKILL_016,57.52,Package a sewing set,2026-02-06T14:54:02Z,FALSE,03
SKILL_003_20260206_072314,e_martinez,9794.93,SKILL_003,266.72,Organize screwdriver bits,2026-02-06T07:23:14Z,TRUE,04
SKILL_023_20260206_142632,c_becerra,3643.1,SKILL_023,98.65,Built up box (Present),2026-02-06T14:26:32Z,TRUE,03
SKILL_023_20260206_142341,c_becerra,5053.22,SKILL_023,136.66,Built up box (Present),2026-02-06T14:23:41Z,TRUE,03
SKILL_014_20260206_144001,c_becerra,18193.85,SKILL_014,491.27,Fasten nuts onto bolts,2026-02-06T14:40:01Z,TRUE,03
SKILL_016_20260206_145220,c_becerra,2589.89,SKILL_016,69.59,Package a sewing set,2026-02-06T14:52:20Z,FALSE,03
SKILL_016_20260206_145540,c_becerra,2537.33,SKILL_016,68.19,Package a sewing set,2026-02-06T14:55:40Z,FALSE,03
SKILL_018_20260206_140632,c_becerra,6872.62,SKILL_018,182.49,Close bags with twist ties,2026-02-06T14:06:32Z,TRUE,03
SKILL_013_20260206_143058,c_becerra,8636.63,SKILL_013,232.13,Set up a hand lamp,2026-02-06T14:30:58Z,TRUE,03
SKILL_001_20260206_080532,e_martinez,154.62,SKILL_001,4.21,Organize beads per color,2026-02-06T08:05:32Z,FALSE,04
SKILL_005_20260206_143802,d_vargas,7210.88,SKILL_005,193.05,Insert allen keys in package,2026-02-06T14:38:02Z,TRUE,04
SKILL_012_20260206_135716,d_vargas,3421.74,SKILL_012,93.35,Put pasta in jars,2026-02-06T13:57:16Z,TRUE,04
SKILL_010_20260206_132524,d_vargas,8474.23,SKILL_010,227.76,Package earphones,2026-02-06T13:25:24Z,TRUE,04
SKILL_010_20260206_095004,e_martinez,6071.86,SKILL_010,164.66,Package earphones,2026-02-06T09:50:04Z,TRUE,04
SKILL_009_20260206_110819,d_vargas,3227.07,SKILL_009,86.86,Package Cotton set,2026-02-06T11:08:19Z,FALSE,04
SKILL_009_20260206_110456,d_vargas,5702.01,SKILL_009,154.47,Package Cotton set,2026-02-06T11:04:56Z,TRUE,04
SKILL_009_20260206_110132,d_vargas,6043.48,SKILL_009,163.72,Package Cotton set,2026-02-06T11:01:32Z,TRUE,04
SKILL_012_20260206_135412,d_vargas,4005.14,SKILL_012,108.94,Put pasta in jars,2026-02-06T13:54:12Z,TRUE,04
SKILL_012_20260206_101754,d_vargas,5227.32,SKILL_012,141.1,Put pasta in jars,2026-02-06T10:17:54Z,TRUE,04
SKILL_012_20260206_101449,d_vargas,5235.7,SKILL_012,141.53,Put pasta in jars,2026-02-06T10:14:49Z,TRUE,04
SKILL_012_20260206_101119,d_vargas,5843.57,SKILL_012,156.99,Put pasta in jars,2026-02-06T10:11:19Z,TRUE,04
SKILL_012_20260206_082910,e_martinez,5345.2,SKILL_012,161.01,Put pasta in jars,2026-02-06T08:29:10Z,TRUE,04
SKILL_012_20260206_082520,e_martinez,5031.68,SKILL_012,134.9,Put pasta in jars,2026-02-06T08:25:20Z,TRUE,04
SKILL_012_20260206_081949,e_martinez,8721.82,SKILL_012,234.15,Put pasta in jars,2026-02-06T08:19:49Z,TRUE,04
SKILL_010_20260206_133116,d_vargas,8439.82,SKILL_010,229.17,Package earphones,2026-02-06T13:31:16Z,TRUE,04
SKILL_013_20260206_112137,d_vargas,1809.85,SKILL_013,49.24,Set up a hand lamp,2026-02-06T11:21:37Z,FALSE,04
SKILL_013_20260206_111907,d_vargas,3834.84,SKILL_013,104.13,Set up a hand lamp,2026-02-06T11:19:07Z,TRUE,04
SKILL_013_20260206_111516,d_vargas,4202.63,SKILL_013,115.24,Set up a hand lamp,2026-02-06T11:15:16Z,TRUE,04
SKILL_013_20260206_111254,d_vargas,3861.7,SKILL_013,104.74,Set up a hand lamp,2026-02-06T11:12:54Z,TRUE,04
SKILL_013_20260206_083748,e_martinez,4976.36,SKILL_013,134.78,Set up a hand lamp,2026-02-06T08:37:48Z,TRUE,04
SKILL_013_20260206_084004,e_martinez,5450.7,SKILL_013,165.2,Set up a hand lamp,2026-02-06T08:40:04Z,TRUE,04
SKILL_018_20260206_130215,d_vargas,7072.92,SKILL_018,190.04,Close bags with twist ties,2026-02-06T13:02:15Z,TRUE,04
SKILL_009_20260206_100124,d_vargas,47.9,SKILL_009,1.42,Package Cotton set,2026-02-06T10:01:24Z,FALSE,04
SKILL_018_20260206_130605,d_vargas,5712.46,SKILL_018,155.12,Close bags with twist ties,2026-02-06T13:06:05Z,TRUE,04
SKILL_018_20260206_130928,d_vargas,1750.93,SKILL_018,47.61,Close bags with twist ties,2026-02-06T13:09:28Z,FALSE,04
SKILL_020_20260206_084421,e_martinez,3071.41,SKILL_020,83.76,Open locks with their keys,2026-02-06T08:44:21Z,FALSE,04
SKILL_020_20260206_084707,e_martinez,3029.63,SKILL_020,83.65,Open locks with their keys,2026-02-06T08:47:07Z,FALSE,04
SKILL_020_20260206_100140,d_vargas,3274.41,SKILL_020,88.47,Open locks with their keys,2026-02-06T10:01:40Z,FALSE,04
SKILL_020_20260206_100709,d_vargas,2390.38,SKILL_020,64.79,Open locks with their keys,2026-02-06T10:07:09Z,FALSE,04
SKILL_020_20260206_100907,d_vargas,2546.29,SKILL_020,68.86,Open locks with their keys,2026-02-06T10:09:07Z,FALSE,04
SKILL_020_20260206_134001,d_vargas,3661.24,SKILL_020,100.06,Open locks with their keys,2026-02-06T13:40:01Z,TRUE,04
SKILL_020_20260206_134304,d_vargas,3413.73,SKILL_020,92.25,Open locks with their keys,2026-02-06T13:43:04Z,TRUE,04
SKILL_020_20260206_134528,d_vargas,2885.39,SKILL_020,77.7,Open locks with their keys,2026-02-06T13:45:28Z,FALSE,04
SKILL_020_20260206_134743,d_vargas,3364.02,SKILL_020,90.6,Open locks with their keys,2026-02-06T13:47:43Z,TRUE,04
SKILL_001_20260206_095007,l_aguilera,9140.9,SKILL_001,525.17,Organize beads per color,2026-02-06T09:50:07Z,TRUE,05
SKILL_018_20260206_125722,d_vargas,5743.33,SKILL_018,154.65,Close bags with twist ties,2026-02-06T12:57:22Z,TRUE,04
SKILL_018_20260206_090733,e_martinez,11458.5,SKILL_018,311.22,Close bags with twist ties,2026-02-06T09:07:33Z,TRUE,04
SKILL_017_20260206_104413,d_vargas,4655.95,SKILL_017,125.12,Put pasta in ziploc bags,2026-02-06T10:44:13Z,TRUE,04
SKILL_017_20260206_104409,d_vargas,58.78,SKILL_017,1.6,Put pasta in ziploc bags,2026-02-06T10:44:09Z,FALSE,04
SKILL_017_20260206_103634,d_vargas,13578.87,SKILL_017,384.57,Put pasta in ziploc bags,2026-02-06T10:36:34Z,TRUE,04
SKILL_017_20260206_092219,e_martinez,10950.18,SKILL_017,295.39,Put pasta in ziploc bags,2026-02-06T09:22:19Z,TRUE,04
SKILL_013_20260206_142746,d_vargas,8408.71,SKILL_013,228.52,Set up a hand lamp,2026-02-06T14:27:46Z,TRUE,04
SKILL_001_20260206_144427,l_aguilera,760.81,SKILL_001,44.82,Organize beads per color,2026-02-06T14:44:27Z,FALSE,05
SKILL_003_20260206_073755,l_aguilera,4363.74,SKILL_003,233.3,Organize screwdriver bits,2026-02-06T07:37:55Z,TRUE,05
SKILL_018_20260206_102323,d_vargas,5248.54,SKILL_018,141.42,Close bags with twist ties,2026-02-06T10:23:24Z,TRUE,04
SKILL_012_20260206_135050,d_vargas,4104.44,SKILL_012,136.9,Put pasta in jars,2026-02-06T13:50:50Z,TRUE,04
SKILL_018_20260206_125334,d_vargas,5326.26,SKILL_018,144.97,Close bags with twist ties,2026-02-06T12:53:34Z,TRUE,04
SKILL_018_20260206_125014,d_vargas,5786.12,SKILL_018,155.69,Close bags with twist ties,2026-02-06T12:50:14Z,TRUE,04
SKILL_013_20260206_083245,e_martinez,5754.93,SKILL_013,155.7,Set up a hand lamp,2026-02-06T08:32:45Z,TRUE,04
SKILL_018_20260206_102716,d_vargas,4522.15,SKILL_018,121.83,Close bags with twist ties,2026-02-06T10:27:16Z,TRUE,04
SKILL_004_20260206_072044,l_aguilera,1800.54,SKILL_004,94.1,Set Screwdriver package,2026-02-06T07:20:44Z,TRUE,05
SKILL_003_20260206_122735,l_aguilera,2723.49,SKILL_003,229.47,Organize screwdriver bits,2026-02-06T12:27:37Z,TRUE,05
SKILL_013_20260206_142512,d_vargas,3397.89,SKILL_013,91.96,Set up a hand lamp,2026-02-06T14:25:12Z,TRUE,04
SKILL_001_20260206_100346,l_aguilera,4464.35,SKILL_001,253.38,Organize beads per color,2026-02-06T10:03:46Z,TRUE,05
SKILL_004_20260206_072635,l_aguilera,1171.52,SKILL_004,61.23,Set Screwdriver package,2026-02-06T07:26:35Z,FALSE,05
SKILL_005_20260206_141127,l_aguilera,3951.27,SKILL_005,210.67,Insert allen keys in package,2026-02-06T14:11:28Z,TRUE,05
SKILL_009_20260206_094013,l_aguilera,3044.0,SKILL_009,174.22,Package Cotton set,2026-02-06T09:40:14Z,TRUE,05
SKILL_007_20260206_143028,l_aguilera,818.75,SKILL_007,71.32,Separate tongue depressors by color,2026-02-06T14:30:28Z,FALSE,05
SKILL_009_20260206_080324,l_aguilera,2140.13,SKILL_009,120.23,Package Cotton set,2026-02-06T08:03:25Z,TRUE,05
SKILL_009_20260206_074745,l_aguilera,434.47,SKILL_009,21.72,Package Cotton set,2026-02-06T07:47:46Z,FALSE,05
SKILL_007_20260206_142440,l_aguilera,3263.97,SKILL_007,240.7,Separate tongue depressors by color,2026-02-06T14:24:40Z,TRUE,05
SKILL_004_20260206_072247,l_aguilera,1639.7,SKILL_004,86.91,Set Screwdriver package,2026-02-06T07:22:47Z,FALSE,05
SKILL_020_20260206_100424,d_vargas,3169.0,SKILL_020,85.42,Open locks with their keys,2026-02-06T10:04:24Z,FALSE,04
SKILL_009_20260206_082050,l_aguilera,2397.22,SKILL_009,126.39,Package Cotton set,2026-02-06T08:20:52Z,TRUE,05
SKILL_018_20260206_091409,e_martinez,8900.2,SKILL_018,241.57,Close bags with twist ties,2026-02-06T09:14:09Z,TRUE,04
SKILL_009_20260206_080636,l_aguilera,2499.13,SKILL_009,141.56,Package Cotton set,2026-02-06T08:06:37Z,TRUE,05
SKILL_005_20260206_141948,l_aguilera,3641.77,SKILL_005,200.48,Insert allen keys in package,2026-02-06T14:19:48Z,TRUE,05
SKILL_005_20260206_141541,l_aguilera,3405.98,SKILL_005,186.72,Insert allen keys in package,2026-02-06T14:15:41Z,TRUE,05
SKILL_012_20260206_134854,l_aguilera,1325.59,SKILL_012,109.64,Put pasta in jars,2026-02-06T13:48:54Z,TRUE,05
SKILL_001_20260206_070755,l_aguilera,9630.09,SKILL_001,534.9,Organize beads per color,2026-02-06T07:07:56Z,TRUE,05
SKILL_009_20260206_081001,l_aguilera,2356.49,SKILL_009,186.47,Package Cotton set,2026-02-06T08:10:01Z,TRUE,05
SKILL_003_20260206_092908,e_martinez,9027.88,SKILL_003,246.35,Organize screwdriver bits,2026-02-06T09:29:08Z,TRUE,04
SKILL_012_20260206_083952,l_aguilera,2225.46,SKILL_012,123.14,Put pasta in jars,2026-02-06T08:39:53Z,TRUE,05
SKILL_012_20260206_083603,l_aguilera,1847.14,SKILL_012,105.65,Put pasta in jars,2026-02-06T08:36:03Z,TRUE,05
SKILL_012_20260206_083255,l_aguilera,2417.92,SKILL_012,133.82,Put pasta in jars,2026-02-06T08:32:55Z,TRUE,05
SKILL_010_20260206_082812,l_aguilera,3481.44,SKILL_010,186.56,Package earphones,2026-02-06T08:28:12Z,TRUE,05
SKILL_009_20260206_125742,l_aguilera,3.28,SKILL_009,0.43,Package Cotton set,2026-02-06T12:57:42Z,FALSE,05
SKILL_009_20260206_124949,l_aguilera,2041.02,SKILL_009,165.57,Package Cotton set,2026-02-06T12:49:49Z,TRUE,05
SKILL_009_20260206_124532,l_aguilera,2146.79,SKILL_009,180.24,Package Cotton set,2026-02-06T12:45:33Z,TRUE,05
SKILL_018_20260206_132242,l_aguilera,5706.7,SKILL_018,366.32,Close bags with twist ties,2026-02-06T13:22:44Z,TRUE,05
SKILL_017_20260206_091426,l_aguilera,4598.29,SKILL_017,237.14,Put pasta in ziploc bags,2026-02-06T09:14:26Z,TRUE,05
SKILL_018_20260206_131457,l_aguilera,2264.68,SKILL_018,254.36,Close bags with twist ties,2026-02-06T13:14:57Z,TRUE,05
SKILL_019_20260206_092339,l_aguilera,2494.1,SKILL_019,125.51,Put pasta in plastic containers,2026-02-06T09:23:39Z,TRUE,05
SKILL_019_20260206_092031,l_aguilera,2658.74,SKILL_019,135.95,Put pasta in plastic containers,2026-02-06T09:20:31Z,TRUE,05
SKILL_018_20260206_133009,l_aguilera,2782.68,SKILL_018,166.0,Close bags with twist ties,2026-02-06T13:30:09Z,TRUE,05
SKILL_020_20260206_093258,l_aguilera,931.94,SKILL_020,81.39,Open locks with their keys,2026-02-06T09:32:58Z,FALSE,05
SKILL_020_20260206_093106,l_aguilera,798.84,SKILL_020,73.08,Open locks with their keys,2026-02-06T09:31:06Z,FALSE,05
SKILL_020_20260206_092841,l_aguilera,1494.98,SKILL_020,78.81,Open locks with their keys,2026-02-06T09:28:41Z,FALSE,05
SKILL_020_20260206_123731,l_aguilera,773.06,SKILL_020,64.64,Open locks with their keys,2026-02-06T12:37:31Z,FALSE,05
SKILL_020_20260206_123915,l_aguilera,744.22,SKILL_020,64.93,Open locks with their keys,2026-02-06T12:39:15Z,FALSE,05
SKILL_020_20260206_124123,l_aguilera,739.82,SKILL_020,63.32,Open locks with their keys,2026-02-06T12:41:23Z,FALSE,05
SKILL_014_20260206_144109,l_aguilera,2209.93,SKILL_014,118.6,Fasten nuts onto bolts,2026-02-06T14:41:09Z,TRUE,05
SKILL_014_20260206_143456,l_aguilera,5690.56,SKILL_014,295.84,Fasten nuts onto bolts,2026-02-06T14:34:57Z,TRUE,05
SKILL_013_20260206_130705,l_aguilera,2431.36,SKILL_013,189.47,Set up a hand lamp,2026-02-06T13:07:05Z,TRUE,05
SKILL_013_20260206_130415,l_aguilera,1641.06,SKILL_013,128.53,Set up a hand lamp,2026-02-06T13:04:17Z,TRUE,05
SKILL_001_20260207_143923,l_aguilera,1555.36,SKILL_001,53.78,Organize beads per color,2026-02-07T14:39:24Z,FALSE,01
SKILL_020_20260206_093650,l_aguilera,53.35,SKILL_020,5.33,Open locks with their keys,2026-02-06T09:36:50Z,FALSE,05
SKILL_001_20260207_144300,l_aguilera,438.43,SKILL_001,16.26,Organize beads per color,2026-02-07T14:43:01Z,FALSE,01
SKILL_001_20260207_144649,l_aguilera,19456.76,SKILL_001,544.85,Organize beads per color,2026-02-07T14:46:50Z,TRUE,01
SKILL_003_20260207_072925,l_aguilera,8079.11,SKILL_003,230.6,Organize screwdriver bits,2026-02-07T07:29:26Z,TRUE,01
SKILL_003_20260207_073353,l_aguilera,8542.05,SKILL_003,245.61,Organize screwdriver bits,2026-02-07T07:33:53Z,TRUE,01
SKILL_004_20260207_074148,l_aguilera,2685.66,SKILL_004,78.02,Set Screwdriver package,2026-02-07T07:41:48Z,FALSE,01
SKILL_003_20260206_073311,l_aguilera,4230.63,SKILL_003,228.14,Organize screwdriver bits,2026-02-06T07:33:12Z,TRUE,05
SKILL_004_20260207_074509,l_aguilera,2023.57,SKILL_004,58.55,Set Screwdriver package,2026-02-07T07:45:09Z,FALSE,01
SKILL_001_20260207_071130,l_aguilera,24633.6,SKILL_001,745.87,Organize beads per color,2026-02-07T07:11:30Z,TRUE,01
SKILL_020_20260206_123546,l_aguilera,726.5,SKILL_020,62.56,Open locks with their keys,2026-02-06T12:35:46Z,FALSE,05
SKILL_009_20260207_075323,l_aguilera,5603.68,SKILL_009,164.96,Package Cotton set,2026-02-07T07:53:23Z,TRUE,01
SKILL_013_20260206_085537,l_aguilera,2455.87,SKILL_013,131.44,Set up a hand lamp,2026-02-06T08:55:37Z,TRUE,05
SKILL_001_20260207_072525,l_aguilera,303.05,SKILL_001,8.64,Organize beads per color,2026-02-07T07:25:26Z,FALSE,01
SKILL_013_20260206_084736,l_aguilera,2381.57,SKILL_013,129.14,Set up a hand lamp,2026-02-06T08:47:36Z,TRUE,05
SKILL_009_20260207_074733,l_aguilera,4938.28,SKILL_009,143.87,Package Cotton set,2026-02-07T07:47:33Z,TRUE,01
SKILL_012_20260207_142138,l_aguilera,4677.43,SKILL_012,134.63,Put pasta in jars,2026-02-07T14:21:38Z,TRUE,01
SKILL_012_20260207_080039,l_aguilera,3869.62,SKILL_012,112.82,Put pasta in jars,2026-02-07T08:00:39Z,TRUE,01
SKILL_012_20260207_080414,l_aguilera,4568.77,SKILL_012,132.28,Put pasta in jars,2026-02-07T08:04:14Z,TRUE,01
SKILL_012_20260207_075801,l_aguilera,3843.11,SKILL_012,124.08,Put pasta in jars,2026-02-07T07:58:01Z,TRUE,01
SKILL_009_20260207_112652,l_aguilera,6318.1,SKILL_009,173.96,Package Cotton set,2026-02-07T11:26:52Z,TRUE,01
SKILL_009_20260206_094456,l_aguilera,2297.23,SKILL_009,139.36,Package Cotton set,2026-02-06T09:44:56Z,TRUE,05
SKILL_017_20260206_090754,l_aguilera,6589.25,SKILL_017,342.56,Put pasta in ziploc bags,2026-02-06T09:07:54Z,TRUE,05
SKILL_009_20260206_075841,l_aguilera,1848.19,SKILL_009,125.95,Package Cotton set,2026-02-06T07:58:42Z,TRUE,05
SKILL_004_20260207_074335,l_aguilera,2109.2,SKILL_004,61.22,Set Screwdriver package,2026-02-07T07:43:35Z,FALSE,01
SKILL_013_20260207_081022,l_aguilera,4814.08,SKILL_013,140.39,Set up a hand lamp,2026-02-07T08:10:22Z,TRUE,01
SKILL_012_20260207_142848,l_aguilera,3957.73,SKILL_012,117.43,Put pasta in jars,2026-02-07T14:28:48Z,TRUE,01
SKILL_012_20260207_142513,l_aguilera,4012.88,SKILL_012,119.21,Put pasta in jars,2026-02-07T14:25:13Z,TRUE,01
SKILL_013_20260207_081344,l_aguilera,4892.15,SKILL_013,141.94,Set up a hand lamp,2026-02-07T08:13:44Z,TRUE,01
SKILL_017_20260207_122135,l_aguilera,1213.83,SKILL_017,34.3,Put pasta in ziploc bags,2026-02-07T12:21:35Z,FALSE,01
SKILL_017_20260207_121728,l_aguilera,7938.85,SKILL_017,238.41,Put pasta in ziploc bags,2026-02-07T12:17:30Z,TRUE,01
SKILL_017_20260207_121046,l_aguilera,13164.68,SKILL_017,358.29,Put pasta in ziploc bags,2026-02-07T12:10:46Z,TRUE,01
SKILL_017_20260207_081838,l_aguilera,10325.42,SKILL_017,295.96,Put pasta in ziploc bags,2026-02-07T08:18:38Z,TRUE,01
SKILL_013_20260207_120245,l_aguilera,4756.03,SKILL_013,130.13,Set up a hand lamp,2026-02-07T12:02:45Z,TRUE,01
SKILL_013_20260207_120542,l_aguilera,6073.0,SKILL_013,167.83,Set up a hand lamp,2026-02-07T12:05:42Z,TRUE,01
SKILL_019_20260207_093621,l_aguilera,7904.31,SKILL_019,213.61,Put pasta in plastic containers,2026-02-07T09:36:21Z,TRUE,01
SKILL_019_20260207_093454,l_aguilera,1787.58,SKILL_019,51.92,Put pasta in plastic containers,2026-02-07T09:34:54Z,FALSE,01
SKILL_018_20260207_122748,l_aguilera,5532.03,SKILL_018,151.67,Close bags with twist ties,2026-02-07T12:27:48Z,TRUE,01
SKILL_018_20260207_122329,l_aguilera,6610.23,SKILL_018,180.38,Close bags with twist ties,2026-02-07T12:23:29Z,TRUE,01
SKILL_018_20260207_083434,l_aguilera,6766.66,SKILL_018,197.1,Close bags with twist ties,2026-02-07T08:34:34Z,TRUE,01
SKILL_018_20260207_083021,l_aguilera,6071.87,SKILL_018,176.37,Close bags with twist ties,2026-02-07T08:30:21Z,TRUE,01
SKILL_020_20260207_124232,l_aguilera,2215.12,SKILL_020,60.46,Open locks with their keys,2026-02-07T12:42:32Z,FALSE,01
SKILL_020_20260207_084355,l_aguilera,2300.13,SKILL_020,66.87,Open locks with their keys,2026-02-07T08:43:55Z,FALSE,01
SKILL_020_20260207_084126,l_aguilera,2918.55,SKILL_020,84.78,Open locks with their keys,2026-02-07T08:41:26Z,FALSE,01
SKILL_020_20260207_083942,l_aguilera,2330.99,SKILL_020,66.9,Open locks with their keys,2026-02-07T08:39:42Z,FALSE,01
SKILL_019_20260207_123218,l_aguilera,7520.78,SKILL_019,204.19,Put pasta in plastic containers,2026-02-07T12:32:18Z,TRUE,01
SKILL_020_20260207_141126,l_aguilera,2478.85,SKILL_020,67.69,Open locks with their keys,2026-02-07T14:11:26Z,FALSE,01
SKILL_020_20260207_140757,l_aguilera,2752.78,SKILL_020,75.29,Open locks with their keys,2026-02-07T14:07:57Z,FALSE,01
SKILL_020_20260207_124729,l_aguilera,2463.74,SKILL_020,67.32,Open locks with their keys,2026-02-07T12:47:29Z,FALSE,01
SKILL_020_20260207_124550,l_aguilera,2151.73,SKILL_020,58.4,Open locks with their keys,2026-02-07T12:45:50Z,FALSE,01
SKILL_020_20260207_140949,l_aguilera,2102.71,SKILL_020,57.34,Open locks with their keys,2026-02-07T14:09:49Z,FALSE,01
SKILL_023_20260207_132631,l_aguilera,6157.79,SKILL_023,171.08,Built up box (Present),2026-02-07T13:26:31Z,TRUE,01
SKILL_023_20260207_131859,l_aguilera,12134.19,SKILL_023,333.86,Built up box (Present),2026-02-07T13:18:59Z,TRUE,01
SKILL_021_20260207_111939,l_aguilera,3565.39,SKILL_021,97.29,Build Up Box (Mailer),2026-02-07T11:19:39Z,TRUE,01
SKILL_020_20260207_141741,l_aguilera,2444.74,SKILL_020,89.79,Open locks with their keys,2026-02-07T14:17:42Z,TRUE,01
SKILL_029_20260207_131021,l_aguilera,9900.61,SKILL_029,269.12,Button a shirt,2026-02-07T13:10:21Z,TRUE,01
SKILL_028_20260207_125019,l_aguilera,9858.36,SKILL_028,266.84,Fold a T Shirt,2026-02-07T12:50:19Z,TRUE,01
SKILL_028_20260207_103805,l_aguilera,7125.74,SKILL_028,191.59,Fold a T Shirt,2026-02-07T10:38:06Z,TRUE,01
SKILL_028_20260207_101617,l_aguilera,11175.99,SKILL_028,307.95,Fold a T Shirt,2026-02-07T10:16:17Z,TRUE,01
SKILL_032_20260207_133503,l_aguilera,8662.04,SKILL_032,240.23,Pack up Clothes in a paper bag,2026-02-07T13:35:03Z,TRUE,01
SKILL_032_20260207_111320,l_aguilera,2384.93,SKILL_032,66.25,Pack up Clothes in a paper bag,2026-02-07T11:13:20Z,FALSE,01
SKILL_032_20260207_110848,l_aguilera,5217.7,SKILL_032,143.58,Pack up Clothes in a paper bag,2026-02-07T11:08:48Z,TRUE,01
SKILL_031_20260207_133232,l_aguilera,2427.27,SKILL_031,66.11,Fold Pants,2026-02-07T13:32:32Z,FALSE,01
SKILL_034_20260207_110542,l_aguilera,0.05,SKILL_034,0.01,Tie Shoelaces,2026-02-07T11:05:42Z,FALSE,01
SKILL_034_20260207_135436,l_aguilera,17367.79,SKILL_034,485.32,Tie Shoelaces,2026-02-07T13:54:36Z,TRUE,01
SKILL_034_20260207_110544,l_aguilera,3.59,SKILL_034,0.02,Tie Shoelaces,2026-02-07T11:05:44Z,FALSE,01
SKILL_001_20260207_072917,c_becerra,29696.35,SKILL_001,828.37,Organize beads per color,2026-02-07T07:29:17Z,TRUE,02
SKILL_001_20260207_120627,e_martinez,268.96,SKILL_001,7.34,Organize beads per color,2026-02-07T12:06:27Z,FALSE,02
SKILL_001_20260207_120641,e_martinez,241.06,SKILL_001,6.66,Organize beads per color,2026-02-07T12:06:41Z,FALSE,02
SKILL_001_20260207_120808,e_martinez,23042.77,SKILL_001,668.97,Organize beads per color,2026-02-07T12:08:08Z,TRUE,02
SKILL_003_20260207_071302,c_becerra,3661.43,SKILL_003,157.81,Organize screwdriver bits,2026-02-07T07:13:02Z,TRUE,02
SKILL_003_20260207_072018,c_becerra,8814.82,SKILL_003,238.22,Organize screwdriver bits,2026-02-07T07:20:18Z,TRUE,02
SKILL_003_20260207_072521,c_becerra,6857.33,SKILL_003,184.88,Organize screwdriver bits,2026-02-07T07:25:21Z,TRUE,02
SKILL_003_20260207_122029,e_martinez,8982.31,SKILL_003,249.02,Organize screwdriver bits,2026-02-07T12:20:29Z,TRUE,02
SKILL_019_20260207_094059,l_aguilera,6428.06,SKILL_019,195.91,Put pasta in plastic containers,2026-02-07T09:40:59Z,TRUE,01
SKILL_009_20260207_123441,e_martinez,11413.48,SKILL_009,310.49,Package Cotton set,2026-02-07T12:34:41Z,TRUE,02
SKILL_009_20260207_124021,e_martinez,6435.02,SKILL_009,173.87,Package Cotton set,2026-02-07T12:40:23Z,TRUE,02
SKILL_012_20260207_082533,c_becerra,7128.99,SKILL_012,194.81,Put pasta in jars,2026-02-07T08:25:33Z,TRUE,02
SKILL_012_20260207_082938,c_becerra,6282.81,SKILL_012,179.75,Put pasta in jars,2026-02-07T08:29:38Z,TRUE,02
SKILL_012_20260207_083356,c_becerra,32.77,SKILL_012,0.91,Put pasta in jars,2026-02-07T08:33:56Z,FALSE,02
SKILL_013_20260207_074947,c_becerra,7961.07,SKILL_013,214.67,Set up a hand lamp,2026-02-07T07:49:47Z,TRUE,02
SKILL_013_20260207_075446,c_becerra,5494.5,SKILL_013,148.06,Set up a hand lamp,2026-02-07T07:54:46Z,TRUE,02
SKILL_004_20260206_072756,l_aguilera,1069.39,SKILL_004,59.72,Set Screwdriver package,2026-02-06T07:27:56Z,FALSE,05
SKILL_010_20260206_082416,l_aguilera,2675.39,SKILL_010,144.87,Package earphones,2026-02-06T08:24:16Z,TRUE,05
SKILL_001_20260207_143232,l_aguilera,7632.76,SKILL_001,250.41,Organize beads per color,2026-02-07T14:32:32Z,TRUE,01
SKILL_013_20260206_085043,l_aguilera,2190.23,SKILL_013,118.09,Set up a hand lamp,2026-02-06T08:50:43Z,TRUE,05
SKILL_009_20260207_075045,l_aguilera,4577.23,SKILL_009,133.73,Package Cotton set,2026-02-07T07:50:45Z,TRUE,01
SKILL_007_20260206_141145,d_vargas,20137.88,SKILL_007,546.17,Separate tongue depressors by color,2026-02-06T14:11:45Z,TRUE,04
SKILL_017_20260207_130624,e_martinez,15120.87,SKILL_017,406.45,Put pasta in ziploc bags,2026-02-07T13:06:24Z,TRUE,02
SKILL_017_20260207_083420,c_becerra,14702.63,SKILL_017,406.88,Put pasta in ziploc bags,2026-02-07T08:34:20Z,TRUE,02
SKILL_013_20260207_125004,e_martinez,5002.35,SKILL_013,134.55,Set up a hand lamp,2026-02-07T12:50:04Z,TRUE,02
SKILL_018_20260207_085949,c_becerra,57.26,SKILL_018,1.56,Close bags with twist ties,2026-02-07T08:59:50Z,FALSE,02
SKILL_018_20260207_085205,c_becerra,6763.85,SKILL_018,184.28,Close bags with twist ties,2026-02-07T08:52:05Z,TRUE,02
SKILL_018_20260207_084759,c_becerra,6247.25,SKILL_018,177.28,Close bags with twist ties,2026-02-07T08:47:59Z,TRUE,02
SKILL_020_20260207_093018,c_becerra,3079.14,SKILL_020,83.14,Open locks with their keys,2026-02-07T09:30:18Z,FALSE,02
SKILL_020_20260207_092705,c_becerra,3794.8,SKILL_020,102.15,Open locks with their keys,2026-02-07T09:27:05Z,TRUE,02
SKILL_018_20260207_090128,c_becerra,6312.5,SKILL_018,171.47,Close bags with twist ties,2026-02-07T09:01:28Z,TRUE,02
SKILL_027_20260207_141715,e_martinez,2281.98,SKILL_027,62.6,Build a box and pack an item,2026-02-07T14:17:15Z,FALSE,02
SKILL_020_20260207_125802,e_martinez,3467.08,SKILL_020,94.19,Open locks with their keys,2026-02-07T12:58:02Z,TRUE,02
SKILL_027_20260207_142006,e_martinez,6449.82,SKILL_027,178.52,Build a box and pack an item,2026-02-07T14:20:06Z,TRUE,02
SKILL_028_20260207_104249,c_becerra,2086.06,SKILL_028,55.5,Fold a T Shirt,2026-02-07T10:42:49Z,FALSE,02
SKILL_028_20260207_104705,c_becerra,12157.79,SKILL_028,337.05,Fold a T Shirt,2026-02-07T10:47:05Z,TRUE,02
SKILL_028_20260207_131800,e_martinez,9403.13,SKILL_028,252.45,Fold a T Shirt,2026-02-07T13:18:00Z,TRUE,02
SKILL_028_20260207_132611,e_martinez,5793.12,SKILL_028,153.89,Fold a T Shirt,2026-02-07T13:26:11Z,TRUE,02
SKILL_029_20260207_101007,c_becerra,20990.37,SKILL_029,576.21,Button a shirt,2026-02-07T10:10:07Z,TRUE,02
SKILL_029_20260207_102835,c_becerra,9444.22,SKILL_029,258.29,Button a shirt,2026-02-07T10:28:35Z,TRUE,02
SKILL_029_20260207_103413,c_becerra,13878.97,SKILL_029,416.02,Button a shirt,2026-02-07T10:34:13Z,TRUE,02
SKILL_031_20260207_135501,e_martinez,1944.22,SKILL_031,51.48,Fold Pants,2026-02-07T13:55:01Z,FALSE,02
SKILL_013_20260207_081354,c_becerra,20374.12,SKILL_013,592.27,Set up a hand lamp,2026-02-07T08:13:55Z,TRUE,02
SKILL_013_20260207_112719,c_becerra,5355.32,SKILL_013,150.29,Set up a hand lamp,2026-02-07T11:27:19Z,TRUE,02
SKILL_034_20260207_111025,c_becerra,12607.53,SKILL_034,344.29,Tie Shoelaces,2026-02-07T11:10:25Z,TRUE,02
SKILL_034_20260207_133240,e_martinez,189.99,SKILL_034,5.17,Tie Shoelaces,2026-02-07T13:32:40Z,FALSE,02
SKILL_034_20260207_105853,c_becerra,12317.84,SKILL_034,340.11,Tie Shoelaces,2026-02-07T10:58:53Z,TRUE,02
SKILL_034_20260207_133411,e_martinez,10756.27,SKILL_034,310.0,Tie Shoelaces,2026-02-07T13:34:12Z,TRUE,02
SKILL_034_20260207_133252,e_martinez,19.6,SKILL_034,0.51,Tie Shoelaces,2026-02-07T13:32:52Z,FALSE,02
SKILL_034_20260207_134911,e_martinez,2191.35,SKILL_034,59.87,Tie Shoelaces,2026-02-07T13:49:11Z,FALSE,02
SKILL_034_20260207_134602,e_martinez,2941.44,SKILL_034,80.01,Tie Shoelaces,2026-02-07T13:46:02Z,FALSE,02
SKILL_040_20260207_140926,e_martinez,1383.61,SKILL_040,37.4,Fasten a belt,2026-02-07T14:09:26Z,FALSE,02
SKILL_001_20260207_071253,n_mora,25237.1,SKILL_001,682.13,Organize beads per color,2026-02-07T07:12:54Z,TRUE,03
SKILL_040_20260207_135940,e_martinez,1375.76,SKILL_040,36.9,Fasten a belt,2026-02-07T13:59:40Z,FALSE,02
SKILL_001_20260207_072634,n_mora,21807.09,SKILL_001,610.49,Organize beads per color,2026-02-07T07:26:34Z,TRUE,03
SKILL_003_20260207_074015,n_mora,8132.17,SKILL_003,222.41,Organize screwdriver bits,2026-02-07T07:40:15Z,TRUE,03
SKILL_003_20260207_074447,n_mora,7525.28,SKILL_003,202.33,Organize screwdriver bits,2026-02-07T07:44:47Z,TRUE,03
SKILL_003_20260207_075045,n_mora,4512.14,SKILL_003,121.39,Organize screwdriver bits,2026-02-07T07:50:45Z,TRUE,03
SKILL_004_20260207_080258,n_mora,6405.47,SKILL_004,169.43,Set Screwdriver package,2026-02-07T08:02:58Z,TRUE,03
SKILL_004_20260207_081002,n_mora,6572.83,SKILL_004,173.3,Set Screwdriver package,2026-02-07T08:10:02Z,TRUE,03
SKILL_018_20260207_082641,l_aguilera,6067.66,SKILL_018,175.47,Close bags with twist ties,2026-02-07T08:26:41Z,TRUE,01
SKILL_005_20260207_081609,n_mora,5251.16,SKILL_005,138.84,Insert allen keys in package,2026-02-07T08:16:09Z,TRUE,03
SKILL_005_20260207_081842,n_mora,3894.65,SKILL_005,103.23,Insert allen keys in package,2026-02-07T08:18:42Z,TRUE,03
SKILL_020_20260207_125606,e_martinez,2738.94,SKILL_020,74.46,Open locks with their keys,2026-02-07T12:56:06Z,FALSE,02
SKILL_009_20260207_083529,n_mora,11223.66,SKILL_009,299.1,Package Cotton set,2026-02-07T08:35:29Z,TRUE,03
SKILL_027_20260207_141258,e_martinez,5619.86,SKILL_027,155.84,Build a box and pack an item,2026-02-07T14:12:58Z,TRUE,02
SKILL_013_20260207_090145,n_mora,5714.35,SKILL_013,152.37,Set up a hand lamp,2026-02-07T09:01:45Z,TRUE,03
SKILL_009_20260207_084253,n_mora,10983.72,SKILL_009,290.91,Package Cotton set,2026-02-07T08:42:53Z,TRUE,03
SKILL_013_20260207_091053,n_mora,4513.33,SKILL_013,119.14,Set up a hand lamp,2026-02-07T09:10:53Z,TRUE,03
SKILL_014_20260207_091558,n_mora,11365.75,SKILL_014,301.11,Fasten nuts onto bolts,2026-02-07T09:15:58Z,TRUE,03
SKILL_014_20260207_092459,n_mora,9548.44,SKILL_014,253.73,Fasten nuts onto bolts,2026-02-07T09:24:59Z,TRUE,03
SKILL_015_20260207_093447,n_mora,9784.83,SKILL_015,258.86,Thread a needle,2026-02-07T09:34:47Z,TRUE,03
SKILL_015_20260207_093951,n_mora,6457.75,SKILL_015,170.2,Thread a needle,2026-02-07T09:39:51Z,TRUE,03
SKILL_017_20260207_094553,n_mora,6012.11,SKILL_017,160.54,Put pasta in ziploc bags,2026-02-07T09:45:53Z,TRUE,03
SKILL_017_20260207_094945,n_mora,9837.86,SKILL_017,261.85,Put pasta in ziploc bags,2026-02-07T09:49:45Z,TRUE,03
SKILL_018_20260207_095644,n_mora,4780.56,SKILL_018,125.62,Close bags with twist ties,2026-02-07T09:56:44Z,TRUE,03
SKILL_018_20260207_100513,n_mora,3785.15,SKILL_018,100.88,Close bags with twist ties,2026-02-07T10:05:13Z,TRUE,03
SKILL_013_20260206_084347,l_aguilera,3337.55,SKILL_013,180.29,Set up a hand lamp,2026-02-06T08:43:47Z,TRUE,05
SKILL_001_20260207_085907,l_aguilera,10735.14,SKILL_001,289.18,Organize beads per color,2026-02-07T08:59:08Z,TRUE,01
SKILL_020_20260206_123354,l_aguilera,805.9,SKILL_020,70.99,Open locks with their keys,2026-02-06T12:33:54Z,FALSE,05
SKILL_021_20260207_122531,d_vargas,8954.56,SKILL_021,238.24,Build Up Box (Mailer),2026-02-07T12:25:31Z,TRUE,03
SKILL_021_20260207_121853,d_vargas,11671.09,SKILL_021,314.58,Build Up Box (Mailer),2026-02-07T12:18:53Z,TRUE,03
SKILL_021_20260207_121249,d_vargas,12087.43,SKILL_021,321.83,Build Up Box (Mailer),2026-02-07T12:12:49Z,TRUE,03
SKILL_022_20260207_124532,d_vargas,8356.54,SKILL_022,220.88,Build Up Box (Regular ECT),2026-02-07T12:45:32Z,TRUE,03
SKILL_021_20260207_123547,d_vargas,15158.79,SKILL_021,402.6,Build Up Box (Mailer),2026-02-07T12:35:47Z,TRUE,03
SKILL_021_20260207_122939,d_vargas,7609.99,SKILL_021,205.81,Build Up Box (Mailer),2026-02-07T12:29:39Z,TRUE,03
SKILL_024_20260207_130028,d_vargas,6355.83,SKILL_024,168.47,Put hooks on shower courtain,2026-02-07T13:00:28Z,TRUE,03
SKILL_034_20260207_105834,l_aguilera,14273.78,SKILL_034,417.52,Tie Shoelaces,2026-02-07T10:58:35Z,TRUE,01
SKILL_024_20260207_130405,d_vargas,6539.04,SKILL_024,173.01,Put hooks on shower courtain,2026-02-07T13:04:05Z,TRUE,03
SKILL_025_20260207_131009,d_vargas,5437.89,SKILL_025,142.18,Pack on a paper bag,2026-02-07T13:10:09Z,TRUE,03
SKILL_025_20260207_131321,d_vargas,1271.88,SKILL_025,32.75,Pack on a paper bag,2026-02-07T13:13:21Z,FALSE,03
SKILL_025_20260207_131400,d_vargas,4228.59,SKILL_025,110.79,Pack on a paper bag,2026-02-07T13:14:00Z,TRUE,03
SKILL_025_20260207_131632,d_vargas,4131.18,SKILL_025,108.13,Pack on a paper bag,2026-02-07T13:16:32Z,TRUE,03
SKILL_025_20260207_131845,d_vargas,1578.26,SKILL_025,41.75,Pack on a paper bag,2026-02-07T13:18:45Z,FALSE,03
SKILL_026_20260207_132211,d_vargas,8222.5,SKILL_026,216.53,Pack on a cardboard box (Present),2026-02-07T13:22:11Z,TRUE,03
SKILL_026_20260207_132644,d_vargas,4938.45,SKILL_026,131.68,Pack on a cardboard box (Present),2026-02-07T13:26:44Z,TRUE,03
SKILL_004_20260207_073952,l_aguilera,3337.69,SKILL_004,95.94,Set Screwdriver package,2026-02-07T07:39:52Z,TRUE,01
SKILL_028_20260207_104926,n_mora,7970.73,SKILL_028,211.57,Fold a T Shirt,2026-02-07T10:49:26Z,TRUE,03
SKILL_028_20260207_105339,n_mora,7041.91,SKILL_028,186.26,Fold a T Shirt,2026-02-07T10:53:39Z,TRUE,03
SKILL_028_20260207_105800,n_mora,6215.09,SKILL_028,165.02,Fold a T Shirt,2026-02-07T10:58:00Z,TRUE,03
SKILL_030_20260207_103110,n_mora,3327.07,SKILL_030,82.63,Fold a shirt,2026-02-07T10:31:10Z,FALSE,03
SKILL_030_20260207_103304,n_mora,3602.3,SKILL_030,89.44,Fold a shirt,2026-02-07T10:33:04Z,FALSE,03
SKILL_030_20260207_103512,n_mora,2777.62,SKILL_030,68.33,Fold a shirt,2026-02-07T10:35:12Z,FALSE,03
SKILL_030_20260207_103634,n_mora,2909.88,SKILL_030,72.22,Fold a shirt,2026-02-07T10:36:34Z,FALSE,03
SKILL_030_20260207_103756,n_mora,2243.58,SKILL_030,55.97,Fold a shirt,2026-02-07T10:37:56Z,FALSE,03
SKILL_007_20260207_082200,n_mora,18226.13,SKILL_007,487.04,Separate tongue depressors by color,2026-02-07T08:22:00Z,TRUE,03
SKILL_032_20260207_134022,l_aguilera,6938.8,SKILL_032,191.31,Pack up Clothes in a paper bag,2026-02-07T13:40:22Z,TRUE,01
SKILL_031_20260207_112059,n_mora,1860.61,SKILL_031,48.92,Fold Pants,2026-02-07T11:20:59Z,FALSE,03
SKILL_032_20260207_141555,d_vargas,44.65,SKILL_032,0.3,Pack up Clothes in a paper bag,2026-02-07T14:15:56Z,FALSE,03
SKILL_032_20260207_141557,d_vargas,18042.32,SKILL_032,533.32,Pack up Clothes in a paper bag,2026-02-07T14:15:57Z,TRUE,03
SKILL_033_20260207_111202,n_mora,8609.07,SKILL_033,223.72,Fold towels,2026-02-07T11:12:02Z,TRUE,03
SKILL_033_20260207_111651,n_mora,7023.74,SKILL_033,182.81,Fold towels,2026-02-07T11:16:51Z,TRUE,03
SKILL_033_20260207_142746,d_vargas,11568.64,SKILL_033,314.1,Fold towels,2026-02-07T14:27:46Z,TRUE,03
SKILL_033_20260207_143327,d_vargas,8286.73,SKILL_033,226.67,Fold towels,2026-02-07T14:33:28Z,TRUE,03
SKILL_036_20260207_110307,n_mora,3025.16,SKILL_036,78.58,Fold Socks,2026-02-07T11:03:07Z,FALSE,03
SKILL_036_20260207_143952,d_vargas,11550.7,SKILL_036,340.7,Fold Socks,2026-02-07T14:39:52Z,TRUE,03
SKILL_004_20260206_072447,l_aguilera,1164.16,SKILL_004,61.09,Set Screwdriver package,2026-02-06T07:24:47Z,FALSE,05
SKILL_036_20260207_144646,d_vargas,5770.32,SKILL_036,155.39,Fold Socks,2026-02-07T14:46:46Z,TRUE,03
SKILL_022_20260207_125350,d_vargas,2304.08,SKILL_022,61.17,Build Up Box (Regular ECT),2026-02-07T12:53:50Z,FALSE,03
SKILL_022_20260207_125043,d_vargas,5923.64,SKILL_022,156.51,Build Up Box (Regular ECT),2026-02-07T12:50:43Z,TRUE,03
SKILL_020_20260207_141315,l_aguilera,445.16,SKILL_020,15.27,Open locks with their keys,2026-02-07T14:13:15Z,FALSE,01
SKILL_034_20260207_110537,l_aguilera,3.6,SKILL_034,0.02,Tie Shoelaces,2026-02-07T11:05:42Z,FALSE,01
SKILL_030_20260207_104005,n_mora,2131.75,SKILL_030,53.06,Fold a shirt,2026-02-07T10:40:05Z,FALSE,03
SKILL_019_20260207_123625,l_aguilera,6953.58,SKILL_019,190.83,Put pasta in plastic containers,2026-02-07T12:36:25Z,TRUE,01
SKILL_003_20260207_122828,e_martinez,8266.33,SKILL_003,234.77,Organize screwdriver bits,2026-02-07T12:28:28Z,TRUE,02
SKILL_013_20260207_124544,e_martinez,5699.35,SKILL_013,154.32,Set up a hand lamp,2026-02-07T12:45:44Z,TRUE,02
SKILL_010_20260207_085059,n_mora,14610.74,SKILL_010,383.73,Package earphones,2026-02-07T08:50:59Z,TRUE,03
SKILL_031_20260207_135326,e_martinez,1438.71,SKILL_031,38.97,Fold Pants,2026-02-07T13:53:26Z,FALSE,02
SKILL_013_20260207_074434,c_becerra,7809.65,SKILL_013,210.39,Set up a hand lamp,2026-02-07T07:44:34Z,TRUE,02
SKILL_040_20260207_140823,e_martinez,1758.58,SKILL_040,47.34,Fasten a belt,2026-02-07T14:08:23Z,FALSE,02
SKILL_005_20260207_081349,n_mora,4493.71,SKILL_005,120.43,Insert allen keys in package,2026-02-07T08:13:49Z,TRUE,03
SKILL_018_20260207_100045,n_mora,5763.02,SKILL_018,153.09,Close bags with twist ties,2026-02-07T10:00:45Z,TRUE,03
SKILL_024_20260207_125722,d_vargas,5057.47,SKILL_024,134.11,Put hooks on shower courtain,2026-02-07T12:57:22Z,TRUE,03
SKILL_036_20260207_110627,n_mora,4079.67,SKILL_036,105.02,Fold Socks,2026-02-07T11:06:27Z,TRUE,03
SKILL_026_20260207_132952,d_vargas,5469.15,SKILL_026,145.1,Pack on a cardboard box (Present),2026-02-07T13:29:52Z,TRUE,03
SKILL_030_20260207_103901,n_mora,2215.02,SKILL_030,55.31,Fold a shirt,2026-02-07T10:39:01Z,FALSE,03
SKILL_036_20260207_145222,d_vargas,1977.14,SKILL_036,51.4,Fold Socks,2026-02-07T14:52:22Z,FALSE,03
SKILL_003_20260207_094335,d_vargas,2853.79,SKILL_003,107.92,Organize screwdriver bits,2026-02-07T09:43:36Z,TRUE,04
SKILL_002_20260207_142740,c_becerra,2442.21,SKILL_002,66.61,Organize beads per character,2026-02-07T14:27:40Z,FALSE,04
SKILL_001_20260207_110650,d_vargas,19344.76,SKILL_001,574.78,Organize beads per color,2026-02-07T11:06:50Z,TRUE,04
SKILL_040_20260207_112216,n_mora,6961.79,SKILL_040,180.88,Fasten a belt,2026-02-07T11:22:16Z,TRUE,03
SKILL_004_20260207_073419,d_vargas,2897.53,SKILL_004,104.21,Set Screwdriver package,2026-02-07T07:34:19Z,TRUE,04
SKILL_004_20260207_074122,d_vargas,3354.41,SKILL_004,89.24,Set Screwdriver package,2026-02-07T07:41:22Z,FALSE,04
SKILL_003_20260207_095316,d_vargas,9141.75,SKILL_003,281.82,Organize screwdriver bits,2026-02-07T09:53:16Z,TRUE,04
SKILL_003_20260207_074453,d_vargas,12131.51,SKILL_003,326.86,Organize screwdriver bits,2026-02-07T07:44:53Z,TRUE,04
SKILL_004_20260207_103149,d_vargas,3480.43,SKILL_004,92.69,Set Screwdriver package,2026-02-07T10:31:49Z,TRUE,04
SKILL_004_20260207_103410,d_vargas,4587.91,SKILL_004,122.58,Set Screwdriver package,2026-02-07T10:34:10Z,TRUE,04
SKILL_004_20260207_103646,d_vargas,3974.0,SKILL_004,106.3,Set Screwdriver package,2026-02-07T10:36:46Z,TRUE,04
SKILL_004_20260207_103907,d_vargas,2940.51,SKILL_004,78.76,Set Screwdriver package,2026-02-07T10:39:07Z,FALSE,04
SKILL_004_20260207_105050,d_vargas,1468.47,SKILL_004,38.62,Set Screwdriver package,2026-02-07T10:50:50Z,FALSE,04
SKILL_004_20260207_122559,c_becerra,3382.87,SKILL_004,90.73,Set Screwdriver package,2026-02-07T12:25:59Z,TRUE,04
SKILL_004_20260207_122819,c_becerra,3577.01,SKILL_004,95.77,Set Screwdriver package,2026-02-07T12:28:19Z,TRUE,04
SKILL_004_20260207_123036,c_becerra,3227.46,SKILL_004,94.73,Set Screwdriver package,2026-02-07T12:30:36Z,TRUE,04
SKILL_036_20260207_144940,d_vargas,5352.15,SKILL_036,141.35,Fold Socks,2026-02-07T14:49:40Z,TRUE,03
SKILL_005_20260207_075519,d_vargas,5767.2,SKILL_005,153.87,Insert allen keys in package,2026-02-07T07:55:19Z,TRUE,04
SKILL_005_20260207_075822,d_vargas,5054.79,SKILL_005,135.19,Insert allen keys in package,2026-02-07T07:58:22Z,TRUE,04
SKILL_005_20260207_100609,d_vargas,140.89,SKILL_005,3.71,Insert allen keys in package,2026-02-07T10:06:09Z,FALSE,04
SKILL_005_20260207_100731,d_vargas,3567.23,SKILL_005,94.35,Insert allen keys in package,2026-02-07T10:07:31Z,TRUE,04
SKILL_005_20260207_100919,d_vargas,6101.31,SKILL_005,177.72,Insert allen keys in package,2026-02-07T10:09:19Z,TRUE,04
SKILL_005_20260207_101403,d_vargas,7540.68,SKILL_005,201.31,Insert allen keys in package,2026-02-07T10:14:03Z,TRUE,04
SKILL_005_20260207_112724,d_vargas,6310.53,SKILL_005,168.43,Insert allen keys in package,2026-02-07T11:27:25Z,TRUE,04
SKILL_005_20260207_120716,c_becerra,11409.24,SKILL_005,308.4,Insert allen keys in package,2026-02-07T12:07:16Z,TRUE,04
SKILL_005_20260207_121311,c_becerra,9928.3,SKILL_005,275.46,Insert allen keys in package,2026-02-07T12:13:12Z,TRUE,04
SKILL_003_20260207_093753,d_vargas,3242.78,SKILL_003,88.27,Organize screwdriver bits,2026-02-07T09:37:53Z,FALSE,04
SKILL_007_20260207_080809,d_vargas,21942.55,SKILL_007,622.39,Separate tongue depressors by color,2026-02-07T08:08:09Z,TRUE,04
SKILL_007_20260207_105145,d_vargas,12654.02,SKILL_007,450.97,Separate tongue depressors by color,2026-02-07T10:51:45Z,TRUE,04
SKILL_007_20260207_123513,c_becerra,13802.25,SKILL_007,402.05,Separate tongue depressors by color,2026-02-07T12:35:13Z,TRUE,04
SKILL_007_20260207_125128,c_becerra,8189.4,SKILL_007,221.61,Separate tongue depressors by color,2026-02-07T12:51:28Z,TRUE,04
SKILL_010_20260207_083250,d_vargas,9732.48,SKILL_010,259.02,Package earphones,2026-02-07T08:32:50Z,TRUE,04
SKILL_010_20260207_083744,d_vargas,7155.68,SKILL_010,191.64,Package earphones,2026-02-07T08:37:44Z,TRUE,04
SKILL_010_20260207_084106,d_vargas,44.86,SKILL_010,1.22,Package earphones,2026-02-07T08:41:06Z,FALSE,04
SKILL_012_20260207_084210,d_vargas,6790.83,SKILL_012,182.58,Put pasta in jars,2026-02-07T08:42:10Z,TRUE,04
SKILL_012_20260207_084609,d_vargas,6140.96,SKILL_012,163.52,Put pasta in jars,2026-02-07T08:46:09Z,TRUE,04
SKILL_003_20260207_075201,d_vargas,5251.29,SKILL_003,145.65,Organize screwdriver bits,2026-02-07T07:52:01Z,TRUE,04
SKILL_012_20260207_101926,d_vargas,5516.54,SKILL_012,146.5,Put pasta in jars,2026-02-07T10:19:26Z,TRUE,04
SKILL_012_20260207_102252,d_vargas,6707.66,SKILL_012,178.77,Put pasta in jars,2026-02-07T10:22:52Z,TRUE,04
SKILL_012_20260207_130904,c_becerra,5796.97,SKILL_012,157.07,Put pasta in jars,2026-02-07T13:09:04Z,TRUE,04
SKILL_012_20260207_131319,c_becerra,7113.1,SKILL_012,189.21,Put pasta in jars,2026-02-07T13:13:19Z,TRUE,04
SKILL_014_20260207_082122,d_vargas,15448.67,SKILL_014,421.04,Fasten nuts onto bolts,2026-02-07T08:21:22Z,TRUE,04
SKILL_014_20260207_082938,d_vargas,62.34,SKILL_014,1.69,Fasten nuts onto bolts,2026-02-07T08:29:38Z,FALSE,04
SKILL_014_20260207_083010,d_vargas,2539.94,SKILL_014,69.48,Fasten nuts onto bolts,2026-02-07T08:30:10Z,FALSE,04
SKILL_014_20260207_104201,d_vargas,11229.76,SKILL_014,316.97,Fasten nuts onto bolts,2026-02-07T10:42:01Z,TRUE,04
SKILL_014_20260207_104822,d_vargas,4179.81,SKILL_014,113.78,Fasten nuts onto bolts,2026-02-07T10:48:22Z,TRUE,04
SKILL_003_20260207_093149,d_vargas,8601.82,SKILL_003,230.1,Organize screwdriver bits,2026-02-07T09:31:49Z,TRUE,04
SKILL_014_20260207_122552,c_becerra,40.37,SKILL_014,1.08,Fasten nuts onto bolts,2026-02-07T12:25:52Z,FALSE,04
SKILL_021_20260207_132908,c_becerra,5049.57,SKILL_021,134.84,Build Up Box (Mailer),2026-02-07T13:29:08Z,TRUE,04
SKILL_032_20260207_143137,c_becerra,2697.98,SKILL_032,73.36,Pack up Clothes in a paper bag,2026-02-07T14:31:37Z,FALSE,04
SKILL_032_20260207_143446,c_becerra,2751.54,SKILL_032,74.81,Pack up Clothes in a paper bag,2026-02-07T14:34:46Z,FALSE,04
SKILL_032_20260207_143911,c_becerra,2269.63,SKILL_032,84.36,Pack up Clothes in a paper bag,2026-02-07T14:39:11Z,FALSE,04
SKILL_032_20260207_144253,c_becerra,7473.01,SKILL_032,203.33,Pack up Clothes in a paper bag,2026-02-07T14:42:54Z,TRUE,04
SKILL_032_20260207_144746,c_becerra,2438.41,SKILL_032,84.79,Pack up Clothes in a paper bag,2026-02-07T14:47:47Z,FALSE,04
SKILL_001_20260207_071356,e_martinez,11104.91,SKILL_001,493.29,Organize beads per color,2026-02-07T07:13:57Z,TRUE,05
SKILL_004_20260207_102940,d_vargas,3730.79,SKILL_004,99.28,Set Screwdriver package,2026-02-07T10:29:40Z,TRUE,04
SKILL_001_20260207_095512,e_martinez,1182.97,SKILL_001,54.46,Organize beads per color,2026-02-07T09:55:14Z,FALSE,05
SKILL_001_20260207_095952,e_martinez,2335.01,SKILL_001,109.48,Organize beads per color,2026-02-07T09:59:53Z,TRUE,05
SKILL_001_20260207_100618,e_martinez,4204.12,SKILL_001,232.34,Organize beads per color,2026-02-07T10:06:19Z,TRUE,05
SKILL_001_20260207_144954,n_mora,6614.37,SKILL_001,328.12,Organize beads per color,2026-02-07T14:49:54Z,TRUE,05
SKILL_001_20260207_145603,n_mora,529.32,SKILL_001,26.19,Organize beads per color,2026-02-07T14:56:03Z,FALSE,05
SKILL_003_20260207_072432,e_martinez,6198.57,SKILL_003,286.68,Organize screwdriver bits,2026-02-07T07:24:32Z,TRUE,05
SKILL_003_20260207_073040,e_martinez,5056.3,SKILL_003,238.06,Organize screwdriver bits,2026-02-07T07:30:40Z,TRUE,05
SKILL_003_20260207_085109,e_martinez,4700.93,SKILL_003,248.38,Organize screwdriver bits,2026-02-07T08:51:10Z,TRUE,05
SKILL_003_20260207_101411,e_martinez,5067.15,SKILL_003,265.18,Organize screwdriver bits,2026-02-07T10:14:12Z,TRUE,05
SKILL_003_20260207_095919,d_vargas,11010.06,SKILL_003,299.99,Organize screwdriver bits,2026-02-07T09:59:19Z,TRUE,04
SKILL_003_20260207_102318,e_martinez,258.58,SKILL_003,13.39,Organize screwdriver bits,2026-02-07T10:23:18Z,FALSE,05
SKILL_003_20260207_120745,n_mora,2447.05,SKILL_003,227.05,Organize screwdriver bits,2026-02-07T12:07:46Z,TRUE,05
SKILL_003_20260207_121331,n_mora,3359.4,SKILL_003,308.3,Organize screwdriver bits,2026-02-07T12:13:31Z,TRUE,05
SKILL_004_20260207_124826,n_mora,1223.67,SKILL_004,73.59,Set Screwdriver package,2026-02-07T12:48:26Z,FALSE,05
SKILL_005_20260207_073743,e_martinez,5271.97,SKILL_005,268.14,Insert allen keys in package,2026-02-07T07:37:43Z,TRUE,05
SKILL_005_20260207_074315,e_martinez,3240.89,SKILL_005,168.68,Insert allen keys in package,2026-02-07T07:43:15Z,TRUE,05
SKILL_005_20260207_090743,e_martinez,268.23,SKILL_005,13.16,Insert allen keys in package,2026-02-07T09:07:44Z,FALSE,05
SKILL_005_20260207_091132,e_martinez,4555.35,SKILL_005,229.33,Insert allen keys in package,2026-02-07T09:11:33Z,TRUE,05
SKILL_005_20260207_093031,e_martinez,3059.06,SKILL_005,155.46,Insert allen keys in package,2026-02-07T09:30:31Z,TRUE,05
SKILL_004_20260207_073646,d_vargas,3437.83,SKILL_004,94.26,Set Screwdriver package,2026-02-07T07:36:46Z,TRUE,04
SKILL_005_20260207_143525,n_mora,2824.9,SKILL_005,183.42,Insert allen keys in package,2026-02-07T14:35:25Z,TRUE,05
SKILL_005_20260207_144048,n_mora,1966.14,SKILL_005,119.22,Insert allen keys in package,2026-02-07T14:40:48Z,TRUE,05
SKILL_005_20260207_144514,n_mora,2068.49,SKILL_005,110.81,Insert allen keys in package,2026-02-07T14:45:14Z,TRUE,05
SKILL_007_20260207_075022,e_martinez,8634.75,SKILL_007,499.01,Separate tongue depressors by color,2026-02-07T07:50:23Z,TRUE,05
SKILL_007_20260207_130256,n_mora,8671.52,SKILL_007,475.22,Separate tongue depressors by color,2026-02-07T13:02:56Z,TRUE,05
SKILL_007_20260207_131533,n_mora,8300.98,SKILL_007,496.5,Separate tongue depressors by color,2026-02-07T13:15:33Z,TRUE,05
SKILL_009_20260207_140422,n_mora,6182.61,SKILL_009,310.99,Package Cotton set,2026-02-07T14:04:22Z,TRUE,05
SKILL_010_20260207_084432,e_martinez,3895.7,SKILL_010,191.61,Package earphones,2026-02-07T08:44:33Z,TRUE,05
SKILL_012_20260207_082142,e_martinez,3713.9,SKILL_012,207.5,Put pasta in jars,2026-02-07T08:21:42Z,TRUE,05
SKILL_004_20260207_073853,d_vargas,3647.8,SKILL_004,97.72,Set Screwdriver package,2026-02-07T07:38:53Z,TRUE,04
SKILL_012_20260207_122118,n_mora,1861.13,SKILL_012,167.68,Put pasta in jars,2026-02-07T12:21:18Z,TRUE,05
SKILL_012_20260207_122609,n_mora,2791.18,SKILL_012,150.41,Put pasta in jars,2026-02-07T12:26:09Z,TRUE,05
SKILL_012_20260207_123009,n_mora,2785.91,SKILL_012,152.4,Put pasta in jars,2026-02-07T12:30:09Z,TRUE,05
SKILL_012_20260207_123539,n_mora,9324.46,SKILL_012,522.33,Put pasta in jars,2026-02-07T12:35:40Z,TRUE,05
SKILL_012_20260207_133041,n_mora,3322.0,SKILL_012,187.7,Put pasta in jars,2026-02-07T13:30:41Z,TRUE,05
SKILL_012_20260207_133620,n_mora,3149.1,SKILL_012,163.98,Put pasta in jars,2026-02-07T13:36:20Z,TRUE,05
SKILL_013_20260207_141054,n_mora,2134.32,SKILL_013,104.64,Set up a hand lamp,2026-02-07T14:10:54Z,TRUE,05
SKILL_014_20260207_080841,e_martinez,5906.07,SKILL_014,322.48,Fasten nuts onto bolts,2026-02-07T08:08:41Z,TRUE,05
SKILL_014_20260207_081508,e_martinez,3723.9,SKILL_014,205.39,Fasten nuts onto bolts,2026-02-07T08:15:08Z,TRUE,05
SKILL_036_20260207_145324,d_vargas,3515.21,SKILL_036,109.47,Fold Socks,2026-02-07T14:53:24Z,TRUE,03
SKILL_016_20260207_083733,e_martinez,84.01,SKILL_016,1.77,Package a sewing set,2026-02-07T08:37:35Z,FALSE,05
SKILL_016_20260207_083826,e_martinez,781.48,SKILL_016,42.08,Package a sewing set,2026-02-07T08:38:26Z,FALSE,05
SKILL_016_20260207_083947,e_martinez,108.86,SKILL_016,6.55,Package a sewing set,2026-02-07T08:39:47Z,FALSE,05
SKILL_016_20260207_084216,e_martinez,769.25,SKILL_016,33.98,Package a sewing set,2026-02-07T08:42:18Z,FALSE,05
SKILL_022_20260207_142316,n_mora,1589.26,SKILL_022,88.66,Build Up Box (Regular ECT),2026-02-07T14:23:18Z,TRUE,05
SKILL_022_20260207_142559,n_mora,1856.19,SKILL_022,112.16,Build Up Box (Regular ECT),2026-02-07T14:25:59Z,TRUE,05
SKILL_001_20260209_071839,n_mora,26801.74,SKILL_001,796.14,Organize beads per color,2026-02-09T07:18:39Z,TRUE,01
SKILL_001_20260209_073343,n_mora,21084.43,SKILL_001,581.54,Organize beads per color,2026-02-09T07:33:43Z,TRUE,01
SKILL_040_20260207_112715,n_mora,5561.27,SKILL_040,141.42,Fasten a belt,2026-02-07T11:27:15Z,TRUE,03
SKILL_001_20260209_094455,n_mora,45.32,SKILL_001,1.5,Organize beads per color,2026-02-09T09:44:58Z,FALSE,01
SKILL_003_20260209_074641,n_mora,12375.0,SKILL_003,349.75,Organize screwdriver bits,2026-02-09T07:46:41Z,TRUE,01
SKILL_003_20260209_125243,c_becerra,8180.78,SKILL_003,231.16,Organize screwdriver bits,2026-02-09T12:52:43Z,TRUE,01
SKILL_003_20260209_125733,c_becerra,7589.38,SKILL_003,212.93,Organize screwdriver bits,2026-02-09T12:57:33Z,TRUE,01
SKILL_004_20260209_075606,n_mora,3066.88,SKILL_004,87.5,Set Screwdriver package,2026-02-09T07:56:06Z,FALSE,01
SKILL_004_20260209_080005,n_mora,1742.86,SKILL_004,48.63,Set Screwdriver package,2026-02-09T08:00:05Z,FALSE,01
SKILL_012_20260209_080728,n_mora,760.4,SKILL_012,21.11,Put pasta in jars,2026-02-09T08:07:28Z,FALSE,01
SKILL_012_20260209_081018,n_mora,5502.56,SKILL_012,158.18,Put pasta in jars,2026-02-09T08:10:18Z,TRUE,01
SKILL_012_20260209_081636,n_mora,7552.98,SKILL_012,209.23,Put pasta in jars,2026-02-09T08:16:36Z,TRUE,01
SKILL_001_20260207_072249,d_vargas,20910.06,SKILL_001,561.34,Organize beads per color,2026-02-07T07:22:49Z,TRUE,04
SKILL_012_20260209_082556,n_mora,5981.93,SKILL_012,162.72,Put pasta in jars,2026-02-09T08:25:56Z,TRUE,01
SKILL_012_20260209_082918,n_mora,5371.09,SKILL_012,145.77,Put pasta in jars,2026-02-09T08:29:18Z,TRUE,01
SKILL_017_20260209_083435,n_mora,10086.66,SKILL_017,273.94,Put pasta in ziploc bags,2026-02-09T08:34:35Z,TRUE,01
SKILL_017_20260209_084344,n_mora,887.49,SKILL_017,24.2,Put pasta in ziploc bags,2026-02-09T08:43:44Z,FALSE,01
SKILL_017_20260209_084457,n_mora,9010.9,SKILL_017,244.38,Put pasta in ziploc bags,2026-02-09T08:44:57Z,TRUE,01
SKILL_017_20260209_123922,c_becerra,12828.3,SKILL_017,356.99,Put pasta in ziploc bags,2026-02-09T12:39:22Z,TRUE,01
SKILL_018_20260209_111530,n_mora,5198.95,SKILL_018,149.19,Close bags with twist ties,2026-02-09T11:15:30Z,TRUE,01
SKILL_018_20260209_112119,n_mora,4866.87,SKILL_018,138.49,Close bags with twist ties,2026-02-09T11:21:19Z,TRUE,01
SKILL_018_20260209_112420,n_mora,5793.04,SKILL_018,165.73,Close bags with twist ties,2026-02-09T11:24:20Z,TRUE,01
SKILL_018_20260209_121239,c_becerra,6816.56,SKILL_018,196.53,Close bags with twist ties,2026-02-09T12:12:39Z,TRUE,01
SKILL_001_20260207_090632,d_vargas,19642.76,SKILL_001,546.84,Organize beads per color,2026-02-07T09:06:33Z,TRUE,04
SKILL_019_20260209_110911,n_mora,7261.22,SKILL_019,205.45,Put pasta in plastic containers,2026-02-09T11:09:11Z,TRUE,01
SKILL_019_20260209_124649,c_becerra,5824.33,SKILL_019,163.12,Put pasta in plastic containers,2026-02-09T12:46:49Z,TRUE,01
SKILL_019_20260209_125021,c_becerra,2819.56,SKILL_019,79.61,Put pasta in plastic containers,2026-02-09T12:50:21Z,FALSE,01
SKILL_020_20260209_085219,n_mora,4387.62,SKILL_020,120.07,Open locks with their keys,2026-02-09T08:52:19Z,TRUE,01
SKILL_020_20260209_085530,n_mora,3685.99,SKILL_020,100.87,Open locks with their keys,2026-02-09T08:55:30Z,TRUE,01
SKILL_020_20260209_085815,n_mora,1448.99,SKILL_020,39.45,Open locks with their keys,2026-02-09T08:58:15Z,FALSE,01
SKILL_020_20260209_085934,n_mora,3226.52,SKILL_020,88.31,Open locks with their keys,2026-02-09T08:59:34Z,FALSE,01
SKILL_020_20260209_090642,n_mora,158.67,SKILL_020,4.35,Open locks with their keys,2026-02-09T09:06:42Z,FALSE,01
SKILL_001_20260207_125723,c_becerra,22233.92,SKILL_001,598.42,Organize beads per color,2026-02-07T12:57:23Z,TRUE,04
SKILL_020_20260209_130430,c_becerra,2427.47,SKILL_020,68.01,Open locks with their keys,2026-02-09T13:04:30Z,FALSE,01
SKILL_020_20260209_130631,c_becerra,2891.59,SKILL_020,80.69,Open locks with their keys,2026-02-09T13:06:31Z,FALSE,01
SKILL_020_20260209_131246,c_becerra,19560.22,SKILL_020,598.06,Open locks with their keys,2026-02-09T13:12:46Z,TRUE,01
SKILL_021_20260209_094634,n_mora,2555.67,SKILL_021,71.55,Build Up Box (Mailer),2026-02-09T09:46:34Z,FALSE,01
SKILL_021_20260209_094830,n_mora,2512.56,SKILL_021,70.17,Build Up Box (Mailer),2026-02-09T09:48:30Z,FALSE,01
SKILL_021_20260209_095037,n_mora,1548.87,SKILL_021,43.64,Build Up Box (Mailer),2026-02-09T09:50:37Z,FALSE,01
SKILL_021_20260209_095249,n_mora,2368.18,SKILL_021,66.25,Build Up Box (Mailer),2026-02-09T09:52:49Z,FALSE,01
SKILL_021_20260209_134135,c_becerra,3488.41,SKILL_021,96.85,Build Up Box (Mailer),2026-02-09T13:41:35Z,TRUE,01
SKILL_021_20260209_134413,c_becerra,2928.35,SKILL_021,81.33,Build Up Box (Mailer),2026-02-09T13:44:13Z,FALSE,01
SKILL_002_20260207_134846,c_becerra,2936.02,SKILL_002,78.95,Organize beads per character,2026-02-07T13:48:46Z,FALSE,04
SKILL_001_20260209_080436,l_aguilera,5078.83,SKILL_001,160.94,Organize beads per color,2026-02-09T08:04:37Z,TRUE,02
SKILL_001_20260209_080916,l_aguilera,23861.05,SKILL_001,672.89,Organize beads per color,2026-02-09T08:09:16Z,TRUE,02
SKILL_001_20260209_140423,l_aguilera,26589.99,SKILL_001,742.08,Organize beads per color,2026-02-09T14:04:23Z,TRUE,02
SKILL_001_20260209_162912,l_aguilera,13046.57,SKILL_001,361.6,Organize beads per color,2026-02-09T16:29:12Z,TRUE,02
SKILL_003_20260209_082203,l_aguilera,9531.85,SKILL_003,263.6,Organize screwdriver bits,2026-02-09T08:22:03Z,TRUE,02
SKILL_003_20260209_082719,l_aguilera,7622.15,SKILL_003,206.32,Organize screwdriver bits,2026-02-09T08:27:19Z,TRUE,02
SKILL_003_20260209_141808,l_aguilera,87.89,SKILL_003,2.42,Organize screwdriver bits,2026-02-09T14:18:08Z,FALSE,02
SKILL_003_20260209_141859,l_aguilera,8614.19,SKILL_003,237.39,Organize screwdriver bits,2026-02-09T14:18:59Z,TRUE,02
SKILL_003_20260209_142340,l_aguilera,7495.33,SKILL_003,206.35,Organize screwdriver bits,2026-02-09T14:23:40Z,TRUE,02
SKILL_004_20260207_123244,c_becerra,3383.89,SKILL_004,91.84,Set Screwdriver package,2026-02-07T12:32:44Z,TRUE,04
SKILL_003_20260209_165017,l_aguilera,6261.11,SKILL_003,183.04,Organize screwdriver bits,2026-02-09T16:50:17Z,TRUE,02
SKILL_003_20260209_165433,l_aguilera,3771.7,SKILL_003,110.69,Organize screwdriver bits,2026-02-09T16:54:33Z,TRUE,02
SKILL_004_20260209_083152,l_aguilera,2193.69,SKILL_004,59.08,Set Screwdriver package,2026-02-09T08:31:52Z,FALSE,02
SKILL_004_20260209_083337,l_aguilera,2689.82,SKILL_004,72.26,Set Screwdriver package,2026-02-09T08:33:37Z,FALSE,02
SKILL_004_20260209_083516,l_aguilera,2056.98,SKILL_004,54.97,Set Screwdriver package,2026-02-09T08:35:16Z,FALSE,02
SKILL_004_20260209_083651,l_aguilera,2575.86,SKILL_004,69.0,Set Screwdriver package,2026-02-09T08:36:51Z,FALSE,02
SKILL_004_20260209_123949,a_rodriguez,1835.35,SKILL_004,52.0,Set Screwdriver package,2026-02-09T12:39:49Z,FALSE,02
SKILL_004_20260209_124259,a_rodriguez,2173.0,SKILL_004,60.39,Set Screwdriver package,2026-02-09T12:42:59Z,FALSE,02
SKILL_004_20260209_124510,a_rodriguez,2583.21,SKILL_004,71.13,Set Screwdriver package,2026-02-09T12:45:10Z,FALSE,02
SKILL_004_20260209_143010,l_aguilera,1732.17,SKILL_004,48.65,Set Screwdriver package,2026-02-09T14:30:11Z,FALSE,02
SKILL_002_20260207_135333,c_becerra,2413.39,SKILL_002,64.53,Organize beads per character,2026-02-07T13:53:33Z,FALSE,04
SKILL_012_20260207_084915,d_vargas,5707.65,SKILL_012,154.78,Put pasta in jars,2026-02-07T08:49:15Z,TRUE,04
SKILL_004_20260209_143403,l_aguilera,1917.89,SKILL_004,53.62,Set Screwdriver package,2026-02-09T14:34:03Z,FALSE,02
SKILL_004_20260209_143244,l_aguilera,1957.85,SKILL_004,55.0,Set Screwdriver package,2026-02-09T14:32:44Z,FALSE,02
SKILL_010_20260209_143752,l_aguilera,9320.32,SKILL_010,256.05,Package earphones,2026-02-09T14:37:52Z,TRUE,02
SKILL_010_20260209_144326,l_aguilera,3245.56,SKILL_010,89.46,Package earphones,2026-02-09T14:43:26Z,FALSE,02
SKILL_012_20260209_083909,l_aguilera,5152.86,SKILL_012,138.26,Put pasta in jars,2026-02-09T08:39:09Z,TRUE,02
SKILL_012_20260209_084202,l_aguilera,4218.86,SKILL_012,113.38,Put pasta in jars,2026-02-09T08:42:02Z,TRUE,02
SKILL_012_20260209_084441,l_aguilera,4685.44,SKILL_012,127.42,Put pasta in jars,2026-02-09T08:44:41Z,TRUE,02
SKILL_012_20260209_084739,l_aguilera,4839.58,SKILL_012,131.49,Put pasta in jars,2026-02-09T08:47:39Z,TRUE,02
SKILL_012_20260209_133539,a_rodriguez,10580.31,SKILL_012,288.95,Put pasta in jars,2026-02-09T13:35:39Z,TRUE,02
SKILL_002_20260207_135044,c_becerra,5078.44,SKILL_002,136.54,Organize beads per character,2026-02-07T13:50:44Z,TRUE,04
SKILL_017_20260209_085210,l_aguilera,8928.38,SKILL_017,240.56,Put pasta in ziploc bags,2026-02-09T08:52:10Z,TRUE,02
SKILL_017_20260209_085719,l_aguilera,4790.85,SKILL_017,130.09,Put pasta in ziploc bags,2026-02-09T08:57:19Z,TRUE,02
SKILL_017_20260209_144645,l_aguilera,7608.8,SKILL_017,212.56,Put pasta in ziploc bags,2026-02-09T14:46:45Z,TRUE,02
SKILL_017_20260209_145145,l_aguilera,3642.78,SKILL_017,102.76,Put pasta in ziploc bags,2026-02-09T14:51:45Z,TRUE,02
SKILL_018_20260209_090457,l_aguilera,8333.35,SKILL_018,225.21,Close bags with twist ties,2026-02-09T09:04:57Z,TRUE,02
SKILL_018_20260209_090940,l_aguilera,4986.03,SKILL_018,134.91,Close bags with twist ties,2026-02-09T09:09:40Z,TRUE,02
SKILL_018_20260209_125025,a_rodriguez,11627.34,SKILL_018,328.92,Close bags with twist ties,2026-02-09T12:50:25Z,TRUE,02
SKILL_019_20260209_091342,l_aguilera,6275.69,SKILL_019,170.38,Put pasta in plastic containers,2026-02-09T09:13:42Z,TRUE,02
SKILL_019_20260209_091729,l_aguilera,834.86,SKILL_019,23.25,Put pasta in plastic containers,2026-02-09T09:17:29Z,FALSE,02
SKILL_019_20260209_092147,l_aguilera,5571.88,SKILL_019,150.43,Put pasta in plastic containers,2026-02-09T09:21:47Z,TRUE,02
SKILL_002_20260207_142518,c_becerra,41.75,SKILL_002,0.54,Organize beads per character,2026-02-07T14:25:18Z,FALSE,04
SKILL_019_20260209_112222,l_aguilera,8077.19,SKILL_019,215.42,Put pasta in plastic containers,2026-02-09T11:22:22Z,TRUE,02
SKILL_019_20260209_131319,a_rodriguez,8642.37,SKILL_019,234.3,Put pasta in plastic containers,2026-02-09T13:13:19Z,TRUE,02
SKILL_019_20260209_132134,a_rodriguez,9924.14,SKILL_019,301.86,Put pasta in plastic containers,2026-02-09T13:21:35Z,TRUE,02
SKILL_020_20260209_092619,l_aguilera,3807.94,SKILL_020,104.2,Open locks with their keys,2026-02-09T09:26:19Z,TRUE,02
SKILL_020_20260209_092906,l_aguilera,2512.59,SKILL_020,68.86,Open locks with their keys,2026-02-09T09:29:06Z,FALSE,02
SKILL_020_20260209_093109,l_aguilera,3053.11,SKILL_020,83.91,Open locks with their keys,2026-02-09T09:31:09Z,FALSE,02
SKILL_020_20260209_121253,a_rodriguez,8443.27,SKILL_020,232.36,Open locks with their keys,2026-02-09T12:12:53Z,TRUE,02
SKILL_020_20260209_121952,a_rodriguez,1563.53,SKILL_020,42.91,Open locks with their keys,2026-02-09T12:19:52Z,FALSE,02
SKILL_002_20260207_142927,c_becerra,2557.58,SKILL_002,69.93,Organize beads per character,2026-02-07T14:29:28Z,FALSE,04
SKILL_020_20260209_150334,l_aguilera,2552.94,SKILL_020,71.96,Open locks with their keys,2026-02-09T15:03:34Z,FALSE,02
SKILL_020_20260209_150620,l_aguilera,2372.24,SKILL_020,65.9,Open locks with their keys,2026-02-09T15:06:20Z,FALSE,02
SKILL_020_20260209_150825,l_aguilera,2880.52,SKILL_020,80.9,Open locks with their keys,2026-02-09T15:08:25Z,FALSE,02
SKILL_020_20260209_151032,l_aguilera,2295.8,SKILL_020,64.19,Open locks with their keys,2026-02-09T15:10:32Z,FALSE,02
SKILL_021_20260209_093520,l_aguilera,2903.35,SKILL_021,79.48,Build Up Box (Mailer),2026-02-09T09:35:20Z,FALSE,02
SKILL_021_20260209_093706,l_aguilera,2481.19,SKILL_021,67.28,Build Up Box (Mailer),2026-02-09T09:37:06Z,FALSE,02
SKILL_021_20260209_093847,l_aguilera,1809.73,SKILL_021,48.86,Build Up Box (Mailer),2026-02-09T09:38:47Z,FALSE,02
SKILL_021_20260209_094026,l_aguilera,1995.41,SKILL_021,54.01,Build Up Box (Mailer),2026-02-09T09:40:26Z,FALSE,02
SKILL_021_20260209_094158,l_aguilera,1792.51,SKILL_021,48.53,Build Up Box (Mailer),2026-02-09T09:41:58Z,FALSE,02
SKILL_005_20260207_134044,c_becerra,12728.72,SKILL_005,342.92,Insert allen keys in package,2026-02-07T13:40:44Z,TRUE,04
SKILL_021_20260209_151253,l_aguilera,2557.35,SKILL_021,73.42,Build Up Box (Mailer),2026-02-09T15:12:53Z,FALSE,02
SKILL_023_20260209_094459,l_aguilera,8877.42,SKILL_023,244.43,Built up box (Present),2026-02-09T09:44:59Z,TRUE,02
SKILL_023_20260209_095054,l_aguilera,5461.0,SKILL_023,149.23,Built up box (Present),2026-02-09T09:50:54Z,TRUE,02
SKILL_027_20260209_095532,l_aguilera,5723.75,SKILL_027,151.78,Build a box and pack an item,2026-02-09T09:55:32Z,TRUE,02
SKILL_027_20260209_095846,l_aguilera,3508.24,SKILL_027,94.05,Build a box and pack an item,2026-02-09T09:58:46Z,TRUE,02
SKILL_027_20260209_100316,l_aguilera,5289.15,SKILL_027,142.0,Build a box and pack an item,2026-02-09T10:03:16Z,TRUE,02
SKILL_028_20260209_104034,l_aguilera,9109.22,SKILL_028,249.27,Fold a T Shirt,2026-02-09T10:40:34Z,TRUE,02
SKILL_029_20260209_101234,l_aguilera,7861.42,SKILL_029,211.71,Button a shirt,2026-02-09T10:12:34Z,TRUE,02
SKILL_029_20260209_102911,l_aguilera,5919.09,SKILL_029,169.09,Button a shirt,2026-02-09T10:29:11Z,TRUE,02
SKILL_004_20260209_143533,l_aguilera,2077.24,SKILL_004,57.68,Set Screwdriver package,2026-02-09T14:35:33Z,FALSE,02
SKILL_030_20260209_103242,l_aguilera,2558.6,SKILL_030,73.5,Fold a shirt,2026-02-09T10:32:42Z,FALSE,02
SKILL_030_20260209_103837,l_aguilera,1846.11,SKILL_030,51.81,Fold a shirt,2026-02-09T10:38:37Z,FALSE,02
SKILL_031_20260209_105009,l_aguilera,2099.81,SKILL_031,54.32,Fold Pants,2026-02-09T10:50:10Z,FALSE,02
SKILL_031_20260209_105126,l_aguilera,1780.75,SKILL_031,47.14,Fold Pants,2026-02-09T10:51:26Z,FALSE,02
SKILL_031_20260209_105232,l_aguilera,2166.29,SKILL_031,56.97,Fold Pants,2026-02-09T10:52:32Z,FALSE,02
SKILL_031_20260209_105407,l_aguilera,2068.14,SKILL_031,54.1,Fold Pants,2026-02-09T10:54:07Z,FALSE,02
SKILL_031_20260209_105553,l_aguilera,2502.05,SKILL_031,65.95,Fold Pants,2026-02-09T10:55:53Z,FALSE,02
SKILL_031_20260209_105743,l_aguilera,2337.61,SKILL_031,61.73,Fold Pants,2026-02-09T10:57:43Z,FALSE,02
SKILL_032_20260209_110252,l_aguilera,2266.12,SKILL_032,60.79,Pack up Clothes in a paper bag,2026-02-09T11:02:52Z,FALSE,02
SKILL_014_20260207_121924,c_becerra,10142.68,SKILL_014,302.64,Fasten nuts onto bolts,2026-02-07T12:19:24Z,TRUE,04
SKILL_032_20260209_110837,l_aguilera,2288.51,SKILL_032,61.34,Pack up Clothes in a paper bag,2026-02-09T11:08:37Z,FALSE,02
SKILL_034_20260209_111212,l_aguilera,14439.77,SKILL_034,423.15,Tie Shoelaces,2026-02-09T11:12:12Z,TRUE,02
SKILL_034_20260209_130202,a_rodriguez,13247.21,SKILL_034,358.96,Tie Shoelaces,2026-02-09T13:02:02Z,TRUE,02
SKILL_001_20260209_070517,c_becerra,25903.23,SKILL_001,682.51,Organize beads per color,2026-02-09T07:05:18Z,TRUE,03
SKILL_001_20260209_080336,a_rodriguez,25272.98,SKILL_001,710.65,Organize beads per color,2026-02-09T08:03:36Z,TRUE,03
SKILL_001_20260209_094309,a_rodriguez,1504.27,SKILL_001,41.54,Organize beads per color,2026-02-09T09:43:09Z,FALSE,03
SKILL_001_20260209_094401,a_rodriguez,21965.97,SKILL_001,601.37,Organize beads per color,2026-02-09T09:44:01Z,TRUE,03
SKILL_001_20260209_134302,e_martinez,21366.82,SKILL_001,617.32,Organize beads per color,2026-02-09T13:43:02Z,TRUE,03
SKILL_001_20260209_150815,a_rodriguez,20902.01,SKILL_001,553.67,Organize beads per color,2026-02-09T15:08:15Z,TRUE,03
SKILL_012_20260207_082934,e_martinez,3691.15,SKILL_012,196.36,Put pasta in jars,2026-02-07T08:29:36Z,TRUE,05
SKILL_003_20260209_072126,c_becerra,7461.29,SKILL_003,198.75,Organize screwdriver bits,2026-02-09T07:21:26Z,TRUE,03
SKILL_001_20260207_093514,e_martinez,4860.27,SKILL_001,239.87,Organize beads per color,2026-02-07T09:35:14Z,TRUE,05
SKILL_003_20260209_081915,a_rodriguez,11476.48,SKILL_003,337.86,Organize screwdriver bits,2026-02-09T08:19:15Z,TRUE,03
SKILL_003_20260209_100537,a_rodriguez,9778.57,SKILL_003,269.02,Organize screwdriver bits,2026-02-09T10:05:37Z,TRUE,03
SKILL_003_20260209_132400,e_martinez,9209.93,SKILL_003,257.67,Organize screwdriver bits,2026-02-09T13:24:00Z,TRUE,03
SKILL_003_20260209_101259,a_rodriguez,14315.8,SKILL_003,393.07,Organize screwdriver bits,2026-02-09T10:12:59Z,TRUE,03
SKILL_004_20260209_072535,c_becerra,7471.99,SKILL_004,196.48,Set Screwdriver package,2026-02-09T07:25:35Z,TRUE,03
SKILL_003_20260209_133004,e_martinez,7450.0,SKILL_003,205.49,Organize screwdriver bits,2026-02-09T13:30:04Z,TRUE,03
SKILL_004_20260209_082814,a_rodriguez,1854.67,SKILL_004,49.5,Set Screwdriver package,2026-02-09T08:28:14Z,FALSE,03
SKILL_004_20260209_072924,c_becerra,6205.05,SKILL_004,174.25,Set Screwdriver package,2026-02-09T07:29:24Z,TRUE,03
SKILL_004_20260209_083337,a_rodriguez,1993.68,SKILL_004,52.93,Set Screwdriver package,2026-02-09T08:33:37Z,FALSE,03
SKILL_004_20260209_083049,a_rodriguez,2499.1,SKILL_004,66.49,Set Screwdriver package,2026-02-09T08:30:49Z,FALSE,03
SKILL_004_20260209_102509,a_rodriguez,1738.09,SKILL_004,47.22,Set Screwdriver package,2026-02-09T10:25:09Z,FALSE,03
SKILL_004_20260209_102712,a_rodriguez,2390.85,SKILL_004,65.13,Set Screwdriver package,2026-02-09T10:27:12Z,FALSE,03
SKILL_003_20260207_102005,e_martinez,1254.35,SKILL_003,102.02,Organize screwdriver bits,2026-02-07T10:20:05Z,TRUE,05
SKILL_004_20260209_161721,a_rodriguez,2626.04,SKILL_004,71.31,Set Screwdriver package,2026-02-09T16:17:21Z,FALSE,03
SKILL_004_20260209_125658,e_martinez,7462.09,SKILL_004,215.13,Set Screwdriver package,2026-02-09T12:56:58Z,TRUE,03
SKILL_004_20260209_164249,a_rodriguez,13597.65,SKILL_004,406.8,Set Screwdriver package,2026-02-09T16:42:49Z,TRUE,03
SKILL_004_20260209_162142,a_rodriguez,2314.85,SKILL_004,62.79,Set Screwdriver package,2026-02-09T16:21:42Z,FALSE,03
SKILL_005_20260209_073611,c_becerra,4721.38,SKILL_005,130.78,Insert allen keys in package,2026-02-09T07:36:11Z,TRUE,03
SKILL_005_20260209_073302,c_becerra,6327.5,SKILL_005,168.52,Insert allen keys in package,2026-02-09T07:33:02Z,TRUE,03
SKILL_005_20260209_084216,a_rodriguez,6105.62,SKILL_005,165.98,Insert allen keys in package,2026-02-09T08:42:16Z,TRUE,03
SKILL_005_20260209_073844,c_becerra,4974.94,SKILL_005,136.58,Insert allen keys in package,2026-02-09T07:38:44Z,TRUE,03
SKILL_005_20260207_142939,n_mora,4275.85,SKILL_005,269.68,Insert allen keys in package,2026-02-07T14:29:39Z,TRUE,05
SKILL_005_20260209_104316,a_rodriguez,5813.26,SKILL_005,159.64,Insert allen keys in package,2026-02-09T10:43:16Z,TRUE,03
SKILL_005_20260209_104727,a_rodriguez,5048.95,SKILL_005,138.5,Insert allen keys in package,2026-02-09T10:47:27Z,TRUE,03
SKILL_005_20260209_122031,e_martinez,4694.71,SKILL_005,133.77,Insert allen keys in package,2026-02-09T12:20:31Z,TRUE,03
SKILL_005_20260209_153732,a_rodriguez,4878.22,SKILL_005,132.57,Insert allen keys in package,2026-02-09T15:37:32Z,TRUE,03
SKILL_005_20260209_154116,a_rodriguez,5856.51,SKILL_005,158.44,Insert allen keys in package,2026-02-09T15:41:16Z,TRUE,03
SKILL_006_20260209_110037,a_rodriguez,22805.83,SKILL_006,623.09,Separate tongue depressors by size,2026-02-09T11:00:37Z,TRUE,03
SKILL_007_20260209_074125,c_becerra,11893.99,SKILL_007,390.94,Separate tongue depressors by color,2026-02-09T07:41:25Z,TRUE,03
SKILL_007_20260209_084908,a_rodriguez,17326.31,SKILL_007,466.21,Separate tongue depressors by color,2026-02-09T08:49:08Z,TRUE,03
SKILL_007_20260209_131128,e_martinez,94.51,SKILL_007,2.9,Separate tongue depressors by color,2026-02-09T13:11:28Z,FALSE,03
SKILL_001_20260209_093511,n_mora,20004.61,SKILL_001,582.36,Organize beads per color,2026-02-09T09:35:12Z,TRUE,01
SKILL_009_20260209_075041,c_becerra,16727.08,SKILL_009,551.33,Package Cotton set,2026-02-09T07:50:41Z,TRUE,03
SKILL_009_20260209_090532,a_rodriguez,9160.54,SKILL_009,249.66,Package Cotton set,2026-02-09T09:05:32Z,TRUE,03
SKILL_009_20260209_091059,a_rodriguez,7230.68,SKILL_009,196.16,Package Cotton set,2026-02-09T09:10:59Z,TRUE,03
SKILL_009_20260209_111752,a_rodriguez,9357.92,SKILL_009,257.82,Package Cotton set,2026-02-09T11:17:52Z,TRUE,03
SKILL_009_20260209_112311,a_rodriguez,8157.0,SKILL_009,224.86,Package Cotton set,2026-02-09T11:23:11Z,TRUE,03
SKILL_009_20260209_112851,a_rodriguez,4680.56,SKILL_009,128.04,Package Cotton set,2026-02-09T11:28:51Z,TRUE,03
SKILL_009_20260209_120947,e_martinez,12586.96,SKILL_009,356.03,Package Cotton set,2026-02-09T12:09:47Z,TRUE,03
SKILL_009_20260209_121619,e_martinez,6886.89,SKILL_009,195.58,Package Cotton set,2026-02-09T12:16:19Z,TRUE,03
SKILL_009_20260209_160621,a_rodriguez,8489.45,SKILL_009,230.29,Package Cotton set,2026-02-09T16:06:21Z,TRUE,03
SKILL_009_20260209_161135,a_rodriguez,6508.44,SKILL_009,178.27,Package Cotton set,2026-02-09T16:11:35Z,TRUE,03
SKILL_014_20260207_125513,n_mora,4508.05,SKILL_014,239.51,Fasten nuts onto bolts,2026-02-07T12:55:14Z,TRUE,05
SKILL_010_20260209_091759,a_rodriguez,12316.73,SKILL_010,338.17,Package earphones,2026-02-09T09:17:59Z,TRUE,03
SKILL_010_20260209_154711,a_rodriguez,962.46,SKILL_010,50.56,Package earphones,2026-02-09T15:47:11Z,FALSE,03
SKILL_010_20260209_155100,a_rodriguez,14212.22,SKILL_010,382.4,Package earphones,2026-02-09T15:51:00Z,TRUE,03
SKILL_013_20260209_092655,a_rodriguez,8783.2,SKILL_013,240.36,Set up a hand lamp,2026-02-09T09:26:55Z,TRUE,03
SKILL_013_20260209_093304,a_rodriguez,9987.66,SKILL_013,272.37,Set up a hand lamp,2026-02-09T09:33:04Z,TRUE,03
SKILL_013_20260209_130105,e_martinez,5389.08,SKILL_013,154.19,Set up a hand lamp,2026-02-09T13:01:05Z,TRUE,03
SKILL_013_20260209_130341,e_martinez,2366.08,SKILL_013,68.84,Set up a hand lamp,2026-02-09T13:03:42Z,FALSE,03
SKILL_013_20260209_130457,e_martinez,5384.96,SKILL_013,149.7,Set up a hand lamp,2026-02-09T13:04:57Z,TRUE,03
SKILL_013_20260209_130844,e_martinez,5235.84,SKILL_013,145.14,Set up a hand lamp,2026-02-09T13:08:44Z,TRUE,03
SKILL_013_20260209_152936,a_rodriguez,294.6,SKILL_013,8.27,Set up a hand lamp,2026-02-09T15:29:36Z,FALSE,03
SKILL_005_20260209_103642,a_rodriguez,7649.5,SKILL_005,210.55,Insert allen keys in package,2026-02-09T10:36:42Z,TRUE,03
SKILL_013_20260209_152944,a_rodriguez,22.81,SKILL_013,0.64,Set up a hand lamp,2026-02-09T15:29:44Z,FALSE,03
SKILL_013_20260209_153145,a_rodriguez,7877.37,SKILL_013,213.3,Set up a hand lamp,2026-02-09T15:31:45Z,TRUE,03
SKILL_013_20260209_165219,a_rodriguez,6378.53,SKILL_013,184.13,Set up a hand lamp,2026-02-09T16:52:19Z,TRUE,03
SKILL_013_20260209_165700,a_rodriguez,2992.67,SKILL_013,85.63,Set up a hand lamp,2026-02-09T16:57:00Z,FALSE,03
SKILL_014_20260209_133452,e_martinez,10205.61,SKILL_014,289.83,Fasten nuts onto bolts,2026-02-09T13:34:52Z,TRUE,03
SKILL_029_20260209_145315,e_martinez,12552.35,SKILL_029,314.84,Button a shirt,2026-02-09T14:53:15Z,TRUE,03
SKILL_030_20260209_141056,e_martinez,7205.81,SKILL_030,194.7,Fold a shirt,2026-02-09T14:10:56Z,TRUE,03
SKILL_030_20260209_141503,e_martinez,5981.62,SKILL_030,159.89,Fold a shirt,2026-02-09T14:15:03Z,TRUE,03
SKILL_021_20260209_094309,l_aguilera,1515.07,SKILL_021,40.99,Build Up Box (Mailer),2026-02-09T09:43:09Z,FALSE,02
SKILL_031_20260209_143117,e_martinez,1874.61,SKILL_031,48.53,Fold Pants,2026-02-09T14:31:17Z,FALSE,03
SKILL_031_20260209_143221,e_martinez,1731.09,SKILL_031,45.26,Fold Pants,2026-02-09T14:32:21Z,FALSE,03
SKILL_031_20260209_143317,e_martinez,1734.33,SKILL_031,45.33,Fold Pants,2026-02-09T14:33:17Z,FALSE,03
SKILL_031_20260209_143441,e_martinez,1628.43,SKILL_031,42.98,Fold Pants,2026-02-09T14:34:41Z,FALSE,03
SKILL_001_20260209_082832,e_martinez,13037.95,SKILL_001,370.32,Organize beads per color,2026-02-09T08:28:32Z,TRUE,04
SKILL_001_20260209_104332,e_martinez,10390.36,SKILL_001,295.57,Organize beads per color,2026-02-09T10:43:32Z,TRUE,04
SKILL_001_20260209_121301,d_vargas,18873.03,SKILL_001,507.38,Organize beads per color,2026-02-09T12:13:01Z,TRUE,04
SKILL_001_20260209_162054,d_vargas,16641.52,SKILL_001,531.19,Organize beads per color,2026-02-09T16:20:54Z,TRUE,04
SKILL_003_20260209_070831,e_martinez,10353.3,SKILL_003,301.92,Organize screwdriver bits,2026-02-09T07:08:31Z,TRUE,04
SKILL_003_20260209_095506,e_martinez,8419.2,SKILL_003,239.16,Organize screwdriver bits,2026-02-09T09:55:06Z,TRUE,04
SKILL_018_20260209_120906,c_becerra,5706.34,SKILL_018,167.71,Close bags with twist ties,2026-02-09T12:09:06Z,TRUE,01
SKILL_012_20260209_082108,n_mora,5790.13,SKILL_012,158.43,Put pasta in jars,2026-02-09T08:21:08Z,TRUE,01
SKILL_021_20260209_134618,c_becerra,2852.98,SKILL_021,78.58,Build Up Box (Mailer),2026-02-09T13:46:18Z,FALSE,01
SKILL_003_20260209_164607,l_aguilera,7537.16,SKILL_003,218.11,Organize screwdriver bits,2026-02-09T16:46:08Z,TRUE,02
SKILL_020_20260209_130237,c_becerra,2706.17,SKILL_020,76.33,Open locks with their keys,2026-02-09T13:02:37Z,FALSE,01
SKILL_004_20260209_143127,l_aguilera,1589.45,SKILL_004,44.5,Set Screwdriver package,2026-02-09T14:31:27Z,FALSE,02
SKILL_012_20260209_134250,a_rodriguez,19332.11,SKILL_012,527.85,Put pasta in jars,2026-02-09T13:42:50Z,TRUE,02
SKILL_019_20260209_091801,l_aguilera,6234.96,SKILL_019,167.84,Put pasta in plastic containers,2026-02-09T09:18:01Z,TRUE,02
SKILL_020_20260209_122140,a_rodriguez,6565.44,SKILL_020,178.54,Open locks with their keys,2026-02-09T12:21:40Z,TRUE,02
SKILL_029_20260209_103454,l_aguilera,5793.89,SKILL_029,162.12,Button a shirt,2026-02-09T10:34:54Z,TRUE,02
SKILL_032_20260209_110623,l_aguilera,2109.4,SKILL_032,56.25,Pack up Clothes in a paper bag,2026-02-09T11:06:23Z,FALSE,02
SKILL_031_20260209_142955,e_martinez,1899.32,SKILL_031,50.05,Fold Pants,2026-02-09T14:29:55Z,FALSE,03
SKILL_003_20260209_071724,c_becerra,6641.02,SKILL_003,200.42,Organize screwdriver bits,2026-02-09T07:17:24Z,TRUE,03
SKILL_005_20260209_103207,a_rodriguez,6056.74,SKILL_005,165.33,Insert allen keys in package,2026-02-09T10:32:07Z,TRUE,03
SKILL_007_20260209_131150,e_martinez,19088.1,SKILL_007,535.53,Separate tongue depressors by color,2026-02-09T13:11:50Z,TRUE,03
SKILL_010_20260209_135556,e_martinez,5231.52,SKILL_010,138.86,Package earphones,2026-02-09T13:55:56Z,TRUE,03
SKILL_013_20260209_152127,a_rodriguez,6441.07,SKILL_013,173.8,Set up a hand lamp,2026-02-09T15:21:27Z,TRUE,03
SKILL_004_20260209_102203,a_rodriguez,2974.26,SKILL_004,81.02,Set Screwdriver package,2026-02-09T10:22:03Z,FALSE,03
SKILL_003_20260209_071427,e_martinez,9263.42,SKILL_003,263.19,Organize screwdriver bits,2026-02-09T07:14:27Z,TRUE,04
SKILL_003_20260209_100655,e_martinez,7174.02,SKILL_003,203.25,Organize screwdriver bits,2026-02-09T10:06:55Z,TRUE,04
SKILL_003_20260209_163039,d_vargas,879.04,SKILL_003,25.05,Organize screwdriver bits,2026-02-09T16:30:39Z,FALSE,04
SKILL_005_20260209_124129,d_vargas,4924.9,SKILL_005,135.77,Insert allen keys in package,2026-02-09T12:41:29Z,TRUE,04
SKILL_003_20260209_123130,d_vargas,2320.83,SKILL_003,62.64,Organize screwdriver bits,2026-02-09T12:31:30Z,FALSE,04
SKILL_005_20260209_123809,d_vargas,6579.99,SKILL_005,176.48,Insert allen keys in package,2026-02-09T12:38:09Z,TRUE,04
SKILL_003_20260209_163112,d_vargas,7849.43,SKILL_003,223.73,Organize screwdriver bits,2026-02-09T16:31:12Z,TRUE,04
SKILL_005_20260209_123334,d_vargas,8148.98,SKILL_005,219.59,Insert allen keys in package,2026-02-09T12:33:34Z,TRUE,04
SKILL_005_20260209_072802,e_martinez,6350.28,SKILL_005,180.31,Insert allen keys in package,2026-02-09T07:28:02Z,TRUE,04
SKILL_005_20260209_072232,e_martinez,10126.34,SKILL_005,288.47,Insert allen keys in package,2026-02-09T07:22:32Z,TRUE,04
SKILL_005_20260209_101746,e_martinez,5367.19,SKILL_005,152.05,Insert allen keys in package,2026-02-09T10:17:46Z,TRUE,04
SKILL_005_20260209_164135,d_vargas,8135.32,SKILL_005,232.07,Insert allen keys in package,2026-02-09T16:41:35Z,TRUE,04
SKILL_003_20260209_122736,d_vargas,7336.18,SKILL_003,198.83,Organize screwdriver bits,2026-02-09T12:27:36Z,TRUE,04
SKILL_003_20260209_122220,d_vargas,9570.36,SKILL_003,260.51,Organize screwdriver bits,2026-02-09T12:22:20Z,TRUE,04
SKILL_005_20260209_101251,e_martinez,9088.43,SKILL_005,258.09,Insert allen keys in package,2026-02-09T10:12:51Z,TRUE,04
SKILL_012_20260209_081653,e_martinez,5478.08,SKILL_012,155.35,Put pasta in jars,2026-02-09T08:16:53Z,TRUE,04
SKILL_012_20260209_081134,e_martinez,6345.63,SKILL_012,179.99,Put pasta in jars,2026-02-09T08:11:34Z,TRUE,04
SKILL_012_20260209_080725,e_martinez,6148.9,SKILL_012,174.69,Put pasta in jars,2026-02-09T08:07:25Z,TRUE,04
SKILL_009_20260209_134324,d_vargas,5576.25,SKILL_009,167.99,Package Cotton set,2026-02-09T13:43:24Z,TRUE,04
SKILL_012_20260209_135656,d_vargas,4338.14,SKILL_012,138.14,Put pasta in jars,2026-02-09T13:56:57Z,TRUE,04
SKILL_012_20260209_125824,d_vargas,1521.35,SKILL_012,40.85,Put pasta in jars,2026-02-09T12:58:24Z,FALSE,04
SKILL_012_20260209_135007,d_vargas,6246.65,SKILL_012,170.56,Put pasta in jars,2026-02-09T13:50:07Z,TRUE,04
SKILL_012_20260209_135331,d_vargas,5562.37,SKILL_012,151.98,Put pasta in jars,2026-02-09T13:53:31Z,TRUE,04
SKILL_013_20260209_103554,e_martinez,5348.4,SKILL_013,151.57,Set up a hand lamp,2026-02-09T10:35:54Z,TRUE,04
SKILL_013_20260209_082439,e_martinez,5060.91,SKILL_013,143.54,Set up a hand lamp,2026-02-09T08:24:39Z,TRUE,04
SKILL_013_20260209_082107,e_martinez,5139.81,SKILL_013,145.77,Set up a hand lamp,2026-02-09T08:21:07Z,TRUE,04
SKILL_012_20260209_135931,d_vargas,4.89,SKILL_012,0.04,Put pasta in jars,2026-02-09T13:59:31Z,FALSE,04
SKILL_012_20260209_125624,d_vargas,3921.97,SKILL_012,105.2,Put pasta in jars,2026-02-09T12:56:24Z,TRUE,04
SKILL_009_20260209_133751,d_vargas,8165.6,SKILL_009,238.19,Package Cotton set,2026-02-09T13:37:52Z,TRUE,04
SKILL_009_20260209_130543,d_vargas,6594.06,SKILL_009,176.78,Package Cotton set,2026-02-09T13:05:43Z,TRUE,04
SKILL_009_20260209_130522,d_vargas,249.28,SKILL_009,6.75,Package Cotton set,2026-02-09T13:05:22Z,FALSE,04
SKILL_014_20260209_142617,d_vargas,7528.72,SKILL_014,240.25,Fasten nuts onto bolts,2026-02-09T14:26:18Z,TRUE,04
SKILL_014_20260209_102906,e_martinez,10531.95,SKILL_014,298.48,Fasten nuts onto bolts,2026-02-09T10:29:06Z,TRUE,04
SKILL_014_20260209_075408,e_martinez,10830.52,SKILL_014,307.47,Fasten nuts onto bolts,2026-02-09T07:54:08Z,TRUE,04
SKILL_013_20260209_142430,d_vargas,1653.27,SKILL_013,44.69,Set up a hand lamp,2026-02-09T14:24:30Z,FALSE,04
SKILL_013_20260209_142241,d_vargas,2619.37,SKILL_013,86.82,Set up a hand lamp,2026-02-09T14:22:41Z,FALSE,04
SKILL_021_20260209_143803,d_vargas,6672.66,SKILL_021,190.08,Build Up Box (Mailer),2026-02-09T14:38:04Z,TRUE,04
SKILL_021_20260209_105919,d_vargas,4453.06,SKILL_021,126.33,Build Up Box (Mailer),2026-02-09T10:59:19Z,TRUE,04
SKILL_021_20260209_105638,d_vargas,2484.82,SKILL_021,70.53,Build Up Box (Mailer),2026-02-09T10:56:38Z,FALSE,04
SKILL_021_20260209_105246,d_vargas,6325.2,SKILL_021,179.42,Build Up Box (Mailer),2026-02-09T10:52:46Z,TRUE,04
SKILL_025_20260209_145001,d_vargas,9119.67,SKILL_025,308.21,Pack on a paper bag,2026-02-09T14:50:01Z,TRUE,04
SKILL_025_20260209_110451,d_vargas,1696.04,SKILL_025,48.29,Pack on a paper bag,2026-02-09T11:04:52Z,FALSE,04
SKILL_025_20260209_145541,d_vargas,7141.05,SKILL_025,237.24,Pack on a paper bag,2026-02-09T14:55:43Z,TRUE,04
SKILL_026_20260209_150841,d_vargas,9545.29,SKILL_026,273.43,Pack on a cardboard box (Present),2026-02-09T15:08:41Z,TRUE,04
SKILL_027_20260209_091342,e_martinez,6334.11,SKILL_027,180.09,Build a box and pack an item,2026-02-09T09:13:42Z,TRUE,04
SKILL_027_20260209_091832,e_martinez,3063.4,SKILL_027,87.24,Build a box and pack an item,2026-02-09T09:18:32Z,FALSE,04
SKILL_027_20260209_092115,e_martinez,1997.67,SKILL_027,56.87,Build a box and pack an item,2026-02-09T09:21:15Z,FALSE,04
SKILL_027_20260209_111534,d_vargas,3367.96,SKILL_027,95.5,Build a box and pack an item,2026-02-09T11:15:34Z,TRUE,04
SKILL_027_20260209_111753,d_vargas,2470.13,SKILL_027,70.0,Build a box and pack an item,2026-02-09T11:17:53Z,FALSE,04
SKILL_027_20260209_111928,d_vargas,1693.05,SKILL_027,47.98,Build a box and pack an item,2026-02-09T11:19:28Z,FALSE,04
SKILL_013_20260209_104012,e_martinez,4365.3,SKILL_013,123.64,Set up a hand lamp,2026-02-09T10:40:12Z,TRUE,04
SKILL_027_20260209_112417,d_vargas,2780.0,SKILL_027,78.77,Build a box and pack an item,2026-02-09T11:24:17Z,FALSE,04
SKILL_003_20260209_163554,d_vargas,7824.97,SKILL_003,223.61,Organize screwdriver bits,2026-02-09T16:35:54Z,TRUE,04
SKILL_013_20260209_141558,d_vargas,6971.89,SKILL_013,190.2,Set up a hand lamp,2026-02-09T14:15:58Z,TRUE,04
SKILL_027_20260209_112115,d_vargas,1617.15,SKILL_027,45.81,Build a box and pack an item,2026-02-09T11:21:15Z,FALSE,04
SKILL_005_20260209_164607,d_vargas,5873.11,SKILL_005,178.24,Insert allen keys in package,2026-02-09T16:46:07Z,TRUE,04
SKILL_029_20260209_085643,e_martinez,4499.65,SKILL_029,127.82,Button a shirt,2026-02-09T08:56:43Z,TRUE,04
SKILL_029_20260209_090610,e_martinez,7596.95,SKILL_029,218.37,Button a shirt,2026-02-09T09:06:10Z,TRUE,04
SKILL_029_20260209_094148,e_martinez,10566.65,SKILL_029,299.65,Button a shirt,2026-02-09T09:41:48Z,TRUE,04
SKILL_031_20260209_094855,e_martinez,2468.89,SKILL_031,70.04,Fold Pants,2026-02-09T09:48:55Z,FALSE,04
SKILL_031_20260209_095115,e_martinez,1505.77,SKILL_031,42.71,Fold Pants,2026-02-09T09:51:15Z,FALSE,04
SKILL_031_20260209_095237,e_martinez,269.3,SKILL_031,9.53,Fold Pants,2026-02-09T09:52:37Z,FALSE,04
SKILL_031_20260209_095305,e_martinez,1324.93,SKILL_031,37.56,Fold Pants,2026-02-09T09:53:05Z,FALSE,04
SKILL_001_20260209_071035,d_vargas,9072.18,SKILL_001,470.01,Organize beads per color,2026-02-09T07:10:35Z,TRUE,05
SKILL_009_20260209_074911,e_martinez,4174.87,SKILL_009,118.87,Package Cotton set,2026-02-09T07:49:11Z,TRUE,04
SKILL_001_20260209_142206,n_mora,8974.32,SKILL_001,472.86,Organize beads per color,2026-02-09T14:22:06Z,TRUE,05
SKILL_001_20260209_164951,n_mora,6492.87,SKILL_001,463.72,Organize beads per color,2026-02-09T16:49:51Z,TRUE,05
SKILL_003_20260209_071002,d_vargas,455.35,SKILL_003,21.81,Organize screwdriver bits,2026-02-09T07:10:03Z,FALSE,05
SKILL_003_20260209_072033,d_vargas,5507.67,SKILL_003,285.76,Organize screwdriver bits,2026-02-09T07:20:33Z,TRUE,05
SKILL_003_20260209_072601,d_vargas,3989.35,SKILL_003,213.47,Organize screwdriver bits,2026-02-09T07:26:01Z,TRUE,05
SKILL_004_20260209_125104,l_aguilera,1461.48,SKILL_004,74.42,Set Screwdriver package,2026-02-09T12:51:04Z,FALSE,05
SKILL_004_20260209_125235,l_aguilera,1162.11,SKILL_004,59.47,Set Screwdriver package,2026-02-09T12:52:35Z,FALSE,05
SKILL_004_20260209_125357,l_aguilera,1002.28,SKILL_004,50.01,Set Screwdriver package,2026-02-09T12:53:57Z,FALSE,05
SKILL_004_20260209_125503,l_aguilera,1076.64,SKILL_004,56.89,Set Screwdriver package,2026-02-09T12:55:03Z,FALSE,05
SKILL_004_20260209_125611,l_aguilera,1205.2,SKILL_004,62.28,Set Screwdriver package,2026-02-09T12:56:11Z,FALSE,05
SKILL_025_20260209_110558,d_vargas,14136.37,SKILL_025,401.41,Pack on a paper bag,2026-02-09T11:05:58Z,TRUE,04
SKILL_004_20260209_143245,n_mora,1331.89,SKILL_004,70.25,Set Screwdriver package,2026-02-09T14:32:45Z,FALSE,05
SKILL_004_20260209_143532,n_mora,2020.93,SKILL_004,105.01,Set Screwdriver package,2026-02-09T14:35:32Z,TRUE,05
SKILL_005_20260209_073135,d_vargas,1952.05,SKILL_005,142.85,Insert allen keys in package,2026-02-09T07:31:35Z,TRUE,05
SKILL_005_20260209_073437,d_vargas,2572.23,SKILL_005,131.93,Insert allen keys in package,2026-02-09T07:34:37Z,TRUE,05
SKILL_005_20260209_073759,d_vargas,2545.39,SKILL_005,132.0,Insert allen keys in package,2026-02-09T07:37:59Z,TRUE,05
SKILL_005_20260209_111053,c_becerra,5231.12,SKILL_005,249.76,Insert allen keys in package,2026-02-09T11:10:53Z,TRUE,05
SKILL_005_20260209_120744,l_aguilera,825.93,SKILL_005,63.01,Insert allen keys in package,2026-02-09T12:07:44Z,FALSE,05
SKILL_005_20260209_121103,l_aguilera,4734.15,SKILL_005,205.2,Insert allen keys in package,2026-02-09T12:11:04Z,TRUE,05
SKILL_005_20260209_121506,l_aguilera,5144.21,SKILL_005,225.76,Insert allen keys in package,2026-02-09T12:15:06Z,TRUE,05
SKILL_007_20260209_165555,d_vargas,2.38,SKILL_007,0.57,Separate tongue depressors by color,2026-02-09T16:55:56Z,FALSE,04
SKILL_005_20260209_163134,n_mora,2691.27,SKILL_005,204.81,Insert allen keys in package,2026-02-09T16:31:34Z,TRUE,05
SKILL_005_20260209_163653,n_mora,2419.72,SKILL_005,168.17,Insert allen keys in package,2026-02-09T16:36:53Z,TRUE,05
SKILL_007_20260209_074220,d_vargas,9309.48,SKILL_007,470.98,Separate tongue depressors by color,2026-02-09T07:42:20Z,TRUE,05
SKILL_007_20260209_131225,n_mora,7607.65,SKILL_007,402.99,Separate tongue depressors by color,2026-02-09T13:12:25Z,TRUE,05
SKILL_007_20260209_132320,n_mora,3247.36,SKILL_007,280.36,Separate tongue depressors by color,2026-02-09T13:23:20Z,TRUE,05
SKILL_007_20260209_133223,n_mora,8282.34,SKILL_007,450.51,Separate tongue depressors by color,2026-02-09T13:32:23Z,TRUE,05
SKILL_007_20260209_134334,n_mora,7386.15,SKILL_007,425.3,Separate tongue depressors by color,2026-02-09T13:43:34Z,TRUE,05
SKILL_009_20260209_080537,d_vargas,4786.66,SKILL_009,238.09,Package Cotton set,2026-02-09T08:05:39Z,TRUE,05
SKILL_009_20260209_081047,d_vargas,2971.2,SKILL_009,152.94,Package Cotton set,2026-02-09T08:10:47Z,TRUE,05
SKILL_009_20260209_124143,l_aguilera,3648.31,SKILL_009,237.27,Package Cotton set,2026-02-09T12:41:45Z,TRUE,05
SKILL_007_20260209_165557,d_vargas,3.56,SKILL_007,0.01,Separate tongue depressors by color,2026-02-09T16:55:57Z,FALSE,04
SKILL_009_20260209_124606,l_aguilera,4149.92,SKILL_009,213.99,Package Cotton set,2026-02-09T12:46:06Z,TRUE,05
SKILL_009_20260209_135356,n_mora,2877.1,SKILL_009,190.97,Package Cotton set,2026-02-09T13:53:56Z,TRUE,05
SKILL_009_20260209_140736,n_mora,2397.0,SKILL_009,219.68,Package Cotton set,2026-02-09T14:07:37Z,TRUE,05
SKILL_009_20260209_141554,n_mora,2836.14,SKILL_009,152.26,Package Cotton set,2026-02-09T14:15:54Z,TRUE,05
SKILL_009_20260209_141849,n_mora,2352.43,SKILL_009,126.6,Package Cotton set,2026-02-09T14:18:49Z,TRUE,05
SKILL_009_20260209_162516,n_mora,3424.36,SKILL_009,254.62,Package Cotton set,2026-02-09T16:25:16Z,TRUE,05
SKILL_010_20260209_094020,c_becerra,2661.59,SKILL_010,238.58,Package earphones,2026-02-09T09:40:20Z,TRUE,05
SKILL_011_20260209_082007,d_vargas,37.75,SKILL_011,0.61,Package plastic ice cubes,2026-02-09T08:20:08Z,FALSE,05
SKILL_028_20260209_092951,e_martinez,3878.53,SKILL_028,110.22,Fold a T Shirt,2026-02-09T09:29:51Z,TRUE,04
SKILL_011_20260209_082547,d_vargas,5151.93,SKILL_011,262.65,Package plastic ice cubes,2026-02-09T08:25:47Z,TRUE,05
SKILL_012_20260209_084625,d_vargas,2492.7,SKILL_012,137.59,Put pasta in jars,2026-02-09T08:46:26Z,TRUE,05
SKILL_012_20260209_084930,d_vargas,2618.37,SKILL_012,145.59,Put pasta in jars,2026-02-09T08:49:30Z,TRUE,05
SKILL_012_20260209_085232,d_vargas,2947.91,SKILL_012,161.04,Put pasta in jars,2026-02-09T08:52:32Z,TRUE,05
SKILL_012_20260209_085550,d_vargas,1604.99,SKILL_012,85.62,Put pasta in jars,2026-02-09T08:55:50Z,FALSE,05
SKILL_012_20260209_092611,c_becerra,3200.02,SKILL_012,182.45,Put pasta in jars,2026-02-09T09:26:11Z,TRUE,05
SKILL_012_20260209_093012,c_becerra,2626.09,SKILL_012,174.77,Put pasta in jars,2026-02-09T09:30:12Z,TRUE,05
SKILL_012_20260209_093439,c_becerra,3574.97,SKILL_012,176.57,Put pasta in jars,2026-02-09T09:34:39Z,TRUE,05
SKILL_012_20260209_143832,n_mora,2655.85,SKILL_012,139.72,Put pasta in jars,2026-02-09T14:38:32Z,TRUE,05
SKILL_013_20260209_141512,d_vargas,22.22,SKILL_013,0.51,Set up a hand lamp,2026-02-09T14:15:12Z,FALSE,04
SKILL_012_20260209_164203,n_mora,2436.97,SKILL_012,154.89,Put pasta in jars,2026-02-09T16:42:03Z,TRUE,05
SKILL_012_20260209_164524,n_mora,2025.82,SKILL_012,139.01,Put pasta in jars,2026-02-09T16:45:24Z,TRUE,05
SKILL_013_20260209_122003,l_aguilera,3698.14,SKILL_013,166.48,Set up a hand lamp,2026-02-09T12:20:03Z,TRUE,05
SKILL_013_20260209_122324,l_aguilera,1262.83,SKILL_013,69.76,Set up a hand lamp,2026-02-09T12:23:24Z,FALSE,05
SKILL_013_20260209_144822,n_mora,2486.93,SKILL_013,121.64,Set up a hand lamp,2026-02-09T14:48:22Z,TRUE,05
SKILL_013_20260209_145122,n_mora,2464.38,SKILL_013,127.25,Set up a hand lamp,2026-02-09T14:51:22Z,TRUE,05
SKILL_013_20260209_145426,n_mora,3885.36,SKILL_013,199.21,Set up a hand lamp,2026-02-09T14:54:26Z,TRUE,05
SKILL_014_20260209_091438,c_becerra,4825.49,SKILL_014,274.14,Fasten nuts onto bolts,2026-02-09T09:14:39Z,TRUE,05
SKILL_014_20260209_091951,c_becerra,1512.57,SKILL_014,90.99,Fasten nuts onto bolts,2026-02-09T09:19:51Z,TRUE,05
SKILL_028_20260209_092720,e_martinez,3578.81,SKILL_028,101.55,Fold a T Shirt,2026-02-09T09:27:20Z,TRUE,04
SKILL_014_20260209_123028,l_aguilera,4564.16,SKILL_014,235.79,Fasten nuts onto bolts,2026-02-09T12:30:29Z,TRUE,05
SKILL_014_20260209_123524,l_aguilera,2726.93,SKILL_014,171.67,Fasten nuts onto bolts,2026-02-09T12:35:24Z,TRUE,05
SKILL_014_20260209_151429,n_mora,2137.56,SKILL_014,139.33,Fasten nuts onto bolts,2026-02-09T15:14:31Z,TRUE,05
SKILL_014_20260209_152004,n_mora,2081.84,SKILL_014,117.44,Fasten nuts onto bolts,2026-02-09T15:20:04Z,TRUE,05
SKILL_021_20260209_094641,c_becerra,1790.11,SKILL_021,159.95,Build Up Box (Mailer),2026-02-09T09:46:41Z,TRUE,05
SKILL_021_20260209_095054,c_becerra,1320.38,SKILL_021,121.99,Build Up Box (Mailer),2026-02-09T09:50:54Z,TRUE,05
SKILL_021_20260209_095403,c_becerra,837.13,SKILL_021,81.15,Build Up Box (Mailer),2026-02-09T09:54:03Z,FALSE,05
SKILL_021_20260209_152444,n_mora,1887.33,SKILL_021,111.08,Build Up Box (Mailer),2026-02-09T15:24:44Z,TRUE,05
SKILL_021_20260209_152739,n_mora,2546.29,SKILL_021,147.03,Build Up Box (Mailer),2026-02-09T15:27:39Z,TRUE,05
SKILL_007_20260209_073333,e_martinez,14585.6,SKILL_007,415.17,Separate tongue depressors by color,2026-02-09T07:33:33Z,TRUE,04
SKILL_025_20260209_102736,c_becerra,3088.9,SKILL_025,168.34,Pack on a paper bag,2026-02-09T10:27:37Z,TRUE,05
SKILL_025_20260209_103150,c_becerra,3439.87,SKILL_025,174.79,Pack on a paper bag,2026-02-09T10:31:50Z,TRUE,05
SKILL_027_20260209_095746,c_becerra,1812.59,SKILL_027,97.14,Build a box and pack an item,2026-02-09T09:57:46Z,TRUE,05
SKILL_027_20260209_100606,c_becerra,1964.11,SKILL_027,107.0,Build a box and pack an item,2026-02-09T10:06:06Z,TRUE,05
SKILL_027_20260209_101029,c_becerra,1286.79,SKILL_027,71.28,Build a box and pack an item,2026-02-09T10:10:29Z,FALSE,05
SKILL_027_20260209_160523,n_mora,3353.86,SKILL_027,223.94,Build a box and pack an item,2026-02-09T16:05:23Z,TRUE,05
SKILL_027_20260209_161333,n_mora,2578.96,SKILL_027,187.3,Build a box and pack an item,2026-02-09T16:13:34Z,TRUE,05
SKILL_027_20260209_161921,n_mora,1917.53,SKILL_027,204.36,Build a box and pack an item,2026-02-09T16:19:21Z,TRUE,05
SKILL_029_20260209_104713,c_becerra,6838.1,SKILL_029,370.04,Button a shirt,2026-02-09T10:47:15Z,TRUE,05
SKILL_030_20260209_155551,n_mora,15.02,SKILL_030,0.96,Fold a shirt,2026-02-09T15:55:51Z,FALSE,05
SKILL_021_20260209_144233,d_vargas,3487.11,SKILL_021,99.46,Build Up Box (Mailer),2026-02-09T14:42:33Z,TRUE,04
SKILL_030_20260209_155626,n_mora,1887.77,SKILL_030,124.0,Fold a shirt,2026-02-09T15:56:26Z,TRUE,05
SKILL_030_20260209_155928,n_mora,1866.79,SKILL_030,118.89,Fold a shirt,2026-02-09T15:59:28Z,TRUE,05
SKILL_030_20260209_160215,n_mora,1537.06,SKILL_030,108.83,Fold a shirt,2026-02-09T16:02:15Z,TRUE,05
SKILL_040_20260209_101335,c_becerra,965.34,SKILL_040,46.37,Fasten a belt,2026-02-09T10:13:35Z,FALSE,05
SKILL_040_20260209_101933,c_becerra,652.16,SKILL_040,33.23,Fasten a belt,2026-02-09T10:19:33Z,FALSE,05
SKILL_040_20260209_102119,c_becerra,1212.19,SKILL_040,60.73,Fasten a belt,2026-02-09T10:21:19Z,FALSE,05
SKILL_001_20260210_121119,n_mora,1639.54,SKILL_001,45.15,Organize beads per color,2026-02-10T12:11:19Z,FALSE,01
SKILL_001_20260210_121343,n_mora,21409.76,SKILL_001,588.39,Organize beads per color,2026-02-10T12:13:43Z,TRUE,01
SKILL_007_20260209_164947,d_vargas,8829.07,SKILL_007,368.54,Separate tongue depressors by color,2026-02-09T16:49:47Z,TRUE,04
SKILL_012_20260210_130336,n_mora,409.11,SKILL_012,11.26,Put pasta in jars,2026-02-10T13:03:36Z,FALSE,01
SKILL_012_20260210_130405,n_mora,6326.95,SKILL_012,175.81,Put pasta in jars,2026-02-10T13:04:05Z,TRUE,01
SKILL_012_20260210_130942,n_mora,4579.77,SKILL_012,127.3,Put pasta in jars,2026-02-10T13:09:42Z,TRUE,01
SKILL_017_20260210_123850,n_mora,6155.05,SKILL_017,172.68,Put pasta in ziploc bags,2026-02-10T12:38:50Z,TRUE,01
SKILL_017_20260210_124315,n_mora,6943.5,SKILL_017,193.08,Put pasta in ziploc bags,2026-02-10T12:43:15Z,TRUE,01
SKILL_017_20260210_124837,n_mora,6707.17,SKILL_017,187.82,Put pasta in ziploc bags,2026-02-10T12:48:37Z,TRUE,01
SKILL_018_20260210_125401,n_mora,4630.66,SKILL_018,128.15,Close bags with twist ties,2026-02-10T12:54:01Z,TRUE,01
SKILL_018_20260210_125958,n_mora,3299.15,SKILL_018,91.81,Close bags with twist ties,2026-02-10T12:59:58Z,TRUE,01
SKILL_026_20260210_131346,n_mora,1086.51,SKILL_026,30.52,Pack on a cardboard box (Present),2026-02-10T13:13:46Z,FALSE,01
SKILL_021_20260209_144509,d_vargas,4236.5,SKILL_021,120.79,Build Up Box (Mailer),2026-02-09T14:45:09Z,TRUE,04
SKILL_032_20260210_131815,n_mora,5505.97,SKILL_032,155.6,Pack up Clothes in a paper bag,2026-02-10T13:18:15Z,TRUE,01
SKILL_034_20260210_132536,n_mora,8801.76,SKILL_034,243.97,Tie Shoelaces,2026-02-10T13:25:36Z,TRUE,01
SKILL_035_20260210_133248,n_mora,617.28,SKILL_035,17.3,Pack shoes in a box,2026-02-10T13:32:48Z,FALSE,01
SKILL_035_20260210_133353,n_mora,1749.25,SKILL_035,48.19,Pack shoes in a box,2026-02-10T13:33:53Z,FALSE,01
SKILL_035_20260210_133857,n_mora,12915.78,SKILL_035,348.93,Pack shoes in a box,2026-02-10T13:38:57Z,TRUE,01
SKILL_035_20260210_134546,n_mora,15296.91,SKILL_035,443.21,Pack shoes in a box,2026-02-10T13:45:46Z,TRUE,01
SKILL_001_20260210_070748,n_mora,24413.43,SKILL_001,650.42,Organize beads per color,2026-02-10T07:07:48Z,TRUE,02
SKILL_001_20260210_072110,n_mora,28230.62,SKILL_001,752.31,Organize beads per color,2026-02-10T07:21:10Z,TRUE,02
SKILL_001_20260210_081300,l_aguilera,24593.05,SKILL_001,661.99,Organize beads per color,2026-02-10T08:13:00Z,TRUE,02
SKILL_007_20260209_124500,d_vargas,18582.49,SKILL_007,497.06,Separate tongue depressors by color,2026-02-09T12:45:00Z,TRUE,04
SKILL_001_20260210_142848,c_becerra,8878.12,SKILL_001,251.28,Organize beads per color,2026-02-10T14:28:50Z,TRUE,02
SKILL_001_20260210_143301,c_becerra,37.37,SKILL_001,0.62,Organize beads per color,2026-02-10T14:33:02Z,FALSE,02
SKILL_001_20260210_143552,c_becerra,16084.41,SKILL_001,460.78,Organize beads per color,2026-02-10T14:35:52Z,TRUE,02
SKILL_002_20260210_073855,n_mora,9471.5,SKILL_002,257.73,Organize beads per character,2026-02-10T07:38:56Z,TRUE,02
SKILL_003_20260210_074526,n_mora,10308.24,SKILL_003,281.77,Organize screwdriver bits,2026-02-10T07:45:26Z,TRUE,02
SKILL_003_20260210_075126,n_mora,8796.57,SKILL_003,239.51,Organize screwdriver bits,2026-02-10T07:51:26Z,TRUE,02
SKILL_003_20260210_082506,l_aguilera,6772.82,SKILL_003,182.94,Organize screwdriver bits,2026-02-10T08:25:06Z,TRUE,02
SKILL_003_20260210_082909,l_aguilera,7513.71,SKILL_003,202.95,Organize screwdriver bits,2026-02-10T08:29:09Z,TRUE,02
SKILL_003_20260210_105022,l_aguilera,8769.56,SKILL_003,231.76,Organize screwdriver bits,2026-02-10T10:50:22Z,TRUE,02
SKILL_005_20260209_072154,e_martinez,248.06,SKILL_005,7.04,Insert allen keys in package,2026-02-09T07:21:54Z,FALSE,04
SKILL_004_20260210_075655,n_mora,2758.48,SKILL_004,74.89,Set Screwdriver package,2026-02-10T07:56:55Z,FALSE,02
SKILL_028_20260209_092448,e_martinez,3960.58,SKILL_028,112.64,Fold a T Shirt,2026-02-09T09:24:48Z,TRUE,04
SKILL_004_20260210_083351,l_aguilera,2021.66,SKILL_004,54.67,Set Screwdriver package,2026-02-10T08:33:51Z,FALSE,02
SKILL_004_20260210_083507,l_aguilera,1650.07,SKILL_004,44.05,Set Screwdriver package,2026-02-10T08:35:07Z,FALSE,02
SKILL_004_20260210_083614,l_aguilera,2077.04,SKILL_004,55.92,Set Screwdriver package,2026-02-10T08:36:14Z,FALSE,02
SKILL_004_20260210_083732,l_aguilera,1870.09,SKILL_004,50.43,Set Screwdriver package,2026-02-10T08:37:32Z,FALSE,02
SKILL_004_20260210_083846,l_aguilera,2634.77,SKILL_004,71.04,Set Screwdriver package,2026-02-10T08:38:46Z,FALSE,02
SKILL_004_20260210_084016,l_aguilera,1879.56,SKILL_004,50.7,Set Screwdriver package,2026-02-10T08:40:16Z,FALSE,02
SKILL_004_20260210_084122,l_aguilera,1858.59,SKILL_004,49.74,Set Screwdriver package,2026-02-10T08:41:22Z,FALSE,02
SKILL_017_20260210_084302,l_aguilera,10490.83,SKILL_017,280.97,Put pasta in ziploc bags,2026-02-10T08:43:02Z,TRUE,02
SKILL_007_20260209_125420,d_vargas,3370.97,SKILL_007,89.63,Separate tongue depressors by color,2026-02-09T12:54:20Z,FALSE,04
SKILL_017_20260210_085328,l_aguilera,2463.99,SKILL_017,67.56,Put pasta in ziploc bags,2026-02-10T08:53:28Z,FALSE,02
SKILL_017_20260210_085537,l_aguilera,6804.95,SKILL_017,183.58,Put pasta in ziploc bags,2026-02-10T08:55:37Z,TRUE,02
SKILL_018_20260210_112056,d_vargas,4578.28,SKILL_018,121.31,Close bags with twist ties,2026-02-10T11:20:56Z,TRUE,02
SKILL_018_20260210_112354,d_vargas,5674.04,SKILL_018,150.56,Close bags with twist ties,2026-02-10T11:23:54Z,TRUE,02
SKILL_001_20260210_141659,e_martinez,23380.57,SKILL_001,629.32,Organize beads per color,2026-02-10T14:16:59Z,TRUE,03
SKILL_001_20260210_150527,d_vargas,21256.82,SKILL_001,589.48,Organize beads per color,2026-02-10T15:05:27Z,TRUE,03
SKILL_002_20260210_070231,e_martinez,22644.71,SKILL_002,597.43,Organize beads per character,2026-02-10T07:02:31Z,TRUE,03
SKILL_004_20260210_075847,n_mora,1791.44,SKILL_004,48.43,Set Screwdriver package,2026-02-10T07:58:47Z,FALSE,02
SKILL_003_20260210_143743,e_martinez,14194.58,SKILL_003,385.34,Organize screwdriver bits,2026-02-10T14:37:43Z,TRUE,03
SKILL_003_20260210_151624,d_vargas,17373.92,SKILL_003,496.01,Organize screwdriver bits,2026-02-10T15:16:24Z,TRUE,03
SKILL_003_20260210_152514,d_vargas,2193.35,SKILL_003,62.5,Organize screwdriver bits,2026-02-10T15:25:14Z,FALSE,03
SKILL_004_20260210_071411,e_martinez,9521.69,SKILL_004,252.56,Set Screwdriver package,2026-02-10T07:14:11Z,TRUE,03
SKILL_004_20260210_071857,e_martinez,15864.02,SKILL_004,421.2,Set Screwdriver package,2026-02-10T07:18:57Z,TRUE,03
SKILL_004_20260210_072655,e_martinez,11011.06,SKILL_004,290.32,Set Screwdriver package,2026-02-10T07:26:55Z,TRUE,03
SKILL_004_20260210_073209,e_martinez,3477.14,SKILL_004,92.37,Set Screwdriver package,2026-02-10T07:32:09Z,TRUE,03
SKILL_004_20260210_073412,e_martinez,6324.06,SKILL_004,166.91,Set Screwdriver package,2026-02-10T07:34:12Z,TRUE,03
SKILL_009_20260209_074318,e_martinez,9843.55,SKILL_009,308.32,Package Cotton set,2026-02-09T07:43:18Z,TRUE,04
SKILL_005_20260210_074131,e_martinez,5799.12,SKILL_005,155.73,Insert allen keys in package,2026-02-10T07:41:31Z,TRUE,03
SKILL_005_20260210_074434,e_martinez,6117.66,SKILL_005,163.34,Insert allen keys in package,2026-02-10T07:44:34Z,TRUE,03
SKILL_005_20260210_144637,e_martinez,5475.86,SKILL_005,153.04,Insert allen keys in package,2026-02-10T14:46:37Z,TRUE,03
SKILL_005_20260210_145017,e_martinez,5201.17,SKILL_005,147.27,Insert allen keys in package,2026-02-10T14:50:17Z,TRUE,03
SKILL_005_20260210_145307,e_martinez,5093.39,SKILL_005,146.23,Insert allen keys in package,2026-02-10T14:53:07Z,TRUE,03
SKILL_005_20260210_152830,d_vargas,17954.43,SKILL_005,490.52,Insert allen keys in package,2026-02-10T15:28:30Z,TRUE,03
SKILL_005_20260210_153922,d_vargas,6602.84,SKILL_005,184.6,Insert allen keys in package,2026-02-10T15:39:22Z,TRUE,03
SKILL_005_20260210_154258,d_vargas,5927.89,SKILL_005,168.26,Insert allen keys in package,2026-02-10T15:42:58Z,TRUE,03
SKILL_013_20260209_141949,d_vargas,4442.48,SKILL_013,147.34,Set up a hand lamp,2026-02-09T14:19:49Z,TRUE,04
SKILL_007_20260210_074814,e_martinez,15427.25,SKILL_007,406.21,Separate tongue depressors by color,2026-02-10T07:48:14Z,TRUE,03
SKILL_007_20260210_075541,e_martinez,10272.88,SKILL_007,271.61,Separate tongue depressors by color,2026-02-10T07:55:41Z,TRUE,03
SKILL_007_20260210_154937,d_vargas,18400.65,SKILL_007,510.37,Separate tongue depressors by color,2026-02-10T15:49:37Z,TRUE,03
SKILL_009_20260210_082925,e_martinez,14618.99,SKILL_009,395.88,Package Cotton set,2026-02-10T08:29:25Z,TRUE,03
SKILL_009_20260210_083627,e_martinez,5677.16,SKILL_009,153.82,Package Cotton set,2026-02-10T08:36:27Z,TRUE,03
SKILL_010_20260210_084039,e_martinez,8530.02,SKILL_010,229.91,Package earphones,2026-02-10T08:40:39Z,TRUE,03
SKILL_010_20260210_164452,d_vargas,7699.03,SKILL_010,215.59,Package earphones,2026-02-10T16:44:53Z,TRUE,03
SKILL_010_20260210_164857,d_vargas,12149.85,SKILL_010,335.48,Package earphones,2026-02-10T16:48:57Z,TRUE,03
SKILL_027_20260209_112241,d_vargas,2294.0,SKILL_027,65.02,Build a box and pack an item,2026-02-09T11:22:41Z,FALSE,04
SKILL_013_20260210_120427,e_martinez,4329.88,SKILL_013,116.18,Set up a hand lamp,2026-02-10T12:04:27Z,TRUE,03
SKILL_014_20260210_121023,e_martinez,17766.4,SKILL_014,487.2,Fasten nuts onto bolts,2026-02-10T12:10:23Z,TRUE,03
SKILL_015_20260210_122023,e_martinez,11042.31,SKILL_015,300.14,Thread a needle,2026-02-10T12:20:23Z,TRUE,03
SKILL_015_20260210_122554,e_martinez,9768.54,SKILL_015,265.2,Thread a needle,2026-02-10T12:25:54Z,TRUE,03
SKILL_017_20260210_123146,e_martinez,9554.52,SKILL_017,258.37,Put pasta in ziploc bags,2026-02-10T12:31:46Z,TRUE,03
SKILL_017_20260210_123634,e_martinez,6411.56,SKILL_017,173.66,Put pasta in ziploc bags,2026-02-10T12:36:34Z,TRUE,03
SKILL_021_20260210_124712,e_martinez,9915.19,SKILL_021,273.84,Build Up Box (Mailer),2026-02-10T12:47:12Z,TRUE,03
SKILL_023_20260210_125345,e_martinez,7187.1,SKILL_023,195.86,Built up box (Present),2026-02-10T12:53:45Z,TRUE,03
SKILL_024_20260210_140908,e_martinez,5960.28,SKILL_024,163.98,Put hooks on shower courtain,2026-02-10T14:09:08Z,TRUE,03
SKILL_009_20260209_081340,d_vargas,2258.46,SKILL_009,113.85,Package Cotton set,2026-02-09T08:13:40Z,TRUE,05
SKILL_024_20260210_141229,e_martinez,5853.3,SKILL_024,161.01,Put hooks on shower courtain,2026-02-10T14:12:29Z,TRUE,03
SKILL_027_20260210_131125,e_martinez,3975.16,SKILL_027,111.51,Build a box and pack an item,2026-02-10T13:11:25Z,TRUE,03
SKILL_027_20260210_131404,e_martinez,2682.48,SKILL_027,76.34,Build a box and pack an item,2026-02-10T13:14:04Z,FALSE,03
SKILL_027_20260210_131633,e_martinez,3184.81,SKILL_027,89.96,Build a box and pack an item,2026-02-10T13:16:33Z,FALSE,03
SKILL_028_20260210_132147,e_martinez,7246.95,SKILL_028,200.76,Fold a T Shirt,2026-02-10T13:21:47Z,TRUE,03
SKILL_028_20260210_132728,e_martinez,7035.35,SKILL_028,193.39,Fold a T Shirt,2026-02-10T13:27:28Z,TRUE,03
SKILL_029_20260210_133303,e_martinez,6111.84,SKILL_029,178.33,Button a shirt,2026-02-10T13:33:03Z,TRUE,03
SKILL_004_20260209_125727,l_aguilera,989.5,SKILL_004,54.36,Set Screwdriver package,2026-02-09T12:57:27Z,FALSE,05
SKILL_033_20260210_134357,e_martinez,8480.19,SKILL_033,226.57,Fold towels,2026-02-10T13:43:57Z,TRUE,03
SKILL_033_20260210_134821,e_martinez,6491.6,SKILL_033,173.91,Fold towels,2026-02-10T13:48:21Z,TRUE,03
SKILL_036_20260210_135325,e_martinez,4195.37,SKILL_036,113.2,Fold Socks,2026-02-10T13:53:25Z,TRUE,03
SKILL_036_20260210_135605,e_martinez,5261.55,SKILL_036,142.58,Fold Socks,2026-02-10T13:56:05Z,TRUE,03
SKILL_040_20260210_140612,e_martinez,1568.53,SKILL_040,43.11,Fasten a belt,2026-02-10T14:06:12Z,FALSE,03
SKILL_001_20260210_071916,d_vargas,11741.95,SKILL_001,346.37,Organize beads per color,2026-02-10T07:19:16Z,TRUE,04
SKILL_001_20260210_090905,d_vargas,20679.02,SKILL_001,566.78,Organize beads per color,2026-02-10T09:09:05Z,TRUE,04
SKILL_001_20260210_132811,l_aguilera,18131.13,SKILL_001,484.22,Organize beads per color,2026-02-10T13:28:12Z,TRUE,04
SKILL_001_20260209_110042,c_becerra,10800.48,SKILL_001,532.44,Organize beads per color,2026-02-09T11:00:42Z,TRUE,05
SKILL_003_20260210_070813,d_vargas,8238.38,SKILL_003,229.29,Organize screwdriver bits,2026-02-10T07:08:13Z,TRUE,04
SKILL_003_20260210_071241,d_vargas,9278.67,SKILL_003,258.23,Organize screwdriver bits,2026-02-10T07:12:41Z,TRUE,04
SKILL_003_20260210_071725,d_vargas,1541.48,SKILL_003,46.85,Organize screwdriver bits,2026-02-10T07:17:25Z,FALSE,04
SKILL_003_20260210_092017,d_vargas,8918.11,SKILL_003,243.39,Organize screwdriver bits,2026-02-10T09:20:17Z,TRUE,04
SKILL_003_20260210_092511,d_vargas,8099.36,SKILL_003,236.21,Organize screwdriver bits,2026-02-10T09:25:11Z,TRUE,04
SKILL_003_20260210_133733,l_aguilera,7664.97,SKILL_003,206.76,Organize screwdriver bits,2026-02-10T13:37:33Z,TRUE,04
SKILL_003_20260210_134258,l_aguilera,6286.24,SKILL_003,183.43,Organize screwdriver bits,2026-02-10T13:42:58Z,TRUE,04
SKILL_003_20260210_134637,l_aguilera,6612.78,SKILL_003,194.56,Organize screwdriver bits,2026-02-10T13:46:37Z,TRUE,04
SKILL_012_20260209_144259,n_mora,2670.18,SKILL_012,141.92,Put pasta in jars,2026-02-09T14:42:59Z,TRUE,05
SKILL_005_20260210_073349,d_vargas,8603.0,SKILL_005,234.24,Insert allen keys in package,2026-02-10T07:33:49Z,TRUE,04
SKILL_005_20260210_073744,d_vargas,32.74,SKILL_005,0.9,Insert allen keys in package,2026-02-10T07:37:44Z,FALSE,04
SKILL_005_20260210_073824,d_vargas,3.78,SKILL_005,0.02,Insert allen keys in package,2026-02-10T07:38:33Z,FALSE,04
SKILL_005_20260210_093621,d_vargas,75.38,SKILL_005,1.44,Insert allen keys in package,2026-02-10T09:36:22Z,FALSE,04
SKILL_005_20260210_093652,d_vargas,114.64,SKILL_005,3.08,Insert allen keys in package,2026-02-10T09:36:52Z,FALSE,04
SKILL_005_20260210_093659,d_vargas,7007.2,SKILL_005,190.43,Insert allen keys in package,2026-02-10T09:36:59Z,TRUE,04
SKILL_005_20260210_094039,d_vargas,7711.84,SKILL_005,212.96,Insert allen keys in package,2026-02-10T09:40:39Z,TRUE,04
SKILL_005_20260210_094429,d_vargas,2771.3,SKILL_005,76.62,Insert allen keys in package,2026-02-10T09:44:29Z,FALSE,04
SKILL_005_20260210_135621,l_aguilera,8213.65,SKILL_005,221.46,Insert allen keys in package,2026-02-10T13:56:21Z,TRUE,04
SKILL_011_20260209_082010,d_vargas,6012.54,SKILL_011,302.8,Package plastic ice cubes,2026-02-09T08:20:10Z,TRUE,05
SKILL_005_20260210_154524,l_aguilera,7901.21,SKILL_005,218.82,Insert allen keys in package,2026-02-10T15:45:25Z,TRUE,04
SKILL_005_20260210_154946,l_aguilera,8845.31,SKILL_005,254.08,Insert allen keys in package,2026-02-10T15:49:46Z,TRUE,04
SKILL_007_20260210_074215,d_vargas,14749.02,SKILL_007,474.99,Separate tongue depressors by color,2026-02-10T07:42:16Z,TRUE,04
SKILL_007_20260210_160036,l_aguilera,9376.01,SKILL_007,267.53,Separate tongue depressors by color,2026-02-10T16:00:36Z,TRUE,04
SKILL_009_20260210_075238,d_vargas,6157.01,SKILL_009,167.25,Package Cotton set,2026-02-10T07:52:38Z,TRUE,04
SKILL_009_20260210_075552,d_vargas,5859.22,SKILL_009,159.79,Package Cotton set,2026-02-10T07:55:52Z,TRUE,04
SKILL_009_20260210_075911,d_vargas,2018.89,SKILL_009,57.26,Package Cotton set,2026-02-10T07:59:11Z,FALSE,04
SKILL_014_20260209_092145,c_becerra,3213.07,SKILL_014,184.84,Fasten nuts onto bolts,2026-02-09T09:21:45Z,TRUE,05
SKILL_009_20260210_094653,d_vargas,6194.1,SKILL_009,168.52,Package Cotton set,2026-02-10T09:46:53Z,TRUE,04
SKILL_009_20260210_095024,d_vargas,7995.3,SKILL_009,220.03,Package Cotton set,2026-02-10T09:50:24Z,TRUE,04
SKILL_009_20260210_095447,d_vargas,4545.51,SKILL_009,126.28,Package Cotton set,2026-02-10T09:54:47Z,TRUE,04
SKILL_009_20260210_102715,n_mora,8548.83,SKILL_009,228.38,Package Cotton set,2026-02-10T10:27:15Z,TRUE,04
SKILL_009_20260210_140600,l_aguilera,13200.91,SKILL_009,354.08,Package Cotton set,2026-02-10T14:06:00Z,TRUE,04
SKILL_009_20260210_161003,l_aguilera,13382.22,SKILL_009,393.2,Package Cotton set,2026-02-10T16:10:03Z,TRUE,04
SKILL_010_20260210_084642,d_vargas,9229.13,SKILL_010,250.42,Package earphones,2026-02-10T08:46:42Z,TRUE,04
SKILL_010_20260210_085142,d_vargas,5513.19,SKILL_010,200.26,Package earphones,2026-02-10T08:51:42Z,TRUE,04
SKILL_005_20260209_122636,l_aguilera,3876.03,SKILL_005,194.81,Insert allen keys in package,2026-02-09T12:26:37Z,TRUE,05
SKILL_012_20260210_080901,d_vargas,5909.81,SKILL_012,158.2,Put pasta in jars,2026-02-10T08:09:01Z,TRUE,04
SKILL_012_20260210_081159,d_vargas,3763.15,SKILL_012,129.5,Put pasta in jars,2026-02-10T08:11:59Z,TRUE,04
SKILL_012_20260210_081434,d_vargas,5321.28,SKILL_012,142.83,Put pasta in jars,2026-02-10T08:14:34Z,TRUE,04
SKILL_012_20260210_081727,d_vargas,5231.57,SKILL_012,140.68,Put pasta in jars,2026-02-10T08:17:27Z,TRUE,04
SKILL_012_20260210_142122,l_aguilera,5495.17,SKILL_012,145.78,Put pasta in jars,2026-02-10T14:21:22Z,TRUE,04
SKILL_012_20260210_142418,l_aguilera,4267.05,SKILL_012,114.3,Put pasta in jars,2026-02-10T14:24:18Z,TRUE,04
SKILL_012_20260210_142731,l_aguilera,4535.86,SKILL_012,120.28,Put pasta in jars,2026-02-10T14:27:31Z,TRUE,04
SKILL_012_20260210_161730,l_aguilera,4936.39,SKILL_012,134.61,Put pasta in jars,2026-02-10T16:17:30Z,TRUE,04
SKILL_025_20260209_102401,c_becerra,2905.64,SKILL_025,152.88,Pack on a paper bag,2026-02-09T10:24:01Z,TRUE,05
SKILL_012_20260210_162534,l_aguilera,4172.04,SKILL_012,112.39,Put pasta in jars,2026-02-10T16:25:34Z,TRUE,04
SKILL_013_20260210_082048,d_vargas,46.87,SKILL_013,1.31,Set up a hand lamp,2026-02-10T08:20:48Z,FALSE,04
SKILL_013_20260210_082102,d_vargas,27.73,SKILL_013,0.4,Set up a hand lamp,2026-02-10T08:21:02Z,FALSE,04
SKILL_013_20260210_082103,d_vargas,0.06,SKILL_013,0.01,Set up a hand lamp,2026-02-10T08:21:03Z,FALSE,04
SKILL_013_20260210_082105,d_vargas,0.04,SKILL_013,0.01,Set up a hand lamp,2026-02-10T08:21:05Z,FALSE,04
SKILL_013_20260210_082518,d_vargas,3844.47,SKILL_013,103.87,Set up a hand lamp,2026-02-10T08:25:19Z,TRUE,04
SKILL_013_20260210_082746,d_vargas,5463.7,SKILL_013,148.64,Set up a hand lamp,2026-02-10T08:27:46Z,TRUE,04
SKILL_013_20260210_083140,d_vargas,4366.16,SKILL_013,119.8,Set up a hand lamp,2026-02-10T08:31:40Z,TRUE,04
SKILL_013_20260210_101445,n_mora,3661.57,SKILL_013,99.97,Set up a hand lamp,2026-02-10T10:14:45Z,TRUE,04
SKILL_030_20260209_155308,n_mora,2387.93,SKILL_030,161.1,Fold a shirt,2026-02-09T15:53:10Z,TRUE,05
SKILL_013_20260210_101656,n_mora,4594.42,SKILL_013,125.99,Set up a hand lamp,2026-02-10T10:16:56Z,TRUE,04
SKILL_013_20260210_102046,n_mora,3254.07,SKILL_013,92.5,Set up a hand lamp,2026-02-10T10:20:46Z,TRUE,04
SKILL_013_20260210_102324,n_mora,3613.89,SKILL_013,97.86,Set up a hand lamp,2026-02-10T10:23:24Z,TRUE,04
SKILL_001_20260210_122519,n_mora,19864.82,SKILL_001,545.26,Organize beads per color,2026-02-10T12:25:19Z,TRUE,01
SKILL_001_20260210_103646,l_aguilera,23421.17,SKILL_001,699.9,Organize beads per color,2026-02-10T10:36:46Z,TRUE,02
SKILL_003_20260210_105553,l_aguilera,5905.97,SKILL_003,152.68,Organize screwdriver bits,2026-02-10T10:55:53Z,TRUE,02
SKILL_026_20260210_131508,n_mora,1357.14,SKILL_026,38.27,Pack on a cardboard box (Present),2026-02-10T13:15:09Z,FALSE,01
SKILL_017_20260210_084814,l_aguilera,10465.99,SKILL_017,282.67,Put pasta in ziploc bags,2026-02-10T08:48:14Z,TRUE,02
SKILL_003_20260210_143319,e_martinez,6459.9,SKILL_003,175.94,Organize screwdriver bits,2026-02-10T14:33:19Z,TRUE,03
SKILL_005_20260210_154615,d_vargas,5266.99,SKILL_005,152.61,Insert allen keys in package,2026-02-10T15:46:15Z,TRUE,03
SKILL_023_20260210_125741,e_martinez,3433.88,SKILL_023,93.3,Built up box (Present),2026-02-10T12:57:41Z,TRUE,03
SKILL_013_20260210_120238,e_martinez,2586.46,SKILL_013,70.5,Set up a hand lamp,2026-02-10T12:02:38Z,FALSE,03
SKILL_005_20260210_073830,e_martinez,5924.74,SKILL_005,157.61,Insert allen keys in package,2026-02-10T07:38:30Z,TRUE,03
SKILL_029_20260210_133835,e_martinez,7082.95,SKILL_029,183.07,Button a shirt,2026-02-10T13:38:35Z,TRUE,03
SKILL_001_20260210_164706,l_aguilera,11358.32,SKILL_001,406.47,Organize beads per color,2026-02-10T16:47:07Z,TRUE,04
SKILL_009_20260210_094641,d_vargas,103.65,SKILL_009,2.88,Package Cotton set,2026-02-10T09:46:41Z,FALSE,04
SKILL_010_20260210_085535,d_vargas,4366.65,SKILL_010,151.98,Package earphones,2026-02-10T08:55:35Z,TRUE,04
SKILL_012_20260210_162009,l_aguilera,4760.74,SKILL_012,128.53,Put pasta in jars,2026-02-10T16:20:09Z,TRUE,04
SKILL_005_20260210_072944,d_vargas,7659.36,SKILL_005,208.86,Insert allen keys in package,2026-02-10T07:29:45Z,TRUE,04
SKILL_013_20260210_083412,d_vargas,1888.41,SKILL_013,51.42,Set up a hand lamp,2026-02-10T08:34:12Z,FALSE,04
SKILL_005_20260210_135124,l_aguilera,7243.88,SKILL_005,216.65,Insert allen keys in package,2026-02-10T13:51:24Z,TRUE,04
SKILL_003_20260210_082255,c_becerra,3534.68,SKILL_003,189.23,Organize screwdriver bits,2026-02-10T08:22:55Z,TRUE,05
SKILL_001_20260210_121157,d_vargas,9222.28,SKILL_001,548.7,Organize beads per color,2026-02-10T12:11:58Z,TRUE,05
SKILL_001_20260210_094820,n_mora,6394.59,SKILL_001,359.14,Organize beads per color,2026-02-10T09:48:22Z,TRUE,05
SKILL_001_20260210_093047,n_mora,7834.53,SKILL_001,448.01,Organize beads per color,2026-02-10T09:30:47Z,TRUE,05
SKILL_001_20260210_070828,c_becerra,8897.62,SKILL_001,478.96,Organize beads per color,2026-02-10T07:08:29Z,TRUE,05
SKILL_014_20260210_164046,l_aguilera,5502.87,SKILL_014,168.78,Fasten nuts onto bolts,2026-02-10T16:40:46Z,TRUE,04
SKILL_014_20260210_101040,n_mora,4840.71,SKILL_014,150.89,Fasten nuts onto bolts,2026-02-10T10:10:40Z,TRUE,04
SKILL_014_20260210_100732,n_mora,5134.28,SKILL_014,140.95,Fasten nuts onto bolts,2026-02-10T10:07:32Z,TRUE,04
SKILL_014_20260210_084359,d_vargas,2376.75,SKILL_014,64.87,Fasten nuts onto bolts,2026-02-10T08:43:59Z,FALSE,04
SKILL_014_20260210_084058,d_vargas,4723.85,SKILL_014,138.88,Fasten nuts onto bolts,2026-02-10T08:40:58Z,TRUE,04
SKILL_014_20260210_083542,d_vargas,1985.27,SKILL_014,60.74,Fasten nuts onto bolts,2026-02-10T08:35:42Z,FALSE,04
SKILL_013_20260210_144229,l_aguilera,5784.8,SKILL_013,158.67,Set up a hand lamp,2026-02-10T14:42:30Z,TRUE,04
SKILL_013_20260210_162809,l_aguilera,2912.62,SKILL_013,87.16,Set up a hand lamp,2026-02-10T16:28:09Z,FALSE,04
SKILL_013_20260210_143444,l_aguilera,160.05,SKILL_013,4.26,Set up a hand lamp,2026-02-10T14:34:44Z,FALSE,04
SKILL_013_20260210_143101,l_aguilera,5438.93,SKILL_013,147.19,Set up a hand lamp,2026-02-10T14:31:01Z,TRUE,04
SKILL_013_20260210_102608,n_mora,107.78,SKILL_013,2.98,Set up a hand lamp,2026-02-10T10:26:08Z,FALSE,04
SKILL_005_20260210_124829,d_vargas,4763.55,SKILL_005,238.06,Insert allen keys in package,2026-02-10T12:48:30Z,TRUE,05
SKILL_005_20260210_124211,d_vargas,101.38,SKILL_005,5.24,Insert allen keys in package,2026-02-10T12:42:11Z,FALSE,05
SKILL_005_20260210_123926,d_vargas,1605.06,SKILL_005,116.82,Insert allen keys in package,2026-02-10T12:39:26Z,TRUE,05
SKILL_005_20260210_104401,c_becerra,7906.36,SKILL_005,335.68,Insert allen keys in package,2026-02-10T10:44:01Z,TRUE,05
SKILL_005_20260210_104257,c_becerra,242.42,SKILL_005,8.64,Insert allen keys in package,2026-02-10T10:42:58Z,FALSE,05
SKILL_005_20260210_092735,n_mora,2280.69,SKILL_005,135.54,Insert allen keys in package,2026-02-10T09:27:35Z,TRUE,05
SKILL_005_20260210_092428,n_mora,2279.05,SKILL_005,134.0,Insert allen keys in package,2026-02-10T09:24:28Z,TRUE,05
SKILL_005_20260210_091753,n_mora,2347.58,SKILL_005,130.58,Insert allen keys in package,2026-02-10T09:17:53Z,TRUE,05
SKILL_005_20260210_091347,n_mora,70.29,SKILL_005,0.97,Insert allen keys in package,2026-02-10T09:13:49Z,FALSE,05
SKILL_005_20260210_072215,c_becerra,4620.49,SKILL_005,259.06,Insert allen keys in package,2026-02-10T07:22:15Z,TRUE,05
SKILL_005_20260210_071742,c_becerra,4434.8,SKILL_005,243.56,Insert allen keys in package,2026-02-10T07:17:42Z,TRUE,05
SKILL_003_20260210_123158,d_vargas,4886.18,SKILL_003,234.31,Organize screwdriver bits,2026-02-10T12:31:58Z,TRUE,05
SKILL_003_20260210_082706,c_becerra,2357.93,SKILL_003,119.85,Organize screwdriver bits,2026-02-10T08:27:06Z,TRUE,05
SKILL_003_20260210_122656,d_vargas,4531.13,SKILL_003,233.48,Organize screwdriver bits,2026-02-10T12:26:57Z,TRUE,05
SKILL_003_20260210_101541,c_becerra,2982.9,SKILL_003,181.45,Organize screwdriver bits,2026-02-10T10:15:41Z,TRUE,05
SKILL_009_20260210_132250,d_vargas,3460.61,SKILL_009,185.23,Package Cotton set,2026-02-10T13:22:50Z,TRUE,05
SKILL_012_20260210_105251,c_becerra,2428.53,SKILL_012,114.1,Put pasta in jars,2026-02-10T10:52:52Z,TRUE,05
SKILL_009_20260210_132639,d_vargas,1711.04,SKILL_009,90.21,Package Cotton set,2026-02-10T13:26:39Z,TRUE,05
SKILL_012_20260210_105844,c_becerra,2668.63,SKILL_012,141.06,Put pasta in jars,2026-02-10T10:58:45Z,TRUE,05
SKILL_012_20260210_110217,c_becerra,3352.55,SKILL_012,160.68,Put pasta in jars,2026-02-10T11:02:17Z,TRUE,05
SKILL_012_20260210_110609,c_becerra,3622.2,SKILL_012,178.36,Put pasta in jars,2026-02-10T11:06:09Z,TRUE,05
SKILL_012_20260210_111104,c_becerra,1831.3,SKILL_012,93.89,Put pasta in jars,2026-02-10T11:11:04Z,TRUE,05
SKILL_012_20260210_134507,d_vargas,3313.44,SKILL_012,201.63,Put pasta in jars,2026-02-10T13:45:07Z,TRUE,05
SKILL_009_20260210_131612,d_vargas,3646.7,SKILL_009,198.93,Package Cotton set,2026-02-10T13:16:12Z,TRUE,05
SKILL_009_20260210_131607,d_vargas,46.27,SKILL_009,0.58,Package Cotton set,2026-02-10T13:16:08Z,FALSE,05
SKILL_009_20260210_120746,c_becerra,1020.34,SKILL_009,44.6,Package Cotton set,2026-02-10T12:07:47Z,FALSE,05
SKILL_009_20260210_112219,c_becerra,9029.13,SKILL_009,452.03,Package Cotton set,2026-02-10T11:22:19Z,TRUE,05
SKILL_013_20260210_111650,c_becerra,3554.13,SKILL_013,177.33,Set up a hand lamp,2026-02-10T11:16:50Z,TRUE,05
SKILL_013_20260210_081113,c_becerra,1838.56,SKILL_013,170.1,Set up a hand lamp,2026-02-10T08:11:13Z,TRUE,05
SKILL_013_20260210_111300,c_becerra,3511.64,SKILL_013,170.72,Set up a hand lamp,2026-02-10T11:13:00Z,TRUE,05
SKILL_013_20260210_075347,c_becerra,2873.65,SKILL_013,261.0,Set up a hand lamp,2026-02-10T07:53:47Z,TRUE,05
SKILL_013_20260210_074947,c_becerra,2058.61,SKILL_013,185.07,Set up a hand lamp,2026-02-10T07:49:47Z,TRUE,05
SKILL_014_20260210_095836,n_mora,2742.97,SKILL_014,143.04,Fasten nuts onto bolts,2026-02-10T09:58:36Z,TRUE,05
SKILL_013_20260210_135602,d_vargas,2164.21,SKILL_013,105.05,Set up a hand lamp,2026-02-10T13:56:02Z,TRUE,05
SKILL_014_20260210_100059,n_mora,23.33,SKILL_014,1.36,Fasten nuts onto bolts,2026-02-10T10:00:59Z,FALSE,05
SKILL_014_20260210_100209,n_mora,2259.29,SKILL_014,115.86,Fasten nuts onto bolts,2026-02-10T10:02:09Z,TRUE,05
SKILL_021_20260210_141018,d_vargas,4409.44,SKILL_021,195.66,Build Up Box (Mailer),2026-02-10T14:10:19Z,TRUE,05
SKILL_021_20260210_141426,d_vargas,3787.96,SKILL_021,169.16,Build Up Box (Mailer),2026-02-10T14:14:26Z,TRUE,05
SKILL_023_20260210_142706,d_vargas,1921.98,SKILL_023,95.65,Built up box (Present),2026-02-10T14:27:06Z,TRUE,05
SKILL_013_20260210_135321,d_vargas,2342.28,SKILL_013,115.32,Set up a hand lamp,2026-02-10T13:53:21Z,TRUE,05
SKILL_023_20260210_142948,d_vargas,1482.02,SKILL_023,76.7,Built up box (Present),2026-02-10T14:29:48Z,FALSE,05
SKILL_023_20260210_143228,d_vargas,1967.97,SKILL_023,101.12,Built up box (Present),2026-02-10T14:32:28Z,TRUE,05
SKILL_023_20260210_143510,d_vargas,1748.94,SKILL_023,84.19,Built up box (Present),2026-02-10T14:35:10Z,FALSE,05
SKILL_025_20260210_144504,d_vargas,5313.15,SKILL_025,256.23,Pack on a paper bag,2026-02-10T14:45:05Z,TRUE,05
SKILL_025_20260210_145424,d_vargas,4163.16,SKILL_025,202.47,Pack on a paper bag,2026-02-10T14:54:24Z,TRUE,05
SKILL_007_20260210_132947,d_vargas,11725.58,SKILL_007,573.15,Separate tongue depressors by color,2026-02-10T13:29:47Z,TRUE,05
SKILL_007_20260210_102927,c_becerra,8317.56,SKILL_007,411.98,Separate tongue depressors by color,2026-02-10T10:29:28Z,TRUE,05
SKILL_007_20260210_102559,c_becerra,59.11,SKILL_007,6.72,Separate tongue depressors by color,2026-02-10T10:25:59Z,FALSE,05
SKILL_001_20260211_121336,e_martinez,16085.57,SKILL_001,447.09,Organize beads per color,2026-02-11T12:13:37Z,TRUE,01
SKILL_001_20260211_120539,e_martinez,10341.22,SKILL_001,296.11,Organize beads per color,2026-02-11T12:05:40Z,TRUE,01
SKILL_001_20260211_071240,l_aguilera,17008.24,SKILL_001,444.63,Organize beads per color,2026-02-11T07:12:40Z,TRUE,01
SKILL_009_20260210_072818,c_becerra,9988.28,SKILL_009,569.3,Package Cotton set,2026-02-10T07:28:18Z,TRUE,05
SKILL_003_20260211_111412,e_martinez,1563.91,SKILL_003,44.96,Organize screwdriver bits,2026-02-11T11:14:12Z,FALSE,01
SKILL_009_20260210_073804,c_becerra,6513.11,SKILL_009,517.29,Package Cotton set,2026-02-10T07:38:04Z,TRUE,05
SKILL_003_20260211_072445,l_aguilera,7453.84,SKILL_003,193.27,Organize screwdriver bits,2026-02-11T07:24:45Z,TRUE,01
SKILL_003_20260211_145944,d_vargas,16469.74,SKILL_003,537.09,Organize screwdriver bits,2026-02-11T14:59:45Z,TRUE,01
SKILL_003_20260211_150848,d_vargas,2033.87,SKILL_003,59.6,Organize screwdriver bits,2026-02-11T15:08:50Z,FALSE,01
SKILL_004_20260211_142814,e_martinez,18155.26,SKILL_004,492.07,Set Screwdriver package,2026-02-11T14:28:14Z,TRUE,01
SKILL_007_20260211_073058,l_aguilera,20970.32,SKILL_007,545.31,Separate tongue depressors by color,2026-02-11T07:30:58Z,TRUE,01
SKILL_007_20260211_134909,e_martinez,18717.33,SKILL_007,548.85,Separate tongue depressors by color,2026-02-11T13:49:09Z,TRUE,01
SKILL_007_20260211_151058,d_vargas,18055.5,SKILL_007,548.83,Separate tongue depressors by color,2026-02-11T15:10:58Z,TRUE,01
SKILL_003_20260211_112508,e_martinez,7348.09,SKILL_003,223.55,Organize screwdriver bits,2026-02-11T11:25:08Z,TRUE,01
SKILL_007_20260211_152123,d_vargas,17664.49,SKILL_007,526.37,Separate tongue depressors by color,2026-02-11T15:21:23Z,TRUE,01
SKILL_010_20260211_074408,l_aguilera,12555.15,SKILL_010,323.34,Package earphones,2026-02-11T07:44:08Z,TRUE,01
SKILL_010_20260211_105017,e_martinez,8970.95,SKILL_010,270.46,Package earphones,2026-02-11T10:50:17Z,TRUE,01
SKILL_010_20260211_141723,e_martinez,13627.78,SKILL_010,372.74,Package earphones,2026-02-11T14:17:23Z,TRUE,01
SKILL_010_20260211_153447,d_vargas,6008.0,SKILL_010,158.76,Package earphones,2026-02-11T15:34:47Z,TRUE,01
SKILL_003_20260211_072036,l_aguilera,8708.27,SKILL_003,226.98,Organize screwdriver bits,2026-02-11T07:20:36Z,TRUE,01
SKILL_012_20260211_075103,l_aguilera,12597.41,SKILL_012,323.85,Put pasta in jars,2026-02-11T07:51:03Z,TRUE,01
SKILL_012_20260211_075800,l_aguilera,2547.07,SKILL_012,66.57,Put pasta in jars,2026-02-11T07:58:00Z,FALSE,01
SKILL_012_20260211_122752,e_martinez,15741.38,SKILL_012,420.38,Put pasta in jars,2026-02-11T12:27:52Z,TRUE,01
SKILL_012_20260211_123637,e_martinez,7786.44,SKILL_012,214.14,Put pasta in jars,2026-02-11T12:36:37Z,TRUE,01
SKILL_001_20260210_093920,n_mora,199.78,SKILL_001,16.86,Organize beads per color,2026-02-10T09:39:20Z,FALSE,05
SKILL_017_20260211_080721,l_aguilera,10990.04,SKILL_017,295.66,Put pasta in ziploc bags,2026-02-11T08:07:21Z,TRUE,01
SKILL_017_20260211_081252,l_aguilera,13984.78,SKILL_017,398.95,Put pasta in ziploc bags,2026-02-11T08:12:53Z,TRUE,01
SKILL_017_20260211_102924,e_martinez,12220.2,SKILL_017,356.62,Put pasta in ziploc bags,2026-02-11T10:29:24Z,TRUE,01
SKILL_017_20260211_103611,e_martinez,8630.67,SKILL_017,263.29,Put pasta in ziploc bags,2026-02-11T10:36:12Z,TRUE,01
SKILL_017_20260211_105754,e_martinez,6929.97,SKILL_017,196.58,Put pasta in ziploc bags,2026-02-11T10:57:55Z,TRUE,01
SKILL_017_20260211_130732,e_martinez,6182.51,SKILL_017,176.64,Put pasta in ziploc bags,2026-02-11T13:07:32Z,TRUE,01
SKILL_007_20260210_081617,c_becerra,6375.01,SKILL_007,334.78,Separate tongue depressors by color,2026-02-10T08:16:17Z,TRUE,05
SKILL_007_20260210_102125,c_becerra,4090.89,SKILL_007,267.82,Separate tongue depressors by color,2026-02-10T10:21:25Z,TRUE,05
SKILL_018_20260211_083152,l_aguilera,12795.18,SKILL_018,377.24,Close bags with twist ties,2026-02-11T08:31:52Z,TRUE,01
SKILL_014_20260210_163632,l_aguilera,6461.29,SKILL_014,203.98,Fasten nuts onto bolts,2026-02-10T16:36:33Z,TRUE,04
SKILL_014_20260210_083725,d_vargas,5413.26,SKILL_014,146.92,Fasten nuts onto bolts,2026-02-10T08:37:25Z,TRUE,04
SKILL_017_20260211_110507,e_martinez,8580.69,SKILL_017,246.64,Put pasta in ziploc bags,2026-02-11T11:05:07Z,TRUE,01
SKILL_018_20260211_133710,e_martinez,12994.68,SKILL_018,400.28,Close bags with twist ties,2026-02-11T13:37:10Z,TRUE,01
SKILL_017_20260211_131149,e_martinez,11437.08,SKILL_017,306.34,Put pasta in ziploc bags,2026-02-11T13:11:49Z,TRUE,01
SKILL_007_20260210_081559,c_becerra,32.59,SKILL_007,3.0,Separate tongue depressors by color,2026-02-10T08:15:59Z,FALSE,05
SKILL_019_20260211_082232,l_aguilera,1013.54,SKILL_019,29.13,Put pasta in plastic containers,2026-02-11T08:22:33Z,FALSE,01
SKILL_013_20260210_135058,d_vargas,2356.21,SKILL_013,109.01,Set up a hand lamp,2026-02-10T13:50:59Z,TRUE,05
SKILL_003_20260210_101124,c_becerra,3561.23,SKILL_003,208.11,Organize screwdriver bits,2026-02-10T10:11:25Z,TRUE,05
SKILL_023_20260211_144009,e_martinez,7213.35,SKILL_023,197.21,Built up box (Present),2026-02-11T14:40:09Z,TRUE,01
SKILL_019_20260211_082705,l_aguilera,8186.3,SKILL_019,220.35,Put pasta in plastic containers,2026-02-11T08:27:05Z,TRUE,01
SKILL_009_20260210_132007,d_vargas,2413.7,SKILL_009,130.91,Package Cotton set,2026-02-10T13:20:07Z,TRUE,05
SKILL_012_20260210_134108,d_vargas,3821.37,SKILL_012,183.14,Put pasta in jars,2026-02-10T13:41:09Z,TRUE,05
SKILL_013_20260210_135808,d_vargas,842.83,SKILL_013,61.12,Set up a hand lamp,2026-02-10T13:58:08Z,FALSE,05
SKILL_023_20260210_142402,d_vargas,2288.46,SKILL_023,113.93,Built up box (Present),2026-02-10T14:24:04Z,TRUE,05
SKILL_005_20260210_092116,n_mora,2473.78,SKILL_005,147.45,Insert allen keys in package,2026-02-10T09:21:16Z,TRUE,05
SKILL_025_20260210_145030,d_vargas,4096.75,SKILL_025,194.26,Pack on a paper bag,2026-02-10T14:50:30Z,TRUE,05
SKILL_001_20260211_135226,d_vargas,7387.58,SKILL_001,209.09,Organize beads per color,2026-02-11T13:52:26Z,TRUE,02
SKILL_001_20260211_080731,e_martinez,24729.27,SKILL_001,631.8,Organize beads per color,2026-02-11T08:07:32Z,TRUE,02
SKILL_036_20260211_125632,e_martinez,10054.65,SKILL_036,271.3,Fold Socks,2026-02-11T12:56:32Z,TRUE,01
SKILL_036_20260211_102025,e_martinez,12452.62,SKILL_036,359.67,Fold Socks,2026-02-11T10:20:25Z,TRUE,01
SKILL_036_20260211_084135,l_aguilera,17211.37,SKILL_036,471.61,Fold Socks,2026-02-11T08:41:35Z,TRUE,01
SKILL_029_20260211_141256,e_martinez,5616.56,SKILL_029,152.41,Button a shirt,2026-02-11T14:12:56Z,TRUE,01
SKILL_029_20260211_141019,e_martinez,4633.66,SKILL_029,125.67,Button a shirt,2026-02-11T14:10:19Z,TRUE,01
SKILL_029_20260211_124912,e_martinez,8084.93,SKILL_029,215.55,Button a shirt,2026-02-11T12:49:12Z,TRUE,01
SKILL_029_20260211_124311,e_martinez,9212.26,SKILL_029,245.48,Button a shirt,2026-02-11T12:43:11Z,TRUE,01
SKILL_029_20260211_104204,e_martinez,8308.48,SKILL_029,272.63,Button a shirt,2026-02-11T10:42:06Z,TRUE,01
SKILL_028_20260211_085708,l_aguilera,5764.35,SKILL_028,145.17,Fold a T Shirt,2026-02-11T08:57:08Z,TRUE,01
SKILL_028_20260211_085321,l_aguilera,8024.4,SKILL_028,199.69,Fold a T Shirt,2026-02-11T08:53:21Z,TRUE,01
SKILL_018_20260211_125110,d_vargas,12350.55,SKILL_018,389.28,Close bags with twist ties,2026-02-11T12:51:10Z,TRUE,02
SKILL_012_20260211_134621,d_vargas,12727.3,SKILL_012,343.61,Put pasta in jars,2026-02-11T13:46:21Z,TRUE,02
SKILL_012_20260211_133902,d_vargas,14934.53,SKILL_012,384.18,Put pasta in jars,2026-02-11T13:39:03Z,TRUE,02
SKILL_012_20260211_084138,e_martinez,16053.05,SKILL_012,399.85,Put pasta in jars,2026-02-11T08:41:38Z,TRUE,02
SKILL_029_20260211_132355,d_vargas,15990.18,SKILL_029,428.3,Button a shirt,2026-02-11T13:23:55Z,TRUE,02
SKILL_023_20260211_141517,d_vargas,7740.01,SKILL_023,216.59,Built up box (Present),2026-02-11T14:15:17Z,TRUE,02
SKILL_023_20260211_141038,d_vargas,5963.49,SKILL_023,162.73,Built up box (Present),2026-02-11T14:10:38Z,TRUE,02
SKILL_023_20260211_141919,d_vargas,2453.71,SKILL_023,67.67,Built up box (Present),2026-02-11T14:19:20Z,FALSE,02
SKILL_001_20260211_094041,c_becerra,22221.84,SKILL_001,581.9,Organize beads per color,2026-02-11T09:40:41Z,TRUE,03
SKILL_003_20260211_072818,l_aguilera,2788.3,SKILL_003,71.95,Organize screwdriver bits,2026-02-11T07:28:18Z,FALSE,01
SKILL_001_20260211_140242,c_becerra,18454.69,SKILL_001,480.27,Organize beads per color,2026-02-11T14:02:42Z,TRUE,03
SKILL_001_20260211_154207,d_vargas,19033.87,SKILL_001,492.48,Organize beads per color,2026-02-11T15:42:07Z,TRUE,03
SKILL_003_20260211_073028,c_becerra,14414.05,SKILL_003,387.89,Organize screwdriver bits,2026-02-11T07:30:28Z,TRUE,03
SKILL_003_20260211_095218,c_becerra,13593.37,SKILL_003,357.84,Organize screwdriver bits,2026-02-11T09:52:18Z,TRUE,03
SKILL_003_20260211_141145,c_becerra,15415.5,SKILL_003,405.68,Organize screwdriver bits,2026-02-11T14:11:45Z,TRUE,03
SKILL_003_20260211_155148,d_vargas,2879.09,SKILL_003,75.31,Organize screwdriver bits,2026-02-11T15:51:48Z,FALSE,03
SKILL_003_20260211_155319,d_vargas,15565.74,SKILL_003,407.54,Organize screwdriver bits,2026-02-11T15:53:19Z,TRUE,03
SKILL_004_20260211_073820,c_becerra,12474.38,SKILL_004,327.85,Set Screwdriver package,2026-02-11T07:38:20Z,TRUE,03
SKILL_018_20260211_125842,d_vargas,3367.71,SKILL_018,90.97,Close bags with twist ties,2026-02-11T12:58:42Z,TRUE,02
SKILL_010_20260211_124049,d_vargas,19501.1,SKILL_010,558.4,Package earphones,2026-02-11T12:40:49Z,TRUE,02
SKILL_007_20260211_085149,e_martinez,18067.27,SKILL_007,431.29,Separate tongue depressors by color,2026-02-11T08:51:49Z,TRUE,02
SKILL_003_20260211_122937,d_vargas,21102.49,SKILL_003,573.44,Organize screwdriver bits,2026-02-11T12:29:38Z,TRUE,02
SKILL_003_20260211_083626,e_martinez,9417.18,SKILL_003,239.37,Organize screwdriver bits,2026-02-11T08:36:26Z,TRUE,02
SKILL_003_20260211_082535,e_martinez,21974.93,SKILL_003,564.1,Organize screwdriver bits,2026-02-11T08:25:36Z,TRUE,02
SKILL_007_20260211_074954,c_becerra,16124.28,SKILL_007,420.98,Separate tongue depressors by color,2026-02-11T07:49:55Z,TRUE,03
SKILL_004_20260211_160204,d_vargas,16543.04,SKILL_004,428.7,Set Screwdriver package,2026-02-11T16:02:04Z,TRUE,03
SKILL_004_20260211_142534,c_becerra,7765.77,SKILL_004,202.39,Set Screwdriver package,2026-02-11T14:25:34Z,TRUE,03
SKILL_004_20260211_142003,c_becerra,11427.43,SKILL_004,296.6,Set Screwdriver package,2026-02-11T14:20:03Z,TRUE,03
SKILL_004_20260211_120455,c_becerra,7242.06,SKILL_004,188.46,Set Screwdriver package,2026-02-11T12:04:55Z,TRUE,03
SKILL_004_20260211_115921,c_becerra,12100.38,SKILL_004,311.81,Set Screwdriver package,2026-02-11T11:59:21Z,TRUE,03
SKILL_004_20260211_074804,c_becerra,2932.62,SKILL_004,77.28,Set Screwdriver package,2026-02-11T07:48:04Z,FALSE,03
SKILL_009_20260211_143015,c_becerra,17256.09,SKILL_009,467.15,Package Cotton set,2026-02-11T14:30:15Z,TRUE,03
SKILL_007_20260211_135819,e_martinez,3.65,SKILL_007,2.51,Separate tongue depressors by color,2026-02-11T13:58:19Z,FALSE,01
SKILL_010_20260211_153238,d_vargas,173.51,SKILL_010,9.45,Package earphones,2026-02-11T15:32:38Z,FALSE,01
SKILL_012_20260211_124011,e_martinez,2501.12,SKILL_012,79.92,Put pasta in jars,2026-02-11T12:40:30Z,FALSE,01
SKILL_023_20260211_144451,e_martinez,5718.12,SKILL_023,157.08,Built up box (Present),2026-02-11T14:44:51Z,TRUE,01
SKILL_014_20260211_123008,c_becerra,16235.95,SKILL_014,423.97,Fasten nuts onto bolts,2026-02-11T12:30:08Z,TRUE,03
SKILL_014_20260211_083127,c_becerra,15664.57,SKILL_014,416.02,Fasten nuts onto bolts,2026-02-11T08:31:27Z,TRUE,03
SKILL_010_20260211_082003,c_becerra,23274.03,SKILL_010,611.85,Package earphones,2026-02-11T08:20:03Z,TRUE,03
SKILL_009_20260211_162049,d_vargas,21731.6,SKILL_009,572.09,Package Cotton set,2026-02-11T16:20:49Z,TRUE,03
SKILL_017_20260211_125017,c_becerra,17930.73,SKILL_017,470.46,Put pasta in ziploc bags,2026-02-11T12:50:17Z,TRUE,03
SKILL_021_20260211_090552,c_becerra,16758.02,SKILL_021,450.39,Build Up Box (Mailer),2026-02-11T09:05:52Z,TRUE,03
SKILL_017_20260211_144807,c_becerra,14853.38,SKILL_017,396.36,Put pasta in ziploc bags,2026-02-11T14:48:07Z,TRUE,03
SKILL_021_20260211_131404,c_becerra,14599.54,SKILL_021,388.24,Build Up Box (Mailer),2026-02-11T13:14:04Z,TRUE,03
SKILL_023_20260211_091408,c_becerra,5454.53,SKILL_023,146.43,Built up box (Present),2026-02-11T09:14:08Z,TRUE,03
SKILL_023_20260211_130505,c_becerra,5633.84,SKILL_023,148.39,Built up box (Present),2026-02-11T13:05:05Z,TRUE,03
SKILL_023_20260211_130807,c_becerra,5492.38,SKILL_023,145.33,Built up box (Present),2026-02-11T13:08:07Z,TRUE,03
SKILL_023_20260211_131102,c_becerra,5028.94,SKILL_023,132.14,Built up box (Present),2026-02-11T13:11:02Z,TRUE,03
SKILL_024_20260211_084322,c_becerra,20883.51,SKILL_024,565.07,Put hooks on shower courtain,2026-02-11T08:43:22Z,TRUE,03
SKILL_024_20260211_132211,c_becerra,20307.32,SKILL_024,544.47,Put hooks on shower courtain,2026-02-11T13:22:11Z,TRUE,03
SKILL_025_20260211_133353,c_becerra,8169.2,SKILL_025,214.59,Pack on a paper bag,2026-02-11T13:33:53Z,TRUE,03
SKILL_014_20260211_124031,c_becerra,21340.64,SKILL_014,555.36,Fasten nuts onto bolts,2026-02-11T12:40:31Z,TRUE,03
SKILL_029_20260211_134448,c_becerra,21690.12,SKILL_029,542.12,Button a shirt,2026-02-11T13:44:48Z,TRUE,03
SKILL_032_20260211_091804,c_becerra,10948.23,SKILL_032,288.07,Pack up Clothes in a paper bag,2026-02-11T09:18:04Z,TRUE,03
SKILL_033_20260211_093551,c_becerra,10153.07,SKILL_033,259.52,Fold towels,2026-02-11T09:35:51Z,TRUE,03
SKILL_033_20260211_133918,c_becerra,10676.47,SKILL_033,273.93,Fold towels,2026-02-11T13:39:18Z,TRUE,03
SKILL_001_20260211_095141,l_aguilera,15743.12,SKILL_001,498.45,Organize beads per color,2026-02-11T09:51:41Z,TRUE,04
SKILL_001_20260211_123048,l_aguilera,15831.58,SKILL_001,479.85,Organize beads per color,2026-02-11T12:30:48Z,TRUE,04
SKILL_004_20260211_073101,e_martinez,8915.04,SKILL_004,237.19,Set Screwdriver package,2026-02-11T07:31:01Z,TRUE,04
SKILL_004_20260211_073611,e_martinez,6478.08,SKILL_004,173.11,Set Screwdriver package,2026-02-11T07:36:11Z,TRUE,04
SKILL_004_20260211_111307,l_aguilera,4819.03,SKILL_004,152.81,Set Screwdriver package,2026-02-11T11:13:08Z,TRUE,04
SKILL_005_20260211_071725,e_martinez,10901.62,SKILL_005,291.29,Insert allen keys in package,2026-02-11T07:17:25Z,TRUE,04
SKILL_001_20260211_135555,d_vargas,165.95,SKILL_001,4.1,Organize beads per color,2026-02-11T13:55:55Z,FALSE,02
SKILL_005_20260211_072251,e_martinez,10516.04,SKILL_005,282.5,Insert allen keys in package,2026-02-11T07:22:51Z,TRUE,04
SKILL_005_20260211_072801,e_martinez,3485.61,SKILL_005,93.39,Insert allen keys in package,2026-02-11T07:28:01Z,TRUE,04
SKILL_005_20260211_091054,l_aguilera,2618.12,SKILL_005,70.68,Insert allen keys in package,2026-02-11T09:10:55Z,FALSE,04
SKILL_005_20260211_091251,l_aguilera,13950.56,SKILL_005,376.22,Insert allen keys in package,2026-02-11T09:12:51Z,TRUE,04
SKILL_005_20260211_104012,l_aguilera,270.77,SKILL_005,7.35,Insert allen keys in package,2026-02-11T10:40:12Z,FALSE,04
SKILL_005_20260211_104116,l_aguilera,13517.41,SKILL_005,373.09,Insert allen keys in package,2026-02-11T10:41:16Z,TRUE,04
SKILL_005_20260211_104822,l_aguilera,4253.7,SKILL_005,118.19,Insert allen keys in package,2026-02-11T10:48:22Z,TRUE,04
SKILL_005_20260211_124241,l_aguilera,14712.43,SKILL_005,424.33,Insert allen keys in package,2026-02-11T12:42:41Z,TRUE,04
SKILL_009_20260211_092050,l_aguilera,12581.22,SKILL_009,347.67,Package Cotton set,2026-02-11T09:20:50Z,TRUE,04
SKILL_007_20260211_143903,c_becerra,17329.44,SKILL_007,464.73,Separate tongue depressors by color,2026-02-11T14:39:03Z,TRUE,03
SKILL_009_20260211_071918,c_becerra,20012.2,SKILL_009,550.11,Package Cotton set,2026-02-11T07:19:18Z,TRUE,03
SKILL_008_20260211_161009,d_vargas,21986.74,SKILL_008,563.75,Separate tongue depressors by type,2026-02-11T16:10:09Z,TRUE,03
SKILL_009_20260211_093532,l_aguilera,5168.16,SKILL_009,170.28,Package Cotton set,2026-02-11T09:35:33Z,TRUE,04
SKILL_009_20260211_093101,l_aguilera,8221.23,SKILL_009,231.95,Package Cotton set,2026-02-11T09:31:01Z,TRUE,04
SKILL_009_20260211_092655,l_aguilera,5776.09,SKILL_009,186.19,Package Cotton set,2026-02-11T09:26:55Z,TRUE,04
SKILL_009_20260211_105211,l_aguilera,12265.43,SKILL_009,338.98,Package Cotton set,2026-02-11T10:52:11Z,TRUE,04
SKILL_009_20260211_105117,l_aguilera,78.67,SKILL_009,2.14,Package Cotton set,2026-02-11T10:51:17Z,FALSE,04
SKILL_009_20260211_093848,l_aguilera,2376.09,SKILL_009,62.81,Package Cotton set,2026-02-11T09:38:48Z,FALSE,04
SKILL_007_20260211_122022,c_becerra,16620.21,SKILL_007,456.34,Separate tongue depressors by color,2026-02-11T12:20:23Z,TRUE,03
SKILL_007_20260211_075745,c_becerra,6415.61,SKILL_007,168.58,Separate tongue depressors by color,2026-02-11T07:57:45Z,TRUE,03
SKILL_009_20260211_121001,c_becerra,23202.03,SKILL_009,606.6,Package Cotton set,2026-02-11T12:10:01Z,TRUE,03
SKILL_014_20260211_100625,l_aguilera,8897.2,SKILL_014,246.39,Fasten nuts onto bolts,2026-02-11T10:06:25Z,TRUE,04
SKILL_013_20260211_110355,l_aguilera,11701.16,SKILL_013,361.47,Set up a hand lamp,2026-02-11T11:03:55Z,TRUE,04
SKILL_013_20260211_130546,l_aguilera,12233.43,SKILL_013,385.73,Set up a hand lamp,2026-02-11T13:05:46Z,TRUE,04
SKILL_014_20260211_101739,l_aguilera,4714.33,SKILL_014,129.45,Fasten nuts onto bolts,2026-02-11T10:17:39Z,TRUE,04
SKILL_014_20260211_101140,l_aguilera,9970.46,SKILL_014,279.57,Fasten nuts onto bolts,2026-02-11T10:11:40Z,TRUE,04
SKILL_014_20260211_132722,l_aguilera,2568.35,SKILL_014,70.47,Fasten nuts onto bolts,2026-02-11T13:27:22Z,FALSE,04
SKILL_014_20260211_132027,l_aguilera,12875.15,SKILL_014,354.56,Fasten nuts onto bolts,2026-02-11T13:20:28Z,TRUE,04
SKILL_021_20260211_112406,l_aguilera,3920.23,SKILL_021,104.63,Build Up Box (Mailer),2026-02-11T11:24:06Z,TRUE,04
SKILL_021_20260211_112013,l_aguilera,7258.18,SKILL_021,193.4,Build Up Box (Mailer),2026-02-11T11:20:13Z,TRUE,04
SKILL_021_20260211_120336,l_aguilera,3663.61,SKILL_021,100.96,Build Up Box (Mailer),2026-02-11T12:03:36Z,TRUE,04
SKILL_001_20260211_070739,c_becerra,23323.57,SKILL_001,641.24,Organize beads per color,2026-02-11T07:07:39Z,TRUE,03
SKILL_029_20260211_133126,d_vargas,5762.74,SKILL_029,152.39,Button a shirt,2026-02-11T13:31:26Z,TRUE,02
SKILL_021_20260211_120719,l_aguilera,2889.08,SKILL_021,79.56,Build Up Box (Mailer),2026-02-11T12:07:19Z,FALSE,04
SKILL_021_20260211_120854,l_aguilera,834.88,SKILL_021,23.33,Build Up Box (Mailer),2026-02-11T12:08:54Z,FALSE,04
SKILL_021_20260211_120541,l_aguilera,1947.26,SKILL_021,80.2,Build Up Box (Mailer),2026-02-11T12:05:41Z,FALSE,04
SKILL_024_20260211_133405,l_aguilera,6151.25,SKILL_024,170.08,Put hooks on shower courtain,2026-02-11T13:34:05Z,TRUE,04
SKILL_024_20260211_133039,l_aguilera,5904.96,SKILL_024,162.5,Put hooks on shower courtain,2026-02-11T13:30:39Z,TRUE,04
SKILL_025_20260211_134148,l_aguilera,2806.65,SKILL_025,84.65,Pack on a paper bag,2026-02-11T13:41:48Z,FALSE,04
SKILL_024_20260211_133818,l_aguilera,2730.14,SKILL_024,75.71,Put hooks on shower courtain,2026-02-11T13:38:18Z,FALSE,04
SKILL_025_20260211_134706,l_aguilera,1909.97,SKILL_025,52.39,Pack on a paper bag,2026-02-11T13:47:06Z,FALSE,04
SKILL_036_20260211_130830,d_vargas,23146.19,SKILL_036,679.75,Fold Socks,2026-02-11T13:08:30Z,TRUE,02
SKILL_025_20260211_134835,l_aguilera,2383.87,SKILL_025,65.78,Pack on a paper bag,2026-02-11T13:48:35Z,FALSE,04
SKILL_028_20260211_135131,l_aguilera,9446.45,SKILL_028,258.07,Fold a T Shirt,2026-02-11T13:51:31Z,TRUE,04
SKILL_028_20260211_135617,l_aguilera,6734.83,SKILL_028,183.92,Fold a T Shirt,2026-02-11T13:56:17Z,TRUE,04
SKILL_029_20260211_140625,l_aguilera,10135.44,SKILL_029,274.59,Button a shirt,2026-02-11T14:06:25Z,TRUE,04
SKILL_029_20260211_141152,l_aguilera,9167.91,SKILL_029,249.72,Button a shirt,2026-02-11T14:11:52Z,TRUE,04
SKILL_029_20260211_141645,l_aguilera,5743.07,SKILL_029,156.42,Button a shirt,2026-02-11T14:16:45Z,TRUE,04
SKILL_031_20260211_121053,l_aguilera,13301.19,SKILL_031,404.49,Fold Pants,2026-02-11T12:10:53Z,TRUE,04
SKILL_031_20260211_121900,l_aguilera,1676.43,SKILL_031,45.58,Fold Pants,2026-02-11T12:19:00Z,FALSE,04
SKILL_031_20260211_142052,l_aguilera,7441.13,SKILL_031,202.83,Fold Pants,2026-02-11T14:20:52Z,TRUE,04
SKILL_031_20260211_142448,l_aguilera,5366.67,SKILL_031,145.27,Fold Pants,2026-02-11T14:24:48Z,TRUE,04
SKILL_034_20260211_122032,l_aguilera,18065.1,SKILL_034,554.69,Tie Shoelaces,2026-02-11T12:20:32Z,TRUE,04
SKILL_014_20260211_123748,c_becerra,3745.89,SKILL_014,97.66,Fasten nuts onto bolts,2026-02-11T12:37:48Z,TRUE,03
SKILL_001_20260211_071742,d_vargas,12732.24,SKILL_001,658.05,Organize beads per color,2026-02-11T07:17:43Z,TRUE,05
SKILL_001_20260211_144020,l_aguilera,9641.61,SKILL_001,462.72,Organize beads per color,2026-02-11T14:40:21Z,TRUE,05
SKILL_003_20260211_082124,d_vargas,4277.56,SKILL_003,240.38,Organize screwdriver bits,2026-02-11T08:21:24Z,TRUE,05
SKILL_003_20260211_082551,d_vargas,2394.43,SKILL_003,162.58,Organize screwdriver bits,2026-02-11T08:25:51Z,TRUE,05
SKILL_003_20260211_082836,d_vargas,2155.37,SKILL_003,108.21,Organize screwdriver bits,2026-02-11T08:28:36Z,TRUE,05
SKILL_004_20260211_145117,l_aguilera,559.54,SKILL_004,26.53,Set Screwdriver package,2026-02-11T14:51:17Z,FALSE,05
SKILL_005_20260211_164231,d_vargas,7133.56,SKILL_005,351.07,Insert allen keys in package,2026-02-11T16:42:32Z,TRUE,05
SKILL_005_20260211_164852,d_vargas,4003.07,SKILL_005,190.73,Insert allen keys in package,2026-02-11T16:48:52Z,TRUE,05
SKILL_003_20260211_132223,e_martinez,17971.43,SKILL_003,521.49,Organize screwdriver bits,2026-02-11T13:22:23Z,TRUE,01
SKILL_007_20260211_072959,d_vargas,1464.29,SKILL_007,70.76,Separate tongue depressors by color,2026-02-11T07:29:59Z,FALSE,05
SKILL_007_20260211_073124,d_vargas,5409.77,SKILL_007,358.47,Separate tongue depressors by color,2026-02-11T07:31:24Z,TRUE,05
SKILL_007_20260211_073756,d_vargas,2692.05,SKILL_007,126.67,Separate tongue depressors by color,2026-02-11T07:37:56Z,TRUE,05
SKILL_007_20260211_074159,d_vargas,9660.31,SKILL_007,449.42,Separate tongue depressors by color,2026-02-11T07:41:59Z,TRUE,05
SKILL_009_20260211_080837,d_vargas,64.52,SKILL_009,2.14,Package Cotton set,2026-02-11T08:08:38Z,FALSE,05
SKILL_009_20260211_080857,d_vargas,9449.32,SKILL_009,561.42,Package Cotton set,2026-02-11T08:08:57Z,TRUE,05
SKILL_009_20260211_081832,d_vargas,2146.38,SKILL_009,123.97,Package Cotton set,2026-02-11T08:18:32Z,TRUE,05
SKILL_013_20260211_075101,d_vargas,5650.73,SKILL_013,344.3,Set up a hand lamp,2026-02-11T07:51:01Z,TRUE,05
SKILL_013_20260211_075648,d_vargas,2868.75,SKILL_013,177.99,Set up a hand lamp,2026-02-11T07:56:48Z,TRUE,05
SKILL_014_20260211_084711,d_vargas,3684.43,SKILL_014,178.03,Fasten nuts onto bolts,2026-02-11T08:47:11Z,TRUE,05
SKILL_021_20260211_112827,l_aguilera,1884.41,SKILL_021,50.04,Build Up Box (Mailer),2026-02-11T11:28:27Z,FALSE,04
SKILL_024_20260211_085247,d_vargas,8565.29,SKILL_024,408.32,Put hooks on shower courtain,2026-02-11T08:52:47Z,TRUE,05
SKILL_024_20260211_085936,d_vargas,6.34,SKILL_024,0.72,Put hooks on shower courtain,2026-02-11T08:59:36Z,FALSE,05
SKILL_034_20260211_091542,d_vargas,6380.71,SKILL_034,310.73,Tie Shoelaces,2026-02-11T09:15:43Z,TRUE,05
SKILL_034_20260211_092205,d_vargas,9592.84,SKILL_034,479.42,Tie Shoelaces,2026-02-11T09:22:05Z,TRUE,05
SKILL_034_20260211_093146,d_vargas,9467.74,SKILL_034,399.39,Tie Shoelaces,2026-02-11T09:31:46Z,TRUE,05
SKILL_034_20260211_093900,d_vargas,690.75,SKILL_034,36.45,Tie Shoelaces,2026-02-11T09:39:00Z,FALSE,05
SKILL_034_20260211_143110,l_aguilera,9897.62,SKILL_034,487.46,Tie Shoelaces,2026-02-11T14:31:12Z,TRUE,05
SKILL_001_20260212_070654,c_becerra,28904.28,SKILL_001,834.61,Organize beads per color,2026-02-12T07:06:54Z,TRUE,02
SKILL_007_20260212_073225,c_becerra,3501.58,SKILL_007,185.79,Separate tongue depressors by color,2026-02-12T07:32:25Z,TRUE,02
SKILL_009_20260211_125116,l_aguilera,17917.22,SKILL_009,491.51,Package Cotton set,2026-02-11T12:51:16Z,TRUE,04
SKILL_007_20260212_073802,c_becerra,24107.27,SKILL_007,689.19,Separate tongue depressors by color,2026-02-12T07:38:03Z,TRUE,02
SKILL_004_20260211_074416,c_becerra,7801.29,SKILL_004,205.86,Set Screwdriver package,2026-02-11T07:44:16Z,TRUE,03
SKILL_019_20260212_075039,c_becerra,21786.85,SKILL_019,591.07,Put pasta in plastic containers,2026-02-12T07:50:39Z,TRUE,02
SKILL_001_20260212_100606,c_becerra,23792.65,SKILL_001,651.49,Organize beads per color,2026-02-12T10:06:06Z,TRUE,03
SKILL_001_20260212_123851,c_becerra,24855.07,SKILL_001,655.02,Organize beads per color,2026-02-12T12:38:51Z,TRUE,03
SKILL_003_20260212_101816,c_becerra,16807.7,SKILL_003,454.62,Organize screwdriver bits,2026-02-12T10:18:16Z,TRUE,03
SKILL_003_20260212_125251,c_becerra,14817.52,SKILL_003,391.45,Organize screwdriver bits,2026-02-12T12:52:51Z,TRUE,03
SKILL_004_20260212_083659,c_becerra,13489.87,SKILL_004,379.87,Set Screwdriver package,2026-02-12T08:36:59Z,TRUE,03
SKILL_004_20260212_102631,c_becerra,16365.54,SKILL_004,447.15,Set Screwdriver package,2026-02-12T10:26:31Z,TRUE,03
SKILL_004_20260212_131405,c_becerra,14454.71,SKILL_004,379.39,Set Screwdriver package,2026-02-12T13:14:05Z,TRUE,03
SKILL_007_20260212_103444,c_becerra,16303.49,SKILL_007,438.43,Separate tongue depressors by color,2026-02-12T10:34:44Z,TRUE,03
SKILL_009_20260212_081448,c_becerra,24732.07,SKILL_009,683.32,Package Cotton set,2026-02-12T08:14:48Z,TRUE,02
SKILL_029_20260211_104644,e_martinez,2789.97,SKILL_029,83.91,Button a shirt,2026-02-11T10:46:45Z,FALSE,01
SKILL_010_20260212_085729,c_becerra,20013.49,SKILL_010,545.83,Package earphones,2026-02-12T08:57:29Z,TRUE,03
SKILL_010_20260212_111126,c_becerra,21108.33,SKILL_010,560.47,Package earphones,2026-02-12T11:11:26Z,TRUE,03
SKILL_014_20260212_084437,c_becerra,20044.25,SKILL_014,552.88,Fasten nuts onto bolts,2026-02-12T08:44:37Z,TRUE,03
SKILL_014_20260212_105800,c_becerra,16840.49,SKILL_014,453.09,Fasten nuts onto bolts,2026-02-12T10:58:00Z,TRUE,03
SKILL_017_20260212_090730,c_becerra,16799.31,SKILL_017,465.92,Put pasta in ziploc bags,2026-02-12T09:07:30Z,TRUE,03
SKILL_021_20260212_115950,c_becerra,11386.81,SKILL_021,304.14,Build Up Box (Mailer),2026-02-12T11:59:50Z,TRUE,03
SKILL_021_20260212_120605,c_becerra,10807.33,SKILL_021,290.33,Build Up Box (Mailer),2026-02-12T12:06:05Z,TRUE,03
SKILL_023_20260212_091651,c_becerra,5880.4,SKILL_023,159.68,Built up box (Present),2026-02-12T09:16:51Z,TRUE,03
SKILL_023_20260212_092015,c_becerra,4997.54,SKILL_023,134.72,Built up box (Present),2026-02-12T09:20:15Z,TRUE,03
SKILL_023_20260212_121411,c_becerra,3724.06,SKILL_023,98.8,Built up box (Present),2026-02-12T12:14:11Z,TRUE,03
SKILL_025_20260211_134530,l_aguilera,2125.74,SKILL_025,58.68,Pack on a paper bag,2026-02-11T13:45:30Z,FALSE,04
SKILL_023_20260212_121624,c_becerra,3969.46,SKILL_023,105.97,Built up box (Present),2026-02-12T12:16:24Z,TRUE,03
SKILL_024_20260212_112400,c_becerra,8034.72,SKILL_024,217.69,Put hooks on shower courtain,2026-02-12T11:24:00Z,TRUE,03
SKILL_024_20260212_112830,c_becerra,6697.84,SKILL_024,180.44,Put hooks on shower courtain,2026-02-12T11:28:30Z,TRUE,03
SKILL_025_20260212_122636,c_becerra,10374.31,SKILL_025,274.56,Pack on a paper bag,2026-02-12T12:26:36Z,TRUE,03
SKILL_028_20260212_093025,c_becerra,12464.55,SKILL_028,324.77,Fold a T Shirt,2026-02-12T09:30:25Z,TRUE,03
SKILL_029_20260212_093656,c_becerra,739.68,SKILL_029,18.67,Button a shirt,2026-02-12T09:36:56Z,FALSE,03
SKILL_029_20260212_094637,c_becerra,16848.33,SKILL_029,427.75,Button a shirt,2026-02-12T09:46:37Z,TRUE,03
SKILL_029_20260212_123205,c_becerra,12642.02,SKILL_029,318.62,Button a shirt,2026-02-12T12:32:05Z,TRUE,03
SKILL_013_20260211_131627,l_aguilera,6780.68,SKILL_013,185.72,Set up a hand lamp,2026-02-11T13:16:27Z,TRUE,04
SKILL_030_20260212_122000,c_becerra,10691.67,SKILL_030,275.5,Fold a shirt,2026-02-12T12:20:00Z,TRUE,03
SKILL_032_20260212_092401,c_becerra,10577.42,SKILL_032,282.87,Pack up Clothes in a paper bag,2026-02-12T09:24:01Z,TRUE,03
SKILL_001_20260212_071111,n_mora,55.42,SKILL_001,0.77,Organize beads per color,2026-02-12T07:11:12Z,FALSE,05
SKILL_001_20260212_071115,n_mora,9986.2,SKILL_001,492.03,Organize beads per color,2026-02-12T07:11:15Z,TRUE,05
SKILL_001_20260212_072019,n_mora,2610.65,SKILL_001,129.09,Organize beads per color,2026-02-12T07:20:19Z,TRUE,05
SKILL_001_20260212_072343,n_mora,8009.93,SKILL_001,401.21,Organize beads per color,2026-02-12T07:23:43Z,TRUE,05
SKILL_005_20260212_073255,n_mora,5163.3,SKILL_005,433.82,Insert allen keys in package,2026-02-12T07:32:55Z,TRUE,05
SKILL_005_20260212_074213,n_mora,7136.84,SKILL_005,354.24,Insert allen keys in package,2026-02-12T07:42:13Z,TRUE,05
SKILL_007_20260212_130503,c_becerra,16010.72,SKILL_007,442.24,Separate tongue depressors by color,2026-02-12T13:05:03Z,TRUE,03
SKILL_013_20260212_081751,n_mora,4848.05,SKILL_013,237.88,Set up a hand lamp,2026-02-12T08:17:51Z,TRUE,05
SKILL_034_20260211_142408,d_vargas,21438.81,SKILL_034,571.98,Tie Shoelaces,2026-02-11T14:24:08Z,TRUE,02
SKILL_013_20260212_082302,n_mora,4314.51,SKILL_013,211.14,Set up a hand lamp,2026-02-12T08:23:02Z,TRUE,05
SKILL_013_20260212_082828,n_mora,4716.18,SKILL_013,231.45,Set up a hand lamp,2026-02-12T08:28:28Z,TRUE,05
SKILL_001_20260211_135614,d_vargas,6272.61,SKILL_001,242.63,Organize beads per color,2026-02-11T13:56:14Z,TRUE,02
SKILL_017_20260211_085708,c_becerra,18080.72,SKILL_017,478.71,Put pasta in ziploc bags,2026-02-11T08:57:08Z,TRUE,03
SKILL_005_20260212_080838,n_mora,6311.81,SKILL_005,311.46,Insert allen keys in package,2026-02-12T08:08:39Z,TRUE,05
SKILL_029_20260211_092421,c_becerra,21445.59,SKILL_029,536.52,Button a shirt,2026-02-11T09:24:21Z,TRUE,03
SKILL_004_20260211_111625,l_aguilera,5125.54,SKILL_004,139.44,Set Screwdriver package,2026-02-11T11:16:25Z,TRUE,04
SKILL_013_20260211_131255,l_aguilera,6342.53,SKILL_013,171.76,Set up a hand lamp,2026-02-11T13:12:55Z,TRUE,04
SKILL_008_20260211_103045,l_aguilera,14379.05,SKILL_008,391.9,Separate tongue depressors by type,2026-02-11T10:30:45Z,TRUE,04
SKILL_013_20260211_131212,l_aguilera,7.32,SKILL_013,0.01,Set up a hand lamp,2026-02-11T13:12:12Z,FALSE,04
SKILL_021_20260211_120143,l_aguilera,3111.79,SKILL_021,85.48,Build Up Box (Mailer),2026-02-11T12:01:43Z,FALSE,04
SKILL_025_20260211_134349,l_aguilera,2086.21,SKILL_025,61.81,Pack on a paper bag,2026-02-11T13:43:49Z,FALSE,04
SKILL_005_20260211_165225,d_vargas,978.28,SKILL_005,51.01,Insert allen keys in package,2026-02-11T16:52:25Z,FALSE,05
SKILL_034_20260211_102059,l_aguilera,16644.45,SKILL_034,484.52,Tie Shoelaces,2026-02-11T10:20:59Z,TRUE,04
SKILL_014_20260211_083936,d_vargas,6488.68,SKILL_014,333.24,Fasten nuts onto bolts,2026-02-11T08:39:37Z,TRUE,05
SKILL_003_20260212_072205,c_becerra,11010.01,SKILL_003,581.85,Organize screwdriver bits,2026-02-12T07:22:06Z,TRUE,02
SKILL_005_20260212_075004,n_mora,5324.92,SKILL_005,315.42,Insert allen keys in package,2026-02-12T07:50:04Z,TRUE,05
SKILL_009_20260212_104554,c_becerra,25060.28,SKILL_009,673.05,Package Cotton set,2026-02-12T10:45:54Z,TRUE,03
SKILL_023_20260212_121137,c_becerra,4260.74,SKILL_023,113.54,Built up box (Present),2026-02-12T12:11:37Z,TRUE,03
SKILL_029_20260212_095458,c_becerra,14703.72,SKILL_029,376.1,Button a shirt,2026-02-12T09:54:58Z,TRUE,03
