BagName,Station,SkillID,SkillName,Operator,Start_Time,End_Time,Duration(s),Avg_MBps,Integrity,IsValid,Reason,Path
SKILL_001_20260120_125501,station_01_lab,SKILL_001,Organize beads per color,E_MARTINEZ,2026-01-20T12:55:01Z,2026-01-20T13:06:27Z,686.84,4.79,PASS,TRUE,,/mnt/nurvai-data/01/SKILL_001_20260120_125501/SKILL_001_20260120_125501_0.mcap
SKILL_001_20260120_130739,station_01_lab,SKILL_001,Organize beads per color,C_BECERRA,2026-01-20T13:07:39Z,2026-01-20T13:20:19Z,759.86,4.90,PASS,TRUE,,/mnt/nurvai-data/01/SKILL_001_20260120_130739/SKILL_001_20260120_130739_0.mcap
SKILL_001_20260121_130211,station_01_lab,SKILL_001,Organize beads per color,E_MARTINEZ,2026-01-21T13:02:11Z,2026-01-21T13:12:04Z,593.53,4.97,WARNING_DRIFT,TRUE,,/mnt/nurvai-data/01/SKILL_001_20260121_130211/SKILL_001_20260121_130211_0.mcap
SKILL_001_20260121_131318,station_01_lab,SKILL_001,Organize beads per color,E_MARTINEZ,2026-01-21T13:13:18Z,2026-01-21T13:14:55Z,97.16,5.06,PASS,TRUE,,/mnt/nurvai-data/01/SKILL_001_20260121_131318/SKILL_001_20260121_131318_0.mcap
SKILL_001_20260123_104922,station_01_lab,SKILL_001,Organize beads per color,E_MARTINEZ,2026-01-23T10:49:22Z,2026-01-23T10:59:35Z,612.98,4.82,WARNING_DRIFT,TRUE,,/mnt/nurvai-data/01/SKILL_001_20260123_104922/SKILL_001_20260123_104922_0.mcap
SKILL_001_20260122_071235,station_01_lab,SKILL_001,Organize beads per color,E_MARTINEZ,2026-01-22T07:12:35Z,2026-01-22T07:23:13Z,638.09,4.73,PASS,TRUE,,/mnt/nurvai-data/01/SKILL_001_20260122_071235/SKILL_001_20260122_071235_0.mcap
SKILL_003_20260120_133021,station_01_lab,SKILL_003,Organize screwdriver bits,C_BECERRA,2026-01-20T13:30:21Z,2026-01-20T13:33:35Z,193.38,4.52,PASS,TRUE,,/mnt/nurvai-data/01/SKILL_003_20260120_133021/SKILL_003_20260120_133021_0.mcap
SKILL_003_20260120_132310,station_01_lab,SKILL_003,Organize screwdriver bits,E_MARTINEZ,2026-01-20T13:23:10Z,2026-01-20T13:29:18Z,367.52,4.35,WARNING_DRIFT,TRUE,,/mnt/nurvai-data/01/SKILL_003_20260120_132310/SKILL_003_20260120_132310_0.mcap
SKILL_003_20260121_131732,station_01_lab,SKILL_003,Organize screwdriver bits,E_MARTINEZ,2026-01-21T13:17:32Z,2026-01-21T13:22:25Z,293.27,4.41,PASS,TRUE,,/mnt/nurvai-data/01/SKILL_003_20260121_131732/SKILL_003_20260121_131732_0.mcap
SKILL_003_20260121_132328,station_01_lab,SKILL_003,Organize screwdriver bits,E_MARTINEZ,2026-01-21T13:23:28Z,2026-01-21T13:26:54Z,206.67,4.51,WARNING_DRIFT,TRUE,,/mnt/nurvai-data/01/SKILL_003_20260121_132328/SKILL_003_20260121_132328_0.mcap
SKILL_003_20260121_132656,station_01_lab,SKILL_003,Organize screwdriver bits,E_MARTINEZ,2026-01-21T13:26:56Z,2026-01-21T13:26:57Z,1.11,9.66,PASS,FALSE,TOO_SHORT (1.1s),/mnt/nurvai-data/01/SKILL_003_20260121_132656/SKILL_003_20260121_132656_0.mcap
SKILL_003_20260121_133329,station_01_lab,SKILL_003,Organize screwdriver bits,E_MARTINEZ,2026-01-21T13:33:29Z,2026-01-21T13:37:09Z,219.90,5.11,PASS,TRUE,,/mnt/nurvai-data/01/SKILL_003_20260121_133329/SKILL_003_20260121_133329_0.mcap
SKILL_003_20260121_132859,station_01_lab,SKILL_003,Organize screwdriver bits,E_MARTINEZ,2026-01-21T13:28:59Z,2026-01-21T13:32:16Z,196.68,5.21,PASS,TRUE,,/mnt/nurvai-data/01/SKILL_003_20260121_132859/SKILL_003_20260121_132859_0.mcap
SKILL_003_20260122_072534,station_01_lab,SKILL_003,Organize screwdriver bits,E_MARTINEZ,2026-01-22T07:25:34Z,2026-01-22T07:31:31Z,356.80,4.42,WARNING_DRIFT,TRUE,,/mnt/nurvai-data/01/SKILL_003_20260122_072534/SKILL_003_20260122_072534_0.mcap
SKILL_003_20260122_073303,station_01_lab,SKILL_003,Organize screwdriver bits,E_MARTINEZ,2026-01-22T07:33:03Z,2026-01-22T07:35:24Z,141.65,4.58,PASS,TRUE,,/mnt/nurvai-data/01/SKILL_003_20260122_073303/SKILL_003_20260122_073303_0.mcap
SKILL_003_20260123_110940,station_01_lab,SKILL_003,Organize screwdriver bits,E_MARTINEZ,2026-01-23T11:09:40Z,2026-01-23T11:10:08Z,28.14,4.58,PASS,FALSE,TOO_SHORT (28.1s),/mnt/nurvai-data/01/SKILL_003_20260123_110940/SKILL_003_20260123_110940_0.mcap
SKILL_003_20260123_110308,station_01_lab,SKILL_003,Organize screwdriver bits,E_MARTINEZ,2026-01-23T11:03:08Z,2026-01-23T11:08:38Z,330.44,4.39,WARNING_DRIFT,TRUE,,/mnt/nurvai-data/01/SKILL_003_20260123_110308/SKILL_003_20260123_110308_0.mcap
SKILL_003_20260123_111135,station_01_lab,SKILL_003,Organize screwdriver bits,E_MARTINEZ,2026-01-23T11:11:35Z,2026-01-23T11:12:14Z,38.88,4.49,PASS,FALSE,TOO_SHORT (38.9s),/mnt/nurvai-data/01/SKILL_003_20260123_111135/SKILL_003_20260123_111135_0.mcap
SKILL_003_20260123_111500,station_01_lab,SKILL_003,Organize screwdriver bits,E_MARTINEZ,2026-01-23T11:15:00Z,2026-01-23T11:18:08Z,187.53,5.07,PASS,TRUE,,/mnt/nurvai-data/01/SKILL_003_20260123_111500/SKILL_003_20260123_111500_0.mcap
SKILL_004_20260120_133635,station_01_lab,SKILL_004,Set Screwdriver package,C_BECERRA,2026-01-20T13:36:35Z,2026-01-20T13:46:33Z,597.38,4.66,PASS,TRUE,,/mnt/nurvai-data/01/SKILL_004_20260120_133635/SKILL_004_20260120_133635_0.mcap
SKILL_004_20260121_072903,station_01_lab,SKILL_004,Set Screwdriver package,E_MARTINEZ,2026-01-21T07:29:03Z,2026-01-21T07:32:36Z,212.74,4.98,WARNING_DRIFT,TRUE,,/mnt/nurvai-data/01/SKILL_004_20260121_072903/SKILL_004_20260121_072903_0.mcap
SKILL_004_20260121_142559,station_01_lab,SKILL_004,Set Screwdriver package,N_MORA,2026-01-21T14:25:59Z,2026-01-21T14:27:24Z,85.36,5.09,PASS,FALSE,TOO_SHORT (85.4s),/mnt/nurvai-data/01/SKILL_004_20260121_142559/SKILL_004_20260121_142559_0.mcap
SKILL_004_20260121_143148,station_01_lab,SKILL_004,Set Screwdriver package,N_MORA,2026-01-21T14:31:48Z,2026-01-21T14:33:56Z,127.91,4.99,PASS,TRUE,,/mnt/nurvai-data/01/SKILL_004_20260121_143148/SKILL_004_20260121_143148_0.mcap
SKILL_004_20260121_143903,station_01_lab,SKILL_004,Set Screwdriver package,E_MARTINEZ,2026-01-21T14:39:03Z,2026-01-21T14:41:00Z,117.68,5.04,WARNING_DRIFT,TRUE,,/mnt/nurvai-data/01/SKILL_004_20260121_143903/SKILL_004_20260121_143903_0.mcap
SKILL_004_20260122_073651,station_01_lab,SKILL_004,Set Screwdriver package,E_MARTINEZ,2026-01-22T07:36:51Z,2026-01-22T07:37:13Z,22.54,5.17,PASS,FALSE,TOO_SHORT (22.5s),/mnt/nurvai-data/01/SKILL_004_20260122_073651/SKILL_004_20260122_073651_0.mcap
SKILL_004_20260121_144240,station_01_lab,SKILL_004,Set Screwdriver package,E_MARTINEZ,2026-01-21T14:42:40Z,2026-01-21T14:49:00Z,380.18,4.33,WARNING_DRIFT,TRUE,,/mnt/nurvai-data/01/SKILL_004_20260121_144240/SKILL_004_20260121_144240_0.mcap
SKILL_004_20260122_074118,station_01_lab,SKILL_004,Set Screwdriver package,E_MARTINEZ,2026-01-22T07:41:18Z,2026-01-22T07:41:24Z,6.16,5.14,PASS,FALSE,TOO_SHORT (6.2s),/mnt/nurvai-data/01/SKILL_004_20260122_074118/SKILL_004_20260122_074118_0.mcap
SKILL_004_20260122_074308,station_01_lab,SKILL_004,Set Screwdriver package,E_MARTINEZ,2026-01-22T07:43:08Z,2026-01-22T07:44:20Z,72.54,4.87,PASS,FALSE,TOO_SHORT (72.5s),/mnt/nurvai-data/01/SKILL_004_20260122_074308/SKILL_004_20260122_074308_0.mcap
SKILL_004_20260122_131035,station_01_lab,SKILL_004,Set Screwdriver package,E_MARTINEZ,2026-01-22T13:10:35Z,2026-01-22T13:12:04Z,89.59,5.15,PASS,FALSE,TOO_SHORT (89.6s),/mnt/nurvai-data/01/SKILL_004_20260122_131035/SKILL_004_20260122_131035_0.mcap
SKILL_004_20260122_074440,station_01_lab,SKILL_004,Set Screwdriver package,E_MARTINEZ,2026-01-22T07:44:40Z,2026-01-22T07:47:15Z,154.69,5.06,WARNING_DRIFT,TRUE,,/mnt/nurvai-data/01/SKILL_004_20260122_074440/SKILL_004_20260122_074440_0.mcap
SKILL_004_20260129_120819,station_01_lab,SKILL_004,Set Screwdriver package,E_MARTINEZ,2026-01-29T12:08:19Z,2026-01-29T12:09:40Z,80.58,4.91,PASS,FALSE,TOO_SHORT (80.6s),/mnt/nurvai-data/01/SKILL_004_20260129_120819/SKILL_004_20260129_120819_0.mcap
SKILL_004_20260129_120636,station_01_lab,SKILL_004,Set Screwdriver package,E_MARTINEZ,2026-01-29T12:06:36Z,2026-01-29T12:07:54Z,78.74,4.96,WARNING_DRIFT,FALSE,TOO_SHORT (78.7s),/mnt/nurvai-data/01/SKILL_004_20260129_120636/SKILL_004_20260129_120636_0.mcap
SKILL_004_20260129_121006,station_01_lab,SKILL_004,Set Screwdriver package,E_MARTINEZ,2026-01-29T12:10:06Z,2026-01-29T12:11:20Z,74.70,4.97,PASS,FALSE,TOO_SHORT (74.7s),/mnt/nurvai-data/01/SKILL_004_20260129_121006/SKILL_004_20260129_121006_0.mcap
SKILL_004_20260129_121137,station_01_lab,SKILL_004,Set Screwdriver package,E_MARTINEZ,2026-01-29T12:11:37Z,2026-01-29T12:12:45Z,68.53,4.94,PASS,FALSE,TOO_SHORT (68.5s),/mnt/nurvai-data/01/SKILL_004_20260129_121137/SKILL_004_20260129_121137_0.mcap
SKILL_004_20260129_121527,station_01_lab,SKILL_004,Set Screwdriver package,E_MARTINEZ,2026-01-29T12:15:27Z,2026-01-29T12:15:31Z,3.60,5.68,PASS,FALSE,TOO_SHORT (3.6s),/mnt/nurvai-data/01/SKILL_004_20260129_121527/SKILL_004_20260129_121527_0.mcap
SKILL_004_20260129_121313,station_01_lab,SKILL_004,Set Screwdriver package,E_MARTINEZ,2026-01-29T12:13:13Z,2026-01-29T12:15:02Z,108.86,4.95,PASS,TRUE,,/mnt/nurvai-data/01/SKILL_004_20260129_121313/SKILL_004_20260129_121313_0.mcap
SKILL_004_20260130_071432,station_01_lab,SKILL_004,Set Screwdriver package,D_VARGAS,2026-01-30T07:14:32Z,2026-01-30T07:14:35Z,2.14,3.46,WARNING_DRIFT,FALSE,TOO_SHORT (2.1s),/mnt/nurvai-data/01/SKILL_004_20260130_071432/SKILL_004_20260130_071432_0.mcap
SKILL_004_20260130_071231,station_01_lab,SKILL_004,Set Screwdriver package,D_VARGAS,2026-01-30T07:12:31Z,2026-01-30T07:14:25Z,114.16,4.57,WARNING_DRIFT,TRUE,,/mnt/nurvai-data/01/SKILL_004_20260130_071231/SKILL_004_20260130_071231_0.mcap
SKILL_004_20260130_071449,station_01_lab,SKILL_004,Set Screwdriver package,D_VARGAS,2026-01-30T07:14:49Z,2026-01-30T07:17:03Z,133.21,4.59,WARNING_DRIFT,TRUE,,/mnt/nurvai-data/01/SKILL_004_20260130_071449/SKILL_004_20260130_071449_0.mcap
SKILL_004_20260130_071743,station_01_lab,SKILL_004,Set Screwdriver package,D_VARGAS,2026-01-30T07:17:43Z,2026-01-30T07:19:40Z,117.14,4.49,WARNING_DRIFT,TRUE,,/mnt/nurvai-data/01/SKILL_004_20260130_071743/SKILL_004_20260130_071743_0.mcap
SKILL_004_20260130_072018,station_01_lab,SKILL_004,Set Screwdriver package,D_VARGAS,2026-01-30T07:20:18Z,2026-01-30T07:22:05Z,107.40,4.41,WARNING_DRIFT,TRUE,,/mnt/nurvai-data/01/SKILL_004_20260130_072018/SKILL_004_20260130_072018_0.mcap
SKILL_004_20260130_072241,station_01_lab,SKILL_004,Set Screwdriver package,D_VARGAS,2026-01-30T07:22:41Z,2026-01-30T07:24:05Z,83.68,4.34,WARNING_DRIFT,FALSE,TOO_SHORT (83.7s),/mnt/nurvai-data/01/SKILL_004_20260130_072241/SKILL_004_20260130_072241_0.mcap
SKILL_005_20260120_134834,station_01_lab,SKILL_005,Insert allen keys in package,C_BECERRA,2026-01-20T13:48:34Z,2026-01-20T13:52:10Z,215.90,4.61,PASS,TRUE,,/mnt/nurvai-data/01/SKILL_005_20260120_134834/SKILL_005_20260120_134834_0.mcap
SKILL_005_20260120_140252,station_01_lab,SKILL_005,Insert allen keys in package,E_MARTINEZ,2026-01-20T14:02:52Z,2026-01-20T14:02:56Z,3.63,4.18,WARNING_DRIFT,FALSE,TOO_SHORT (3.6s),/mnt/nurvai-data/01/SKILL_005_20260120_140252/SKILL_005_20260120_140252_0.mcap
SKILL_005_20260120_140306,station_01_lab,SKILL_005,Insert allen keys in package,E_MARTINEZ,2026-01-20T14:03:06Z,2026-01-20T14:05:55Z,169.52,4.52,WARNING_DRIFT,TRUE,,/mnt/nurvai-data/01/SKILL_005_20260120_140306/SKILL_005_20260120_140306_0.mcap
SKILL_005_20260120_140704,station_01_lab,SKILL_005,Insert allen keys in package,E_MARTINEZ,2026-01-20T14:07:04Z,2026-01-20T14:09:33Z,149.75,4.47,WARNING_DRIFT,TRUE,,/mnt/nurvai-data/01/SKILL_005_20260120_140704/SKILL_005_20260120_140704_0.mcap
SKILL_005_20260120_152243,station_01_lab,SKILL_005,Insert allen keys in package,E_MARTINEZ,2026-01-20T15:22:43Z,2026-01-20T15:25:44Z,181.08,4.58,PASS,TRUE,,/mnt/nurvai-data/01/SKILL_005_20260120_152243/SKILL_005_20260120_152243_0.mcap
SKILL_005_20260121_073329,station_01_lab,SKILL_005,Insert allen keys in package,E_MARTINEZ,2026-01-21T07:33:29Z,2026-01-21T07:36:00Z,150.42,4.22,WARNING_DRIFT,TRUE,,/mnt/nurvai-data/01/SKILL_005_20260121_073329/SKILL_005_20260121_073329_0.mcap
SKILL_005_20260121_073626,station_01_lab,SKILL_005,Insert allen keys in package,E_MARTINEZ,2026-01-21T07:36:26Z,2026-01-21T07:39:00Z,153.56,4.15,WARNING_DRIFT,TRUE,,/mnt/nurvai-data/01/SKILL_005_20260121_073626/SKILL_005_20260121_073626_0.mcap
SKILL_005_20260122_075008,station_01_lab,SKILL_005,Insert allen keys in package,E_MARTINEZ,2026-01-22T07:50:08Z,2026-01-22T07:53:09Z,180.71,4.48,PASS,TRUE,,/mnt/nurvai-data/01/SKILL_005_20260122_075008/SKILL_005_20260122_075008_0.mcap
SKILL_005_20260122_131543,station_01_lab,SKILL_005,Insert allen keys in package,E_MARTINEZ,2026-01-22T13:15:43Z,2026-01-22T13:15:58Z,15.11,5.56,WARNING_DRIFT,FALSE,TOO_SHORT (15.1s),/mnt/nurvai-data/01/SKILL_005_20260122_131543/SKILL_005_20260122_131543_0.mcap
SKILL_005_20260122_131600,station_01_lab,SKILL_005,Insert allen keys in package,E_MARTINEZ,2026-01-22T13:16:00Z,2026-01-22T13:16:00Z,0.61,7.46,PASS,FALSE,TOO_SHORT (0.6s),/mnt/nurvai-data/01/SKILL_005_20260122_131600/SKILL_005_20260122_131600_0.mcap
SKILL_005_20260122_075619,station_01_lab,SKILL_005,Insert allen keys in package,E_MARTINEZ,2026-01-22T07:56:19Z,2026-01-22T07:59:13Z,174.71,4.40,WARNING_DRIFT,TRUE,,/mnt/nurvai-data/01/SKILL_005_20260122_075619/SKILL_005_20260122_075619_0.mcap
SKILL_005_20260122_131822,station_01_lab,SKILL_005,Insert allen keys in package,E_MARTINEZ,2026-01-22T13:18:22Z,2026-01-22T13:21:20Z,178.03,4.67,WARNING_DRIFT,TRUE,,/mnt/nurvai-data/01/SKILL_005_20260122_131822/SKILL_005_20260122_131822_0.mcap
SKILL_005_20260122_132209,station_01_lab,SKILL_005,Insert allen keys in package,E_MARTINEZ,2026-01-22T13:22:09Z,2026-01-22T13:25:02Z,172.50,4.56,WARNING_DRIFT,TRUE,,/mnt/nurvai-data/01/SKILL_005_20260122_132209/SKILL_005_20260122_132209_0.mcap
SKILL_005_20260123_070735,station_01_lab,SKILL_005,Insert allen keys in package,E_MARTINEZ,2026-01-23T07:07:35Z,2026-01-23T07:10:49Z,193.93,4.47,WARNING_DRIFT,TRUE,,/mnt/nurvai-data/01/SKILL_005_20260123_070735/SKILL_005_20260123_070735_0.mcap
SKILL_005_20260123_071112,station_01_lab,SKILL_005,Insert allen keys in package,E_MARTINEZ,2026-01-23T07:11:12Z,2026-01-23T07:14:05Z,172.51,4.41,PASS,TRUE,,/mnt/nurvai-data/01/SKILL_005_20260123_071112/SKILL_005_20260123_071112_0.mcap
SKILL_005_20260123_121411,station_01_lab,SKILL_005,Insert allen keys in package,E_MARTINEZ,2026-01-23T12:14:11Z,2026-01-23T12:17:13Z,181.89,4.49,WARNING_DRIFT,TRUE,,/mnt/nurvai-data/01/SKILL_005_20260123_121411/SKILL_005_20260123_121411_0.mcap
SKILL_005_20260123_121740,station_01_lab,SKILL_005,Insert allen keys in package,E_MARTINEZ,2026-01-23T12:17:40Z,2026-01-23T12:20:25Z,164.24,4.62,WARNING_DRIFT,TRUE,,/mnt/nurvai-data/01/SKILL_005_20260123_121740/SKILL_005_20260123_121740_0.mcap
SKILL_005_20260123_122048,station_01_lab,SKILL_005,Insert allen keys in package,E_MARTINEZ,2026-01-23T12:20:48Z,2026-01-23T12:23:33Z,165.20,4.51,WARNING_DRIFT,TRUE,,/mnt/nurvai-data/01/SKILL_005_20260123_122048/SKILL_005_20260123_122048_0.mcap
SKILL_005_20260124_071503,station_01_lab,SKILL_005,Insert allen keys in package,E_MARTINEZ,2026-01-24T07:15:03Z,2026-01-24T07:17:42Z,158.21,4.53,WARNING_DRIFT,TRUE,,/mnt/nurvai-data/01/SKILL_005_20260124_071503/SKILL_005_20260124_071503_0.mcap
SKILL_005_20260124_071825,station_01_lab,SKILL_005,Insert allen keys in package,E_MARTINEZ,2026-01-24T07:18:25Z,2026-01-24T07:21:10Z,165.01,4.66,WARNING_DRIFT,TRUE,,/mnt/nurvai-data/01/SKILL_005_20260124_071825/SKILL_005_20260124_071825_0.mcap
SKILL_005_20260124_072217,station_01_lab,SKILL_005,Insert allen keys in package,E_MARTINEZ,2026-01-24T07:22:17Z,2026-01-24T07:23:20Z,62.27,4.94,WARNING_DRIFT,FALSE,TOO_SHORT (62.3s),/mnt/nurvai-data/01/SKILL_005_20260124_072217/SKILL_005_20260124_072217_0.mcap
SKILL_005_20260129_121929,station_01_lab,SKILL_005,Insert allen keys in package,E_MARTINEZ,2026-01-29T12:19:29Z,2026-01-29T12:22:03Z,153.56,4.49,WARNING_DRIFT,TRUE,,/mnt/nurvai-data/01/SKILL_005_20260129_121929/SKILL_005_20260129_121929_0.mcap
SKILL_005_20260129_121629,station_01_lab,SKILL_005,Insert allen keys in package,E_MARTINEZ,2026-01-29T12:16:29Z,2026-01-29T12:19:04Z,154.29,4.50,WARNING_DRIFT,TRUE,,/mnt/nurvai-data/01/SKILL_005_20260129_121629/SKILL_005_20260129_121629_0.mcap
SKILL_005_20260129_122543,station_01_lab,SKILL_005,Insert allen keys in package,E_MARTINEZ,2026-01-29T12:25:43Z,2026-01-29T12:28:09Z,146.06,4.50,WARNING_DRIFT,TRUE,,/mnt/nurvai-data/01/SKILL_005_20260129_122543/SKILL_005_20260129_122543_0.mcap
SKILL_005_20260129_122229,station_01_lab,SKILL_005,Insert allen keys in package,E_MARTINEZ,2026-01-29T12:22:29Z,2026-01-29T12:25:19Z,170.70,4.50,WARNING_DRIFT,TRUE,,/mnt/nurvai-data/01/SKILL_005_20260129_122229/SKILL_005_20260129_122229_0.mcap
SKILL_005_20260130_072620,station_01_lab,SKILL_005,Insert allen keys in package,D_VARGAS,2026-01-30T07:26:20Z,2026-01-30T07:29:19Z,178.37,4.38,WARNING_DRIFT,TRUE,,/mnt/nurvai-data/01/SKILL_005_20260130_072620/SKILL_005_20260130_072620_0.mcap
SKILL_005_20260130_073318,station_01_lab,SKILL_005,Insert allen keys in package,D_VARGAS,2026-01-30T07:33:18Z,2026-01-30T07:36:47Z,209.66,4.56,WARNING_DRIFT,TRUE,,/mnt/nurvai-data/01/SKILL_005_20260130_073318/SKILL_005_20260130_073318_0.mcap
SKILL_005_20260130_072949,station_01_lab,SKILL_005,Insert allen keys in package,D_VARGAS,2026-01-30T07:29:49Z,2026-01-30T07:32:35Z,166.70,4.63,WARNING_DRIFT,TRUE,,/mnt/nurvai-data/01/SKILL_005_20260130_072949/SKILL_005_20260130_072949_0.mcap
SKILL_007_20260120_141153,station_01_lab,SKILL_007,Separate tongue depressors by color,E_MARTINEZ,2026-01-20T14:11:53Z,2026-01-20T14:16:31Z,278.05,4.69,PASS,TRUE,,/mnt/nurvai-data/01/SKILL_007_20260120_141153/SKILL_007_20260120_141153_0.mcap
SKILL_007_20260121_074202,station_01_lab,SKILL_007,Separate tongue depressors by color,E_MARTINEZ,2026-01-21T07:42:02Z,2026-01-21T07:49:37Z,454.91,4.72,PASS,TRUE,,/mnt/nurvai-data/01/SKILL_007_20260121_074202/SKILL_007_20260121_074202_0.mcap
SKILL_007_20260122_081631,station_01_lab,SKILL_007,Separate tongue depressors by color,E_MARTINEZ,2026-01-22T08:16:31Z,2026-01-22T08:23:30Z,419.43,4.76,WARNING_DRIFT,TRUE,,/mnt/nurvai-data/01/SKILL_007_20260122_081631/SKILL_007_20260122_081631_0.mcap
SKILL_007_20260122_082609,station_01_lab,SKILL_007,Separate tongue depressors by color,E_MARTINEZ,2026-01-22T08:26:09Z,2026-01-22T08:26:31Z,22.01,9.14,WARNING_DRIFT,FALSE,TOO_SHORT (22.0s),/mnt/nurvai-data/01/SKILL_007_20260122_082609/SKILL_007_20260122_082609_0.mcap
SKILL_007_20260122_082444,station_01_lab,SKILL_007,Separate tongue depressors by color,E_MARTINEZ,2026-01-22T08:24:44Z,2026-01-22T08:26:04Z,80.28,4.30,PASS,FALSE,TOO_SHORT (80.3s),/mnt/nurvai-data/01/SKILL_007_20260122_082444/SKILL_007_20260122_082444_0.mcap
SKILL_007_20260122_133503,station_01_lab,SKILL_007,Separate tongue depressors by color,E_MARTINEZ,2026-01-22T13:35:03Z,2026-01-22T13:37:12Z,128.85,4.44,PASS,TRUE,,/mnt/nurvai-data/01/SKILL_007_20260122_133503/SKILL_007_20260122_133503_0.mcap
SKILL_007_20260122_132656,station_01_lab,SKILL_007,Separate tongue depressors by color,E_MARTINEZ,2026-01-22T13:26:56Z,2026-01-22T13:32:50Z,353.83,4.82,WARNING_DRIFT,TRUE,,/mnt/nurvai-data/01/SKILL_007_20260122_132656/SKILL_007_20260122_132656_0.mcap
SKILL_007_20260123_071656,station_01_lab,SKILL_007,Separate tongue depressors by color,E_MARTINEZ,2026-01-23T07:16:56Z,2026-01-23T07:24:12Z,436.13,4.80,WARNING_DRIFT,TRUE,,/mnt/nurvai-data/01/SKILL_007_20260123_071656/SKILL_007_20260123_071656_0.mcap
SKILL_007_20260123_072505,station_01_lab,SKILL_007,Separate tongue depressors by color,E_MARTINEZ,2026-01-23T07:25:05Z,2026-01-23T07:27:05Z,119.77,4.44,WARNING_DRIFT,TRUE,,/mnt/nurvai-data/01/SKILL_007_20260123_072505/SKILL_007_20260123_072505_0.mcap
SKILL_007_20260123_123422,station_01_lab,SKILL_007,Separate tongue depressors by color,E_MARTINEZ,2026-01-23T12:34:22Z,2026-01-23T12:35:31Z,69.09,4.34,PASS,FALSE,TOO_SHORT (69.1s),/mnt/nurvai-data/01/SKILL_007_20260123_123422/SKILL_007_20260123_123422_0.mcap
SKILL_007_20260123_122647,station_01_lab,SKILL_007,Separate tongue depressors by color,E_MARTINEZ,2026-01-23T12:26:47Z,2026-01-23T12:33:38Z,411.04,4.89,WARNING_DRIFT,TRUE,,/mnt/nurvai-data/01/SKILL_007_20260123_122647/SKILL_007_20260123_122647_0.mcap
SKILL_007_20260124_072620,station_01_lab,SKILL_007,Separate tongue depressors by color,E_MARTINEZ,2026-01-24T07:26:20Z,2026-01-24T07:33:04Z,404.50,5.00,WARNING_DRIFT,TRUE,,/mnt/nurvai-data/01/SKILL_007_20260124_072620/SKILL_007_20260124_072620_0.mcap
SKILL_007_20260124_073439,station_01_lab,SKILL_007,Separate tongue depressors by color,E_MARTINEZ,2026-01-24T07:34:39Z,2026-01-24T07:37:57Z,198.56,4.69,PASS,TRUE,,/mnt/nurvai-data/01/SKILL_007_20260124_073439/SKILL_007_20260124_073439_0.mcap
SKILL_007_20260124_073813,station_01_lab,SKILL_007,Separate tongue depressors by color,E_MARTINEZ,2026-01-24T07:38:13Z,2026-01-24T07:38:36Z,22.79,8.63,WARNING_DRIFT,FALSE,TOO_SHORT (22.8s),/mnt/nurvai-data/01/SKILL_007_20260124_073813/SKILL_007_20260124_073813_0.mcap
SKILL_009_20260120_141948,station_01_lab,SKILL_009,Package Cotton set,E_MARTINEZ,2026-01-20T14:19:48Z,2026-01-20T14:20:35Z,46.68,5.01,WARNING_DRIFT,FALSE,TOO_SHORT (46.7s),/mnt/nurvai-data/01/SKILL_009_20260120_141948/SKILL_009_20260120_141948_0.mcap
SKILL_007_20260129_124112,station_01_lab,SKILL_007,Separate tongue depressors by color,E_MARTINEZ,2026-01-29T12:41:12Z,2026-01-29T12:47:38Z,385.57,4.66,WARNING_DRIFT,TRUE,,/mnt/nurvai-data/01/SKILL_007_20260129_124112/SKILL_007_20260129_124112_0.mcap
SKILL_009_20260120_142934,station_01_lab,SKILL_009,Package Cotton set,E_MARTINEZ,2026-01-20T14:29:34Z,2026-01-20T14:32:38Z,184.01,4.32,PASS,TRUE,,/mnt/nurvai-data/01/SKILL_009_20260120_142934/SKILL_009_20260120_142934_0.mcap
SKILL_009_20260120_154447,station_01_lab,SKILL_009,Package Cotton set,H_ALCARAZ,2026-01-20T15:44:47Z,2026-01-20T15:44:59Z,11.27,5.69,PASS,FALSE,TOO_SHORT (11.3s),/mnt/nurvai-data/01/SKILL_009_20260120_154447/SKILL_009_20260120_154447_0.mcap
SKILL_009_20260120_142343,station_01_lab,SKILL_009,Package Cotton set,E_MARTINEZ,2026-01-20T14:23:43Z,2026-01-20T14:28:27Z,283.71,4.53,PASS,TRUE,,/mnt/nurvai-data/01/SKILL_009_20260120_142343/SKILL_009_20260120_142343_0.mcap
SKILL_009_20260121_075131,station_01_lab,SKILL_009,Package Cotton set,E_MARTINEZ,2026-01-21T07:51:31Z,2026-01-21T07:56:14Z,282.94,4.31,WARNING_DRIFT,TRUE,,/mnt/nurvai-data/01/SKILL_009_20260121_075131/SKILL_009_20260121_075131_0.mcap
SKILL_009_20260121_075635,station_01_lab,SKILL_009,Package Cotton set,E_MARTINEZ,2026-01-21T07:56:35Z,2026-01-21T08:00:25Z,229.74,4.45,PASS,TRUE,,/mnt/nurvai-data/01/SKILL_009_20260121_075635/SKILL_009_20260121_075635_0.mcap
SKILL_009_20260122_082754,station_01_lab,SKILL_009,Package Cotton set,E_MARTINEZ,2026-01-22T08:27:54Z,2026-01-22T08:36:09Z,495.12,4.56,PASS,TRUE,,/mnt/nurvai-data/01/SKILL_009_20260122_082754/SKILL_009_20260122_082754_0.mcap
SKILL_009_20260122_133945,station_01_lab,SKILL_009,Package Cotton set,E_MARTINEZ,2026-01-22T13:39:45Z,2026-01-22T13:47:59Z,494.59,2.65,PASS,TRUE,,/mnt/nurvai-data/01/SKILL_009_20260122_133945/SKILL_009_20260122_133945_0.mcap
SKILL_009_20260123_123650,station_01_lab,SKILL_009,Package Cotton set,E_MARTINEZ,2026-01-23T12:36:50Z,2026-01-23T12:44:08Z,438.29,4.67,PASS,TRUE,,/mnt/nurvai-data/01/SKILL_009_20260123_123650/SKILL_009_20260123_123650_0.mcap
SKILL_009_20260123_072840,station_01_lab,SKILL_009,Package Cotton set,E_MARTINEZ,2026-01-23T07:28:40Z,2026-01-23T07:37:06Z,506.02,4.45,PASS,TRUE,,/mnt/nurvai-data/01/SKILL_009_20260123_072840/SKILL_009_20260123_072840_0.mcap
SKILL_009_20260124_075106,station_01_lab,SKILL_009,Package Cotton set,E_MARTINEZ,2026-01-24T07:51:06Z,2026-01-24T07:55:18Z,251.41,4.77,PASS,TRUE,,/mnt/nurvai-data/01/SKILL_009_20260124_075106/SKILL_009_20260124_075106_0.mcap
SKILL_009_20260124_074207,station_01_lab,SKILL_009,Package Cotton set,E_MARTINEZ,2026-01-24T07:42:07Z,2026-01-24T07:50:22Z,495.22,4.74,WARNING_DRIFT,TRUE,,/mnt/nurvai-data/01/SKILL_009_20260124_074207/SKILL_009_20260124_074207_0.mcap
SKILL_009_20260129_125735,station_01_lab,SKILL_009,Package Cotton set,E_MARTINEZ,2026-01-29T12:57:35Z,2026-01-29T13:01:11Z,215.41,4.43,PASS,TRUE,,/mnt/nurvai-data/01/SKILL_009_20260129_125735/SKILL_009_20260129_125735_0.mcap
SKILL_010_20260120_092830,station_01_lab,SKILL_010,Package earphones,E_MARTINEZ,2026-01-20T09:28:30Z,2026-01-20T09:33:34Z,303.94,4.68,PASS,TRUE,,/mnt/nurvai-data/01/SKILL_010_20260120_092830/SKILL_010_20260120_092830_0.mcap
SKILL_010_20260120_093429,station_01_lab,SKILL_010,Package earphones,C_BECERRA,2026-01-20T09:34:29Z,2026-01-20T09:39:37Z,307.73,4.61,PASS,TRUE,,/mnt/nurvai-data/01/SKILL_010_20260120_093429/SKILL_010_20260120_093429_0.mcap
SKILL_010_20260121_083114,station_01_lab,SKILL_010,Package earphones,E_MARTINEZ,2026-01-21T08:31:14Z,2026-01-21T08:35:35Z,260.78,4.75,PASS,TRUE,,/mnt/nurvai-data/01/SKILL_010_20260121_083114/SKILL_010_20260121_083114_0.mcap
SKILL_010_20260121_082446,station_01_lab,SKILL_010,Package earphones,E_MARTINEZ,2026-01-21T08:24:46Z,2026-01-21T08:30:28Z,341.70,4.82,PASS,TRUE,,/mnt/nurvai-data/01/SKILL_010_20260121_082446/SKILL_010_20260121_082446_0.mcap
SKILL_010_20260122_083825,station_01_lab,SKILL_010,Package earphones,E_MARTINEZ,2026-01-22T08:38:25Z,2026-01-22T08:43:07Z,281.76,4.93,PASS,TRUE,,/mnt/nurvai-data/01/SKILL_010_20260122_083825/SKILL_010_20260122_083825_0.mcap
SKILL_010_20260122_084425,station_01_lab,SKILL_010,Package earphones,E_MARTINEZ,2026-01-22T08:44:25Z,2026-01-22T08:47:53Z,208.19,4.74,PASS,TRUE,,/mnt/nurvai-data/01/SKILL_010_20260122_084425/SKILL_010_20260122_084425_0.mcap
SKILL_010_20260122_140223,station_01_lab,SKILL_010,Package earphones,E_MARTINEZ,2026-01-22T14:02:23Z,2026-01-22T14:04:14Z,110.76,7.44,WARNING_DRIFT,TRUE,,/mnt/nurvai-data/01/SKILL_010_20260122_140223/SKILL_010_20260122_140223_0.mcap
SKILL_010_20260122_140429,station_01_lab,SKILL_010,Package earphones,E_MARTINEZ,2026-01-22T14:04:29Z,2026-01-22T14:04:43Z,14.61,8.22,WARNING_DRIFT,FALSE,TOO_SHORT (14.6s),/mnt/nurvai-data/01/SKILL_010_20260122_140429/SKILL_010_20260122_140429_0.mcap
SKILL_010_20260123_073909,station_01_lab,SKILL_010,Package earphones,E_MARTINEZ,2026-01-23T07:39:09Z,2026-01-23T07:40:15Z,65.75,4.74,PASS,FALSE,TOO_SHORT (65.8s),/mnt/nurvai-data/01/SKILL_010_20260123_073909/SKILL_010_20260123_073909_0.mcap
SKILL_010_20260123_074252,station_01_lab,SKILL_010,Package earphones,E_MARTINEZ,2026-01-23T07:42:52Z,2026-01-23T07:48:04Z,311.85,4.87,PASS,TRUE,,/mnt/nurvai-data/01/SKILL_010_20260123_074252/SKILL_010_20260123_074252_0.mcap
SKILL_010_20260123_124911,station_01_lab,SKILL_010,Package earphones,E_MARTINEZ,2026-01-23T12:49:11Z,2026-01-23T12:57:02Z,470.58,4.66,WARNING_DRIFT,TRUE,,/mnt/nurvai-data/01/SKILL_010_20260123_124911/SKILL_010_20260123_124911_0.mcap
SKILL_010_20260123_125807,station_01_lab,SKILL_010,Package earphones,E_MARTINEZ,2026-01-23T12:58:07Z,2026-01-23T13:02:39Z,272.06,4.68,WARNING_DRIFT,TRUE,,/mnt/nurvai-data/01/SKILL_010_20260123_125807/SKILL_010_20260123_125807_0.mcap
SKILL_010_20260124_080134,station_01_lab,SKILL_010,Package earphones,E_MARTINEZ,2026-01-24T08:01:34Z,2026-01-24T08:03:34Z,119.33,4.83,PASS,TRUE,,/mnt/nurvai-data/01/SKILL_010_20260124_080134/SKILL_010_20260124_080134_0.mcap
SKILL_010_20260129_130444,station_01_lab,SKILL_010,Package earphones,N_MORA,2026-01-29T13:04:44Z,2026-01-29T13:05:27Z,43.77,4.52,PASS,FALSE,TOO_SHORT (43.8s),/mnt/nurvai-data/01/SKILL_010_20260129_130444/SKILL_010_20260129_130444_0.mcap
SKILL_011_20260120_094505,station_01_lab,SKILL_011,Package plastic ice cubes,E_MARTINEZ,2026-01-20T09:45:05Z,2026-01-20T09:47:12Z,126.81,5.01,WARNING_DRIFT,TRUE,,/mnt/nurvai-data/01/SKILL_011_20260120_094505/SKILL_011_20260120_094505_0.mcap
SKILL_012_20260120_094217,station_01_lab,SKILL_012,Put pasta in jars,E_MARTINEZ,2026-01-20T09:42:17Z,2026-01-20T09:42:20Z,3.45,4.73,PASS,FALSE,TOO_SHORT (3.4s),/mnt/nurvai-data/01/SKILL_012_20260120_094217/SKILL_012_20260120_094217_0.mcap
SKILL_012_20260120_094803,station_01_lab,SKILL_012,Put pasta in jars,C_BECERRA,2026-01-20T09:48:03Z,2026-01-20T09:51:47Z,224.46,4.78,PASS,TRUE,,/mnt/nurvai-data/01/SKILL_012_20260120_094803/SKILL_012_20260120_094803_0.mcap
SKILL_012_20260121_083719,station_01_lab,SKILL_012,Put pasta in jars,E_MARTINEZ,2026-01-21T08:37:19Z,2026-01-21T08:39:57Z,157.59,4.81,PASS,TRUE,,/mnt/nurvai-data/01/SKILL_012_20260121_083719/SKILL_012_20260121_083719_0.mcap
SKILL_012_20260121_084108,station_01_lab,SKILL_012,Put pasta in jars,E_MARTINEZ,2026-01-21T08:41:08Z,2026-01-21T08:43:43Z,155.40,4.93,PASS,TRUE,,/mnt/nurvai-data/01/SKILL_012_20260121_084108/SKILL_012_20260121_084108_0.mcap
SKILL_012_20260121_084418,station_01_lab,SKILL_012,Put pasta in jars,E_MARTINEZ,2026-01-21T08:44:18Z,2026-01-21T08:46:37Z,138.96,4.92,PASS,TRUE,,/mnt/nurvai-data/01/SKILL_012_20260121_084418/SKILL_012_20260121_084418_0.mcap
SKILL_012_20260122_085053,station_01_lab,SKILL_012,Put pasta in jars,E_MARTINEZ,2026-01-22T08:50:53Z,2026-01-22T08:53:46Z,173.15,5.03,PASS,TRUE,,/mnt/nurvai-data/01/SKILL_012_20260122_085053/SKILL_012_20260122_085053_0.mcap
SKILL_012_20260122_085416,station_01_lab,SKILL_012,Put pasta in jars,E_MARTINEZ,2026-01-22T08:54:16Z,2026-01-22T08:56:32Z,136.00,5.02,WARNING_DRIFT,TRUE,,/mnt/nurvai-data/01/SKILL_012_20260122_085416/SKILL_012_20260122_085416_0.mcap
SKILL_012_20260122_085716,station_01_lab,SKILL_012,Put pasta in jars,E_MARTINEZ,2026-01-22T08:57:16Z,2026-01-22T08:59:51Z,155.13,4.88,PASS,TRUE,,/mnt/nurvai-data/01/SKILL_012_20260122_085716/SKILL_012_20260122_085716_0.mcap
SKILL_012_20260122_141519,station_01_lab,SKILL_012,Put pasta in jars,E_MARTINEZ,2026-01-22T14:15:19Z,2026-01-22T14:18:05Z,166.08,4.87,PASS,TRUE,,/mnt/nurvai-data/01/SKILL_012_20260122_141519/SKILL_012_20260122_141519_0.mcap
SKILL_012_20260122_141920,station_01_lab,SKILL_012,Put pasta in jars,E_MARTINEZ,2026-01-22T14:19:20Z,2026-01-22T14:22:01Z,160.10,4.85,PASS,TRUE,,/mnt/nurvai-data/01/SKILL_012_20260122_141920/SKILL_012_20260122_141920_0.mcap
SKILL_012_20260123_075532,station_01_lab,SKILL_012,Put pasta in jars,E_MARTINEZ,2026-01-23T07:55:32Z,2026-01-23T07:58:44Z,191.31,4.89,WARNING_DRIFT,TRUE,,/mnt/nurvai-data/01/SKILL_012_20260123_075532/SKILL_012_20260123_075532_0.mcap
SKILL_012_20260123_075044,station_01_lab,SKILL_012,Put pasta in jars,E_MARTINEZ,2026-01-23T07:50:44Z,2026-01-23T07:53:22Z,158.44,4.85,WARNING_DRIFT,TRUE,,/mnt/nurvai-data/01/SKILL_012_20260123_075044/SKILL_012_20260123_075044_0.mcap
SKILL_012_20260123_131247,station_01_lab,SKILL_012,Put pasta in jars,E_MARTINEZ,2026-01-23T13:12:47Z,2026-01-23T13:15:00Z,132.90,4.73,WARNING_DRIFT,TRUE,,/mnt/nurvai-data/01/SKILL_012_20260123_131247/SKILL_012_20260123_131247_0.mcap
SKILL_012_20260123_130900,station_01_lab,SKILL_012,Put pasta in jars,E_MARTINEZ,2026-01-23T13:09:00Z,2026-01-23T13:11:54Z,174.43,4.81,WARNING_DRIFT,TRUE,,/mnt/nurvai-data/01/SKILL_012_20260123_130900/SKILL_012_20260123_130900_0.mcap
SKILL_012_20260124_082031,station_01_lab,SKILL_012,Put pasta in jars,E_MARTINEZ,2026-01-24T08:20:31Z,2026-01-24T08:23:39Z,188.73,4.78,WARNING_DRIFT,TRUE,,/mnt/nurvai-data/01/SKILL_012_20260124_082031/SKILL_012_20260124_082031_0.mcap
SKILL_012_20260124_082459,station_01_lab,SKILL_012,Put pasta in jars,E_MARTINEZ,2026-01-24T08:24:59Z,2026-01-24T08:27:45Z,166.84,4.81,PASS,TRUE,,/mnt/nurvai-data/01/SKILL_012_20260124_082459/SKILL_012_20260124_082459_0.mcap
SKILL_012_20260124_082843,station_01_lab,SKILL_012,Put pasta in jars,E_MARTINEZ,2026-01-24T08:28:43Z,2026-01-24T08:31:54Z,191.13,4.79,PASS,TRUE,,/mnt/nurvai-data/01/SKILL_012_20260124_082843/SKILL_012_20260124_082843_0.mcap
SKILL_012_20260129_131330,station_01_lab,SKILL_012,Put pasta in jars,N_MORA,2026-01-29T13:13:30Z,2026-01-29T13:16:38Z,188.38,4.78,WARNING_DRIFT,TRUE,,/mnt/nurvai-data/01/SKILL_012_20260129_131330/SKILL_012_20260129_131330_0.mcap
SKILL_012_20260129_131758,station_01_lab,SKILL_012,Put pasta in jars,N_MORA,2026-01-29T13:17:58Z,2026-01-29T13:21:14Z,195.73,4.80,WARNING_DRIFT,TRUE,,/mnt/nurvai-data/01/SKILL_012_20260129_131758/SKILL_012_20260129_131758_0.mcap
SKILL_012_20260129_132132,station_01_lab,SKILL_012,Put pasta in jars,N_MORA,2026-01-29T13:21:32Z,2026-01-29T13:21:35Z,2.05,5.59,WARNING_DRIFT,FALSE,TOO_SHORT (2.1s),/mnt/nurvai-data/01/SKILL_012_20260129_132132/SKILL_012_20260129_132132_0.mcap
SKILL_012_20260129_132212,station_01_lab,SKILL_012,Put pasta in jars,N_MORA,2026-01-29T13:22:12Z,2026-01-29T13:24:34Z,142.82,4.81,WARNING_DRIFT,TRUE,,/mnt/nurvai-data/01/SKILL_012_20260129_132212/SKILL_012_20260129_132212_0.mcap
SKILL_013_20260120_100211,station_01_lab,SKILL_013,Set up a hand lamp,E_MARTINEZ,2026-01-20T10:02:11Z,2026-01-20T10:04:03Z,112.24,5.07,PASS,TRUE,,/mnt/nurvai-data/01/SKILL_013_20260120_100211/SKILL_013_20260120_100211_0.mcap
SKILL_013_20260120_101304,station_01_lab,SKILL_013,Set up a hand lamp,E_MARTINEZ,2026-01-20T10:13:04Z,2026-01-20T10:15:58Z,174.09,4.93,WARNING_DRIFT,TRUE,,/mnt/nurvai-data/01/SKILL_013_20260120_101304/SKILL_013_20260120_101304_0.mcap
SKILL_013_20260120_100757,station_01_lab,SKILL_013,Set up a hand lamp,E_MARTINEZ,2026-01-20T10:07:57Z,2026-01-20T10:09:52Z,114.90,5.02,PASS,TRUE,,/mnt/nurvai-data/01/SKILL_013_20260120_100757/SKILL_013_20260120_100757_0.mcap
SKILL_013_20260120_103041,station_01_lab,SKILL_013,Set up a hand lamp,E_MARTINEZ,2026-01-20T10:30:41Z,2026-01-20T10:31:09Z,27.63,4.95,PASS,FALSE,TOO_SHORT (27.6s),/mnt/nurvai-data/01/SKILL_013_20260120_103041/SKILL_013_20260120_103041_0.mcap
SKILL_013_20260121_084746,station_01_lab,SKILL_013,Set up a hand lamp,E_MARTINEZ,2026-01-21T08:47:46Z,2026-01-21T08:51:20Z,213.91,4.87,PASS,TRUE,,/mnt/nurvai-data/01/SKILL_013_20260121_084746/SKILL_013_20260121_084746_0.mcap
SKILL_013_20260121_085218,station_01_lab,SKILL_013,Set up a hand lamp,E_MARTINEZ,2026-01-21T08:52:18Z,2026-01-21T08:55:54Z,216.38,4.90,WARNING_DRIFT,TRUE,,/mnt/nurvai-data/01/SKILL_013_20260121_085218/SKILL_013_20260121_085218_0.mcap
SKILL_013_20260121_085625,station_01_lab,SKILL_013,Set up a hand lamp,E_MARTINEZ,2026-01-21T08:56:25Z,2026-01-21T08:58:11Z,106.12,4.74,PASS,TRUE,,/mnt/nurvai-data/01/SKILL_013_20260121_085625/SKILL_013_20260121_085625_0.mcap
SKILL_013_20260122_090530,station_01_lab,SKILL_013,Set up a hand lamp,E_MARTINEZ,2026-01-22T09:05:30Z,2026-01-22T09:09:19Z,228.71,4.91,PASS,TRUE,,/mnt/nurvai-data/01/SKILL_013_20260122_090530/SKILL_013_20260122_090530_0.mcap
SKILL_013_20260122_091303,station_01_lab,SKILL_013,Set up a hand lamp,E_MARTINEZ,2026-01-22T09:13:03Z,2026-01-22T09:16:06Z,182.24,4.94,PASS,TRUE,,/mnt/nurvai-data/01/SKILL_013_20260122_091303/SKILL_013_20260122_091303_0.mcap
SKILL_013_20260122_142640,station_01_lab,SKILL_013,Set up a hand lamp,E_MARTINEZ,2026-01-22T14:26:40Z,2026-01-22T14:30:00Z,200.30,5.05,PASS,TRUE,,/mnt/nurvai-data/01/SKILL_013_20260122_142640/SKILL_013_20260122_142640_0.mcap
SKILL_013_20260123_080523,station_01_lab,SKILL_013,Set up a hand lamp,E_MARTINEZ,2026-01-23T08:05:23Z,2026-01-23T08:08:18Z,174.40,4.89,WARNING_DRIFT,TRUE,,/mnt/nurvai-data/01/SKILL_013_20260123_080523/SKILL_013_20260123_080523_0.mcap
SKILL_013_20260123_080914,station_01_lab,SKILL_013,Set up a hand lamp,E_MARTINEZ,2026-01-23T08:09:14Z,2026-01-23T08:12:16Z,182.32,5.00,PASS,TRUE,,/mnt/nurvai-data/01/SKILL_013_20260123_080914/SKILL_013_20260123_080914_0.mcap
SKILL_013_20260123_132023,station_01_lab,SKILL_013,Set up a hand lamp,D_VARGAS,2026-01-23T13:20:23Z,2026-01-23T13:22:59Z,156.53,4.76,PASS,TRUE,,/mnt/nurvai-data/01/SKILL_013_20260123_132023/SKILL_013_20260123_132023_0.mcap
SKILL_013_20260123_081244,station_01_lab,SKILL_013,Set up a hand lamp,E_MARTINEZ,2026-01-23T08:12:44Z,2026-01-23T08:14:08Z,83.96,4.78,PASS,FALSE,TOO_SHORT (84.0s),/mnt/nurvai-data/01/SKILL_013_20260123_081244/SKILL_013_20260123_081244_0.mcap
SKILL_013_20260123_132300,station_01_lab,SKILL_013,Set up a hand lamp,D_VARGAS,2026-01-23T13:23:00Z,2026-01-23T13:23:03Z,3.35,3.71,PASS,FALSE,TOO_SHORT (3.3s),/mnt/nurvai-data/01/SKILL_013_20260123_132300/SKILL_013_20260123_132300_0.mcap
SKILL_013_20260123_132407,station_01_lab,SKILL_013,Set up a hand lamp,D_VARGAS,2026-01-23T13:24:07Z,2026-01-23T13:26:52Z,165.27,4.70,PASS,TRUE,,/mnt/nurvai-data/01/SKILL_013_20260123_132407/SKILL_013_20260123_132407_0.mcap
SKILL_013_20260123_132829,station_01_lab,SKILL_013,Set up a hand lamp,D_VARGAS,2026-01-23T13:28:29Z,2026-01-23T13:30:56Z,147.25,4.81,PASS,TRUE,,/mnt/nurvai-data/01/SKILL_013_20260123_132829/SKILL_013_20260123_132829_0.mcap
SKILL_013_20260124_083316,station_01_lab,SKILL_013,Set up a hand lamp,E_MARTINEZ,2026-01-24T08:33:16Z,2026-01-24T08:35:56Z,160.67,4.78,PASS,TRUE,,/mnt/nurvai-data/01/SKILL_013_20260124_083316/SKILL_013_20260124_083316_0.mcap
SKILL_013_20260124_083957,station_01_lab,SKILL_013,Set up a hand lamp,E_MARTINEZ,2026-01-24T08:39:57Z,2026-01-24T08:42:30Z,153.01,4.91,WARNING_DRIFT,TRUE,,/mnt/nurvai-data/01/SKILL_013_20260124_083957/SKILL_013_20260124_083957_0.mcap
SKILL_014_20260120_110849,station_01_lab,SKILL_014,Fasten nuts onto bolts,E_MARTINEZ,2026-01-20T11:08:49Z,2026-01-20T11:09:38Z,49.66,5.08,PASS,FALSE,TOO_SHORT (49.7s),/mnt/nurvai-data/01/SKILL_014_20260120_110849/SKILL_014_20260120_110849_0.mcap
SKILL_014_20260120_111252,station_01_lab,SKILL_014,Fasten nuts onto bolts,E_MARTINEZ,2026-01-20T11:12:52Z,2026-01-20T11:18:05Z,312.92,5.04,PASS,TRUE,,/mnt/nurvai-data/01/SKILL_014_20260120_111252/SKILL_014_20260120_111252_0.mcap
SKILL_014_20260121_090103,station_01_lab,SKILL_014,Fasten nuts onto bolts,E_MARTINEZ,2026-01-21T09:01:03Z,2026-01-21T09:08:02Z,418.63,5.02,PASS,TRUE,,/mnt/nurvai-data/01/SKILL_014_20260121_090103/SKILL_014_20260121_090103_0.mcap
SKILL_014_20260121_090922,station_01_lab,SKILL_014,Fasten nuts onto bolts,E_MARTINEZ,2026-01-21T09:09:22Z,2026-01-21T09:11:11Z,108.91,4.99,PASS,TRUE,,/mnt/nurvai-data/01/SKILL_014_20260121_090922/SKILL_014_20260121_090922_0.mcap
SKILL_014_20260121_091120,station_01_lab,SKILL_014,Fasten nuts onto bolts,E_MARTINEZ,2026-01-21T09:11:20Z,2026-01-21T09:11:22Z,2.13,5.57,PASS,FALSE,TOO_SHORT (2.1s),/mnt/nurvai-data/01/SKILL_014_20260121_091120/SKILL_014_20260121_091120_0.mcap
SKILL_014_20260123_081655,station_01_lab,SKILL_014,Fasten nuts onto bolts,E_MARTINEZ,2026-01-23T08:16:55Z,2026-01-23T08:16:58Z,3.41,6.15,PASS,FALSE,TOO_SHORT (3.4s),/mnt/nurvai-data/01/SKILL_014_20260123_081655/SKILL_014_20260123_081655_0.mcap
SKILL_014_20260122_091735,station_01_lab,SKILL_014,Fasten nuts onto bolts,E_MARTINEZ,2026-01-22T09:17:35Z,2026-01-22T09:26:10Z,515.31,5.24,PASS,TRUE,,/mnt/nurvai-data/01/SKILL_014_20260122_091735/SKILL_014_20260122_091735_0.mcap
SKILL_014_20260123_133243,station_01_lab,SKILL_014,Fasten nuts onto bolts,D_VARGAS,2026-01-23T13:32:43Z,2026-01-23T13:33:24Z,41.50,4.84,PASS,FALSE,TOO_SHORT (41.5s),/mnt/nurvai-data/01/SKILL_014_20260123_133243/SKILL_014_20260123_133243_0.mcap
SKILL_014_20260123_081659,station_01_lab,SKILL_014,Fasten nuts onto bolts,E_MARTINEZ,2026-01-23T08:16:59Z,2026-01-23T08:25:33Z,513.02,5.00,WARNING_DRIFT,TRUE,,/mnt/nurvai-data/01/SKILL_014_20260123_081659/SKILL_014_20260123_081659_0.mcap
SKILL_014_20260123_133356,station_01_lab,SKILL_014,Fasten nuts onto bolts,D_VARGAS,2026-01-23T13:33:56Z,2026-01-23T13:41:10Z,433.91,4.92,PASS,TRUE,,/mnt/nurvai-data/01/SKILL_014_20260123_133356/SKILL_014_20260123_133356_0.mcap
SKILL_014_20260129_133310,station_01_lab,SKILL_014,Fasten nuts onto bolts,N_MORA,2026-01-29T13:33:10Z,2026-01-29T13:40:18Z,427.84,4.58,WARNING_DRIFT,TRUE,,/mnt/nurvai-data/01/SKILL_014_20260129_133310/SKILL_014_20260129_133310_0.mcap
SKILL_014_20260129_134222,station_01_lab,SKILL_014,Fasten nuts onto bolts,N_MORA,2026-01-29T13:42:22Z,2026-01-29T13:48:20Z,357.38,4.51,WARNING_DRIFT,TRUE,,/mnt/nurvai-data/01/SKILL_014_20260129_134222/SKILL_014_20260129_134222_0.mcap
SKILL_015_20260120_120649,station_01_lab,SKILL_015,Thread a needle,E_MARTINEZ,2026-01-20T12:06:49Z,2026-01-20T12:08:57Z,128.05,4.85,PASS,TRUE,,/mnt/nurvai-data/01/SKILL_015_20260120_120649/SKILL_015_20260120_120649_0.mcap
SKILL_015_20260120_120216,station_01_lab,SKILL_015,Thread a needle,E_MARTINEZ,2026-01-20T12:02:16Z,2026-01-20T12:03:57Z,101.09,4.63,PASS,TRUE,,/mnt/nurvai-data/01/SKILL_015_20260120_120216/SKILL_015_20260120_120216_0.mcap
SKILL_015_20260121_092621,station_01_lab,SKILL_015,Thread a needle,E_MARTINEZ,2026-01-21T09:26:21Z,2026-01-21T09:29:11Z,170.67,4.54,PASS,TRUE,,/mnt/nurvai-data/01/SKILL_015_20260121_092621/SKILL_015_20260121_092621_0.mcap
SKILL_015_20260121_091915,station_01_lab,SKILL_015,Thread a needle,E_MARTINEZ,2026-01-21T09:19:15Z,2026-01-21T09:24:13Z,298.48,4.73,WARNING_DRIFT,TRUE,,/mnt/nurvai-data/01/SKILL_015_20260121_091915/SKILL_015_20260121_091915_0.mcap
SKILL_015_20260122_092825,station_01_lab,SKILL_015,Thread a needle,E_MARTINEZ,2026-01-22T09:28:25Z,2026-01-22T09:33:04Z,279.69,4.99,WARNING_DRIFT,TRUE,,/mnt/nurvai-data/01/SKILL_015_20260122_092825/SKILL_015_20260122_092825_0.mcap
SKILL_015_20260122_093446,station_01_lab,SKILL_015,Thread a needle,E_MARTINEZ,2026-01-22T09:34:46Z,2026-01-22T09:39:30Z,283.83,5.09,PASS,TRUE,,/mnt/nurvai-data/01/SKILL_015_20260122_093446/SKILL_015_20260122_093446_0.mcap
SKILL_015_20260123_083352,station_01_lab,SKILL_015,Thread a needle,E_MARTINEZ,2026-01-23T08:33:52Z,2026-01-23T08:36:43Z,171.21,4.77,PASS,TRUE,,/mnt/nurvai-data/01/SKILL_015_20260123_083352/SKILL_015_20260123_083352_0.mcap
SKILL_015_20260123_082715,station_01_lab,SKILL_015,Thread a needle,E_MARTINEZ,2026-01-23T08:27:15Z,2026-01-23T08:32:24Z,308.87,4.88,PASS,TRUE,,/mnt/nurvai-data/01/SKILL_015_20260123_082715/SKILL_015_20260123_082715_0.mcap
SKILL_015_20260123_134448,station_01_lab,SKILL_015,Thread a needle,D_VARGAS,2026-01-23T13:44:48Z,2026-01-23T13:49:34Z,286.44,4.75,PASS,TRUE,,/mnt/nurvai-data/01/SKILL_015_20260123_134448/SKILL_015_20260123_134448_0.mcap
SKILL_015_20260129_135235,station_01_lab,SKILL_015,Thread a needle,N_MORA,2026-01-29T13:52:35Z,2026-01-29T13:53:29Z,53.09,4.71,WARNING_DRIFT,FALSE,TOO_SHORT (53.1s),/mnt/nurvai-data/01/SKILL_015_20260129_135235/SKILL_015_20260129_135235_0.mcap
SKILL_015_20260123_135217,station_01_lab,SKILL_015,Thread a needle,D_VARGAS,2026-01-23T13:52:17Z,2026-01-23T13:55:48Z,211.55,5.15,PASS,TRUE,,/mnt/nurvai-data/01/SKILL_015_20260123_135217/SKILL_015_20260123_135217_0.mcap
SKILL_015_20260129_143153,station_01_lab,SKILL_015,Thread a needle,C_BECERRA,2026-01-29T14:31:53Z,2026-01-29T14:35:59Z,245.43,4.60,WARNING_DRIFT,TRUE,,/mnt/nurvai-data/01/SKILL_015_20260129_143153/SKILL_015_20260129_143153_0.mcap
SKILL_015_20260129_144345,station_01_lab,SKILL_015,Thread a needle,C_BECERRA,2026-01-29T14:43:45Z,2026-01-29T14:44:48Z,63.72,4.20,PASS,FALSE,TOO_SHORT (63.7s),/mnt/nurvai-data/01/SKILL_015_20260129_144345/SKILL_015_20260129_144345_0.mcap
SKILL_016_20260120_121718,station_01_lab,SKILL_016,Package a sewing set,E_MARTINEZ,2026-01-20T12:17:18Z,2026-01-20T12:18:08Z,50.25,4.83,PASS,FALSE,TOO_SHORT (50.2s),/mnt/nurvai-data/01/SKILL_016_20260120_121718/SKILL_016_20260120_121718_0.mcap
SKILL_016_20260120_121018,station_01_lab,SKILL_016,Package a sewing set,E_MARTINEZ,2026-01-20T12:10:18Z,2026-01-20T12:11:29Z,71.69,4.73,WARNING_DRIFT,FALSE,TOO_SHORT (71.7s),/mnt/nurvai-data/01/SKILL_016_20260120_121018/SKILL_016_20260120_121018_0.mcap
SKILL_016_20260120_121857,station_01_lab,SKILL_016,Package a sewing set,E_MARTINEZ,2026-01-20T12:18:57Z,2026-01-20T12:19:47Z,50.22,4.85,PASS,FALSE,TOO_SHORT (50.2s),/mnt/nurvai-data/01/SKILL_016_20260120_121857/SKILL_016_20260120_121857_0.mcap
SKILL_016_20260121_093531,station_01_lab,SKILL_016,Package a sewing set,E_MARTINEZ,2026-01-21T09:35:31Z,2026-01-21T09:37:41Z,129.43,4.47,PASS,TRUE,,/mnt/nurvai-data/01/SKILL_016_20260121_093531/SKILL_016_20260121_093531_0.mcap
SKILL_016_20260121_093043,station_01_lab,SKILL_016,Package a sewing set,E_MARTINEZ,2026-01-21T09:30:43Z,2026-01-21T09:33:07Z,143.98,4.66,PASS,TRUE,,/mnt/nurvai-data/01/SKILL_016_20260121_093043/SKILL_016_20260121_093043_0.mcap
SKILL_016_20260121_093817,station_01_lab,SKILL_016,Package a sewing set,E_MARTINEZ,2026-01-21T09:38:17Z,2026-01-21T09:39:18Z,60.52,4.50,PASS,FALSE,TOO_SHORT (60.5s),/mnt/nurvai-data/01/SKILL_016_20260121_093817/SKILL_016_20260121_093817_0.mcap
SKILL_016_20260122_094253,station_01_lab,SKILL_016,Package a sewing set,E_MARTINEZ,2026-01-22T09:42:53Z,2026-01-22T09:45:27Z,153.45,4.88,PASS,TRUE,,/mnt/nurvai-data/01/SKILL_016_20260122_094253/SKILL_016_20260122_094253_0.mcap
SKILL_016_20260122_094650,station_01_lab,SKILL_016,Package a sewing set,E_MARTINEZ,2026-01-22T09:46:50Z,2026-01-22T09:48:40Z,110.66,4.80,PASS,TRUE,,/mnt/nurvai-data/01/SKILL_016_20260122_094650/SKILL_016_20260122_094650_0.mcap
SKILL_016_20260123_083924,station_01_lab,SKILL_016,Package a sewing set,E_MARTINEZ,2026-01-23T08:39:24Z,2026-01-23T08:41:28Z,123.37,4.69,PASS,TRUE,,/mnt/nurvai-data/01/SKILL_016_20260123_083924/SKILL_016_20260123_083924_0.mcap
SKILL_016_20260123_084249,station_01_lab,SKILL_016,Package a sewing set,E_MARTINEZ,2026-01-23T08:42:49Z,2026-01-23T08:45:06Z,137.39,4.79,PASS,TRUE,,/mnt/nurvai-data/01/SKILL_016_20260123_084249/SKILL_016_20260123_084249_0.mcap
SKILL_016_20260123_084717,station_01_lab,SKILL_016,Package a sewing set,E_MARTINEZ,2026-01-23T08:47:17Z,2026-01-23T08:47:30Z,13.31,6.07,WARNING_DRIFT,FALSE,TOO_SHORT (13.3s),/mnt/nurvai-data/01/SKILL_016_20260123_084717/SKILL_016_20260123_084717_0.mcap
SKILL_016_20260123_140201,station_01_lab,SKILL_016,Package a sewing set,D_VARGAS,2026-01-23T14:02:01Z,2026-01-23T14:03:47Z,106.08,2.53,PASS,TRUE,,/mnt/nurvai-data/01/SKILL_016_20260123_140201/SKILL_016_20260123_140201_0.mcap
SKILL_016_20260123_084733,station_01_lab,SKILL_016,Package a sewing set,E_MARTINEZ,2026-01-23T08:47:33Z,2026-01-23T08:47:33Z,0.63,7.68,PASS,FALSE,TOO_SHORT (0.6s),/mnt/nurvai-data/01/SKILL_016_20260123_084733/SKILL_016_20260123_084733_0.mcap
SKILL_016_20260123_140917,station_01_lab,SKILL_016,Package a sewing set,D_VARGAS,2026-01-23T14:09:17Z,2026-01-23T14:10:49Z,91.34,2.69,PASS,TRUE,,/mnt/nurvai-data/01/SKILL_016_20260123_140917/SKILL_016_20260123_140917_0.mcap
SKILL_016_20260123_140519,station_01_lab,SKILL_016,Package a sewing set,D_VARGAS,2026-01-23T14:05:19Z,2026-01-23T14:07:26Z,126.45,2.68,PASS,TRUE,,/mnt/nurvai-data/01/SKILL_016_20260123_140519/SKILL_016_20260123_140519_0.mcap
SKILL_017_20260120_122205,station_01_lab,SKILL_017,Put pasta in ziploc bags,E_MARTINEZ,2026-01-20T12:22:05Z,2026-01-20T12:28:52Z,407.15,5.23,PASS,TRUE,,/mnt/nurvai-data/01/SKILL_017_20260120_122205/SKILL_017_20260120_122205_0.mcap
SKILL_017_20260121_095016,station_01_lab,SKILL_017,Put pasta in ziploc bags,E_MARTINEZ,2026-01-21T09:50:16Z,2026-01-21T09:52:28Z,132.12,4.99,PASS,TRUE,,/mnt/nurvai-data/01/SKILL_017_20260121_095016/SKILL_017_20260121_095016_0.mcap
SKILL_017_20260121_094313,station_01_lab,SKILL_017,Put pasta in ziploc bags,E_MARTINEZ,2026-01-21T09:43:13Z,2026-01-21T09:49:36Z,382.80,4.90,PASS,TRUE,,/mnt/nurvai-data/01/SKILL_017_20260121_094313/SKILL_017_20260121_094313_0.mcap
SKILL_017_20260122_095248,station_01_lab,SKILL_017,Put pasta in ziploc bags,E_MARTINEZ,2026-01-22T09:52:48Z,2026-01-22T10:00:16Z,448.17,5.10,PASS,TRUE,,/mnt/nurvai-data/01/SKILL_017_20260122_095248/SKILL_017_20260122_095248_0.mcap
SKILL_017_20260123_085144,station_01_lab,SKILL_017,Put pasta in ziploc bags,E_MARTINEZ,2026-01-23T08:51:44Z,2026-01-23T08:58:44Z,419.70,4.96,PASS,TRUE,,/mnt/nurvai-data/01/SKILL_017_20260123_085144/SKILL_017_20260123_085144_0.mcap
SKILL_017_20260123_141407,station_01_lab,SKILL_017,Put pasta in ziploc bags,D_VARGAS,2026-01-23T14:14:07Z,2026-01-23T14:14:13Z,5.86,2.83,PASS,FALSE,TOO_SHORT (5.9s),/mnt/nurvai-data/01/SKILL_017_20260123_141407/SKILL_017_20260123_141407_0.mcap
SKILL_017_20260123_142130,station_01_lab,SKILL_017,Put pasta in ziploc bags,D_VARGAS,2026-01-23T14:21:30Z,2026-01-23T14:23:08Z,97.79,4.73,PASS,TRUE,,/mnt/nurvai-data/01/SKILL_017_20260123_142130/SKILL_017_20260123_142130_0.mcap
SKILL_017_20260123_141520,station_01_lab,SKILL_017,Put pasta in ziploc bags,D_VARGAS,2026-01-23T14:15:20Z,2026-01-23T14:20:34Z,314.74,4.63,PASS,TRUE,,/mnt/nurvai-data/01/SKILL_017_20260123_141520/SKILL_017_20260123_141520_0.mcap
SKILL_018_20260121_095418,station_01_lab,SKILL_018,Close bags with twist ties,E_MARTINEZ,2026-01-21T09:54:18Z,2026-01-21T09:55:23Z,64.32,4.86,PASS,FALSE,TOO_SHORT (64.3s),/mnt/nurvai-data/01/SKILL_018_20260121_095418/SKILL_018_20260121_095418_0.mcap
SKILL_018_20260120_123103,station_01_lab,SKILL_018,Close bags with twist ties,E_MARTINEZ,2026-01-20T12:31:03Z,2026-01-20T12:37:13Z,370.29,4.73,PASS,TRUE,,/mnt/nurvai-data/01/SKILL_018_20260120_123103/SKILL_018_20260120_123103_0.mcap
SKILL_018_20260121_095652,station_01_lab,SKILL_018,Close bags with twist ties,E_MARTINEZ,2026-01-21T09:56:52Z,2026-01-21T10:03:31Z,398.48,4.68,PASS,TRUE,,/mnt/nurvai-data/01/SKILL_018_20260121_095652/SKILL_018_20260121_095652_0.mcap
SKILL_018_20260121_100525,station_01_lab,SKILL_018,Close bags with twist ties,E_MARTINEZ,2026-01-21T10:05:25Z,2026-01-21T10:09:02Z,217.13,4.90,PASS,TRUE,,/mnt/nurvai-data/01/SKILL_018_20260121_100525/SKILL_018_20260121_100525_0.mcap
SKILL_018_20260121_100952,station_01_lab,SKILL_018,Close bags with twist ties,E_MARTINEZ,2026-01-21T10:09:52Z,2026-01-21T10:14:12Z,260.20,4.84,PASS,TRUE,,/mnt/nurvai-data/01/SKILL_018_20260121_100952/SKILL_018_20260121_100952_0.mcap
SKILL_018_20260122_101126,station_01_lab,SKILL_018,Close bags with twist ties,E_MARTINEZ,2026-01-22T10:11:26Z,2026-01-22T10:14:33Z,186.84,4.82,PASS,TRUE,,/mnt/nurvai-data/01/SKILL_018_20260122_101126/SKILL_018_20260122_101126_0.mcap
SKILL_018_20260122_100556,station_01_lab,SKILL_018,Close bags with twist ties,E_MARTINEZ,2026-01-22T10:05:56Z,2026-01-22T10:09:51Z,235.34,4.81,PASS,TRUE,,/mnt/nurvai-data/01/SKILL_018_20260122_100556/SKILL_018_20260122_100556_0.mcap
SKILL_018_20260123_090517,station_01_lab,SKILL_018,Close bags with twist ties,E_MARTINEZ,2026-01-23T09:05:17Z,2026-01-23T09:08:44Z,207.05,4.87,PASS,TRUE,,/mnt/nurvai-data/01/SKILL_018_20260123_090517/SKILL_018_20260123_090517_0.mcap
SKILL_018_20260123_091012,station_01_lab,SKILL_018,Close bags with twist ties,E_MARTINEZ,2026-01-23T09:10:12Z,2026-01-23T09:13:15Z,183.69,4.83,PASS,TRUE,,/mnt/nurvai-data/01/SKILL_018_20260123_091012/SKILL_018_20260123_091012_0.mcap
SKILL_018_20260123_143354,station_01_lab,SKILL_018,Close bags with twist ties,D_VARGAS,2026-01-23T14:33:54Z,2026-01-23T14:37:42Z,227.68,4.55,PASS,TRUE,,/mnt/nurvai-data/01/SKILL_018_20260123_143354/SKILL_018_20260123_143354_0.mcap
SKILL_018_20260123_142823,station_01_lab,SKILL_018,Close bags with twist ties,D_VARGAS,2026-01-23T14:28:23Z,2026-01-23T14:32:19Z,235.56,4.68,PASS,TRUE,,/mnt/nurvai-data/01/SKILL_018_20260123_142823/SKILL_018_20260123_142823_0.mcap
SKILL_019_20260120_123941,station_01_lab,SKILL_019,Put pasta in plastic containers,E_MARTINEZ,2026-01-20T12:39:41Z,2026-01-20T12:43:25Z,224.64,4.94,PASS,TRUE,,/mnt/nurvai-data/01/SKILL_019_20260120_123941/SKILL_019_20260120_123941_0.mcap
SKILL_019_20260122_101708,station_01_lab,SKILL_019,Put pasta in plastic containers,E_MARTINEZ,2026-01-22T10:17:08Z,2026-01-22T10:21:04Z,236.55,4.81,WARNING_DRIFT,TRUE,,/mnt/nurvai-data/01/SKILL_019_20260122_101708/SKILL_019_20260122_101708_0.mcap
SKILL_019_20260122_102224,station_01_lab,SKILL_019,Put pasta in plastic containers,E_MARTINEZ,2026-01-22T10:22:24Z,2026-01-22T10:26:39Z,255.65,4.85,PASS,TRUE,,/mnt/nurvai-data/01/SKILL_019_20260122_102224/SKILL_019_20260122_102224_0.mcap
SKILL_019_20260123_092255,station_01_lab,SKILL_019,Put pasta in plastic containers,E_MARTINEZ,2026-01-23T09:22:55Z,2026-01-23T09:26:30Z,215.21,4.75,PASS,TRUE,,/mnt/nurvai-data/01/SKILL_019_20260123_092255/SKILL_019_20260123_092255_0.mcap
SKILL_019_20260123_091702,station_01_lab,SKILL_019,Put pasta in plastic containers,E_MARTINEZ,2026-01-23T09:17:02Z,2026-01-23T09:21:35Z,273.10,4.67,PASS,TRUE,,/mnt/nurvai-data/01/SKILL_019_20260123_091702/SKILL_019_20260123_091702_0.mcap
SKILL_019_20260123_144114,station_01_lab,SKILL_019,Put pasta in plastic containers,D_VARGAS,2026-01-23T14:41:14Z,2026-01-23T14:45:24Z,249.89,4.63,PASS,TRUE,,/mnt/nurvai-data/01/SKILL_019_20260123_144114/SKILL_019_20260123_144114_0.mcap
SKILL_020_20260120_124643,station_01_lab,SKILL_020,Open locks with their keys,E_MARTINEZ,2026-01-20T12:46:43Z,2026-01-20T12:48:33Z,110.79,4.92,PASS,TRUE,,/mnt/nurvai-data/01/SKILL_020_20260120_124643/SKILL_020_20260120_124643_0.mcap
SKILL_019_20260123_144632,station_01_lab,SKILL_019,Put pasta in plastic containers,D_VARGAS,2026-01-23T14:46:32Z,2026-01-23T14:49:41Z,189.46,4.70,PASS,TRUE,,/mnt/nurvai-data/01/SKILL_019_20260123_144632/SKILL_019_20260123_144632_0.mcap
SKILL_020_20260121_101906,station_01_lab,SKILL_020,Open locks with their keys,E_MARTINEZ,2026-01-21T10:19:06Z,2026-01-21T10:22:10Z,183.88,4.88,PASS,TRUE,,/mnt/nurvai-data/01/SKILL_020_20260121_101906/SKILL_020_20260121_101906_0.mcap
SKILL_020_20260120_124934,station_01_lab,SKILL_020,Open locks with their keys,E_MARTINEZ,2026-01-20T12:49:34Z,2026-01-20T12:51:43Z,129.11,4.99,PASS,TRUE,,/mnt/nurvai-data/01/SKILL_020_20260120_124934/SKILL_020_20260120_124934_0.mcap
SKILL_020_20260121_102628,station_01_lab,SKILL_020,Open locks with their keys,E_MARTINEZ,2026-01-21T10:26:28Z,2026-01-21T10:29:20Z,171.88,4.82,PASS,TRUE,,/mnt/nurvai-data/01/SKILL_020_20260121_102628/SKILL_020_20260121_102628_0.mcap
SKILL_020_20260121_102301,station_01_lab,SKILL_020,Open locks with their keys,E_MARTINEZ,2026-01-21T10:23:01Z,2026-01-21T10:25:18Z,136.34,4.84,PASS,TRUE,,/mnt/nurvai-data/01/SKILL_020_20260121_102301/SKILL_020_20260121_102301_0.mcap
SKILL_020_20260122_103253,station_01_lab,SKILL_020,Open locks with their keys,E_MARTINEZ,2026-01-22T10:32:53Z,2026-01-22T10:34:40Z,107.43,4.81,PASS,TRUE,,/mnt/nurvai-data/01/SKILL_020_20260122_103253/SKILL_020_20260122_103253_0.mcap
SKILL_020_20260122_102950,station_01_lab,SKILL_020,Open locks with their keys,E_MARTINEZ,2026-01-22T10:29:50Z,2026-01-22T10:31:56Z,126.07,4.82,PASS,TRUE,,/mnt/nurvai-data/01/SKILL_020_20260122_102950/SKILL_020_20260122_102950_0.mcap
SKILL_020_20260122_103527,station_01_lab,SKILL_020,Open locks with their keys,E_MARTINEZ,2026-01-22T10:35:27Z,2026-01-22T10:37:18Z,111.19,4.95,PASS,TRUE,,/mnt/nurvai-data/01/SKILL_020_20260122_103527/SKILL_020_20260122_103527_0.mcap
SKILL_020_20260123_093352,station_01_lab,SKILL_020,Open locks with their keys,E_MARTINEZ,2026-01-23T09:33:52Z,2026-01-23T09:35:33Z,100.68,4.75,PASS,TRUE,,/mnt/nurvai-data/01/SKILL_020_20260123_093352/SKILL_020_20260123_093352_0.mcap
SKILL_020_20260123_093627,station_01_lab,SKILL_020,Open locks with their keys,E_MARTINEZ,2026-01-23T09:36:27Z,2026-01-23T09:38:06Z,98.80,4.91,PASS,TRUE,,/mnt/nurvai-data/01/SKILL_020_20260123_093627/SKILL_020_20260123_093627_0.mcap
SKILL_020_20260123_093853,station_01_lab,SKILL_020,Open locks with their keys,E_MARTINEZ,2026-01-23T09:38:53Z,2026-01-23T09:40:23Z,89.97,4.97,PASS,FALSE,TOO_SHORT (90.0s),/mnt/nurvai-data/01/SKILL_020_20260123_093853/SKILL_020_20260123_093853_0.mcap
SKILL_020_20260123_094120,station_01_lab,SKILL_020,Open locks with their keys,E_MARTINEZ,2026-01-23T09:41:20Z,2026-01-23T09:42:42Z,81.52,4.89,PASS,FALSE,TOO_SHORT (81.5s),/mnt/nurvai-data/01/SKILL_020_20260123_094120/SKILL_020_20260123_094120_0.mcap
SKILL_020_20260123_145118,station_01_lab,SKILL_020,Open locks with their keys,D_VARGAS,2026-01-23T14:51:18Z,2026-01-23T14:52:42Z,84.54,4.67,PASS,FALSE,TOO_SHORT (84.5s),/mnt/nurvai-data/01/SKILL_020_20260123_145118/SKILL_020_20260123_145118_0.mcap
SKILL_021_20260121_103119,station_01_lab,SKILL_021,Build Up Box (Mailer),E_MARTINEZ,2026-01-21T10:31:19Z,2026-01-21T10:34:17Z,178.54,4.72,PASS,TRUE,,/mnt/nurvai-data/01/SKILL_021_20260121_103119/SKILL_021_20260121_103119_0.mcap
SKILL_020_20260123_145314,station_01_lab,SKILL_020,Open locks with their keys,D_VARGAS,2026-01-23T14:53:14Z,2026-01-23T14:54:41Z,86.97,4.35,PASS,FALSE,TOO_SHORT (87.0s),/mnt/nurvai-data/01/SKILL_020_20260123_145314/SKILL_020_20260123_145314_0.mcap
SKILL_021_20260121_103436,station_01_lab,SKILL_021,Build Up Box (Mailer),E_MARTINEZ,2026-01-21T10:34:36Z,2026-01-21T10:37:09Z,153.23,4.75,PASS,TRUE,,/mnt/nurvai-data/01/SKILL_021_20260121_103436/SKILL_021_20260121_103436_0.mcap
SKILL_021_20260121_103745,station_01_lab,SKILL_021,Build Up Box (Mailer),E_MARTINEZ,2026-01-21T10:37:45Z,2026-01-21T10:40:30Z,164.74,4.76,PASS,TRUE,,/mnt/nurvai-data/01/SKILL_021_20260121_103745/SKILL_021_20260121_103745_0.mcap
SKILL_021_20260122_104056,station_01_lab,SKILL_021,Build Up Box (Mailer),E_MARTINEZ,2026-01-22T10:40:56Z,2026-01-22T10:45:32Z,276.16,4.70,PASS,TRUE,,/mnt/nurvai-data/01/SKILL_021_20260122_104056/SKILL_021_20260122_104056_0.mcap
SKILL_021_20260122_104629,station_01_lab,SKILL_021,Build Up Box (Mailer),E_MARTINEZ,2026-01-22T10:46:29Z,2026-01-22T10:49:24Z,174.74,4.61,PASS,TRUE,,/mnt/nurvai-data/01/SKILL_021_20260122_104629/SKILL_021_20260122_104629_0.mcap
SKILL_021_20260123_095148,station_01_lab,SKILL_021,Build Up Box (Mailer),E_MARTINEZ,2026-01-23T09:51:48Z,2026-01-23T09:54:47Z,179.58,4.59,PASS,TRUE,,/mnt/nurvai-data/01/SKILL_021_20260123_095148/SKILL_021_20260123_095148_0.mcap
SKILL_021_20260123_094619,station_01_lab,SKILL_021,Build Up Box (Mailer),E_MARTINEZ,2026-01-23T09:46:19Z,2026-01-23T09:50:39Z,259.98,4.57,WARNING_DRIFT,TRUE,,/mnt/nurvai-data/01/SKILL_021_20260123_094619/SKILL_021_20260123_094619_0.mcap
SKILL_021_20260123_095559,station_01_lab,SKILL_021,Build Up Box (Mailer),E_MARTINEZ,2026-01-23T09:55:59Z,2026-01-23T09:57:11Z,72.08,4.57,PASS,FALSE,TOO_SHORT (72.1s),/mnt/nurvai-data/01/SKILL_021_20260123_095559/SKILL_021_20260123_095559_0.mcap
SKILL_022_20260121_104323,station_01_lab,SKILL_022,Build Up Box (Regular ECT),E_MARTINEZ,2026-01-21T10:43:23Z,2026-01-21T10:46:31Z,187.94,4.83,WARNING_DRIFT,TRUE,,/mnt/nurvai-data/01/SKILL_022_20260121_104323/SKILL_022_20260121_104323_0.mcap
SKILL_022_20260121_104825,station_01_lab,SKILL_022,Build Up Box (Regular ECT),E_MARTINEZ,2026-01-21T10:48:25Z,2026-01-21T10:50:33Z,127.64,4.75,PASS,TRUE,,/mnt/nurvai-data/01/SKILL_022_20260121_104825/SKILL_022_20260121_104825_0.mcap
SKILL_022_20260121_104739,station_01_lab,SKILL_022,Build Up Box (Regular ECT),E_MARTINEZ,2026-01-21T10:47:39Z,2026-01-21T10:48:22Z,43.30,4.57,PASS,FALSE,TOO_SHORT (43.3s),/mnt/nurvai-data/01/SKILL_022_20260121_104739/SKILL_022_20260121_104739_0.mcap
SKILL_022_20260121_105115,station_01_lab,SKILL_022,Build Up Box (Regular ECT),E_MARTINEZ,2026-01-21T10:51:15Z,2026-01-21T10:52:23Z,68.34,4.58,PASS,FALSE,TOO_SHORT (68.3s),/mnt/nurvai-data/01/SKILL_022_20260121_105115/SKILL_022_20260121_105115_0.mcap
SKILL_022_20260122_105214,station_01_lab,SKILL_022,Build Up Box (Regular ECT),E_MARTINEZ,2026-01-22T10:52:14Z,2026-01-22T10:53:38Z,83.68,4.75,WARNING_DRIFT,FALSE,TOO_SHORT (83.7s),/mnt/nurvai-data/01/SKILL_022_20260122_105214/SKILL_022_20260122_105214_0.mcap
SKILL_022_20260122_105500,station_01_lab,SKILL_022,Build Up Box (Regular ECT),E_MARTINEZ,2026-01-22T10:55:00Z,2026-01-22T10:56:29Z,89.39,4.48,PASS,FALSE,TOO_SHORT (89.4s),/mnt/nurvai-data/01/SKILL_022_20260122_105500/SKILL_022_20260122_105500_0.mcap
SKILL_022_20260122_110002,station_01_lab,SKILL_022,Build Up Box (Regular ECT),E_MARTINEZ,2026-01-22T11:00:02Z,2026-01-22T11:02:00Z,118.71,4.68,PASS,TRUE,,/mnt/nurvai-data/01/SKILL_022_20260122_110002/SKILL_022_20260122_110002_0.mcap
SKILL_022_20260122_105736,station_01_lab,SKILL_022,Build Up Box (Regular ECT),E_MARTINEZ,2026-01-22T10:57:36Z,2026-01-22T10:58:46Z,69.70,4.61,PASS,FALSE,TOO_SHORT (69.7s),/mnt/nurvai-data/01/SKILL_022_20260122_105736/SKILL_022_20260122_105736_0.mcap
SKILL_022_20260123_095917,station_01_lab,SKILL_022,Build Up Box (Regular ECT),E_MARTINEZ,2026-01-23T09:59:17Z,2026-01-23T10:00:22Z,65.01,4.56,PASS,FALSE,TOO_SHORT (65.0s),/mnt/nurvai-data/01/SKILL_022_20260123_095917/SKILL_022_20260123_095917_0.mcap
SKILL_022_20260123_100235,station_01_lab,SKILL_022,Build Up Box (Regular ECT),E_MARTINEZ,2026-01-23T10:02:35Z,2026-01-23T10:03:27Z,52.55,4.65,WARNING_DRIFT,FALSE,TOO_SHORT (52.6s),/mnt/nurvai-data/01/SKILL_022_20260123_100235/SKILL_022_20260123_100235_0.mcap
SKILL_022_20260123_100050,station_01_lab,SKILL_022,Build Up Box (Regular ECT),E_MARTINEZ,2026-01-23T10:00:50Z,2026-01-23T10:01:44Z,54.53,4.62,PASS,FALSE,TOO_SHORT (54.5s),/mnt/nurvai-data/01/SKILL_022_20260123_100050/SKILL_022_20260123_100050_0.mcap
SKILL_022_20260123_100411,station_01_lab,SKILL_022,Build Up Box (Regular ECT),E_MARTINEZ,2026-01-23T10:04:11Z,2026-01-23T10:05:06Z,55.18,4.65,PASS,FALSE,TOO_SHORT (55.2s),/mnt/nurvai-data/01/SKILL_022_20260123_100411/SKILL_022_20260123_100411_0.mcap
SKILL_022_20260123_100800,station_01_lab,SKILL_022,Build Up Box (Regular ECT),E_MARTINEZ,2026-01-23T10:08:00Z,2026-01-23T10:08:51Z,51.72,4.57,PASS,FALSE,TOO_SHORT (51.7s),/mnt/nurvai-data/01/SKILL_022_20260123_100800/SKILL_022_20260123_100800_0.mcap
SKILL_022_20260123_100921,station_01_lab,SKILL_022,Build Up Box (Regular ECT),E_MARTINEZ,2026-01-23T10:09:21Z,2026-01-23T10:10:20Z,58.42,4.54,PASS,FALSE,TOO_SHORT (58.4s),/mnt/nurvai-data/01/SKILL_022_20260123_100921/SKILL_022_20260123_100921_0.mcap
SKILL_023_20260121_111303,station_01_lab,SKILL_023,Built up box (Present),E_MARTINEZ,2026-01-21T11:13:03Z,2026-01-21T11:16:01Z,177.51,4.73,PASS,TRUE,,/mnt/nurvai-data/01/SKILL_023_20260121_111303/SKILL_023_20260121_111303_0.mcap
SKILL_023_20260121_111712,station_01_lab,SKILL_023,Built up box (Present),E_MARTINEZ,2026-01-21T11:17:12Z,2026-01-21T11:22:56Z,343.88,4.83,PASS,TRUE,,/mnt/nurvai-data/01/SKILL_023_20260121_111712/SKILL_023_20260121_111712_0.mcap
SKILL_023_20260121_112427,station_01_lab,SKILL_023,Built up box (Present),E_MARTINEZ,2026-01-21T11:24:27Z,2026-01-21T11:27:00Z,152.89,4.76,PASS,TRUE,,/mnt/nurvai-data/01/SKILL_023_20260121_112427/SKILL_023_20260121_112427_0.mcap
SKILL_023_20260122_110708,station_01_lab,SKILL_023,Built up box (Present),E_MARTINEZ,2026-01-22T11:07:08Z,2026-01-22T11:10:30Z,202.27,4.99,PASS,TRUE,,/mnt/nurvai-data/01/SKILL_023_20260122_110708/SKILL_023_20260122_110708_0.mcap
SKILL_023_20260122_111138,station_01_lab,SKILL_023,Built up box (Present),E_MARTINEZ,2026-01-22T11:11:38Z,2026-01-22T11:14:14Z,155.93,4.83,PASS,TRUE,,/mnt/nurvai-data/01/SKILL_023_20260122_111138/SKILL_023_20260122_111138_0.mcap
SKILL_023_20260123_102403,station_01_lab,SKILL_023,Built up box (Present),E_MARTINEZ,2026-01-23T10:24:03Z,2026-01-23T10:26:24Z,141.08,4.71,PASS,TRUE,,/mnt/nurvai-data/01/SKILL_023_20260123_102403/SKILL_023_20260123_102403_0.mcap
SKILL_023_20260123_102016,station_01_lab,SKILL_023,Built up box (Present),E_MARTINEZ,2026-01-23T10:20:16Z,2026-01-23T10:23:06Z,170.20,4.74,PASS,TRUE,,/mnt/nurvai-data/01/SKILL_023_20260123_102016/SKILL_023_20260123_102016_0.mcap
SKILL_023_20260123_102716,station_01_lab,SKILL_023,Built up box (Present),E_MARTINEZ,2026-01-23T10:27:16Z,2026-01-23T10:29:40Z,144.31,4.70,PASS,TRUE,,/mnt/nurvai-data/01/SKILL_023_20260123_102716/SKILL_023_20260123_102716_0.mcap
SKILL_023_20260123_103106,station_01_lab,SKILL_023,Built up box (Present),E_MARTINEZ,2026-01-23T10:31:06Z,2026-01-23T10:33:26Z,139.69,4.76,PASS,TRUE,,/mnt/nurvai-data/01/SKILL_023_20260123_103106/SKILL_023_20260123_103106_0.mcap
SKILL_024_20260121_124348,station_01_lab,SKILL_024,Put hooks on shower courtain,E_MARTINEZ,2026-01-21T12:43:48Z,2026-01-21T12:46:49Z,181.13,5.32,PASS,TRUE,,/mnt/nurvai-data/01/SKILL_024_20260121_124348/SKILL_024_20260121_124348_0.mcap
SKILL_024_20260122_111827,station_01_lab,SKILL_024,Put hooks on shower courtain,E_MARTINEZ,2026-01-22T11:18:27Z,2026-01-22T11:19:36Z,69.29,4.90,PASS,FALSE,TOO_SHORT (69.3s),/mnt/nurvai-data/01/SKILL_024_20260122_111827/SKILL_024_20260122_111827_0.mcap
SKILL_024_20260121_124816,station_01_lab,SKILL_024,Put hooks on shower courtain,E_MARTINEZ,2026-01-21T12:48:16Z,2026-01-21T12:53:11Z,294.20,4.73,PASS,TRUE,,/mnt/nurvai-data/01/SKILL_024_20260121_124816/SKILL_024_20260121_124816_0.mcap
SKILL_024_20260123_103629,station_01_lab,SKILL_024,Put hooks on shower courtain,E_MARTINEZ,2026-01-23T10:36:29Z,2026-01-23T10:40:14Z,225.53,4.77,WARNING_DRIFT,TRUE,,/mnt/nurvai-data/01/SKILL_024_20260123_103629/SKILL_024_20260123_103629_0.mcap
SKILL_024_20260123_104016,station_01_lab,SKILL_024,Put hooks on shower courtain,E_MARTINEZ,2026-01-23T10:40:16Z,2026-01-23T10:40:17Z,1.32,4.89,PASS,FALSE,TOO_SHORT (1.3s),/mnt/nurvai-data/01/SKILL_024_20260123_104016/SKILL_024_20260123_104016_0.mcap
SKILL_024_20260123_104458,station_01_lab,SKILL_024,Put hooks on shower courtain,E_MARTINEZ,2026-01-23T10:44:58Z,2026-01-23T10:47:31Z,153.03,4.70,PASS,TRUE,,/mnt/nurvai-data/01/SKILL_024_20260123_104458/SKILL_024_20260123_104458_0.mcap
SKILL_024_20260123_104112,station_01_lab,SKILL_024,Put hooks on shower courtain,E_MARTINEZ,2026-01-23T10:41:12Z,2026-01-23T10:44:09Z,177.02,4.77,WARNING_DRIFT,TRUE,,/mnt/nurvai-data/01/SKILL_024_20260123_104112/SKILL_024_20260123_104112_0.mcap
SKILL_001_20260108_201733,station_01_lab,SKILL_001,Pick & Place (Rápido),JUAN,2026-01-08T20:17:33Z,2026-01-08T20:17:42Z,8.20,5.83,PASS,FALSE,TOO_SHORT (8.2s),/mnt/nurvai-data/01/batch_01/SKILL_001_20260108_201733/SKILL_001_20260108_201733_0.mcap
SKILL_001_20260113_173428,station_01_lab,SKILL_001,Organize beads per color,E_MARTINEZ,2026-01-13T17:34:28Z,2026-01-13T17:34:29Z,0.95,49.27,WARNING_DRIFT,FALSE,TOO_SHORT (0.9s),/mnt/nurvai-data/01/batch_01/SKILL_001_20260113_173428/SKILL_001_20260113_173428_0.mcap
SKILL_001_20260113_140323,station_01_lab,SKILL_001,Organize beads per color,E_MARTINEZ,2026-01-13T14:03:23Z,2026-01-13T14:08:53Z,330.17,5.25,PASS,TRUE,,/mnt/nurvai-data/01/batch_01/SKILL_001_20260113_140323/SKILL_001_20260113_140323_0.mcap
SKILL_001_20260114_035140,station_01_lab,SKILL_001,Organize beads per color,E_MARTINEZ,2026-01-14T03:51:40Z,2026-01-14T03:51:48Z,8.49,2.05,PASS,FALSE,TOO_SHORT (8.5s),/mnt/nurvai-data/01/batch_01/SKILL_001_20260114_035140/SKILL_001_20260114_035140_0.mcap
SKILL_001_20260113_200256,station_01_lab,SKILL_001,Organize beads per color,E_MARTINEZ,2026-01-13T20:02:56Z,2026-01-13T20:02:57Z,1.03,28.00,WARNING_DRIFT,FALSE,TOO_SHORT (1.0s),/mnt/nurvai-data/01/batch_01/SKILL_001_20260113_200256/SKILL_001_20260113_200256_0.mcap
SKILL_001_20260114_035237,station_01_lab,SKILL_001,Organize beads per color,E_MARTINEZ,2026-01-14T03:52:37Z,2026-01-14T03:52:57Z,19.82,2.94,PASS,FALSE,TOO_SHORT (19.8s),/mnt/nurvai-data/01/batch_01/SKILL_001_20260114_035237/SKILL_001_20260114_035237_0.mcap
SKILL_001_20260114_070622,station_01_lab,SKILL_001,Organize beads per color,E_MARTINEZ,2026-01-14T07:06:22Z,2026-01-14T07:12:32Z,370.89,4.74,PASS,TRUE,,/mnt/nurvai-data/01/batch_01/SKILL_001_20260114_070622/SKILL_001_20260114_070622_0.mcap
SKILL_001_20260114_110420,station_01_lab,SKILL_001,Organize beads per color,E_MARTINEZ,2026-01-14T11:04:20Z,2026-01-14T11:15:03Z,642.87,5.14,PASS,TRUE,,/mnt/nurvai-data/01/batch_01/SKILL_001_20260114_110420/SKILL_001_20260114_110420_0.mcap
SKILL_001_20260115_072008,station_01_lab,SKILL_001,Organize beads per color,E_MARTINEZ,2026-01-15T07:20:08Z,2026-01-15T07:20:14Z,6.05,20.54,WARNING_DRIFT,FALSE,TOO_SHORT (6.1s),/mnt/nurvai-data/01/batch_01/SKILL_001_20260115_072008/SKILL_001_20260115_072008_0.mcap
SKILL_001_20260115_070715,station_01_lab,SKILL_001,Organize beads per color,E_MARTINEZ,2026-01-15T07:07:16Z,2026-01-15T07:19:32Z,736.30,3.19,WARNING_DRIFT,TRUE,,/mnt/nurvai-data/01/batch_01/SKILL_001_20260115_070715/SKILL_001_20260115_070715_0.mcap
SKILL_001_20260115_074621,station_01_lab,SKILL_001,Organize beads per color,E_MARTINEZ,2026-01-15T07:46:21Z,2026-01-15T07:46:26Z,4.94,5.52,PASS,FALSE,TOO_SHORT (4.9s),/mnt/nurvai-data/01/batch_01/SKILL_001_20260115_074621/SKILL_001_20260115_074621_0.mcap
SKILL_001_20260115_074751,station_01_lab,SKILL_001,Organize beads per color,E_MARTINEZ,2026-01-15T07:47:51Z,2026-01-15T07:47:53Z,1.95,7.95,PASS,FALSE,TOO_SHORT (2.0s),/mnt/nurvai-data/01/batch_01/SKILL_001_20260115_074751/SKILL_001_20260115_074751_0.mcap
SKILL_001_20260115_100258,station_01_lab,SKILL_001,Organize beads per color,E_MARTINEZ,2026-01-15T10:02:58Z,2026-01-15T10:03:16Z,17.40,5.65,PASS,FALSE,TOO_SHORT (17.4s),/mnt/nurvai-data/01/batch_01/SKILL_001_20260115_100258/SKILL_001_20260115_100258_0.mcap
SKILL_001_20260115_075126,station_01_lab,SKILL_001,Organize beads per color,E_MARTINEZ,2026-01-15T07:51:26Z,2026-01-15T07:51:31Z,4.43,18.96,WARNING_DRIFT,FALSE,TOO_SHORT (4.4s),/mnt/nurvai-data/01/batch_01/SKILL_001_20260115_075126/SKILL_001_20260115_075126_0.mcap
SKILL_001_20260115_100708,station_01_lab,SKILL_001,Organize beads per color,E_MARTINEZ,2026-01-15T10:07:08Z,2026-01-15T10:17:11Z,603.05,5.18,PASS,TRUE,,/mnt/nurvai-data/01/batch_01/SKILL_001_20260115_100708/SKILL_001_20260115_100708_0.mcap
SKILL_001_20260116_133313,station_01_lab,SKILL_001,Organize beads per color,E_MARTINEZ,2026-01-16T13:33:13Z,2026-01-16T13:33:14Z,1.23,7.24,PASS,FALSE,TOO_SHORT (1.2s),/mnt/nurvai-data/01/batch_01/SKILL_001_20260116_133313/SKILL_001_20260116_133313_0.mcap
SKILL_001_20260116_132148,station_01_lab,SKILL_001,Organize beads per color,E_MARTINEZ,2026-01-16T13:21:48Z,2026-01-16T13:33:02Z,674.02,7.28,WARNING_DRIFT,TRUE,,/mnt/nurvai-data/01/batch_01/SKILL_001_20260116_132148/SKILL_001_20260116_132148_0.mcap
SKILL_001_20260116_164117,station_01_lab,SKILL_001,Organize beads per color,C_BECERRA,2026-01-16T16:41:17Z,2026-01-16T16:44:01Z,163.76,4.82,PASS,TRUE,,/mnt/nurvai-data/01/batch_01/SKILL_001_20260116_164117/SKILL_001_20260116_164117_0.mcap
SKILL_001_20260117_094743,station_01_lab,SKILL_001,Organize beads per color,E_MARTINEZ,2026-01-17T09:47:43Z,2026-01-17T09:58:48Z,665.17,4.86,PASS,TRUE,,/mnt/nurvai-data/01/batch_01/SKILL_001_20260117_094743/SKILL_001_20260117_094743_0.mcap
SKILL_001_20260119_071046,station_01_lab,SKILL_001,Organize beads per color,E_MARTINEZ,2026-01-19T07:10:46Z,2026-01-19T07:21:15Z,628.45,4.94,WARNING_DRIFT,TRUE,,/mnt/nurvai-data/01/batch_01/SKILL_001_20260119_071046/SKILL_001_20260119_071046_0.mcap
SKILL_001_20260119_103203,station_01_lab,SKILL_001,Organize beads per color,E_MARTINEZ,2026-01-19T10:32:03Z,2026-01-19T10:42:38Z,634.94,5.01,WARNING_DRIFT,TRUE,,/mnt/nurvai-data/01/batch_01/SKILL_001_20260119_103203/SKILL_001_20260119_103203_0.mcap
SKILL_001_20260119_142717,station_01_lab,SKILL_001,Organize beads per color,E_MARTINEZ,2026-01-19T14:27:17Z,2026-01-19T14:37:44Z,627.56,4.84,WARNING_DRIFT,TRUE,,/mnt/nurvai-data/01/batch_01/SKILL_001_20260119_142717/SKILL_001_20260119_142717_0.mcap
SKILL_002_20260113_172932,station_01_lab,SKILL_002,Organize beads per character,E_MARTINEZ,2026-01-13T17:29:32Z,2026-01-13T17:29:33Z,0.92,47.02,WARNING_DRIFT,FALSE,TOO_SHORT (0.9s),/mnt/nurvai-data/01/batch_01/SKILL_002_20260113_172932/SKILL_002_20260113_172932_0.mcap
SKILL_002_20260114_071442,station_01_lab,SKILL_002,Organize beads per character,E_MARTINEZ,2026-01-14T07:14:42Z,2026-01-14T07:20:39Z,357.57,4.82,PASS,TRUE,,/mnt/nurvai-data/01/batch_01/SKILL_002_20260114_071442/SKILL_002_20260114_071442_0.mcap
SKILL_002_20260114_111731,station_01_lab,SKILL_002,Organize beads per character,E_MARTINEZ,2026-01-14T11:17:31Z,2026-01-14T11:27:11Z,580.64,5.18,PASS,TRUE,,/mnt/nurvai-data/01/batch_01/SKILL_002_20260114_111731/SKILL_002_20260114_111731_0.mcap
SKILL_002_20260115_101809,station_01_lab,SKILL_002,Organize beads per character,E_MARTINEZ,2026-01-15T10:18:09Z,2026-01-15T10:27:19Z,550.46,4.99,PASS,TRUE,,/mnt/nurvai-data/01/batch_01/SKILL_002_20260115_101809/SKILL_002_20260115_101809_0.mcap
SKILL_002_20260115_102900,station_01_lab,SKILL_002,Organize beads per character,E_MARTINEZ,2026-01-15T10:29:00Z,2026-01-15T10:33:31Z,270.95,2.92,PASS,TRUE,,/mnt/nurvai-data/01/batch_01/SKILL_002_20260115_102900/SKILL_002_20260115_102900_0.mcap
SKILL_003_20260114_072254,station_01_lab,SKILL_003,Organize screwdriver bits,E_MARTINEZ,2026-01-14T07:22:54Z,2026-01-14T07:28:27Z,333.30,4.82,PASS,TRUE,,/mnt/nurvai-data/01/batch_01/SKILL_003_20260114_072254/SKILL_003_20260114_072254_0.mcap
SKILL_003_20260114_120131,station_01_lab,SKILL_003,Organize screwdriver bits,E_MARTINEZ,2026-01-14T12:01:31Z,2026-01-14T12:07:20Z,349.29,4.60,PASS,TRUE,,/mnt/nurvai-data/01/batch_01/SKILL_003_20260114_120131/SKILL_003_20260114_120131_0.mcap
SKILL_003_20260114_120910,station_01_lab,SKILL_003,Organize screwdriver bits,E_MARTINEZ,2026-01-14T12:09:10Z,2026-01-14T12:15:13Z,363.06,4.71,PASS,TRUE,,/mnt/nurvai-data/01/batch_01/SKILL_003_20260114_120910/SKILL_003_20260114_120910_0.mcap
SKILL_003_20260116_072724,station_01_lab,SKILL_003,Organize screwdriver bits,E_MARTINEZ,2026-01-16T07:27:24Z,2026-01-16T07:28:40Z,75.89,5.20,PASS,FALSE,TOO_SHORT (75.9s),/mnt/nurvai-data/01/batch_01/SKILL_003_20260116_072724/SKILL_003_20260116_072724_0.mcap
SKILL_003_20260116_072204,station_01_lab,SKILL_003,Organize screwdriver bits,E_MARTINEZ,2026-01-16T07:22:04Z,2026-01-16T07:27:22Z,317.46,4.47,PASS,TRUE,,/mnt/nurvai-data/01/batch_01/SKILL_003_20260116_072204/SKILL_003_20260116_072204_0.mcap
SKILL_003_20260117_100000,station_01_lab,SKILL_003,Organize screwdriver bits,E_MARTINEZ,2026-01-17T10:00:00Z,2026-01-17T10:04:35Z,275.22,4.43,PASS,TRUE,,/mnt/nurvai-data/01/batch_01/SKILL_003_20260117_100000/SKILL_003_20260117_100000_0.mcap
SKILL_003_20260116_133904,station_01_lab,SKILL_003,Organize screwdriver bits,E_MARTINEZ,2026-01-16T13:39:04Z,2026-01-16T13:43:59Z,295.13,3.94,PASS,TRUE,,/mnt/nurvai-data/01/batch_01/SKILL_003_20260116_133904/SKILL_003_20260116_133904_0.mcap
SKILL_003_20260117_133813,station_01_lab,SKILL_003,Organize screwdriver bits,E_MARTINEZ,2026-01-17T13:38:13Z,2026-01-17T13:38:54Z,41.38,4.67,PASS,FALSE,TOO_SHORT (41.4s),/mnt/nurvai-data/01/batch_01/SKILL_003_20260117_133813/SKILL_003_20260117_133813_0.mcap
SKILL_003_20260117_134439,station_01_lab,SKILL_003,Organize screwdriver bits,E_MARTINEZ,2026-01-17T13:44:39Z,2026-01-17T13:49:19Z,279.85,4.46,WARNING_DRIFT,TRUE,,/mnt/nurvai-data/01/batch_01/SKILL_003_20260117_134439/SKILL_003_20260117_134439_0.mcap
SKILL_003_20260117_134920,station_01_lab,SKILL_003,Organize screwdriver bits,E_MARTINEZ,2026-01-17T13:49:20Z,2026-01-17T13:49:24Z,4.05,8.20,WARNING_DRIFT,FALSE,TOO_SHORT (4.0s),/mnt/nurvai-data/01/batch_01/SKILL_003_20260117_134920/SKILL_003_20260117_134920_0.mcap
SKILL_003_20260117_135032,station_01_lab,SKILL_003,Organize screwdriver bits,C_BECERRA,2026-01-17T13:50:32Z,2026-01-17T13:55:00Z,268.04,4.39,PASS,TRUE,,/mnt/nurvai-data/01/batch_01/SKILL_003_20260117_135032/SKILL_003_20260117_135032_0.mcap
SKILL_003_20260119_072637,station_01_lab,SKILL_003,Organize screwdriver bits,E_MARTINEZ,2026-01-19T07:26:37Z,2026-01-19T07:31:36Z,298.81,4.57,PASS,TRUE,,/mnt/nurvai-data/01/batch_01/SKILL_003_20260119_072637/SKILL_003_20260119_072637_0.mcap
SKILL_003_20260119_105127,station_01_lab,SKILL_003,Organize screwdriver bits,E_MARTINEZ,2026-01-19T10:51:27Z,2026-01-19T10:59:01Z,453.82,4.46,WARNING_DRIFT,TRUE,,/mnt/nurvai-data/01/batch_01/SKILL_003_20260119_105127/SKILL_003_20260119_105127_0.mcap
SKILL_003_20260119_143955,station_01_lab,SKILL_003,Organize screwdriver bits,E_MARTINEZ,2026-01-19T14:39:55Z,2026-01-19T14:44:43Z,287.71,4.28,WARNING_DRIFT,TRUE,,/mnt/nurvai-data/01/batch_01/SKILL_003_20260119_143955/SKILL_003_20260119_143955_0.mcap
SKILL_004_20260113_143644,station_01_lab,SKILL_004,Set Screwdriver package,E_MARTINEZ,2026-01-13T14:36:44Z,2026-01-13T14:40:24Z,220.27,5.25,PASS,TRUE,,/mnt/nurvai-data/01/batch_01/SKILL_004_20260113_143644/SKILL_004_20260113_143644_0.mcap
SKILL_004_20260114_073049,station_01_lab,SKILL_004,Set Screwdriver package,E_MARTINEZ,2026-01-14T07:30:49Z,2026-01-14T07:35:10Z,261.42,5.03,PASS,TRUE,,/mnt/nurvai-data/01/batch_01/SKILL_004_20260114_073049/SKILL_004_20260114_073049_0.mcap
SKILL_004_20260114_073525,station_01_lab,SKILL_004,Set Screwdriver package,E_MARTINEZ,2026-01-14T07:35:25Z,2026-01-14T07:36:53Z,87.63,5.19,PASS,FALSE,TOO_SHORT (87.6s),/mnt/nurvai-data/01/batch_01/SKILL_004_20260114_073525/SKILL_004_20260114_073525_0.mcap
SKILL_004_20260114_122300,station_01_lab,SKILL_004,Set Screwdriver package,E_MARTINEZ,2026-01-14T12:23:00Z,2026-01-14T12:23:01Z,0.40,0.04,PASS,FALSE,TOO_SHORT (0.4s),/mnt/nurvai-data/01/batch_01/SKILL_004_20260114_122300/SKILL_004_20260114_122300_0.mcap
SKILL_004_20260114_122342,station_01_lab,SKILL_004,Set Screwdriver package,E_MARTINEZ,2026-01-14T12:23:42Z,2026-01-14T12:25:52Z,130.27,4.97,PASS,TRUE,,/mnt/nurvai-data/01/batch_01/SKILL_004_20260114_122342/SKILL_004_20260114_122342_0.mcap
SKILL_004_20260114_121852,station_01_lab,SKILL_004,Set Screwdriver package,E_MARTINEZ,2026-01-14T12:18:52Z,2026-01-14T12:23:00Z,247.77,4.97,PASS,TRUE,,/mnt/nurvai-data/01/batch_01/SKILL_004_20260114_121852/SKILL_004_20260114_121852_0.mcap
SKILL_004_20260115_103905,station_01_lab,SKILL_004,Set Screwdriver package,E_MARTINEZ,2026-01-15T10:39:05Z,2026-01-15T10:39:10Z,4.95,4.60,PASS,FALSE,TOO_SHORT (4.9s),/mnt/nurvai-data/01/batch_01/SKILL_004_20260115_103905/SKILL_004_20260115_103905_0.mcap
SKILL_004_20260115_103930,station_01_lab,SKILL_004,Set Screwdriver package,E_MARTINEZ,2026-01-15T10:39:30Z,2026-01-15T10:43:12Z,222.04,5.17,PASS,TRUE,,/mnt/nurvai-data/01/batch_01/SKILL_004_20260115_103930/SKILL_004_20260115_103930_0.mcap
SKILL_004_20260115_104720,station_01_lab,SKILL_004,Set Screwdriver package,E_MARTINEZ,2026-01-15T10:47:20Z,2026-01-15T10:48:41Z,80.69,5.12,PASS,FALSE,TOO_SHORT (80.7s),/mnt/nurvai-data/01/batch_01/SKILL_004_20260115_104720/SKILL_004_20260115_104720_0.mcap
SKILL_004_20260115_104335,station_01_lab,SKILL_004,Set Screwdriver package,E_MARTINEZ,2026-01-15T10:43:35Z,2026-01-15T10:46:54Z,198.81,5.13,WARNING_DRIFT,TRUE,,/mnt/nurvai-data/01/batch_01/SKILL_004_20260115_104335/SKILL_004_20260115_104335_0.mcap
SKILL_004_20260116_073427,station_01_lab,SKILL_004,Set Screwdriver package,E_MARTINEZ,2026-01-16T07:34:27Z,2026-01-16T07:37:38Z,191.71,5.47,PASS,TRUE,,/mnt/nurvai-data/01/batch_01/SKILL_004_20260116_073427/SKILL_004_20260116_073427_0.mcap
SKILL_004_20260116_081222,station_01_lab,SKILL_004,Set Screwdriver package,E_MARTINEZ,2026-01-16T08:12:22Z,2026-01-16T08:15:30Z,187.69,5.23,PASS,TRUE,,/mnt/nurvai-data/01/batch_01/SKILL_004_20260116_081222/SKILL_004_20260116_081222_0.mcap
SKILL_004_20260116_134700,station_01_lab,SKILL_004,Set Screwdriver package,C_BECERRA,2026-01-16T13:47:00Z,2026-01-16T13:51:21Z,261.07,7.12,WARNING_DRIFT,TRUE,,/mnt/nurvai-data/01/batch_01/SKILL_004_20260116_134700/SKILL_004_20260116_134700_0.mcap
SKILL_004_20260116_081752,station_01_lab,SKILL_004,Set Screwdriver package,E_MARTINEZ,2026-01-16T08:17:52Z,2026-01-16T08:21:24Z,212.50,5.47,WARNING_DRIFT,TRUE,,/mnt/nurvai-data/01/batch_01/SKILL_004_20260116_081752/SKILL_004_20260116_081752_0.mcap
SKILL_004_20260117_081259,station_01_lab,SKILL_004,Set Screwdriver package,E_MARTINEZ,2026-01-17T08:12:59Z,2026-01-17T08:13:01Z,2.51,7.08,PASS,FALSE,TOO_SHORT (2.5s),/mnt/nurvai-data/01/batch_01/SKILL_004_20260117_081259/SKILL_004_20260117_081259_0.mcap
SKILL_004_20260117_080942,station_01_lab,SKILL_004,Set Screwdriver package,E_MARTINEZ,2026-01-17T08:09:42Z,2026-01-17T08:12:57Z,194.63,5.85,WARNING_DRIFT,TRUE,,/mnt/nurvai-data/01/batch_01/SKILL_004_20260117_080942/SKILL_004_20260117_080942_0.mcap
SKILL_004_20260117_083027,station_01_lab,SKILL_004,Set Screwdriver package,E_MARTINEZ,2026-01-17T08:30:27Z,2026-01-17T08:34:06Z,219.22,6.54,WARNING_DRIFT,TRUE,,/mnt/nurvai-data/01/batch_01/SKILL_004_20260117_083027/SKILL_004_20260117_083027_0.mcap
SKILL_004_20260117_083815,station_01_lab,SKILL_004,Set Screwdriver package,E_MARTINEZ,2026-01-17T08:38:15Z,2026-01-17T08:41:35Z,199.86,5.35,WARNING_DRIFT,TRUE,,/mnt/nurvai-data/01/batch_01/SKILL_004_20260117_083815/SKILL_004_20260117_083815_0.mcap
SKILL_004_20260117_084137,station_01_lab,SKILL_004,Set Screwdriver package,E_MARTINEZ,2026-01-17T08:41:37Z,2026-01-17T08:41:38Z,1.42,8.78,PASS,FALSE,TOO_SHORT (1.4s),/mnt/nurvai-data/01/batch_01/SKILL_004_20260117_084137/SKILL_004_20260117_084137_0.mcap
SKILL_004_20260117_140341,station_01_lab,SKILL_004,Set Screwdriver package,C_BECERRA,2026-01-17T14:03:41Z,2026-01-17T14:04:34Z,52.67,5.53,PASS,FALSE,TOO_SHORT (52.7s),/mnt/nurvai-data/01/batch_01/SKILL_004_20260117_140341/SKILL_004_20260117_140341_0.mcap
SKILL_004_20260117_135645,station_01_lab,SKILL_004,Set Screwdriver package,E_MARTINEZ,2026-01-17T13:56:45Z,2026-01-17T14:00:13Z,207.91,5.19,PASS,TRUE,,/mnt/nurvai-data/01/batch_01/SKILL_004_20260117_135645/SKILL_004_20260117_135645_0.mcap
SKILL_004_20260117_140628,station_01_lab,SKILL_004,Set Screwdriver package,C_BECERRA,2026-01-17T14:06:28Z,2026-01-17T14:07:11Z,42.74,7.92,WARNING_DRIFT,FALSE,TOO_SHORT (42.7s),/mnt/nurvai-data/01/batch_01/SKILL_004_20260117_140628/SKILL_004_20260117_140628_0.mcap
SKILL_004_20260117_141035,station_01_lab,SKILL_004,Set Screwdriver package,C_BECERRA,2026-01-17T14:10:35Z,2026-01-17T14:11:24Z,48.17,7.55,PASS,FALSE,TOO_SHORT (48.2s),/mnt/nurvai-data/01/batch_01/SKILL_004_20260117_141035/SKILL_004_20260117_141035_0.mcap
SKILL_004_20260119_073615,station_01_lab,SKILL_004,Set Screwdriver package,E_MARTINEZ,2026-01-19T07:36:15Z,2026-01-19T07:38:30Z,134.32,5.45,PASS,TRUE,,/mnt/nurvai-data/01/batch_01/SKILL_004_20260119_073615/SKILL_004_20260119_073615_0.mcap
SKILL_004_20260119_074101,station_01_lab,SKILL_004,Set Screwdriver package,E_MARTINEZ,2026-01-19T07:41:02Z,2026-01-19T07:44:17Z,195.86,5.22,PASS,TRUE,,/mnt/nurvai-data/01/batch_01/SKILL_004_20260119_074101/SKILL_004_20260119_074101_0.mcap
SKILL_004_20260119_074729,station_01_lab,SKILL_004,Set Screwdriver package,E_MARTINEZ,2026-01-19T07:47:29Z,2026-01-19T07:50:04Z,155.41,5.23,PASS,TRUE,,/mnt/nurvai-data/01/batch_01/SKILL_004_20260119_074729/SKILL_004_20260119_074729_0.mcap
SKILL_004_20260119_145057,station_01_lab,SKILL_004,Set Screwdriver package,E_MARTINEZ,2026-01-19T14:50:57Z,2026-01-19T14:51:03Z,5.91,8.55,WARNING_DRIFT,FALSE,TOO_SHORT (5.9s),/mnt/nurvai-data/01/batch_01/SKILL_004_20260119_145057/SKILL_004_20260119_145057_0.mcap
SKILL_004_20260119_144717,station_01_lab,SKILL_004,Set Screwdriver package,E_MARTINEZ,2026-01-19T14:47:17Z,2026-01-19T14:49:32Z,134.77,5.11,PASS,TRUE,,/mnt/nurvai-data/01/batch_01/SKILL_004_20260119_144717/SKILL_004_20260119_144717_0.mcap
SKILL_004_20260119_145141,station_01_lab,SKILL_004,Set Screwdriver package,E_MARTINEZ,2026-01-19T14:51:41Z,2026-01-19T14:51:51Z,10.29,4.86,PASS,FALSE,TOO_SHORT (10.3s),/mnt/nurvai-data/01/batch_01/SKILL_004_20260119_145141/SKILL_004_20260119_145141_0.mcap
SKILL_005_20260113_142311,station_01_lab,SKILL_005,Insert allen keys in package,E_MARTINEZ,2026-01-13T14:23:11Z,2026-01-13T14:24:39Z,87.79,4.63,PASS,FALSE,TOO_SHORT (87.8s),/mnt/nurvai-data/01/batch_01/SKILL_005_20260113_142311/SKILL_005_20260113_142311_0.mcap
SKILL_004_20260119_145354,station_01_lab,SKILL_004,Set Screwdriver package,E_MARTINEZ,2026-01-19T14:53:54Z,2026-01-19T14:55:11Z,76.99,5.22,WARNING_DRIFT,FALSE,TOO_SHORT (77.0s),/mnt/nurvai-data/01/batch_01/SKILL_004_20260119_145354/SKILL_004_20260119_145354_0.mcap
SKILL_005_20260114_073806,station_01_lab,SKILL_005,Insert allen keys in package,E_MARTINEZ,2026-01-14T07:38:06Z,2026-01-14T07:41:33Z,207.48,4.62,PASS,TRUE,,/mnt/nurvai-data/01/batch_01/SKILL_005_20260114_073806/SKILL_005_20260114_073806_0.mcap
SKILL_005_20260114_074150,station_01_lab,SKILL_005,Insert allen keys in package,E_MARTINEZ,2026-01-14T07:41:50Z,2026-01-14T07:43:34Z,103.82,4.55,PASS,TRUE,,/mnt/nurvai-data/01/batch_01/SKILL_005_20260114_074150/SKILL_005_20260114_074150_0.mcap
SKILL_005_20260114_122901,station_01_lab,SKILL_005,Insert allen keys in package,E_MARTINEZ,2026-01-14T12:29:01Z,2026-01-14T12:32:49Z,228.66,4.56,PASS,TRUE,,/mnt/nurvai-data/01/batch_01/SKILL_005_20260114_122901/SKILL_005_20260114_122901_0.mcap
SKILL_005_20260114_123333,station_01_lab,SKILL_005,Insert allen keys in package,E_MARTINEZ,2026-01-14T12:33:33Z,2026-01-14T12:36:47Z,193.48,4.57,PASS,TRUE,,/mnt/nurvai-data/01/batch_01/SKILL_005_20260114_123333/SKILL_005_20260114_123333_0.mcap
SKILL_005_20260115_105024,station_01_lab,SKILL_005,Insert allen keys in package,E_MARTINEZ,2026-01-15T10:50:24Z,2026-01-15T10:53:36Z,191.91,4.56,PASS,TRUE,,/mnt/nurvai-data/01/batch_01/SKILL_005_20260115_105024/SKILL_005_20260115_105024_0.mcap
SKILL_005_20260115_105358,station_01_lab,SKILL_005,Insert allen keys in package,E_MARTINEZ,2026-01-15T10:53:58Z,2026-01-15T10:56:44Z,166.25,4.44,PASS,TRUE,,/mnt/nurvai-data/01/batch_01/SKILL_005_20260115_105358/SKILL_005_20260115_105358_0.mcap
SKILL_005_20260115_105713,station_01_lab,SKILL_005,Insert allen keys in package,E_MARTINEZ,2026-01-15T10:57:13Z,2026-01-15T10:59:43Z,150.21,4.45,PASS,TRUE,,/mnt/nurvai-data/01/batch_01/SKILL_005_20260115_105713/SKILL_005_20260115_105713_0.mcap
SKILL_005_20260116_103311,station_01_lab,SKILL_005,Insert allen keys in package,E_MARTINEZ,2026-01-16T10:33:11Z,2026-01-16T10:36:44Z,212.27,6.09,WARNING_DRIFT,TRUE,,/mnt/nurvai-data/01/batch_01/SKILL_005_20260116_103311/SKILL_005_20260116_103311_0.mcap
SKILL_005_20260116_103716,station_01_lab,SKILL_005,Insert allen keys in package,E_MARTINEZ,2026-01-16T10:37:16Z,2026-01-16T10:40:16Z,180.32,6.06,WARNING_DRIFT,TRUE,,/mnt/nurvai-data/01/batch_01/SKILL_005_20260116_103716/SKILL_005_20260116_103716_0.mcap
SKILL_005_20260117_100701,station_01_lab,SKILL_005,Insert allen keys in package,E_MARTINEZ,2026-01-17T10:07:01Z,2026-01-17T10:10:02Z,180.67,4.61,WARNING_DRIFT,TRUE,,/mnt/nurvai-data/01/batch_01/SKILL_005_20260117_100701/SKILL_005_20260117_100701_0.mcap
SKILL_005_20260117_101022,station_01_lab,SKILL_005,Insert allen keys in package,E_MARTINEZ,2026-01-17T10:10:22Z,2026-01-17T10:12:55Z,153.21,4.43,WARNING_DRIFT,TRUE,,/mnt/nurvai-data/01/batch_01/SKILL_005_20260117_101022/SKILL_005_20260117_101022_0.mcap
SKILL_005_20260117_142441,station_01_lab,SKILL_005,Insert allen keys in package,E_MARTINEZ,2026-01-17T14:24:41Z,2026-01-17T14:28:04Z,202.37,6.96,WARNING_DRIFT,TRUE,,/mnt/nurvai-data/01/batch_01/SKILL_005_20260117_142441/SKILL_005_20260117_142441_0.mcap
SKILL_005_20260119_075220,station_01_lab,SKILL_005,Insert allen keys in package,E_MARTINEZ,2026-01-19T07:52:20Z,2026-01-19T07:55:20Z,180.58,4.55,WARNING_DRIFT,TRUE,,/mnt/nurvai-data/01/batch_01/SKILL_005_20260119_075220/SKILL_005_20260119_075220_0.mcap
SKILL_005_20260119_075550,station_01_lab,SKILL_005,Insert allen keys in package,E_MARTINEZ,2026-01-19T07:55:50Z,2026-01-19T07:58:22Z,152.59,4.47,WARNING_DRIFT,TRUE,,/mnt/nurvai-data/01/batch_01/SKILL_005_20260119_075550/SKILL_005_20260119_075550_0.mcap
SKILL_005_20260119_110436,station_01_lab,SKILL_005,Insert allen keys in package,E_MARTINEZ,2026-01-19T11:04:36Z,2026-01-19T11:07:36Z,179.25,4.36,PASS,TRUE,,/mnt/nurvai-data/01/batch_01/SKILL_005_20260119_110436/SKILL_005_20260119_110436_0.mcap
SKILL_005_20260119_110837,station_01_lab,SKILL_005,Insert allen keys in package,E_MARTINEZ,2026-01-19T11:08:37Z,2026-01-19T11:11:24Z,166.94,4.42,PASS,TRUE,,/mnt/nurvai-data/01/batch_01/SKILL_005_20260119_110837/SKILL_005_20260119_110837_0.mcap
SKILL_005_20260119_145539,station_01_lab,SKILL_005,Insert allen keys in package,E_MARTINEZ,2026-01-19T14:55:39Z,2026-01-19T14:57:56Z,136.31,4.31,WARNING_DRIFT,TRUE,,/mnt/nurvai-data/01/batch_01/SKILL_005_20260119_145539/SKILL_005_20260119_145539_0.mcap
SKILL_006_20260114_074605,station_01_lab,SKILL_006,Separate tongue depressors by size,E_MARTINEZ,2026-01-14T07:46:05Z,2026-01-14T07:50:37Z,272.49,4.73,PASS,TRUE,,/mnt/nurvai-data/01/batch_01/SKILL_006_20260114_074605/SKILL_006_20260114_074605_0.mcap
SKILL_006_20260114_075121,station_01_lab,SKILL_006,Separate tongue depressors by size,E_MARTINEZ,2026-01-14T07:51:21Z,2026-01-14T07:56:33Z,311.81,5.00,PASS,TRUE,,/mnt/nurvai-data/01/batch_01/SKILL_006_20260114_075121/SKILL_006_20260114_075121_0.mcap
SKILL_006_20260114_124009,station_01_lab,SKILL_006,Separate tongue depressors by size,E_MARTINEZ,2026-01-14T12:40:09Z,2026-01-14T12:46:20Z,371.38,5.08,PASS,TRUE,,/mnt/nurvai-data/01/batch_01/SKILL_006_20260114_124009/SKILL_006_20260114_124009_0.mcap
SKILL_006_20260114_124719,station_01_lab,SKILL_006,Separate tongue depressors by size,E_MARTINEZ,2026-01-14T12:47:19Z,2026-01-14T12:50:13Z,174.45,5.09,PASS,TRUE,,/mnt/nurvai-data/01/batch_01/SKILL_006_20260114_124719/SKILL_006_20260114_124719_0.mcap
SKILL_007_20260114_080230,station_01_lab,SKILL_007,Separate tongue depressors by color,E_MARTINEZ,2026-01-14T08:02:30Z,2026-01-14T08:10:41Z,490.99,4.70,PASS,TRUE,,/mnt/nurvai-data/01/batch_01/SKILL_007_20260114_080230/SKILL_007_20260114_080230_0.mcap
SKILL_007_20260114_125237,station_01_lab,SKILL_007,Separate tongue depressors by color,E_MARTINEZ,2026-01-14T12:52:37Z,2026-01-14T12:59:59Z,441.14,4.82,PASS,TRUE,,/mnt/nurvai-data/01/batch_01/SKILL_007_20260114_125237/SKILL_007_20260114_125237_0.mcap
SKILL_007_20260116_104214,station_01_lab,SKILL_007,Separate tongue depressors by color,E_MARTINEZ,2026-01-16T10:42:14Z,2026-01-16T10:48:31Z,377.04,6.79,WARNING_DRIFT,TRUE,,/mnt/nurvai-data/01/batch_01/SKILL_007_20260116_104214/SKILL_007_20260116_104214_0.mcap
SKILL_007_20260115_110743,station_01_lab,SKILL_007,Separate tongue depressors by color,E_MARTINEZ,2026-01-15T11:07:43Z,2026-01-15T11:12:12Z,269.00,4.94,PASS,TRUE,,/mnt/nurvai-data/01/batch_01/SKILL_007_20260115_110743/SKILL_007_20260115_110743_0.mcap
SKILL_007_20260116_104843,station_01_lab,SKILL_007,Separate tongue depressors by color,E_MARTINEZ,2026-01-16T10:48:43Z,2026-01-16T10:48:46Z,3.35,10.41,WARNING_DRIFT,FALSE,TOO_SHORT (3.3s),/mnt/nurvai-data/01/batch_01/SKILL_007_20260116_104843/SKILL_007_20260116_104843_0.mcap
SKILL_007_20260116_135256,station_01_lab,SKILL_007,Separate tongue depressors by color,E_MARTINEZ,2026-01-16T13:52:56Z,2026-01-16T13:59:13Z,377.12,6.75,PASS,TRUE,,/mnt/nurvai-data/01/batch_01/SKILL_007_20260116_135256/SKILL_007_20260116_135256_0.mcap
SKILL_007_20260116_140022,station_01_lab,SKILL_007,Separate tongue depressors by color,C_BECERRA,2026-01-16T14:00:22Z,2026-01-16T14:08:33Z,491.29,7.26,WARNING_DRIFT,TRUE,,/mnt/nurvai-data/01/batch_01/SKILL_007_20260116_140022/SKILL_007_20260116_140022_0.mcap
SKILL_007_20260116_140847,station_01_lab,SKILL_007,Separate tongue depressors by color,C_BECERRA,2026-01-16T14:08:47Z,2026-01-16T14:08:49Z,2.64,10.02,WARNING_DRIFT,FALSE,TOO_SHORT (2.6s),/mnt/nurvai-data/01/batch_01/SKILL_007_20260116_140847/SKILL_007_20260116_140847_0.mcap
SKILL_007_20260117_101536,station_01_lab,SKILL_007,Separate tongue depressors by color,E_MARTINEZ,2026-01-17T10:15:36Z,2026-01-17T10:21:16Z,340.58,4.89,WARNING_DRIFT,TRUE,,/mnt/nurvai-data/01/batch_01/SKILL_007_20260117_101536/SKILL_007_20260117_101536_0.mcap
SKILL_007_20260117_143025,station_01_lab,SKILL_007,Separate tongue depressors by color,E_MARTINEZ,2026-01-17T14:30:25Z,2026-01-17T14:35:30Z,304.94,6.93,PASS,TRUE,,/mnt/nurvai-data/01/batch_01/SKILL_007_20260117_143025/SKILL_007_20260117_143025_0.mcap
SKILL_007_20260119_080015,station_01_lab,SKILL_007,Separate tongue depressors by color,E_MARTINEZ,2026-01-19T08:00:15Z,2026-01-19T08:06:16Z,360.82,5.11,WARNING_DRIFT,TRUE,,/mnt/nurvai-data/01/batch_01/SKILL_007_20260119_080015/SKILL_007_20260119_080015_0.mcap
SKILL_007_20260119_080627,station_01_lab,SKILL_007,Separate tongue depressors by color,E_MARTINEZ,2026-01-19T08:06:27Z,2026-01-19T08:06:51Z,24.67,9.56,WARNING_DRIFT,FALSE,TOO_SHORT (24.7s),/mnt/nurvai-data/01/batch_01/SKILL_007_20260119_080627/SKILL_007_20260119_080627_0.mcap
SKILL_007_20260119_080843,station_01_lab,SKILL_007,Separate tongue depressors by color,E_MARTINEZ,2026-01-19T08:08:43Z,2026-01-19T08:12:36Z,233.08,4.59,PASS,TRUE,,/mnt/nurvai-data/01/batch_01/SKILL_007_20260119_080843/SKILL_007_20260119_080843_0.mcap
SKILL_008_20260114_081451,station_01_lab,SKILL_008,Separate tongue depressors by type,E_MARTINEZ,2026-01-14T08:14:51Z,2026-01-14T08:20:16Z,324.51,4.78,PASS,TRUE,,/mnt/nurvai-data/01/batch_01/SKILL_008_20260114_081451/SKILL_008_20260114_081451_0.mcap
SKILL_007_20260119_111346,station_01_lab,SKILL_007,Separate tongue depressors by color,E_MARTINEZ,2026-01-19T11:13:46Z,2026-01-19T11:19:46Z,360.23,4.78,WARNING_DRIFT,TRUE,,/mnt/nurvai-data/01/batch_01/SKILL_007_20260119_111346/SKILL_007_20260119_111346_0.mcap
SKILL_008_20260114_082059,station_01_lab,SKILL_008,Separate tongue depressors by type,E_MARTINEZ,2026-01-14T08:20:59Z,2026-01-14T08:24:13Z,194.01,5.07,PASS,TRUE,,/mnt/nurvai-data/01/batch_01/SKILL_008_20260114_082059/SKILL_008_20260114_082059_0.mcap
SKILL_008_20260114_130159,station_01_lab,SKILL_008,Separate tongue depressors by type,E_MARTINEZ,2026-01-14T13:01:59Z,2026-01-14T13:08:18Z,378.81,4.93,PASS,TRUE,,/mnt/nurvai-data/01/batch_01/SKILL_008_20260114_130159/SKILL_008_20260114_130159_0.mcap
SKILL_008_20260115_111322,station_01_lab,SKILL_008,Separate tongue depressors by type,E_MARTINEZ,2026-01-15T11:13:22Z,2026-01-15T11:18:22Z,300.62,4.99,PASS,TRUE,,/mnt/nurvai-data/01/batch_01/SKILL_008_20260115_111322/SKILL_008_20260115_111322_0.mcap
SKILL_009_20260114_082626,station_01_lab,SKILL_009,Package Cotton set,E_MARTINEZ,2026-01-14T08:26:26Z,2026-01-14T08:36:48Z,622.17,4.85,PASS,TRUE,,/mnt/nurvai-data/01/batch_01/SKILL_009_20260114_082626/SKILL_009_20260114_082626_0.mcap
SKILL_009_20260114_131415,station_01_lab,SKILL_009,Package Cotton set,E_MARTINEZ,2026-01-14T13:14:15Z,2026-01-14T13:22:00Z,465.24,4.50,PASS,TRUE,,/mnt/nurvai-data/01/batch_01/SKILL_009_20260114_131415/SKILL_009_20260114_131415_0.mcap
SKILL_009_20260115_112017,station_01_lab,SKILL_009,Package Cotton set,E_MARTINEZ,2026-01-15T11:20:17Z,2026-01-15T11:30:18Z,600.96,4.87,PASS,TRUE,,/mnt/nurvai-data/01/batch_01/SKILL_009_20260115_112017/SKILL_009_20260115_112017_0.mcap
SKILL_009_20260115_161408,station_01_lab,SKILL_009,Package Cotton set,E_MARTINEZ,2026-01-15T16:14:08Z,2026-01-15T16:14:47Z,38.33,6.41,PASS,FALSE,TOO_SHORT (38.3s),/mnt/nurvai-data/01/batch_01/SKILL_009_20260115_161408/SKILL_009_20260115_161408_0.mcap
SKILL_009_20260115_124124,station_01_lab,SKILL_009,Package Cotton set,E_MARTINEZ,2026-01-15T12:41:24Z,2026-01-15T12:50:23Z,539.66,5.01,PASS,TRUE,,/mnt/nurvai-data/01/batch_01/SKILL_009_20260115_124124/SKILL_009_20260115_124124_0.mcap
SKILL_009_20260115_161716,station_01_lab,SKILL_009,Package Cotton set,E_MARTINEZ,2026-01-15T16:17:16Z,2026-01-15T16:17:44Z,27.94,6.50,PASS,FALSE,TOO_SHORT (27.9s),/mnt/nurvai-data/01/batch_01/SKILL_009_20260115_161716/SKILL_009_20260115_161716_0.mcap
SKILL_009_20260116_105155,station_01_lab,SKILL_009,Package Cotton set,E_MARTINEZ,2026-01-16T10:51:55Z,2026-01-16T10:56:41Z,286.63,5.53,PASS,TRUE,,/mnt/nurvai-data/01/batch_01/SKILL_009_20260116_105155/SKILL_009_20260116_105155_0.mcap
SKILL_009_20260116_095751,station_01_lab,SKILL_009,Package Cotton set,E_MARTINEZ,2026-01-16T09:57:51Z,2026-01-16T10:06:27Z,516.11,5.83,PASS,TRUE,,/mnt/nurvai-data/01/batch_01/SKILL_009_20260116_095751/SKILL_009_20260116_095751_0.mcap
SKILL_009_20260116_105651,station_01_lab,SKILL_009,Package Cotton set,E_MARTINEZ,2026-01-16T10:56:51Z,2026-01-16T11:00:00Z,189.31,5.57,PASS,TRUE,,/mnt/nurvai-data/01/batch_01/SKILL_009_20260116_105651/SKILL_009_20260116_105651_0.mcap
SKILL_009_20260116_141044,station_01_lab,SKILL_009,Package Cotton set,E_MARTINEZ,2026-01-16T14:10:44Z,2026-01-16T14:13:59Z,194.84,7.18,WARNING_DRIFT,TRUE,,/mnt/nurvai-data/01/batch_01/SKILL_009_20260116_141044/SKILL_009_20260116_141044_0.mcap
SKILL_009_20260116_141410,station_01_lab,SKILL_009,Package Cotton set,E_MARTINEZ,2026-01-16T14:14:10Z,2026-01-16T14:14:11Z,1.28,5.36,PASS,FALSE,TOO_SHORT (1.3s),/mnt/nurvai-data/01/batch_01/SKILL_009_20260116_141410/SKILL_009_20260116_141410_0.mcap
SKILL_009_20260117_102313,station_01_lab,SKILL_009,Package Cotton set,E_MARTINEZ,2026-01-17T10:23:13Z,2026-01-17T10:27:01Z,227.44,4.66,PASS,TRUE,,/mnt/nurvai-data/01/batch_01/SKILL_009_20260117_102313/SKILL_009_20260117_102313_0.mcap
SKILL_009_20260116_141608,station_01_lab,SKILL_009,Package Cotton set,C_BECERRA,2026-01-16T14:16:08Z,2026-01-16T14:22:27Z,379.17,6.92,WARNING_DRIFT,TRUE,,/mnt/nurvai-data/01/batch_01/SKILL_009_20260116_141608/SKILL_009_20260116_141608_0.mcap
SKILL_009_20260117_143652,station_01_lab,SKILL_009,Package Cotton set,C_BECERRA,2026-01-17T14:36:52Z,2026-01-17T14:41:11Z,258.99,6.77,PASS,TRUE,,/mnt/nurvai-data/01/batch_01/SKILL_009_20260117_143652/SKILL_009_20260117_143652_0.mcap
SKILL_009_20260117_144637,station_01_lab,SKILL_009,Package Cotton set,E_MARTINEZ,2026-01-17T14:46:37Z,2026-01-17T14:46:53Z,15.70,7.12,PASS,FALSE,TOO_SHORT (15.7s),/mnt/nurvai-data/01/batch_01/SKILL_009_20260117_144637/SKILL_009_20260117_144637_0.mcap
SKILL_009_20260119_081420,station_01_lab,SKILL_009,Package Cotton set,E_MARTINEZ,2026-01-19T08:14:20Z,2026-01-19T08:16:59Z,158.50,4.31,PASS,TRUE,,/mnt/nurvai-data/01/batch_01/SKILL_009_20260119_081420/SKILL_009_20260119_081420_0.mcap
SKILL_009_20260117_144232,station_01_lab,SKILL_009,Package Cotton set,E_MARTINEZ,2026-01-17T14:42:32Z,2026-01-17T14:46:33Z,240.26,8.13,WARNING_DRIFT,TRUE,,/mnt/nurvai-data/01/batch_01/SKILL_009_20260117_144232/SKILL_009_20260117_144232_0.mcap
SKILL_009_20260119_081724,station_01_lab,SKILL_009,Package Cotton set,E_MARTINEZ,2026-01-19T08:17:24Z,2026-01-19T08:20:55Z,211.22,4.45,PASS,TRUE,,/mnt/nurvai-data/01/batch_01/SKILL_009_20260119_081724/SKILL_009_20260119_081724_0.mcap
SKILL_009_20260119_112206,station_01_lab,SKILL_009,Package Cotton set,E_MARTINEZ,2026-01-19T11:22:06Z,2026-01-19T11:25:10Z,184.15,4.44,PASS,TRUE,,/mnt/nurvai-data/01/batch_01/SKILL_009_20260119_112206/SKILL_009_20260119_112206_0.mcap
SKILL_009_20260119_112614,station_01_lab,SKILL_009,Package Cotton set,E_MARTINEZ,2026-01-19T11:26:14Z,2026-01-19T11:29:27Z,193.34,4.82,PASS,TRUE,,/mnt/nurvai-data/01/batch_01/SKILL_009_20260119_112614/SKILL_009_20260119_112614_0.mcap
SKILL_010_20260114_083805,station_01_lab,SKILL_010,Package earphones,E_MARTINEZ,2026-01-14T08:38:05Z,2026-01-14T08:45:41Z,456.37,5.00,PASS,TRUE,,/mnt/nurvai-data/01/batch_01/SKILL_010_20260114_083805/SKILL_010_20260114_083805_0.mcap
SKILL_010_20260114_132447,station_01_lab,SKILL_010,Package earphones,E_MARTINEZ,2026-01-14T13:24:47Z,2026-01-14T13:31:54Z,426.61,4.81,WARNING_DRIFT,TRUE,,/mnt/nurvai-data/01/batch_01/SKILL_010_20260114_132447/SKILL_010_20260114_132447_0.mcap
SKILL_010_20260116_111004,station_01_lab,SKILL_010,Package earphones,E_MARTINEZ,2026-01-16T11:10:04Z,2026-01-16T11:10:12Z,7.99,9.74,WARNING_DRIFT,FALSE,TOO_SHORT (8.0s),/mnt/nurvai-data/01/batch_01/SKILL_010_20260116_111004/SKILL_010_20260116_111004_0.mcap
SKILL_010_20260116_110354,station_01_lab,SKILL_010,Package earphones,E_MARTINEZ,2026-01-16T11:03:54Z,2026-01-16T11:10:01Z,367.32,6.63,WARNING_DRIFT,TRUE,,/mnt/nurvai-data/01/batch_01/SKILL_010_20260116_110354/SKILL_010_20260116_110354_0.mcap
SKILL_010_20260116_143217,station_01_lab,SKILL_010,Package earphones,C_BECERRA,2026-01-16T14:32:17Z,2026-01-16T14:32:23Z,5.28,7.43,PASS,FALSE,TOO_SHORT (5.3s),/mnt/nurvai-data/01/batch_01/SKILL_010_20260116_143217/SKILL_010_20260116_143217_0.mcap
SKILL_010_20260116_142502,station_01_lab,SKILL_010,Package earphones,E_MARTINEZ,2026-01-16T14:25:02Z,2026-01-16T14:31:38Z,396.20,6.89,WARNING_DRIFT,TRUE,,/mnt/nurvai-data/01/batch_01/SKILL_010_20260116_142502/SKILL_010_20260116_142502_0.mcap
SKILL_010_20260116_143319,station_01_lab,SKILL_010,Package earphones,C_BECERRA,2026-01-16T14:33:19Z,2026-01-16T14:39:18Z,358.90,6.91,WARNING_DRIFT,TRUE,,/mnt/nurvai-data/01/batch_01/SKILL_010_20260116_143319/SKILL_010_20260116_143319_0.mcap
SKILL_010_20260117_102935,station_01_lab,SKILL_010,Package earphones,E_MARTINEZ,2026-01-17T10:29:35Z,2026-01-17T10:34:54Z,318.51,4.75,PASS,TRUE,,/mnt/nurvai-data/01/batch_01/SKILL_010_20260117_102935/SKILL_010_20260117_102935_0.mcap
SKILL_010_20260119_082610,station_01_lab,SKILL_010,Package earphones,E_MARTINEZ,2026-01-19T08:26:10Z,2026-01-19T08:31:18Z,308.28,5.24,PASS,TRUE,,/mnt/nurvai-data/01/batch_01/SKILL_010_20260119_082610/SKILL_010_20260119_082610_0.mcap
SKILL_010_20260117_144822,station_01_lab,SKILL_010,Package earphones,C_BECERRA,2026-01-17T14:48:22Z,2026-01-17T14:55:38Z,435.42,7.22,WARNING_DRIFT,TRUE,,/mnt/nurvai-data/01/batch_01/SKILL_010_20260117_144822/SKILL_010_20260117_144822_0.mcap
SKILL_010_20260119_121016,station_01_lab,SKILL_010,Package earphones,E_MARTINEZ,2026-01-19T12:10:16Z,2026-01-19T12:14:46Z,269.99,4.77,PASS,TRUE,,/mnt/nurvai-data/01/batch_01/SKILL_010_20260119_121016/SKILL_010_20260119_121016_0.mcap
SKILL_011_20260114_084802,station_01_lab,SKILL_011,Package plastic ice cubes,E_MARTINEZ,2026-01-14T08:48:02Z,2026-01-14T08:51:19Z,197.05,4.90,PASS,TRUE,,/mnt/nurvai-data/01/batch_01/SKILL_011_20260114_084802/SKILL_011_20260114_084802_0.mcap
SKILL_011_20260114_133311,station_01_lab,SKILL_011,Package plastic ice cubes,E_MARTINEZ,2026-01-14T13:33:11Z,2026-01-14T13:37:25Z,253.86,4.74,PASS,TRUE,,/mnt/nurvai-data/01/batch_01/SKILL_011_20260114_133311/SKILL_011_20260114_133311_0.mcap
SKILL_011_20260114_085140,station_01_lab,SKILL_011,Package plastic ice cubes,E_MARTINEZ,2026-01-14T08:51:40Z,2026-01-14T08:54:12Z,151.75,4.76,PASS,TRUE,,/mnt/nurvai-data/01/batch_01/SKILL_011_20260114_085140/SKILL_011_20260114_085140_0.mcap
SKILL_011_20260116_111409,station_01_lab,SKILL_011,Package plastic ice cubes,E_MARTINEZ,2026-01-16T11:14:09Z,2026-01-16T11:16:45Z,156.34,6.54,WARNING_DRIFT,TRUE,,/mnt/nurvai-data/01/batch_01/SKILL_011_20260116_111409/SKILL_011_20260116_111409_0.mcap
SKILL_011_20260116_111806,station_01_lab,SKILL_011,Package plastic ice cubes,E_MARTINEZ,2026-01-16T11:18:06Z,2026-01-16T11:20:45Z,158.77,6.42,PASS,TRUE,,/mnt/nurvai-data/01/batch_01/SKILL_011_20260116_111806/SKILL_011_20260116_111806_0.mcap
SKILL_011_20260116_112046,station_01_lab,SKILL_011,Package plastic ice cubes,E_MARTINEZ,2026-01-16T11:20:46Z,2026-01-16T11:20:50Z,3.14,7.75,PASS,FALSE,TOO_SHORT (3.1s),/mnt/nurvai-data/01/batch_01/SKILL_011_20260116_112046/SKILL_011_20260116_112046_0.mcap
SKILL_011_20260116_144027,station_01_lab,SKILL_011,Package plastic ice cubes,E_MARTINEZ,2026-01-16T14:40:28Z,2026-01-16T14:42:24Z,116.01,7.48,WARNING_DRIFT,TRUE,,/mnt/nurvai-data/01/batch_01/SKILL_011_20260116_144027/SKILL_011_20260116_144027_0.mcap
SKILL_011_20260116_144250,station_01_lab,SKILL_011,Package plastic ice cubes,E_MARTINEZ,2026-01-16T14:42:50Z,2026-01-16T14:44:28Z,98.10,6.92,WARNING_DRIFT,TRUE,,/mnt/nurvai-data/01/batch_01/SKILL_011_20260116_144250/SKILL_011_20260116_144250_0.mcap
SKILL_011_20260116_144523,station_01_lab,SKILL_011,Package plastic ice cubes,C_BECERRA,2026-01-16T14:45:23Z,2026-01-16T14:47:40Z,137.23,7.28,WARNING_DRIFT,TRUE,,/mnt/nurvai-data/01/batch_01/SKILL_011_20260116_144523/SKILL_011_20260116_144523_0.mcap
SKILL_011_20260116_144755,station_01_lab,SKILL_011,Package plastic ice cubes,C_BECERRA,2026-01-16T14:47:55Z,2026-01-16T14:50:33Z,158.33,7.23,WARNING_DRIFT,TRUE,,/mnt/nurvai-data/01/batch_01/SKILL_011_20260116_144755/SKILL_011_20260116_144755_0.mcap
SKILL_011_20260116_162120,station_01_lab,SKILL_011,Package plastic ice cubes,C_BECERRA,2026-01-16T16:21:20Z,2026-01-16T16:22:13Z,52.64,5.62,PASS,FALSE,TOO_SHORT (52.6s),/mnt/nurvai-data/01/batch_01/SKILL_011_20260116_162120/SKILL_011_20260116_162120_0.mcap
SKILL_011_20260117_104442,station_01_lab,SKILL_011,Package plastic ice cubes,E_MARTINEZ,2026-01-17T10:44:42Z,2026-01-17T10:49:46Z,303.79,5.02,PASS,TRUE,,/mnt/nurvai-data/01/batch_01/SKILL_011_20260117_104442/SKILL_011_20260117_104442_0.mcap
SKILL_011_20260117_104128,station_01_lab,SKILL_011,Package plastic ice cubes,E_MARTINEZ,2026-01-17T10:41:28Z,2026-01-17T10:44:22Z,173.93,5.02,PASS,TRUE,,/mnt/nurvai-data/01/batch_01/SKILL_011_20260117_104128/SKILL_011_20260117_104128_0.mcap
SKILL_011_20260119_084058,station_01_lab,SKILL_011,Package plastic ice cubes,E_MARTINEZ,2026-01-19T08:40:58Z,2026-01-19T08:44:21Z,203.08,5.18,WARNING_DRIFT,TRUE,,/mnt/nurvai-data/01/batch_01/SKILL_011_20260119_084058/SKILL_011_20260119_084058_0.mcap
SKILL_011_20260119_083527,station_01_lab,SKILL_011,Package plastic ice cubes,E_MARTINEZ,2026-01-19T08:35:27Z,2026-01-19T08:39:33Z,245.62,5.08,PASS,TRUE,,/mnt/nurvai-data/01/batch_01/SKILL_011_20260119_083527/SKILL_011_20260119_083527_0.mcap
SKILL_011_20260119_122128,station_01_lab,SKILL_011,Package plastic ice cubes,E_MARTINEZ,2026-01-19T12:21:28Z,2026-01-19T12:26:26Z,298.94,5.05,PASS,TRUE,,/mnt/nurvai-data/01/batch_01/SKILL_011_20260119_122128/SKILL_011_20260119_122128_0.mcap
SKILL_012_20260113_141042,station_01_lab,SKILL_012,Put pasta in jars,E_MARTINEZ,2026-01-13T14:10:42Z,2026-01-13T14:13:23Z,161.11,4.89,PASS,TRUE,,/mnt/nurvai-data/01/batch_01/SKILL_012_20260113_141042/SKILL_012_20260113_141042_0.mcap
SKILL_011_20260119_122715,station_01_lab,SKILL_011,Package plastic ice cubes,E_MARTINEZ,2026-01-19T12:27:15Z,2026-01-19T12:31:09Z,233.37,5.16,PASS,TRUE,,/mnt/nurvai-data/01/batch_01/SKILL_011_20260119_122715/SKILL_011_20260119_122715_0.mcap
SKILL_012_20260114_085835,station_01_lab,SKILL_012,Put pasta in jars,E_MARTINEZ,2026-01-14T08:58:35Z,2026-01-14T09:02:01Z,206.56,5.15,WARNING_DRIFT,TRUE,,/mnt/nurvai-data/01/batch_01/SKILL_012_20260114_085835/SKILL_012_20260114_085835_0.mcap
SKILL_012_20260114_090252,station_01_lab,SKILL_012,Put pasta in jars,E_MARTINEZ,2026-01-14T09:02:52Z,2026-01-14T09:06:24Z,211.86,5.02,PASS,TRUE,,/mnt/nurvai-data/01/batch_01/SKILL_012_20260114_090252/SKILL_012_20260114_090252_0.mcap
SKILL_012_20260114_134044,station_01_lab,SKILL_012,Put pasta in jars,E_MARTINEZ,2026-01-14T13:40:44Z,2026-01-14T13:43:21Z,156.66,4.98,PASS,TRUE,,/mnt/nurvai-data/01/batch_01/SKILL_012_20260114_134044/SKILL_012_20260114_134044_0.mcap
SKILL_012_20260116_095119,station_01_lab,SKILL_012,Put pasta in jars,E_MARTINEZ,2026-01-16T09:51:19Z,2026-01-16T09:54:53Z,213.61,5.47,WARNING_DRIFT,TRUE,,/mnt/nurvai-data/01/batch_01/SKILL_012_20260116_095119/SKILL_012_20260116_095119_0.mcap
SKILL_012_20260114_134418,station_01_lab,SKILL_012,Put pasta in jars,E_MARTINEZ,2026-01-14T13:44:18Z,2026-01-14T13:47:01Z,162.73,5.02,PASS,TRUE,,/mnt/nurvai-data/01/batch_01/SKILL_012_20260114_134418/SKILL_012_20260114_134418_0.mcap
SKILL_012_20260116_095456,station_01_lab,SKILL_012,Put pasta in jars,E_MARTINEZ,2026-01-16T09:54:56Z,2026-01-16T09:54:57Z,0.61,10.56,PASS,FALSE,TOO_SHORT (0.6s),/mnt/nurvai-data/01/batch_01/SKILL_012_20260116_095456/SKILL_012_20260116_095456_0.mcap
SKILL_012_20260117_105100,station_01_lab,SKILL_012,Put pasta in jars,E_MARTINEZ,2026-01-17T10:51:00Z,2026-01-17T10:54:04Z,183.61,5.12,PASS,TRUE,,/mnt/nurvai-data/01/batch_01/SKILL_012_20260117_105100/SKILL_012_20260117_105100_0.mcap
SKILL_012_20260117_105449,station_01_lab,SKILL_012,Put pasta in jars,E_MARTINEZ,2026-01-17T10:54:49Z,2026-01-17T10:57:49Z,180.67,5.01,PASS,TRUE,,/mnt/nurvai-data/01/batch_01/SKILL_012_20260117_105449/SKILL_012_20260117_105449_0.mcap
SKILL_012_20260119_084851,station_01_lab,SKILL_012,Put pasta in jars,E_MARTINEZ,2026-01-19T08:48:51Z,2026-01-19T08:50:57Z,126.05,4.94,PASS,TRUE,,/mnt/nurvai-data/01/batch_01/SKILL_012_20260119_084851/SKILL_012_20260119_084851_0.mcap
SKILL_012_20260119_084510,station_01_lab,SKILL_012,Put pasta in jars,E_MARTINEZ,2026-01-19T08:45:10Z,2026-01-19T08:48:12Z,182.27,4.90,PASS,TRUE,,/mnt/nurvai-data/01/batch_01/SKILL_012_20260119_084510/SKILL_012_20260119_084510_0.mcap
SKILL_013_20260113_143007,station_01_lab,SKILL_013,Set up a hand lamp,E_MARTINEZ,2026-01-13T14:30:07Z,2026-01-13T14:33:57Z,229.82,5.16,PASS,TRUE,,/mnt/nurvai-data/01/batch_01/SKILL_013_20260113_143007/SKILL_013_20260113_143007_0.mcap
SKILL_013_20260114_090938,station_01_lab,SKILL_013,Set up a hand lamp,E_MARTINEZ,2026-01-14T09:09:38Z,2026-01-14T09:13:14Z,215.74,5.00,PASS,TRUE,,/mnt/nurvai-data/01/batch_01/SKILL_013_20260114_090938/SKILL_013_20260114_090938_0.mcap
SKILL_013_20260114_091437,station_01_lab,SKILL_013,Set up a hand lamp,E_MARTINEZ,2026-01-14T09:14:37Z,2026-01-14T09:18:36Z,238.59,4.99,PASS,TRUE,,/mnt/nurvai-data/01/batch_01/SKILL_013_20260114_091437/SKILL_013_20260114_091437_0.mcap
SKILL_013_20260114_135022,station_01_lab,SKILL_013,Set up a hand lamp,E_MARTINEZ,2026-01-14T13:50:22Z,2026-01-14T13:54:06Z,223.40,4.98,PASS,TRUE,,/mnt/nurvai-data/01/batch_01/SKILL_013_20260114_135022/SKILL_013_20260114_135022_0.mcap
SKILL_013_20260114_135525,station_01_lab,SKILL_013,Set up a hand lamp,E_MARTINEZ,2026-01-14T13:55:25Z,2026-01-14T13:58:43Z,197.45,4.94,PASS,TRUE,,/mnt/nurvai-data/01/batch_01/SKILL_013_20260114_135525/SKILL_013_20260114_135525_0.mcap
SKILL_013_20260116_101451,station_01_lab,SKILL_013,Set up a hand lamp,E_MARTINEZ,2026-01-16T10:14:51Z,2026-01-16T10:18:36Z,224.28,6.05,PASS,TRUE,,/mnt/nurvai-data/01/batch_01/SKILL_013_20260116_101451/SKILL_013_20260116_101451_0.mcap
SKILL_013_20260116_101955,station_01_lab,SKILL_013,Set up a hand lamp,E_MARTINEZ,2026-01-16T10:19:55Z,2026-01-16T10:23:28Z,212.48,5.59,WARNING_DRIFT,TRUE,,/mnt/nurvai-data/01/batch_01/SKILL_013_20260116_101955/SKILL_013_20260116_101955_0.mcap
SKILL_013_20260117_091846,station_01_lab,SKILL_013,Set up a hand lamp,E_MARTINEZ,2026-01-17T09:18:46Z,2026-01-17T09:22:22Z,216.34,4.87,PASS,TRUE,,/mnt/nurvai-data/01/batch_01/SKILL_013_20260117_091846/SKILL_013_20260117_091846_0.mcap
SKILL_013_20260117_092313,station_01_lab,SKILL_013,Set up a hand lamp,E_MARTINEZ,2026-01-17T09:23:13Z,2026-01-17T09:26:05Z,171.28,4.90,PASS,TRUE,,/mnt/nurvai-data/01/batch_01/SKILL_013_20260117_092313/SKILL_013_20260117_092313_0.mcap
SKILL_013_20260117_093009,station_01_lab,SKILL_013,Set up a hand lamp,E_MARTINEZ,2026-01-17T09:30:09Z,2026-01-17T09:31:09Z,59.77,6.79,WARNING_DRIFT,FALSE,TOO_SHORT (59.8s),/mnt/nurvai-data/01/batch_01/SKILL_013_20260117_093009/SKILL_013_20260117_093009_0.mcap
SKILL_013_20260119_085635,station_01_lab,SKILL_013,Set up a hand lamp,E_MARTINEZ,2026-01-19T08:56:35Z,2026-01-19T08:59:12Z,157.20,4.90,WARNING_DRIFT,TRUE,,/mnt/nurvai-data/01/batch_01/SKILL_013_20260119_085635/SKILL_013_20260119_085635_0.mcap
SKILL_013_20260119_090006,station_01_lab,SKILL_013,Set up a hand lamp,E_MARTINEZ,2026-01-19T09:00:06Z,2026-01-19T09:03:15Z,189.29,4.96,WARNING_DRIFT,TRUE,,/mnt/nurvai-data/01/batch_01/SKILL_013_20260119_090006/SKILL_013_20260119_090006_0.mcap
SKILL_013_20260119_123157,station_01_lab,SKILL_013,Set up a hand lamp,E_MARTINEZ,2026-01-19T12:31:57Z,2026-01-19T12:34:24Z,147.17,4.99,WARNING_DRIFT,TRUE,,/mnt/nurvai-data/01/batch_01/SKILL_013_20260119_123157/SKILL_013_20260119_123157_0.mcap
SKILL_013_20260119_125117,station_01_lab,SKILL_013,Set up a hand lamp,E_MARTINEZ,2026-01-19T12:51:17Z,2026-01-19T12:51:21Z,4.43,4.71,PASS,FALSE,TOO_SHORT (4.4s),/mnt/nurvai-data/01/batch_01/SKILL_013_20260119_125117/SKILL_013_20260119_125117_0.mcap
SKILL_013_20260119_123549,station_01_lab,SKILL_013,Set up a hand lamp,E_MARTINEZ,2026-01-19T12:35:49Z,2026-01-19T12:38:38Z,169.57,5.04,WARNING_DRIFT,TRUE,,/mnt/nurvai-data/01/batch_01/SKILL_013_20260119_123549/SKILL_013_20260119_123549_0.mcap
SKILL_013_20260119_125252,station_01_lab,SKILL_013,Set up a hand lamp,E_MARTINEZ,2026-01-19T12:52:52Z,2026-01-19T12:53:28Z,36.12,4.77,WARNING_DRIFT,FALSE,TOO_SHORT (36.1s),/mnt/nurvai-data/01/batch_01/SKILL_013_20260119_125252/SKILL_013_20260119_125252_0.mcap
SKILL_013_20260119_125641,station_01_lab,SKILL_013,Set up a hand lamp,E_MARTINEZ,2026-01-19T12:56:41Z,2026-01-19T13:00:46Z,245.02,4.96,WARNING_DRIFT,TRUE,,/mnt/nurvai-data/01/batch_01/SKILL_013_20260119_125641/SKILL_013_20260119_125641_0.mcap
SKILL_014_20260114_092645,station_01_lab,SKILL_014,Fasten nuts onto bolts,E_MARTINEZ,2026-01-14T09:26:45Z,2026-01-14T09:37:55Z,669.50,4.89,PASS,TRUE,,/mnt/nurvai-data/01/batch_01/SKILL_014_20260114_092645/SKILL_014_20260114_092645_0.mcap
SKILL_014_20260116_112318,station_01_lab,SKILL_014,Fasten nuts onto bolts,E_MARTINEZ,2026-01-16T11:23:18Z,2026-01-16T11:28:30Z,311.84,5.46,WARNING_DRIFT,TRUE,,/mnt/nurvai-data/01/batch_01/SKILL_014_20260116_112318/SKILL_014_20260116_112318_0.mcap
SKILL_014_20260117_113846,station_01_lab,SKILL_014,Fasten nuts onto bolts,E_MARTINEZ,2026-01-17T11:38:46Z,2026-01-17T11:39:41Z,55.29,5.11,PASS,FALSE,TOO_SHORT (55.3s),/mnt/nurvai-data/01/batch_01/SKILL_014_20260117_113846/SKILL_014_20260117_113846_0.mcap
SKILL_014_20260117_113040,station_01_lab,SKILL_014,Fasten nuts onto bolts,E_MARTINEZ,2026-01-17T11:30:40Z,2026-01-17T11:38:31Z,470.09,3.76,PASS,TRUE,,/mnt/nurvai-data/01/batch_01/SKILL_014_20260117_113040/SKILL_014_20260117_113040_0.mcap
SKILL_014_20260119_090905,station_01_lab,SKILL_014,Fasten nuts onto bolts,E_MARTINEZ,2026-01-19T09:09:05Z,2026-01-19T09:11:12Z,127.84,4.96,WARNING_DRIFT,TRUE,,/mnt/nurvai-data/01/batch_01/SKILL_014_20260119_090905/SKILL_014_20260119_090905_0.mcap
SKILL_014_20260119_090628,station_01_lab,SKILL_014,Fasten nuts onto bolts,E_MARTINEZ,2026-01-19T09:06:28Z,2026-01-19T09:08:24Z,116.05,4.90,PASS,TRUE,,/mnt/nurvai-data/01/batch_01/SKILL_014_20260119_090628/SKILL_014_20260119_090628_0.mcap
SKILL_014_20260119_130621,station_01_lab,SKILL_014,Fasten nuts onto bolts,E_MARTINEZ,2026-01-19T13:06:21Z,2026-01-19T13:14:54Z,513.07,4.98,WARNING_DRIFT,TRUE,,/mnt/nurvai-data/01/batch_01/SKILL_014_20260119_130621/SKILL_014_20260119_130621_0.mcap
SKILL_014_20260119_091313,station_01_lab,SKILL_014,Fasten nuts onto bolts,E_MARTINEZ,2026-01-19T09:13:13Z,2026-01-19T09:24:21Z,668.40,5.05,WARNING_DRIFT,TRUE,,/mnt/nurvai-data/01/batch_01/SKILL_014_20260119_091313/SKILL_014_20260119_091313_0.mcap
SKILL_015_20260114_094010,station_01_lab,SKILL_015,Thread a needle,E_MARTINEZ,2026-01-14T09:40:10Z,2026-01-14T09:42:08Z,117.29,5.01,PASS,TRUE,,/mnt/nurvai-data/01/batch_01/SKILL_015_20260114_094010/SKILL_015_20260114_094010_0.mcap
SKILL_014_20260119_131629,station_01_lab,SKILL_014,Fasten nuts onto bolts,C_BECERRA,2026-01-19T13:16:29Z,2026-01-19T13:23:17Z,407.95,4.89,PASS,TRUE,,/mnt/nurvai-data/01/batch_01/SKILL_014_20260119_131629/SKILL_014_20260119_131629_0.mcap
SKILL_015_20260114_094317,station_01_lab,SKILL_015,Thread a needle,E_MARTINEZ,2026-01-14T09:43:17Z,2026-01-14T09:45:00Z,103.63,4.99,PASS,TRUE,,/mnt/nurvai-data/01/batch_01/SKILL_015_20260114_094317/SKILL_015_20260114_094317_0.mcap
SKILL_015_20260116_113221,station_01_lab,SKILL_015,Thread a needle,E_MARTINEZ,2026-01-16T11:32:21Z,2026-01-16T11:34:43Z,141.88,7.04,WARNING_DRIFT,TRUE,,/mnt/nurvai-data/01/batch_01/SKILL_015_20260116_113221/SKILL_015_20260116_113221_0.mcap
SKILL_015_20260116_113552,station_01_lab,SKILL_015,Thread a needle,E_MARTINEZ,2026-01-16T11:35:52Z,2026-01-16T11:37:36Z,103.53,7.33,WARNING_DRIFT,TRUE,,/mnt/nurvai-data/01/batch_01/SKILL_015_20260116_113552/SKILL_015_20260116_113552_0.mcap
SKILL_015_20260117_114240,station_01_lab,SKILL_015,Thread a needle,E_MARTINEZ,2026-01-17T11:42:40Z,2026-01-17T11:45:07Z,146.44,4.83,PASS,TRUE,,/mnt/nurvai-data/01/batch_01/SKILL_015_20260117_114240/SKILL_015_20260117_114240_0.mcap
SKILL_015_20260119_092816,station_01_lab,SKILL_015,Thread a needle,E_MARTINEZ,2026-01-19T09:28:16Z,2026-01-19T09:29:43Z,86.50,4.87,PASS,FALSE,TOO_SHORT (86.5s),/mnt/nurvai-data/01/batch_01/SKILL_015_20260119_092816/SKILL_015_20260119_092816_0.mcap
SKILL_015_20260117_114633,station_01_lab,SKILL_015,Thread a needle,E_MARTINEZ,2026-01-17T11:46:33Z,2026-01-17T11:48:38Z,125.06,4.83,PASS,TRUE,,/mnt/nurvai-data/01/batch_01/SKILL_015_20260117_114633/SKILL_015_20260117_114633_0.mcap
SKILL_015_20260119_093030,station_01_lab,SKILL_015,Thread a needle,E_MARTINEZ,2026-01-19T09:30:30Z,2026-01-19T09:31:21Z,50.65,4.85,PASS,FALSE,TOO_SHORT (50.7s),/mnt/nurvai-data/01/batch_01/SKILL_015_20260119_093030/SKILL_015_20260119_093030_0.mcap
SKILL_015_20260119_132602,station_01_lab,SKILL_015,Thread a needle,E_MARTINEZ,2026-01-19T13:26:02Z,2026-01-19T13:28:05Z,122.74,4.75,WARNING_DRIFT,TRUE,,/mnt/nurvai-data/01/batch_01/SKILL_015_20260119_132602/SKILL_015_20260119_132602_0.mcap
SKILL_015_20260119_132903,station_01_lab,SKILL_015,Thread a needle,E_MARTINEZ,2026-01-19T13:29:03Z,2026-01-19T13:30:42Z,99.14,4.39,WARNING_DRIFT,TRUE,,/mnt/nurvai-data/01/batch_01/SKILL_015_20260119_132903/SKILL_015_20260119_132903_0.mcap
SKILL_016_20260114_094808,station_01_lab,SKILL_016,Package a sewing set,E_MARTINEZ,2026-01-14T09:48:08Z,2026-01-14T09:52:22Z,254.03,3.43,PASS,TRUE,,/mnt/nurvai-data/01/batch_01/SKILL_016_20260114_094808/SKILL_016_20260114_094808_0.mcap
SKILL_016_20260113_144330,station_01_lab,SKILL_016,Package a sewing set,E_MARTINEZ,2026-01-13T14:43:30Z,2026-01-13T14:46:48Z,197.69,5.00,PASS,TRUE,,/mnt/nurvai-data/01/batch_01/SKILL_016_20260113_144330/SKILL_016_20260113_144330_0.mcap
SKILL_016_20260114_095346,station_01_lab,SKILL_016,Package a sewing set,E_MARTINEZ,2026-01-14T09:53:46Z,2026-01-14T09:56:24Z,158.27,4.94,PASS,TRUE,,/mnt/nurvai-data/01/batch_01/SKILL_016_20260114_095346/SKILL_016_20260114_095346_0.mcap
SKILL_016_20260116_114236,station_01_lab,SKILL_016,Package a sewing set,E_MARTINEZ,2026-01-16T11:42:36Z,2026-01-16T11:44:58Z,141.86,7.23,WARNING_DRIFT,TRUE,,/mnt/nurvai-data/01/batch_01/SKILL_016_20260116_114236/SKILL_016_20260116_114236_0.mcap
SKILL_016_20260116_113913,station_01_lab,SKILL_016,Package a sewing set,E_MARTINEZ,2026-01-16T11:39:13Z,2026-01-16T11:42:03Z,169.70,7.07,WARNING_DRIFT,TRUE,,/mnt/nurvai-data/01/batch_01/SKILL_016_20260116_113913/SKILL_016_20260116_113913_0.mcap
SKILL_016_20260116_114500,station_01_lab,SKILL_016,Package a sewing set,E_MARTINEZ,2026-01-16T11:45:00Z,2026-01-16T11:45:04Z,3.35,10.35,WARNING_DRIFT,FALSE,TOO_SHORT (3.3s),/mnt/nurvai-data/01/batch_01/SKILL_016_20260116_114500/SKILL_016_20260116_114500_0.mcap
SKILL_016_20260117_115012,station_01_lab,SKILL_016,Package a sewing set,E_MARTINEZ,2026-01-17T11:50:12Z,2026-01-17T11:51:03Z,51.34,4.88,PASS,FALSE,TOO_SHORT (51.3s),/mnt/nurvai-data/01/batch_01/SKILL_016_20260117_115012/SKILL_016_20260117_115012_0.mcap
SKILL_016_20260117_120224,station_01_lab,SKILL_016,Package a sewing set,E_MARTINEZ,2026-01-17T12:02:24Z,2026-01-17T12:03:47Z,83.10,4.72,PASS,FALSE,TOO_SHORT (83.1s),/mnt/nurvai-data/01/batch_01/SKILL_016_20260117_120224/SKILL_016_20260117_120224_0.mcap
SKILL_016_20260117_120412,station_01_lab,SKILL_016,Package a sewing set,E_MARTINEZ,2026-01-17T12:04:12Z,2026-01-17T12:05:01Z,49.03,4.77,PASS,FALSE,TOO_SHORT (49.0s),/mnt/nurvai-data/01/batch_01/SKILL_016_20260117_120412/SKILL_016_20260117_120412_0.mcap
SKILL_016_20260119_095156,station_01_lab,SKILL_016,Package a sewing set,E_MARTINEZ,2026-01-19T09:51:56Z,2026-01-19T09:53:05Z,69.04,4.78,PASS,FALSE,TOO_SHORT (69.0s),/mnt/nurvai-data/01/batch_01/SKILL_016_20260119_095156/SKILL_016_20260119_095156_0.mcap
SKILL_016_20260119_133146,station_01_lab,SKILL_016,Package a sewing set,C_BECERRA,2026-01-19T13:31:46Z,2026-01-19T13:34:16Z,149.22,4.64,PASS,TRUE,,/mnt/nurvai-data/01/batch_01/SKILL_016_20260119_133146/SKILL_016_20260119_133146_0.mcap
SKILL_016_20260119_095338,station_01_lab,SKILL_016,Package a sewing set,E_MARTINEZ,2026-01-19T09:53:38Z,2026-01-19T09:54:44Z,66.35,4.81,WARNING_DRIFT,FALSE,TOO_SHORT (66.4s),/mnt/nurvai-data/01/batch_01/SKILL_016_20260119_095338/SKILL_016_20260119_095338_0.mcap
SKILL_016_20260119_133451,station_01_lab,SKILL_016,Package a sewing set,C_BECERRA,2026-01-19T13:34:51Z,2026-01-19T13:36:50Z,118.52,4.76,PASS,TRUE,,/mnt/nurvai-data/01/batch_01/SKILL_016_20260119_133451/SKILL_016_20260119_133451_0.mcap
SKILL_017_20260114_095943,station_01_lab,SKILL_017,Put pasta in ziploc bags,E_MARTINEZ,2026-01-14T09:59:43Z,2026-01-14T10:11:07Z,684.09,5.07,PASS,TRUE,,/mnt/nurvai-data/01/batch_01/SKILL_017_20260114_095943/SKILL_017_20260114_095943_0.mcap
SKILL_017_20260116_115204,station_01_lab,SKILL_017,Put pasta in ziploc bags,E_MARTINEZ,2026-01-16T11:52:04Z,2026-01-16T12:00:50Z,526.63,5.80,PASS,TRUE,,/mnt/nurvai-data/01/batch_01/SKILL_017_20260116_115204/SKILL_017_20260116_115204_0.mcap
SKILL_017_20260117_120554,station_01_lab,SKILL_017,Put pasta in ziploc bags,E_MARTINEZ,2026-01-17T12:05:54Z,2026-01-17T12:12:43Z,409.10,4.94,WARNING_DRIFT,TRUE,,/mnt/nurvai-data/01/batch_01/SKILL_017_20260117_120554/SKILL_017_20260117_120554_0.mcap
SKILL_017_20260119_095553,station_01_lab,SKILL_017,Put pasta in ziploc bags,E_MARTINEZ,2026-01-19T09:55:53Z,2026-01-19T10:03:39Z,465.50,5.07,PASS,TRUE,,/mnt/nurvai-data/01/batch_01/SKILL_017_20260119_095553/SKILL_017_20260119_095553_0.mcap
SKILL_017_20260119_133814,station_01_lab,SKILL_017,Put pasta in ziploc bags,E_MARTINEZ,2026-01-19T13:38:14Z,2026-01-19T13:43:11Z,296.91,4.74,WARNING_DRIFT,TRUE,,/mnt/nurvai-data/01/batch_01/SKILL_017_20260119_133814/SKILL_017_20260119_133814_0.mcap
SKILL_017_20260119_134417,station_01_lab,SKILL_017,Put pasta in ziploc bags,C_BECERRA,2026-01-19T13:44:17Z,2026-01-19T13:49:41Z,323.72,5.25,PASS,TRUE,,/mnt/nurvai-data/01/batch_01/SKILL_017_20260119_134417/SKILL_017_20260119_134417_0.mcap
SKILL_018_20260114_102004,station_01_lab,SKILL_018,Close bags with twist ties,E_MARTINEZ,2026-01-14T10:20:04Z,2026-01-14T10:32:49Z,764.90,5.21,PASS,TRUE,,/mnt/nurvai-data/01/batch_01/SKILL_018_20260114_102004/SKILL_018_20260114_102004_0.mcap
SKILL_018_20260117_121459,station_01_lab,SKILL_018,Close bags with twist ties,E_MARTINEZ,2026-01-17T12:14:59Z,2026-01-17T12:19:47Z,288.02,4.75,PASS,TRUE,,/mnt/nurvai-data/01/batch_01/SKILL_018_20260117_121459/SKILL_018_20260117_121459_0.mcap
SKILL_018_20260117_122741,station_01_lab,SKILL_018,Close bags with twist ties,E_MARTINEZ,2026-01-17T12:27:41Z,2026-01-17T12:32:05Z,263.95,4.96,PASS,TRUE,,/mnt/nurvai-data/01/batch_01/SKILL_018_20260117_122741/SKILL_018_20260117_122741_0.mcap
SKILL_018_20260119_101126,station_01_lab,SKILL_018,Close bags with twist ties,E_MARTINEZ,2026-01-19T10:11:26Z,2026-01-19T10:16:53Z,327.00,4.72,PASS,TRUE,,/mnt/nurvai-data/01/batch_01/SKILL_018_20260119_101126/SKILL_018_20260119_101126_0.mcap
SKILL_018_20260119_140044,station_01_lab,SKILL_018,Close bags with twist ties,C_BECERRA,2026-01-19T14:00:44Z,2026-01-19T14:06:00Z,315.98,4.56,PASS,TRUE,,/mnt/nurvai-data/01/batch_01/SKILL_018_20260119_140044/SKILL_018_20260119_140044_0.mcap
SKILL_018_20260119_135351,station_01_lab,SKILL_018,Close bags with twist ties,E_MARTINEZ,2026-01-19T13:53:51Z,2026-01-19T13:59:53Z,361.70,4.74,WARNING_DRIFT,TRUE,,/mnt/nurvai-data/01/batch_01/SKILL_018_20260119_135351/SKILL_018_20260119_135351_0.mcap
SKILL_019_20260114_104549,station_01_lab,SKILL_019,Put pasta in plastic containers,E_MARTINEZ,2026-01-14T10:45:49Z,2026-01-14T10:48:53Z,184.33,5.00,PASS,TRUE,,/mnt/nurvai-data/01/batch_01/SKILL_019_20260114_104549/SKILL_019_20260114_104549_0.mcap
SKILL_019_20260114_103649,station_01_lab,SKILL_019,Put pasta in plastic containers,E_MARTINEZ,2026-01-14T10:36:49Z,2026-01-14T10:43:49Z,419.13,5.18,PASS,TRUE,,/mnt/nurvai-data/01/batch_01/SKILL_019_20260114_103649/SKILL_019_20260114_103649_0.mcap
SKILL_019_20260114_105521,station_01_lab,SKILL_019,Put pasta in plastic containers,E_MARTINEZ,2026-01-14T10:55:21Z,2026-01-14T10:57:31Z,129.26,4.81,PASS,TRUE,,/mnt/nurvai-data/01/batch_01/SKILL_019_20260114_105521/SKILL_019_20260114_105521_0.mcap
SKILL_019_20260119_140752,station_01_lab,SKILL_019,Put pasta in plastic containers,E_MARTINEZ,2026-01-19T14:07:52Z,2026-01-19T14:11:19Z,207.87,4.95,WARNING_DRIFT,TRUE,,/mnt/nurvai-data/01/batch_01/SKILL_019_20260119_140752/SKILL_019_20260119_140752_0.mcap
SKILL_019_20260119_141212,station_01_lab,SKILL_019,Put pasta in plastic containers,C_BECERRA,2026-01-19T14:12:12Z,2026-01-19T14:15:39Z,207.20,5.01,PASS,TRUE,,/mnt/nurvai-data/01/batch_01/SKILL_019_20260119_141212/SKILL_019_20260119_141212_0.mcap
SKILL_020_20260117_123502,station_01_lab,SKILL_020,Open locks with their keys,E_MARTINEZ,2026-01-17T12:35:02Z,2026-01-17T12:36:06Z,63.99,5.01,PASS,FALSE,TOO_SHORT (64.0s),/mnt/nurvai-data/01/batch_01/SKILL_020_20260117_123502/SKILL_020_20260117_123502_0.mcap
SKILL_020_20260119_102432,station_01_lab,SKILL_020,Open locks with their keys,E_MARTINEZ,2026-01-19T10:24:32Z,2026-01-19T10:26:41Z,129.09,3.71,PASS,TRUE,,/mnt/nurvai-data/01/batch_01/SKILL_020_20260119_102432/SKILL_020_20260119_102432_0.mcap
SKILL_020_20260119_102742,station_01_lab,SKILL_020,Open locks with their keys,E_MARTINEZ,2026-01-19T10:27:42Z,2026-01-19T10:30:02Z,139.33,4.91,WARNING_DRIFT,TRUE,,/mnt/nurvai-data/01/batch_01/SKILL_020_20260119_102742/SKILL_020_20260119_102742_0.mcap
SKILL_020_20260119_141855,station_01_lab,SKILL_020,Open locks with their keys,E_MARTINEZ,2026-01-19T14:18:55Z,2026-01-19T14:21:02Z,126.45,4.69,WARNING_DRIFT,TRUE,,/mnt/nurvai-data/01/batch_01/SKILL_020_20260119_141855/SKILL_020_20260119_141855_0.mcap
SKILL_020_20260119_142130,station_01_lab,SKILL_020,Open locks with their keys,E_MARTINEZ,2026-01-19T14:21:30Z,2026-01-19T14:21:31Z,1.53,5.27,PASS,FALSE,TOO_SHORT (1.5s),/mnt/nurvai-data/01/batch_01/SKILL_020_20260119_142130/SKILL_020_20260119_142130_0.mcap
SKILL_020_20260119_142236,station_01_lab,SKILL_020,Open locks with their keys,C_BECERRA,2026-01-19T14:22:36Z,2026-01-19T14:24:21Z,104.67,4.43,PASS,TRUE,,/mnt/nurvai-data/01/batch_01/SKILL_020_20260119_142236/SKILL_020_20260119_142236_0.mcap
SKILL_020_20260119_142506,station_01_lab,SKILL_020,Open locks with their keys,C_BECERRA,2026-01-19T14:25:06Z,2026-01-19T14:26:17Z,71.06,4.66,PASS,FALSE,TOO_SHORT (71.1s),/mnt/nurvai-data/01/batch_01/SKILL_020_20260119_142506/SKILL_020_20260119_142506_0.mcap
SKILL_001_20260131_081147,station_01_lab,SKILL_001,Organize beads per color,C_BECERRA,2026-01-31T08:11:47Z,2026-01-31T08:12:42Z,55.28,34.02,PASS,FALSE,TOO_SHORT (55.3s),/mnt/nurvai-data/01/batch_02/SKILL_001_20260131_081147/SKILL_001_20260131_081147_0.mcap
SKILL_001_20260130_112414,station_01_lab,SKILL_001,Organize beads per color,D_VARGAS,2026-01-30T11:24:14Z,2026-01-30T11:29:10Z,295.85,5.30,PASS,TRUE,,/mnt/nurvai-data/01/batch_02/SKILL_001_20260130_112414/SKILL_001_20260130_112414_0.mcap
SKILL_001_20260203_085958,station_01_lab,SKILL_001,Organize beads per color,E_MARTINEZ,2026-02-03T08:59:58Z,2026-02-03T09:00:57Z,59.02,34.68,PASS,FALSE,TOO_SHORT (59.0s),/mnt/nurvai-data/01/batch_02/SKILL_001_20260203_085958/SKILL_001_20260203_085958_0.mcap
SKILL_001_20260203_091044,station_01_lab,SKILL_001,Organize beads per color,E_MARTINEZ,2026-02-03T09:10:44Z,2026-02-03T09:18:01Z,437.00,36.63,WARNING_DRIFT,TRUE,,/mnt/nurvai-data/01/batch_02/SKILL_001_20260203_091044/SKILL_001_20260203_091044_0.mcap
SKILL_001_20260203_124448,station_01_lab,SKILL_001,Organize beads per color,C_BECERRA,2026-02-03T12:44:48Z,2026-02-03T12:53:16Z,507.89,35.14,PASS,TRUE,,/mnt/nurvai-data/01/batch_02/SKILL_001_20260203_124448/SKILL_001_20260203_124448_0.mcap
SKILL_001_20260203_130411,station_01_lab,SKILL_001,Organize beads per color,N_MORA,2026-02-03T13:04:11Z,2026-02-03T13:12:58Z,526.21,36.75,PASS,TRUE,,/mnt/nurvai-data/01/batch_02/SKILL_001_20260203_130411/SKILL_001_20260203_130411_0.mcap
SKILL_001_20260203_132218,station_01_lab,SKILL_001,Organize beads per color,N_MORA,2026-02-03T13:22:18Z,2026-02-03T13:29:22Z,423.89,37.65,PASS,TRUE,,/mnt/nurvai-data/01/batch_02/SKILL_001_20260203_132218/SKILL_001_20260203_132218_0.mcap
SKILL_001_20260203_141702,station_01_lab,SKILL_001,Organize beads per color,N_MORA,2026-02-03T14:17:02Z,2026-02-03T14:23:32Z,389.62,39.80,PASS,TRUE,,/mnt/nurvai-data/01/batch_02/SKILL_001_20260203_141702/SKILL_001_20260203_141702_0.mcap
SKILL_002_20260203_140941,station_01_lab,SKILL_002,Organize beads per character,N_MORA,2026-02-03T14:09:41Z,2026-02-03T14:13:29Z,228.21,40.12,PASS,TRUE,,/mnt/nurvai-data/01/batch_02/SKILL_002_20260203_140941/SKILL_002_20260203_140941_0.mcap
SKILL_003_20260130_121402,station_01_lab,SKILL_003,Organize screwdriver bits,D_VARGAS,2026-01-30T12:14:02Z,2026-01-30T12:18:36Z,273.55,35.52,PASS,TRUE,,/mnt/nurvai-data/01/batch_02/SKILL_003_20260130_121402/SKILL_003_20260130_121402_0.mcap
SKILL_003_20260130_120742,station_01_lab,SKILL_003,Organize screwdriver bits,D_VARGAS,2026-01-30T12:07:42Z,2026-01-30T12:13:08Z,326.56,34.28,PASS,TRUE,,/mnt/nurvai-data/01/batch_02/SKILL_003_20260130_120742/SKILL_003_20260130_120742_0.mcap
SKILL_003_20260203_121801,station_01_lab,SKILL_003,Organize screwdriver bits,C_BECERRA,2026-02-03T12:18:01Z,2026-02-03T12:21:47Z,225.45,37.06,PASS,TRUE,,/mnt/nurvai-data/01/batch_02/SKILL_003_20260203_121801/SKILL_003_20260203_121801_0.mcap
SKILL_003_20260203_122326,station_01_lab,SKILL_003,Organize screwdriver bits,C_BECERRA,2026-02-03T12:23:26Z,2026-02-03T12:27:04Z,218.76,36.84,PASS,TRUE,,/mnt/nurvai-data/01/batch_02/SKILL_003_20260203_122326/SKILL_003_20260203_122326_0.mcap
SKILL_003_20260203_122825,station_01_lab,SKILL_003,Organize screwdriver bits,C_BECERRA,2026-02-03T12:28:25Z,2026-02-03T12:32:07Z,222.33,36.58,PASS,TRUE,,/mnt/nurvai-data/01/batch_02/SKILL_003_20260203_122825/SKILL_003_20260203_122825_0.mcap
SKILL_004_20260203_084957,station_01_lab,SKILL_004,Set Screwdriver package,E_MARTINEZ,2026-02-03T08:49:57Z,2026-02-03T08:50:04Z,7.13,37.51,PASS,FALSE,TOO_SHORT (7.1s),/mnt/nurvai-data/01/batch_02/SKILL_004_20260203_084957/SKILL_004_20260203_084957_0.mcap
SKILL_004_20260203_084815,station_01_lab,SKILL_004,Set Screwdriver package,E_MARTINEZ,2026-02-03T08:48:15Z,2026-02-03T08:49:55Z,99.75,39.49,PASS,TRUE,,/mnt/nurvai-data/01/batch_02/SKILL_004_20260203_084815/SKILL_004_20260203_084815_0.mcap
SKILL_004_20260203_085303,station_01_lab,SKILL_004,Set Screwdriver package,E_MARTINEZ,2026-02-03T08:53:03Z,2026-02-03T08:54:02Z,58.97,38.55,PASS,FALSE,TOO_SHORT (59.0s),/mnt/nurvai-data/01/batch_02/SKILL_004_20260203_085303/SKILL_004_20260203_085303_0.mcap
SKILL_004_20260203_103758,station_01_lab,SKILL_004,Set Screwdriver package,C_BECERRA,2026-02-03T10:37:58Z,2026-02-03T10:39:44Z,105.95,39.85,PASS,TRUE,,/mnt/nurvai-data/01/batch_02/SKILL_004_20260203_103758/SKILL_004_20260203_103758_0.mcap
SKILL_004_20260203_104040,station_01_lab,SKILL_004,Set Screwdriver package,C_BECERRA,2026-02-03T10:40:40Z,2026-02-03T10:42:13Z,92.54,39.63,PASS,TRUE,,/mnt/nurvai-data/01/batch_02/SKILL_004_20260203_104040/SKILL_004_20260203_104040_0.mcap
SKILL_004_20260203_104252,station_01_lab,SKILL_004,Set Screwdriver package,C_BECERRA,2026-02-03T10:42:52Z,2026-02-03T10:44:20Z,88.46,39.45,PASS,FALSE,TOO_SHORT (88.5s),/mnt/nurvai-data/01/batch_02/SKILL_004_20260203_104252/SKILL_004_20260203_104252_0.mcap
SKILL_004_20260203_104652,station_01_lab,SKILL_004,Set Screwdriver package,C_BECERRA,2026-02-03T10:46:52Z,2026-02-03T10:47:00Z,7.64,38.94,PASS,FALSE,TOO_SHORT (7.6s),/mnt/nurvai-data/01/batch_02/SKILL_004_20260203_104652/SKILL_004_20260203_104652_0.mcap
SKILL_004_20260203_134807,station_01_lab,SKILL_004,Set Screwdriver package,N_MORA,2026-02-03T13:48:07Z,2026-02-03T13:49:20Z,73.22,38.46,PASS,FALSE,TOO_SHORT (73.2s),/mnt/nurvai-data/01/batch_02/SKILL_004_20260203_134807/SKILL_004_20260203_134807_0.mcap
SKILL_004_20260203_134412,station_01_lab,SKILL_004,Set Screwdriver package,N_MORA,2026-02-03T13:44:12Z,2026-02-03T13:45:57Z,104.82,39.32,PASS,TRUE,,/mnt/nurvai-data/01/batch_02/SKILL_004_20260203_134412/SKILL_004_20260203_134412_0.mcap
SKILL_004_20260203_134938,station_01_lab,SKILL_004,Set Screwdriver package,N_MORA,2026-02-03T13:49:38Z,2026-02-03T13:50:35Z,57.04,38.79,PASS,FALSE,TOO_SHORT (57.0s),/mnt/nurvai-data/01/batch_02/SKILL_004_20260203_134938/SKILL_004_20260203_134938_0.mcap
SKILL_005_20260131_080305,station_01_lab,SKILL_005,Insert allen keys in package,C_BECERRA,2026-01-31T08:03:05Z,2026-01-31T08:04:58Z,113.41,30.41,PASS,TRUE,,/mnt/nurvai-data/01/batch_02/SKILL_005_20260131_080305/SKILL_005_20260131_080305_0.mcap
SKILL_005_20260131_080708,station_01_lab,SKILL_005,Insert allen keys in package,C_BECERRA,2026-01-31T08:07:08Z,2026-01-31T08:08:43Z,95.33,34.76,PASS,TRUE,,/mnt/nurvai-data/01/batch_02/SKILL_005_20260131_080708/SKILL_005_20260131_080708_0.mcap
SKILL_005_20260131_080904,station_01_lab,SKILL_005,Insert allen keys in package,C_BECERRA,2026-01-31T08:09:04Z,2026-01-31T08:10:29Z,85.11,35.02,PASS,FALSE,TOO_SHORT (85.1s),/mnt/nurvai-data/01/batch_02/SKILL_005_20260131_080904/SKILL_005_20260131_080904_0.mcap
SKILL_005_20260203_091917,station_01_lab,SKILL_005,Insert allen keys in package,E_MARTINEZ,2026-02-03T09:19:17Z,2026-02-03T09:20:34Z,76.65,36.06,PASS,FALSE,TOO_SHORT (76.6s),/mnt/nurvai-data/01/batch_02/SKILL_005_20260203_091917/SKILL_005_20260203_091917_0.mcap
SKILL_005_20260203_092044,station_01_lab,SKILL_005,Insert allen keys in package,E_MARTINEZ,2026-02-03T09:20:44Z,2026-02-03T09:22:01Z,77.23,36.21,PASS,FALSE,TOO_SHORT (77.2s),/mnt/nurvai-data/01/batch_02/SKILL_005_20260203_092044/SKILL_005_20260203_092044_0.mcap
SKILL_005_20260203_092223,station_01_lab,SKILL_005,Insert allen keys in package,E_MARTINEZ,2026-02-03T09:22:23Z,2026-02-03T09:23:33Z,69.82,36.40,PASS,FALSE,TOO_SHORT (69.8s),/mnt/nurvai-data/01/batch_02/SKILL_005_20260203_092223/SKILL_005_20260203_092223_0.mcap
SKILL_005_20260203_110329,station_01_lab,SKILL_005,Insert allen keys in package,C_BECERRA,2026-02-03T11:03:29Z,2026-02-03T11:08:27Z,297.42,39.91,PASS,TRUE,,/mnt/nurvai-data/01/batch_02/SKILL_005_20260203_110329/SKILL_005_20260203_110329_0.mcap
SKILL_005_20260203_110905,station_01_lab,SKILL_005,Insert allen keys in package,C_BECERRA,2026-02-03T11:09:05Z,2026-02-03T11:14:11Z,306.24,39.61,PASS,TRUE,,/mnt/nurvai-data/01/batch_02/SKILL_005_20260203_110905/SKILL_005_20260203_110905_0.mcap
SKILL_005_20260203_111452,station_01_lab,SKILL_005,Insert allen keys in package,C_BECERRA,2026-02-03T11:14:52Z,2026-02-03T11:19:37Z,284.22,39.97,PASS,TRUE,,/mnt/nurvai-data/01/batch_02/SKILL_005_20260203_111452/SKILL_005_20260203_111452_0.mcap
SKILL_005_20260203_112030,station_01_lab,SKILL_005,Insert allen keys in package,C_BECERRA,2026-02-03T11:20:30Z,2026-02-03T11:25:03Z,272.93,38.96,PASS,TRUE,,/mnt/nurvai-data/01/batch_02/SKILL_005_20260203_112030/SKILL_005_20260203_112030_0.mcap
SKILL_009_20260203_123451,station_01_lab,SKILL_009,Package Cotton set,C_BECERRA,2026-02-03T12:34:51Z,2026-02-03T12:43:53Z,541.90,35.65,PASS,TRUE,,/mnt/nurvai-data/01/batch_02/SKILL_009_20260203_123451/SKILL_009_20260203_123451_0.mcap
SKILL_009_20260203_135130,station_01_lab,SKILL_009,Package Cotton set,N_MORA,2026-02-03T13:51:30Z,2026-02-03T13:55:46Z,256.78,39.30,PASS,TRUE,,/mnt/nurvai-data/01/batch_02/SKILL_009_20260203_135130/SKILL_009_20260203_135130_0.mcap
SKILL_012_20260203_104732,station_01_lab,SKILL_012,Put pasta in jars,C_BECERRA,2026-02-03T10:47:32Z,2026-02-03T10:51:21Z,229.38,37.84,PASS,TRUE,,/mnt/nurvai-data/01/batch_02/SKILL_012_20260203_104732/SKILL_012_20260203_104732_0.mcap
SKILL_009_20260203_140140,station_01_lab,SKILL_009,Package Cotton set,N_MORA,2026-02-03T14:01:40Z,2026-02-03T14:07:23Z,343.36,38.98,PASS,TRUE,,/mnt/nurvai-data/01/batch_02/SKILL_009_20260203_140140/SKILL_009_20260203_140140_0.mcap
SKILL_012_20260203_105234,station_01_lab,SKILL_012,Put pasta in jars,C_BECERRA,2026-02-03T10:52:34Z,2026-02-03T10:56:36Z,242.90,38.07,PASS,TRUE,,/mnt/nurvai-data/01/batch_02/SKILL_012_20260203_105234/SKILL_012_20260203_105234_0.mcap
SKILL_012_20260203_105724,station_01_lab,SKILL_012,Put pasta in jars,C_BECERRA,2026-02-03T10:57:24Z,2026-02-03T11:00:33Z,188.75,38.94,PASS,TRUE,,/mnt/nurvai-data/01/batch_02/SKILL_012_20260203_105724/SKILL_012_20260203_105724_0.mcap
SKILL_012_20260203_133102,station_01_lab,SKILL_012,Put pasta in jars,N_MORA,2026-02-03T13:31:02Z,2026-02-03T13:33:15Z,133.01,38.81,PASS,TRUE,,/mnt/nurvai-data/01/batch_02/SKILL_012_20260203_133102/SKILL_012_20260203_133102_0.mcap
SKILL_012_20260203_133415,station_01_lab,SKILL_012,Put pasta in jars,N_MORA,2026-02-03T13:34:15Z,2026-02-03T13:36:54Z,159.16,39.54,PASS,TRUE,,/mnt/nurvai-data/01/batch_02/SKILL_012_20260203_133415/SKILL_012_20260203_133415_0.mcap
SKILL_012_20260203_133751,station_01_lab,SKILL_012,Put pasta in jars,N_MORA,2026-02-03T13:37:51Z,2026-02-03T13:40:08Z,137.42,39.09,PASS,TRUE,,/mnt/nurvai-data/01/batch_02/SKILL_012_20260203_133751/SKILL_012_20260203_133751_0.mcap
SKILL_013_20260203_092512,station_01_lab,SKILL_013,Set up a hand lamp,E_MARTINEZ,2026-02-03T09:25:12Z,2026-02-03T09:27:23Z,131.33,36.40,PASS,TRUE,,/mnt/nurvai-data/01/batch_02/SKILL_013_20260203_092512/SKILL_013_20260203_092512_0.mcap
SKILL_013_20260203_093746,station_01_lab,SKILL_013,Set up a hand lamp,E_MARTINEZ,2026-02-03T09:37:46Z,2026-02-03T09:40:19Z,152.79,36.99,PASS,TRUE,,/mnt/nurvai-data/01/batch_02/SKILL_013_20260203_093746/SKILL_013_20260203_093746_0.mcap
SKILL_013_20260203_094119,station_01_lab,SKILL_013,Set up a hand lamp,E_MARTINEZ,2026-02-03T09:41:19Z,2026-02-03T09:43:19Z,120.21,37.00,PASS,TRUE,,/mnt/nurvai-data/01/batch_02/SKILL_013_20260203_094119/SKILL_013_20260203_094119_0.mcap
SKILL_013_20260203_101510,station_01_lab,SKILL_013,Set up a hand lamp,C_BECERRA,2026-02-03T10:15:10Z,2026-02-03T10:16:33Z,82.48,38.62,PASS,FALSE,TOO_SHORT (82.5s),/mnt/nurvai-data/01/batch_02/SKILL_013_20260203_101510/SKILL_013_20260203_101510_0.mcap
SKILL_001_20260204_083848,station_01_lab,SKILL_001,Organize beads per color,E_MARTINEZ,2026-02-04T08:38:48Z,2026-02-04T08:45:34Z,405.24,36.10,PASS,TRUE,,/mnt/nurvai-data/01/batch_03/SKILL_001_20260204_083848/SKILL_001_20260204_083848_0.mcap
SKILL_001_20260204_071136,station_01_lab,SKILL_001,Organize beads per color,E_MARTINEZ,2026-02-04T07:11:36Z,2026-02-04T07:18:51Z,434.95,33.59,PASS,TRUE,,/mnt/nurvai-data/01/batch_03/SKILL_001_20260204_071136/SKILL_001_20260204_071136_0.mcap
SKILL_003_20260204_072129,station_01_lab,SKILL_003,Organize screwdriver bits,E_MARTINEZ,2026-02-04T07:21:29Z,2026-02-04T07:25:56Z,267.31,36.91,PASS,TRUE,,/mnt/nurvai-data/01/batch_03/SKILL_003_20260204_072129/SKILL_003_20260204_072129_0.mcap
SKILL_001_20260204_091911,station_01_lab,SKILL_001,Organize beads per color,C_BECERRA,2026-02-04T09:19:11Z,2026-02-04T09:27:40Z,508.17,34.48,PASS,TRUE,,/mnt/nurvai-data/01/batch_03/SKILL_001_20260204_091911/SKILL_001_20260204_091911_0.mcap
SKILL_003_20260204_072706,station_01_lab,SKILL_003,Organize screwdriver bits,E_MARTINEZ,2026-02-04T07:27:06Z,2026-02-04T07:31:42Z,276.26,37.05,PASS,TRUE,,/mnt/nurvai-data/01/batch_03/SKILL_003_20260204_072706/SKILL_003_20260204_072706_0.mcap
SKILL_003_20260204_084756,station_01_lab,SKILL_003,Organize screwdriver bits,E_MARTINEZ,2026-02-04T08:47:56Z,2026-02-04T08:52:18Z,262.15,35.91,PASS,TRUE,,/mnt/nurvai-data/01/batch_03/SKILL_003_20260204_084756/SKILL_003_20260204_084756_0.mcap
SKILL_003_20260204_085315,station_01_lab,SKILL_003,Organize screwdriver bits,E_MARTINEZ,2026-02-04T08:53:15Z,2026-02-04T08:57:10Z,235.72,35.78,PASS,TRUE,,/mnt/nurvai-data/01/batch_03/SKILL_003_20260204_085315/SKILL_003_20260204_085315_0.mcap
SKILL_004_20260204_073328,station_01_lab,SKILL_004,Set Screwdriver package,E_MARTINEZ,2026-02-04T07:33:28Z,2026-02-04T07:34:49Z,80.89,37.27,PASS,FALSE,TOO_SHORT (80.9s),/mnt/nurvai-data/01/batch_03/SKILL_004_20260204_073328/SKILL_004_20260204_073328_0.mcap
SKILL_004_20260204_073707,station_01_lab,SKILL_004,Set Screwdriver package,E_MARTINEZ,2026-02-04T07:37:07Z,2026-02-04T07:38:25Z,77.22,36.96,PASS,FALSE,TOO_SHORT (77.2s),/mnt/nurvai-data/01/batch_03/SKILL_004_20260204_073707/SKILL_004_20260204_073707_0.mcap
SKILL_004_20260204_073842,station_01_lab,SKILL_004,Set Screwdriver package,E_MARTINEZ,2026-02-04T07:38:42Z,2026-02-04T07:39:33Z,50.79,36.79,PASS,FALSE,TOO_SHORT (50.8s),/mnt/nurvai-data/01/batch_03/SKILL_004_20260204_073842/SKILL_004_20260204_073842_0.mcap
SKILL_004_20260204_074339,station_01_lab,SKILL_004,Set Screwdriver package,E_MARTINEZ,2026-02-04T07:43:39Z,2026-02-04T07:44:54Z,75.51,36.79,PASS,FALSE,TOO_SHORT (75.5s),/mnt/nurvai-data/01/batch_03/SKILL_004_20260204_074339/SKILL_004_20260204_074339_0.mcap
SKILL_009_20260204_074941,station_01_lab,SKILL_009,Package Cotton set,E_MARTINEZ,2026-02-04T07:49:41Z,2026-02-04T07:55:48Z,366.80,34.97,PASS,TRUE,,/mnt/nurvai-data/01/batch_03/SKILL_009_20260204_074941/SKILL_009_20260204_074941_0.mcap
SKILL_009_20260204_075623,station_01_lab,SKILL_009,Package Cotton set,E_MARTINEZ,2026-02-04T07:56:23Z,2026-02-04T07:59:03Z,159.93,35.08,PASS,TRUE,,/mnt/nurvai-data/01/batch_03/SKILL_009_20260204_075623/SKILL_009_20260204_075623_0.mcap
SKILL_009_20260204_105244,station_01_lab,SKILL_009,Package Cotton set,C_BECERRA,2026-02-04T10:52:44Z,2026-02-04T11:02:01Z,557.70,34.34,PASS,TRUE,,/mnt/nurvai-data/01/batch_03/SKILL_009_20260204_105244/SKILL_009_20260204_105244_0.mcap
SKILL_012_20260204_080557,station_01_lab,SKILL_012,Put pasta in jars,E_MARTINEZ,2026-02-04T08:05:57Z,2026-02-04T08:08:50Z,173.23,35.41,PASS,TRUE,,/mnt/nurvai-data/01/batch_03/SKILL_012_20260204_080557/SKILL_012_20260204_080557_0.mcap
SKILL_012_20260204_081105,station_01_lab,SKILL_012,Put pasta in jars,E_MARTINEZ,2026-02-04T08:11:06Z,2026-02-04T08:13:54Z,168.45,37.17,PASS,TRUE,,/mnt/nurvai-data/01/batch_03/SKILL_012_20260204_081105/SKILL_012_20260204_081105_0.mcap
SKILL_012_20260204_081431,station_01_lab,SKILL_012,Put pasta in jars,E_MARTINEZ,2026-02-04T08:14:31Z,2026-02-04T08:16:57Z,146.31,36.91,PASS,TRUE,,/mnt/nurvai-data/01/batch_03/SKILL_012_20260204_081431/SKILL_012_20260204_081431_0.mcap
SKILL_012_20260204_081750,station_01_lab,SKILL_012,Put pasta in jars,E_MARTINEZ,2026-02-04T08:17:50Z,2026-02-04T08:21:07Z,197.20,37.00,PASS,TRUE,,/mnt/nurvai-data/01/batch_03/SKILL_012_20260204_081750/SKILL_012_20260204_081750_0.mcap
SKILL_012_20260204_090738,station_01_lab,SKILL_012,Put pasta in jars,C_BECERRA,2026-02-04T09:07:38Z,2026-02-04T09:10:37Z,179.67,36.46,PASS,TRUE,,/mnt/nurvai-data/01/batch_03/SKILL_012_20260204_090738/SKILL_012_20260204_090738_0.mcap
SKILL_012_20260204_091131,station_01_lab,SKILL_012,Put pasta in jars,C_BECERRA,2026-02-04T09:11:31Z,2026-02-04T09:14:15Z,163.36,36.58,PASS,TRUE,,/mnt/nurvai-data/01/batch_03/SKILL_012_20260204_091131/SKILL_012_20260204_091131_0.mcap
SKILL_012_20260204_091504,station_01_lab,SKILL_012,Put pasta in jars,C_BECERRA,2026-02-04T09:15:04Z,2026-02-04T09:18:01Z,177.24,36.59,PASS,TRUE,,/mnt/nurvai-data/01/batch_03/SKILL_012_20260204_091504/SKILL_012_20260204_091504_0.mcap
SKILL_013_20260204_111601,station_01_lab,SKILL_013,Set up a hand lamp,C_BECERRA,2026-02-04T11:16:01Z,2026-02-04T11:16:04Z,3.27,36.54,PASS,FALSE,TOO_SHORT (3.3s),/mnt/nurvai-data/01/batch_03/SKILL_013_20260204_111601/SKILL_013_20260204_111601_0.mcap
SKILL_013_20260204_111242,station_01_lab,SKILL_013,Set up a hand lamp,C_BECERRA,2026-02-04T11:12:42Z,2026-02-04T11:15:55Z,193.00,32.93,WARNING_DRIFT,TRUE,,/mnt/nurvai-data/01/batch_03/SKILL_013_20260204_111242/SKILL_013_20260204_111242_0.mcap
SKILL_013_20260204_111834,station_01_lab,SKILL_013,Set up a hand lamp,C_BECERRA,2026-02-04T11:18:35Z,2026-02-04T11:21:57Z,202.57,36.89,PASS,TRUE,,/mnt/nurvai-data/01/batch_03/SKILL_013_20260204_111834/SKILL_013_20260204_111834_0.mcap
SKILL_013_20260204_112448,station_01_lab,SKILL_013,Set up a hand lamp,C_BECERRA,2026-02-04T11:24:48Z,2026-02-04T11:26:36Z,107.85,36.98,PASS,TRUE,,/mnt/nurvai-data/01/batch_03/SKILL_013_20260204_112448/SKILL_013_20260204_112448_0.mcap
SKILL_013_20260204_120812,station_01_lab,SKILL_013,Set up a hand lamp,N_MORA,2026-02-04T12:08:13Z,2026-02-04T12:10:59Z,166.00,36.77,PASS,TRUE,,/mnt/nurvai-data/01/batch_03/SKILL_013_20260204_120812/SKILL_013_20260204_120812_0.mcap
SKILL_013_20260204_121218,station_01_lab,SKILL_013,Set up a hand lamp,N_MORA,2026-02-04T12:12:18Z,2026-02-04T12:14:00Z,101.51,36.89,PASS,TRUE,,/mnt/nurvai-data/01/batch_03/SKILL_013_20260204_121218/SKILL_013_20260204_121218_0.mcap
SKILL_013_20260204_121655,station_01_lab,SKILL_013,Set up a hand lamp,N_MORA,2026-02-04T12:16:56Z,2026-02-04T12:18:41Z,105.20,36.78,PASS,TRUE,,/mnt/nurvai-data/01/batch_03/SKILL_013_20260204_121655/SKILL_013_20260204_121655_0.mcap
SKILL_013_20260204_123107,station_01_lab,SKILL_013,Set up a hand lamp,N_MORA,2026-02-04T12:31:08Z,2026-02-04T12:32:56Z,108.67,33.10,PASS,TRUE,,/mnt/nurvai-data/01/batch_03/SKILL_013_20260204_123107/SKILL_013_20260204_123107_0.mcap
SKILL_013_20260204_123333,station_01_lab,SKILL_013,Set up a hand lamp,N_MORA,2026-02-04T12:33:33Z,2026-02-04T12:35:11Z,97.51,33.13,PASS,TRUE,,/mnt/nurvai-data/01/batch_03/SKILL_013_20260204_123333/SKILL_013_20260204_123333_0.mcap
SKILL_014_20260204_101839,station_01_lab,SKILL_014,Fasten nuts onto bolts,C_BECERRA,2026-02-04T10:18:40Z,2026-02-04T10:19:01Z,21.12,30.90,PASS,FALSE,TOO_SHORT (21.1s),/mnt/nurvai-data/01/batch_03/SKILL_014_20260204_101839/SKILL_014_20260204_101839_0.mcap
SKILL_013_20260204_123808,station_01_lab,SKILL_013,Set up a hand lamp,N_MORA,2026-02-04T12:38:08Z,2026-02-04T12:39:43Z,94.74,34.33,PASS,TRUE,,/mnt/nurvai-data/01/batch_03/SKILL_013_20260204_123808/SKILL_013_20260204_123808_0.mcap
SKILL_014_20260204_101903,station_01_lab,SKILL_014,Fasten nuts onto bolts,C_BECERRA,2026-02-04T10:19:03Z,2026-02-04T10:20:16Z,73.02,36.07,PASS,FALSE,TOO_SHORT (73.0s),/mnt/nurvai-data/01/batch_03/SKILL_014_20260204_101903/SKILL_014_20260204_101903_0.mcap
SKILL_014_20260204_102039,station_01_lab,SKILL_014,Fasten nuts onto bolts,C_BECERRA,2026-02-04T10:20:39Z,2026-02-04T10:27:42Z,422.19,35.58,PASS,TRUE,,/mnt/nurvai-data/01/batch_03/SKILL_014_20260204_102039/SKILL_014_20260204_102039_0.mcap
SKILL_014_20260204_124419,station_01_lab,SKILL_014,Fasten nuts onto bolts,N_MORA,2026-02-04T12:44:19Z,2026-02-04T12:49:24Z,305.11,35.56,PASS,TRUE,,/mnt/nurvai-data/01/batch_03/SKILL_014_20260204_124419/SKILL_014_20260204_124419_0.mcap
SKILL_014_20260204_125150,station_01_lab,SKILL_014,Fasten nuts onto bolts,N_MORA,2026-02-04T12:51:51Z,2026-02-04T12:53:20Z,89.65,36.54,PASS,FALSE,TOO_SHORT (89.7s),/mnt/nurvai-data/01/batch_03/SKILL_014_20260204_125150/SKILL_014_20260204_125150_0.mcap
SKILL_018_20260204_082416,station_01_lab,SKILL_018,Close bags with twist ties,E_MARTINEZ,2026-02-04T08:24:16Z,2026-02-04T08:24:24Z,7.93,36.61,PASS,FALSE,TOO_SHORT (7.9s),/mnt/nurvai-data/01/batch_03/SKILL_018_20260204_082416/SKILL_018_20260204_082416_0.mcap
SKILL_018_20260204_082447,station_01_lab,SKILL_018,Close bags with twist ties,E_MARTINEZ,2026-02-04T08:24:47Z,2026-02-04T08:26:39Z,112.46,36.82,PASS,TRUE,,/mnt/nurvai-data/01/batch_03/SKILL_018_20260204_082447/SKILL_018_20260204_082447_0.mcap
SKILL_018_20260204_082851,station_01_lab,SKILL_018,Close bags with twist ties,E_MARTINEZ,2026-02-04T08:28:51Z,2026-02-04T08:30:08Z,76.80,36.74,PASS,FALSE,TOO_SHORT (76.8s),/mnt/nurvai-data/01/batch_03/SKILL_018_20260204_082851/SKILL_018_20260204_082851_0.mcap
SKILL_018_20260204_103944,station_01_lab,SKILL_018,Close bags with twist ties,C_BECERRA,2026-02-04T10:39:44Z,2026-02-04T10:42:51Z,186.74,36.35,PASS,TRUE,,/mnt/nurvai-data/01/batch_03/SKILL_018_20260204_103944/SKILL_018_20260204_103944_0.mcap
SKILL_018_20260204_104252,station_01_lab,SKILL_018,Close bags with twist ties,C_BECERRA,2026-02-04T10:42:52Z,2026-02-04T10:42:52Z,0.62,36.79,PASS,FALSE,TOO_SHORT (0.6s),/mnt/nurvai-data/01/batch_03/SKILL_018_20260204_104252/SKILL_018_20260204_104252_0.mcap
SKILL_018_20260204_104422,station_01_lab,SKILL_018,Close bags with twist ties,C_BECERRA,2026-02-04T10:44:22Z,2026-02-04T10:47:07Z,165.59,36.00,PASS,TRUE,,/mnt/nurvai-data/01/batch_03/SKILL_018_20260204_104422/SKILL_018_20260204_104422_0.mcap
SKILL_018_20260204_104816,station_01_lab,SKILL_018,Close bags with twist ties,C_BECERRA,2026-02-04T10:48:16Z,2026-02-04T10:50:48Z,152.27,36.27,PASS,TRUE,,/mnt/nurvai-data/01/batch_03/SKILL_018_20260204_104816/SKILL_018_20260204_104816_0.mcap
SKILL_019_20260204_110452,station_01_lab,SKILL_019,Put pasta in plastic containers,C_BECERRA,2026-02-04T11:04:52Z,2026-02-04T11:07:45Z,172.79,36.24,PASS,TRUE,,/mnt/nurvai-data/01/batch_03/SKILL_019_20260204_110452/SKILL_019_20260204_110452_0.mcap
SKILL_018_20260204_083247,station_01_lab,SKILL_018,Close bags with twist ties,E_MARTINEZ,2026-02-04T08:32:48Z,2026-02-04T08:37:00Z,252.57,36.22,PASS,TRUE,,/mnt/nurvai-data/01/batch_03/SKILL_018_20260204_083247/SKILL_018_20260204_083247_0.mcap
SKILL_019_20260204_110849,station_01_lab,SKILL_019,Put pasta in plastic containers,C_BECERRA,2026-02-04T11:08:49Z,2026-02-04T11:11:41Z,171.93,35.96,PASS,TRUE,,/mnt/nurvai-data/01/batch_03/SKILL_019_20260204_110849/SKILL_019_20260204_110849_0.mcap
SKILL_020_20260204_102946,station_01_lab,SKILL_020,Open locks with their keys,C_BECERRA,2026-02-04T10:29:46Z,2026-02-04T10:31:05Z,78.24,35.81,PASS,FALSE,TOO_SHORT (78.2s),/mnt/nurvai-data/01/batch_03/SKILL_020_20260204_102946/SKILL_020_20260204_102946_0.mcap
SKILL_020_20260204_103450,station_01_lab,SKILL_020,Open locks with their keys,C_BECERRA,2026-02-04T10:34:50Z,2026-02-04T10:36:03Z,72.52,36.14,PASS,FALSE,TOO_SHORT (72.5s),/mnt/nurvai-data/01/batch_03/SKILL_020_20260204_103450/SKILL_020_20260204_103450_0.mcap
SKILL_020_20260204_103157,station_01_lab,SKILL_020,Open locks with their keys,C_BECERRA,2026-02-04T10:31:57Z,2026-02-04T10:33:17Z,80.02,35.86,PASS,FALSE,TOO_SHORT (80.0s),/mnt/nurvai-data/01/batch_03/SKILL_020_20260204_103157/SKILL_020_20260204_103157_0.mcap
SKILL_020_20260204_103726,station_01_lab,SKILL_020,Open locks with their keys,C_BECERRA,2026-02-04T10:37:26Z,2026-02-04T10:38:40Z,74.16,35.76,PASS,FALSE,TOO_SHORT (74.2s),/mnt/nurvai-data/01/batch_03/SKILL_020_20260204_103726/SKILL_020_20260204_103726_0.mcap
SKILL_001_20260113_071523,station_01_lab,SKILL_001,Pick & Place (Rápido),JUAN,2026-01-13T07:15:23Z,2026-01-13T07:15:37Z,14.03,4.05,PASS,FALSE,TOO_SHORT (14.0s),/mnt/nurvai-data/02/batch_01/SKILL_001_20260113_071523/SKILL_001_20260113_071523_0.mcap
SKILL_001_20260108_212701,station_01_lab,SKILL_001,Pick & Place (Rápido),JUAN,2026-01-08T21:27:01Z,2026-01-08T21:27:06Z,4.75,5.59,PASS,FALSE,TOO_SHORT (4.8s),/mnt/nurvai-data/02/batch_01/SKILL_001_20260108_212701/SKILL_001_20260108_212701_0.mcap
SKILL_001_20260113_163002,station_01_lab,SKILL_001,Organize beads per color,E_MARTINEZ,2026-01-13T16:30:02Z,2026-01-13T16:30:17Z,15.65,3.58,WARNING_DRIFT,FALSE,TOO_SHORT (15.7s),/mnt/nurvai-data/02/batch_01/SKILL_001_20260113_163002/SKILL_001_20260113_163002_0.mcap
SKILL_001_20260113_140330,station_01_lab,SKILL_001,Organize beads per color,C_BECERRA,2026-01-13T14:03:30Z,2026-01-13T14:08:50Z,320.65,5.52,PASS,TRUE,,/mnt/nurvai-data/02/batch_01/SKILL_001_20260113_140330/SKILL_001_20260113_140330_0.mcap
SKILL_001_20260113_174011,station_01_lab,SKILL_001,Organize beads per color,E_MARTINEZ,2026-01-13T17:40:11Z,2026-01-13T17:40:17Z,5.73,20.04,WARNING_DRIFT,FALSE,TOO_SHORT (5.7s),/mnt/nurvai-data/02/batch_01/SKILL_001_20260113_174011/SKILL_001_20260113_174011_0.mcap
SKILL_001_20260114_070628,station_01_lab,SKILL_001,Organize beads per color,C_BECERRA,2026-01-14T07:06:28Z,2026-01-14T07:12:01Z,332.73,1.93,WARNING_DRIFT,TRUE,,/mnt/nurvai-data/02/batch_01/SKILL_001_20260114_070628/SKILL_001_20260114_070628_0.mcap
SKILL_001_20260114_110148,station_01_lab,SKILL_001,Organize beads per color,C_BECERRA,2026-01-14T11:01:48Z,2026-01-14T11:01:49Z,1.06,47.55,WARNING_DRIFT,FALSE,TOO_SHORT (1.1s),/mnt/nurvai-data/02/batch_01/SKILL_001_20260114_110148/SKILL_001_20260114_110148_0.mcap
SKILL_001_20260114_071240,station_01_lab,SKILL_001,Organize beads per color,C_BECERRA,2026-01-14T07:12:40Z,2026-01-14T07:12:46Z,5.90,14.93,WARNING_DRIFT,FALSE,TOO_SHORT (5.9s),/mnt/nurvai-data/02/batch_01/SKILL_001_20260114_071240/SKILL_001_20260114_071240_0.mcap
SKILL_001_20260114_110449,station_01_lab,SKILL_001,Organize beads per color,C_BECERRA,2026-01-14T11:04:49Z,2026-01-14T11:15:04Z,614.75,1.77,WARNING_DRIFT,TRUE,,/mnt/nurvai-data/02/batch_01/SKILL_001_20260114_110449/SKILL_001_20260114_110449_0.mcap
SKILL_001_20260114_111547,station_01_lab,SKILL_001,Organize beads per color,C_BECERRA,2026-01-14T11:15:47Z,2026-01-14T11:17:35Z,108.12,2.17,WARNING_DRIFT,TRUE,,/mnt/nurvai-data/02/batch_01/SKILL_001_20260114_111547/SKILL_001_20260114_111547_0.mcap
SKILL_001_20260115_073345,station_01_lab,SKILL_001,Organize beads per color,C_BECERRA,2026-01-15T07:33:46Z,2026-01-15T07:34:01Z,15.76,9.97,WARNING_DRIFT,FALSE,TOO_SHORT (15.8s),/mnt/nurvai-data/02/batch_01/SKILL_001_20260115_073345/SKILL_001_20260115_073345_0.mcap
SKILL_001_20260115_073559,station_01_lab,SKILL_001,Organize beads per color,C_BECERRA,2026-01-15T07:35:59Z,2026-01-15T07:36:12Z,13.04,11.14,WARNING_DRIFT,FALSE,TOO_SHORT (13.0s),/mnt/nurvai-data/02/batch_01/SKILL_001_20260115_073559/SKILL_001_20260115_073559_0.mcap
SKILL_001_20260115_090101,station_01_lab,SKILL_001,Organize beads per color,C_BECERRA,2026-01-15T09:01:01Z,2026-01-15T09:01:03Z,1.21,14.65,WARNING_DRIFT,FALSE,TOO_SHORT (1.2s),/mnt/nurvai-data/02/batch_01/SKILL_001_20260115_090101/SKILL_001_20260115_090101_0.mcap
SKILL_001_20260115_101923,station_01_lab,SKILL_001,Organize beads per color,C_BECERRA,2026-01-15T10:19:23Z,2026-01-15T10:19:34Z,11.15,4.46,PASS,FALSE,TOO_SHORT (11.2s),/mnt/nurvai-data/02/batch_01/SKILL_001_20260115_101923/SKILL_001_20260115_101923_0.mcap
SKILL_001_20260115_151838,station_01_lab,SKILL_001,Organize beads per color,C_BECERRA,2026-01-15T15:18:38Z,2026-01-15T15:19:03Z,25.02,4.94,PASS,FALSE,TOO_SHORT (25.0s),/mnt/nurvai-data/02/batch_01/SKILL_001_20260115_151838/SKILL_001_20260115_151838_0.mcap
SKILL_001_20260115_151904,station_01_lab,SKILL_001,Organize beads per color,C_BECERRA,2026-01-15T15:19:04Z,2026-01-15T15:19:04Z,0.10,7.61,PASS,FALSE,TOO_SHORT (0.1s),/mnt/nurvai-data/02/batch_01/SKILL_001_20260115_151904/SKILL_001_20260115_151904_0.mcap
SKILL_001_20260115_152245,station_01_lab,SKILL_001,Organize beads per color,C_BECERRA,2026-01-15T15:22:45Z,2026-01-15T15:24:35Z,110.08,5.14,PASS,TRUE,,/mnt/nurvai-data/02/batch_01/SKILL_001_20260115_152245/SKILL_001_20260115_152245_0.mcap
SKILL_001_20260116_071004,station_01_lab,SKILL_001,Organize beads per color,C_BECERRA,2026-01-16T07:10:04Z,2026-01-16T07:20:35Z,630.97,5.26,PASS,TRUE,,/mnt/nurvai-data/02/batch_01/SKILL_001_20260116_071004/SKILL_001_20260116_071004_0.mcap
SKILL_001_20260116_161943,station_01_lab,SKILL_001,Organize beads per color,C_BECERRA,2026-01-16T16:19:43Z,2026-01-16T16:20:44Z,61.35,4.82,PASS,FALSE,TOO_SHORT (61.4s),/mnt/nurvai-data/02/batch_01/SKILL_001_20260116_161943/SKILL_001_20260116_161943_0.mcap
SKILL_001_20260116_132144,station_01_lab,SKILL_001,Organize beads per color,C_BECERRA,2026-01-16T13:21:44Z,2026-01-16T13:35:20Z,815.99,7.15,PASS,TRUE,,/mnt/nurvai-data/02/batch_01/SKILL_001_20260116_132144/SKILL_001_20260116_132144_0.mcap
SKILL_001_20260116_164210,station_01_lab,SKILL_001,Organize beads per color,C_BECERRA,2026-01-16T16:42:10Z,2026-01-16T16:44:14Z,124.57,4.76,PASS,TRUE,,/mnt/nurvai-data/02/batch_01/SKILL_001_20260116_164210/SKILL_001_20260116_164210_0.mcap
SKILL_001_20260117_130145,station_01_lab,SKILL_001,Organize beads per color,C_BECERRA,2026-01-17T13:01:45Z,2026-01-17T13:13:53Z,728.05,5.49,PASS,TRUE,,/mnt/nurvai-data/02/batch_01/SKILL_001_20260117_130145/SKILL_001_20260117_130145_0.mcap
SKILL_001_20260117_094746,station_01_lab,SKILL_001,Organize beads per color,C_BECERRA,2026-01-17T09:47:46Z,2026-01-17T09:58:37Z,650.93,5.17,PASS,TRUE,,/mnt/nurvai-data/02/batch_01/SKILL_001_20260117_094746/SKILL_001_20260117_094746_0.mcap
SKILL_001_20260117_131503,station_01_lab,SKILL_001,Organize beads per color,E_MARTINEZ,2026-01-17T13:15:03Z,2026-01-17T13:16:06Z,63.83,4.93,PASS,FALSE,TOO_SHORT (63.8s),/mnt/nurvai-data/02/batch_01/SKILL_001_20260117_131503/SKILL_001_20260117_131503_0.mcap
SKILL_001_20260117_132245,station_01_lab,SKILL_001,Organize beads per color,E_MARTINEZ,2026-01-17T13:22:45Z,2026-01-17T13:27:49Z,303.93,5.00,PASS,TRUE,,/mnt/nurvai-data/02/batch_01/SKILL_001_20260117_132245/SKILL_001_20260117_132245_0.mcap
SKILL_001_20260119_070832,station_01_lab,SKILL_001,Organize beads per color,C_BECERRA,2026-01-19T07:08:32Z,2026-01-19T07:11:12Z,159.79,3.41,PASS,TRUE,,/mnt/nurvai-data/02/batch_01/SKILL_001_20260119_070832/SKILL_001_20260119_070832_0.mcap
SKILL_001_20260119_071240,station_01_lab,SKILL_001,Organize beads per color,C_BECERRA,2026-01-19T07:12:40Z,2026-01-19T07:17:40Z,300.32,4.37,WARNING_DRIFT,TRUE,,/mnt/nurvai-data/02/batch_01/SKILL_001_20260119_071240/SKILL_001_20260119_071240_0.mcap
SKILL_001_20260119_071942,station_01_lab,SKILL_001,Organize beads per color,C_BECERRA,2026-01-19T07:19:42Z,2026-01-19T07:25:14Z,331.75,5.26,PASS,TRUE,,/mnt/nurvai-data/02/batch_01/SKILL_001_20260119_071942/SKILL_001_20260119_071942_0.mcap
SKILL_001_20260119_103150,station_01_lab,SKILL_001,Organize beads per color,C_BECERRA,2026-01-19T10:31:50Z,2026-01-19T10:44:19Z,748.75,4.99,PASS,TRUE,,/mnt/nurvai-data/02/batch_01/SKILL_001_20260119_103150/SKILL_001_20260119_103150_0.mcap
SKILL_001_20260119_144043,station_01_lab,SKILL_001,Organize beads per color,C_BECERRA,2026-01-19T14:40:43Z,2026-01-19T14:53:33Z,770.29,5.20,WARNING_DRIFT,TRUE,,/mnt/nurvai-data/02/batch_01/SKILL_001_20260119_144043/SKILL_001_20260119_144043_0.mcap
SKILL_001_20260119_145441,station_01_lab,SKILL_001,Organize beads per color,C_BECERRA,2026-01-19T14:54:41Z,2026-01-19T14:54:52Z,10.50,3.52,PASS,FALSE,TOO_SHORT (10.5s),/mnt/nurvai-data/02/batch_01/SKILL_001_20260119_145441/SKILL_001_20260119_145441_0.mcap
SKILL_001_20260120_071002,station_01_lab,SKILL_001,Organize beads per color,C_BECERRA,2026-01-20T07:10:02Z,2026-01-20T07:22:01Z,719.59,5.09,PASS,TRUE,,/mnt/nurvai-data/02/batch_01/SKILL_001_20260120_071002/SKILL_001_20260120_071002_0.mcap
SKILL_001_20260120_072300,station_01_lab,SKILL_001,Organize beads per color,E_MARTINEZ,2026-01-20T07:23:00Z,2026-01-20T07:33:38Z,637.86,5.23,WARNING_DRIFT,TRUE,,/mnt/nurvai-data/02/batch_01/SKILL_001_20260120_072300/SKILL_001_20260120_072300_0.mcap
SKILL_002_20260114_071435,station_01_lab,SKILL_002,Organize beads per character,C_BECERRA,2026-01-14T07:14:35Z,2026-01-14T07:20:27Z,352.30,1.81,WARNING_DRIFT,TRUE,,/mnt/nurvai-data/02/batch_01/SKILL_002_20260114_071435/SKILL_002_20260114_071435_0.mcap
SKILL_002_20260114_111909,station_01_lab,SKILL_002,Organize beads per character,C_BECERRA,2026-01-14T11:19:09Z,2026-01-14T11:27:05Z,475.10,1.83,WARNING_DRIFT,TRUE,,/mnt/nurvai-data/02/batch_01/SKILL_002_20260114_111909/SKILL_002_20260114_111909_0.mcap
SKILL_002_20260114_112746,station_01_lab,SKILL_002,Organize beads per character,C_BECERRA,2026-01-14T11:27:46Z,2026-01-14T11:28:03Z,16.41,2.39,WARNING_DRIFT,FALSE,TOO_SHORT (16.4s),/mnt/nurvai-data/02/batch_01/SKILL_002_20260114_112746/SKILL_002_20260114_112746_0.mcap
SKILL_002_20260115_152631,station_01_lab,SKILL_002,Organize beads per character,C_BECERRA,2026-01-15T15:26:31Z,2026-01-15T15:26:44Z,13.57,4.95,PASS,FALSE,TOO_SHORT (13.6s),/mnt/nurvai-data/02/batch_01/SKILL_002_20260115_152631/SKILL_002_20260115_152631_0.mcap
SKILL_002_20260120_073437,station_01_lab,SKILL_002,Organize beads per character,C_BECERRA,2026-01-20T07:34:37Z,2026-01-20T07:38:28Z,231.15,3.64,PASS,TRUE,,/mnt/nurvai-data/02/batch_01/SKILL_002_20260120_073437/SKILL_002_20260120_073437_0.mcap
SKILL_002_20260115_152656,station_01_lab,SKILL_002,Organize beads per character,C_BECERRA,2026-01-15T15:26:56Z,2026-01-15T15:29:09Z,133.07,4.89,PASS,TRUE,,/mnt/nurvai-data/02/batch_01/SKILL_002_20260115_152656/SKILL_002_20260115_152656_0.mcap
SKILL_003_20260114_072301,station_01_lab,SKILL_003,Organize screwdriver bits,C_BECERRA,2026-01-14T07:23:01Z,2026-01-14T07:28:32Z,330.68,1.63,WARNING_DRIFT,TRUE,,/mnt/nurvai-data/02/batch_01/SKILL_003_20260114_072301/SKILL_003_20260114_072301_0.mcap
SKILL_002_20260120_074042,station_01_lab,SKILL_002,Organize beads per character,C_BECERRA,2026-01-20T07:40:42Z,2026-01-20T07:44:19Z,217.06,5.01,PASS,TRUE,,/mnt/nurvai-data/02/batch_01/SKILL_002_20260120_074042/SKILL_002_20260120_074042_0.mcap
SKILL_003_20260114_120139,station_01_lab,SKILL_003,Organize screwdriver bits,C_BECERRA,2026-01-14T12:01:39Z,2026-01-14T12:08:24Z,405.36,1.69,WARNING_DRIFT,TRUE,,/mnt/nurvai-data/02/batch_01/SKILL_003_20260114_120139/SKILL_003_20260114_120139_0.mcap
SKILL_003_20260114_120905,station_01_lab,SKILL_003,Organize screwdriver bits,C_BECERRA,2026-01-14T12:09:05Z,2026-01-14T12:09:22Z,17.04,1.85,WARNING_DRIFT,FALSE,TOO_SHORT (17.0s),/mnt/nurvai-data/02/batch_01/SKILL_003_20260114_120905/SKILL_003_20260114_120905_0.mcap
SKILL_003_20260114_120924,station_01_lab,SKILL_003,Organize screwdriver bits,C_BECERRA,2026-01-14T12:09:24Z,2026-01-14T12:09:31Z,6.62,3.27,WARNING_DRIFT,FALSE,TOO_SHORT (6.6s),/mnt/nurvai-data/02/batch_01/SKILL_003_20260114_120924/SKILL_003_20260114_120924_0.mcap
SKILL_003_20260114_120933,station_01_lab,SKILL_003,Organize screwdriver bits,C_BECERRA,2026-01-14T12:09:33Z,2026-01-14T12:09:34Z,1.31,15.72,WARNING_DRIFT,FALSE,TOO_SHORT (1.3s),/mnt/nurvai-data/02/batch_01/SKILL_003_20260114_120933/SKILL_003_20260114_120933_0.mcap
SKILL_003_20260114_121042,station_01_lab,SKILL_003,Organize screwdriver bits,C_BECERRA,2026-01-14T12:10:42Z,2026-01-14T12:16:12Z,330.39,1.72,WARNING_DRIFT,TRUE,,/mnt/nurvai-data/02/batch_01/SKILL_003_20260114_121042/SKILL_003_20260114_121042_0.mcap
SKILL_003_20260115_102854,station_01_lab,SKILL_003,Organize screwdriver bits,C_BECERRA,2026-01-15T10:28:54Z,2026-01-15T10:34:35Z,340.65,4.47,PASS,TRUE,,/mnt/nurvai-data/02/batch_01/SKILL_003_20260115_102854/SKILL_003_20260115_102854_0.mcap
SKILL_003_20260116_072156,station_01_lab,SKILL_003,Organize screwdriver bits,C_BECERRA,2026-01-16T07:21:56Z,2026-01-16T07:26:22Z,265.60,5.30,PASS,TRUE,,/mnt/nurvai-data/02/batch_01/SKILL_003_20260116_072156/SKILL_003_20260116_072156_0.mcap
SKILL_003_20260119_104820,station_01_lab,SKILL_003,Organize screwdriver bits,C_BECERRA,2026-01-19T10:48:20Z,2026-01-19T10:53:10Z,290.21,4.53,PASS,TRUE,,/mnt/nurvai-data/02/batch_01/SKILL_003_20260119_104820/SKILL_003_20260119_104820_0.mcap
SKILL_003_20260119_072642,station_01_lab,SKILL_003,Organize screwdriver bits,C_BECERRA,2026-01-19T07:26:42Z,2026-01-19T07:32:22Z,340.32,4.79,PASS,TRUE,,/mnt/nurvai-data/02/batch_01/SKILL_003_20260119_072642/SKILL_003_20260119_072642_0.mcap
SKILL_003_20260120_075011,station_01_lab,SKILL_003,Organize screwdriver bits,E_MARTINEZ,2026-01-20T07:50:11Z,2026-01-20T07:51:02Z,51.09,2.80,PASS,FALSE,TOO_SHORT (51.1s),/mnt/nurvai-data/02/batch_01/SKILL_003_20260120_075011/SKILL_003_20260120_075011_0.mcap
SKILL_003_20260119_105502,station_01_lab,SKILL_003,Organize screwdriver bits,C_BECERRA,2026-01-19T10:55:02Z,2026-01-19T10:59:05Z,242.45,4.58,PASS,TRUE,,/mnt/nurvai-data/02/batch_01/SKILL_003_20260119_105502/SKILL_003_20260119_105502_0.mcap
SKILL_003_20260120_075158,station_01_lab,SKILL_003,Organize screwdriver bits,E_MARTINEZ,2026-01-20T07:51:58Z,2026-01-20T07:57:16Z,318.23,4.91,PASS,TRUE,,/mnt/nurvai-data/02/batch_01/SKILL_003_20260120_075158/SKILL_003_20260120_075158_0.mcap
SKILL_003_20260120_075733,station_01_lab,SKILL_003,Organize screwdriver bits,E_MARTINEZ,2026-01-20T07:57:33Z,2026-01-20T08:00:47Z,194.21,5.00,PASS,TRUE,,/mnt/nurvai-data/02/batch_01/SKILL_003_20260120_075733/SKILL_003_20260120_075733_0.mcap
SKILL_004_20260113_143651,station_01_lab,SKILL_004,Set Screwdriver package,C_BECERRA,2026-01-13T14:36:51Z,2026-01-13T14:41:20Z,269.12,5.40,PASS,TRUE,,/mnt/nurvai-data/02/batch_01/SKILL_004_20260113_143651/SKILL_004_20260113_143651_0.mcap
SKILL_004_20260114_073056,station_01_lab,SKILL_004,Set Screwdriver package,C_BECERRA,2026-01-14T07:30:56Z,2026-01-14T07:36:32Z,335.98,1.74,WARNING_DRIFT,TRUE,,/mnt/nurvai-data/02/batch_01/SKILL_004_20260114_073056/SKILL_004_20260114_073056_0.mcap
SKILL_004_20260114_073714,station_01_lab,SKILL_004,Set Screwdriver package,C_BECERRA,2026-01-14T07:37:14Z,2026-01-14T07:37:16Z,1.64,11.98,WARNING_DRIFT,FALSE,TOO_SHORT (1.6s),/mnt/nurvai-data/02/batch_01/SKILL_004_20260114_073714/SKILL_004_20260114_073714_0.mcap
SKILL_004_20260114_122551,station_01_lab,SKILL_004,Set Screwdriver package,C_BECERRA,2026-01-14T12:25:51Z,2026-01-14T12:26:06Z,15.03,5.76,WARNING_DRIFT,FALSE,TOO_SHORT (15.0s),/mnt/nurvai-data/02/batch_01/SKILL_004_20260114_122551/SKILL_004_20260114_122551_0.mcap
SKILL_004_20260114_121846,station_01_lab,SKILL_004,Set Screwdriver package,C_BECERRA,2026-01-14T12:18:46Z,2026-01-14T12:25:04Z,377.61,1.72,WARNING_DRIFT,TRUE,,/mnt/nurvai-data/02/batch_01/SKILL_004_20260114_121846/SKILL_004_20260114_121846_0.mcap
SKILL_004_20260114_122648,station_01_lab,SKILL_004,Set Screwdriver package,C_BECERRA,2026-01-14T12:26:48Z,2026-01-14T12:27:12Z,24.30,4.28,WARNING_DRIFT,FALSE,TOO_SHORT (24.3s),/mnt/nurvai-data/02/batch_01/SKILL_004_20260114_122648/SKILL_004_20260114_122648_0.mcap
SKILL_004_20260115_103937,station_01_lab,SKILL_004,Set Screwdriver package,C_BECERRA,2026-01-15T10:39:37Z,2026-01-15T10:45:37Z,359.79,5.16,PASS,TRUE,,/mnt/nurvai-data/02/batch_01/SKILL_004_20260115_103937/SKILL_004_20260115_103937_0.mcap
SKILL_004_20260115_104616,station_01_lab,SKILL_004,Set Screwdriver package,C_BECERRA,2026-01-15T10:46:16Z,2026-01-15T10:49:11Z,174.47,5.18,PASS,TRUE,,/mnt/nurvai-data/02/batch_01/SKILL_004_20260115_104616/SKILL_004_20260115_104616_0.mcap
SKILL_004_20260115_134653,station_01_lab,SKILL_004,Set Screwdriver package,C_BECERRA,2026-01-15T13:46:53Z,2026-01-15T13:50:19Z,205.88,4.69,PASS,TRUE,,/mnt/nurvai-data/02/batch_01/SKILL_004_20260115_134653/SKILL_004_20260115_134653_0.mcap
SKILL_004_20260116_081228,station_01_lab,SKILL_004,Set Screwdriver package,C_BECERRA,2026-01-16T08:12:28Z,2026-01-16T08:13:40Z,71.52,5.11,PASS,FALSE,TOO_SHORT (71.5s),/mnt/nurvai-data/02/batch_01/SKILL_004_20260116_081228/SKILL_004_20260116_081228_0.mcap
SKILL_004_20260115_135103,station_01_lab,SKILL_004,Set Screwdriver package,C_BECERRA,2026-01-15T13:51:03Z,2026-01-15T13:55:15Z,251.78,4.71,PASS,TRUE,,/mnt/nurvai-data/02/batch_01/SKILL_004_20260115_135103/SKILL_004_20260115_135103_0.mcap
SKILL_004_20260116_081626,station_01_lab,SKILL_004,Set Screwdriver package,C_BECERRA,2026-01-16T08:16:26Z,2026-01-16T08:18:05Z,98.59,5.26,WARNING_DRIFT,TRUE,,/mnt/nurvai-data/02/batch_01/SKILL_004_20260116_081626/SKILL_004_20260116_081626_0.mcap
SKILL_004_20260116_085422,station_01_lab,SKILL_004,Set Screwdriver package,C_BECERRA,2026-01-16T08:54:22Z,2026-01-16T08:55:05Z,43.13,3.81,PASS,FALSE,TOO_SHORT (43.1s),/mnt/nurvai-data/02/batch_01/SKILL_004_20260116_085422/SKILL_004_20260116_085422_0.mcap
SKILL_004_20260116_092858,station_01_lab,SKILL_004,Set Screwdriver package,C_BECERRA,2026-01-16T09:28:58Z,2026-01-16T09:28:58Z,0.00,0.00,WARNING_DRIFT,FALSE,EMPTY_FILE,/mnt/nurvai-data/02/batch_01/SKILL_004_20260116_092858/SKILL_004_20260116_092858_0.mcap
SKILL_004_20260116_085546,station_01_lab,SKILL_004,Set Screwdriver package,C_BECERRA,2026-01-16T08:55:46Z,2026-01-16T08:58:34Z,168.31,5.15,PASS,TRUE,,/mnt/nurvai-data/02/batch_01/SKILL_004_20260116_085546/SKILL_004_20260116_085546_0.mcap
SKILL_004_20260117_080945,station_01_lab,SKILL_004,Set Screwdriver package,C_BECERRA,2026-01-17T08:09:45Z,2026-01-17T08:12:53Z,187.98,5.15,PASS,TRUE,,/mnt/nurvai-data/02/batch_01/SKILL_004_20260117_080945/SKILL_004_20260117_080945_0.mcap
SKILL_004_20260117_083030,station_01_lab,SKILL_004,Set Screwdriver package,C_BECERRA,2026-01-17T08:30:30Z,2026-01-17T08:35:20Z,289.78,6.34,PASS,TRUE,,/mnt/nurvai-data/02/batch_01/SKILL_004_20260117_083030/SKILL_004_20260117_083030_0.mcap
SKILL_004_20260117_083812,station_01_lab,SKILL_004,Set Screwdriver package,C_BECERRA,2026-01-17T08:38:12Z,2026-01-17T08:42:06Z,233.20,5.01,PASS,TRUE,,/mnt/nurvai-data/02/batch_01/SKILL_004_20260117_083812/SKILL_004_20260117_083812_0.mcap
SKILL_004_20260117_095956,station_01_lab,SKILL_004,Set Screwdriver package,C_BECERRA,2026-01-17T09:59:56Z,2026-01-17T10:05:59Z,363.60,4.69,PASS,TRUE,,/mnt/nurvai-data/02/batch_01/SKILL_004_20260117_095956/SKILL_004_20260117_095956_0.mcap
SKILL_004_20260119_074022,station_01_lab,SKILL_004,Set Screwdriver package,C_BECERRA,2026-01-19T07:40:22Z,2026-01-19T07:44:53Z,271.23,5.08,PASS,TRUE,,/mnt/nurvai-data/02/batch_01/SKILL_004_20260119_074022/SKILL_004_20260119_074022_0.mcap
SKILL_004_20260117_141438,station_01_lab,SKILL_004,Set Screwdriver package,C_BECERRA,2026-01-17T14:14:38Z,2026-01-17T14:20:05Z,326.78,8.14,PASS,TRUE,,/mnt/nurvai-data/02/batch_01/SKILL_004_20260117_141438/SKILL_004_20260117_141438_0.mcap
SKILL_004_20260119_074610,station_01_lab,SKILL_004,Set Screwdriver package,C_BECERRA,2026-01-19T07:46:10Z,2026-01-19T07:50:41Z,270.90,5.08,PASS,TRUE,,/mnt/nurvai-data/02/batch_01/SKILL_004_20260119_074610/SKILL_004_20260119_074610_0.mcap
SKILL_004_20260120_080227,station_01_lab,SKILL_004,Set Screwdriver package,C_BECERRA,2026-01-20T08:02:27Z,2026-01-20T08:07:19Z,292.14,4.74,PASS,TRUE,,/mnt/nurvai-data/02/batch_01/SKILL_004_20260120_080227/SKILL_004_20260120_080227_0.mcap
SKILL_004_20260120_080805,station_01_lab,SKILL_004,Set Screwdriver package,E_MARTINEZ,2026-01-20T08:08:05Z,2026-01-20T08:11:24Z,199.04,5.00,PASS,TRUE,,/mnt/nurvai-data/02/batch_01/SKILL_004_20260120_080805/SKILL_004_20260120_080805_0.mcap
SKILL_004_20260119_145505,station_01_lab,SKILL_004,Set Screwdriver package,C_BECERRA,2026-01-19T14:55:05Z,2026-01-19T15:00:09Z,304.24,4.72,WARNING_DRIFT,TRUE,,/mnt/nurvai-data/02/batch_01/SKILL_004_20260119_145505/SKILL_004_20260119_145505_0.mcap
SKILL_005_20260114_073810,station_01_lab,SKILL_005,Insert allen keys in package,C_BECERRA,2026-01-14T07:38:10Z,2026-01-14T07:44:08Z,357.89,1.67,WARNING_DRIFT,TRUE,,/mnt/nurvai-data/02/batch_01/SKILL_005_20260114_073810/SKILL_005_20260114_073810_0.mcap
SKILL_005_20260113_142320,station_01_lab,SKILL_005,Insert allen keys in package,C_BECERRA,2026-01-13T14:23:20Z,2026-01-13T14:25:01Z,101.32,4.86,PASS,TRUE,,/mnt/nurvai-data/02/batch_01/SKILL_005_20260113_142320/SKILL_005_20260113_142320_0.mcap
SKILL_005_20260114_122900,station_01_lab,SKILL_005,Insert allen keys in package,C_BECERRA,2026-01-14T12:29:00Z,2026-01-14T12:36:49Z,469.44,1.60,WARNING_DRIFT,TRUE,,/mnt/nurvai-data/02/batch_01/SKILL_005_20260114_122900/SKILL_005_20260114_122900_0.mcap
SKILL_005_20260115_105035,station_01_lab,SKILL_005,Insert allen keys in package,C_BECERRA,2026-01-15T10:50:35Z,2026-01-15T10:56:44Z,369.43,4.38,WARNING_DRIFT,TRUE,,/mnt/nurvai-data/02/batch_01/SKILL_005_20260115_105035/SKILL_005_20260115_105035_0.mcap
SKILL_005_20260115_105715,station_01_lab,SKILL_005,Insert allen keys in package,C_BECERRA,2026-01-15T10:57:15Z,2026-01-15T11:00:22Z,187.14,4.30,PASS,TRUE,,/mnt/nurvai-data/02/batch_01/SKILL_005_20260115_105715/SKILL_005_20260115_105715_0.mcap
SKILL_005_20260116_103308,station_01_lab,SKILL_005,Insert allen keys in package,C_BECERRA,2026-01-16T10:33:08Z,2026-01-16T10:37:45Z,276.79,7.47,PASS,TRUE,,/mnt/nurvai-data/02/batch_01/SKILL_005_20260116_103308/SKILL_005_20260116_103308_0.mcap
SKILL_005_20260116_103914,station_01_lab,SKILL_005,Insert allen keys in package,C_BECERRA,2026-01-16T10:39:14Z,2026-01-16T10:41:28Z,134.09,6.10,PASS,TRUE,,/mnt/nurvai-data/02/batch_01/SKILL_005_20260116_103914/SKILL_005_20260116_103914_0.mcap
SKILL_005_20260117_100707,station_01_lab,SKILL_005,Insert allen keys in package,C_BECERRA,2026-01-17T10:07:07Z,2026-01-17T10:11:27Z,259.32,4.57,PASS,TRUE,,/mnt/nurvai-data/02/batch_01/SKILL_005_20260117_100707/SKILL_005_20260117_100707_0.mcap
SKILL_005_20260117_101157,station_01_lab,SKILL_005,Insert allen keys in package,C_BECERRA,2026-01-17T10:11:57Z,2026-01-17T10:15:04Z,187.18,4.75,PASS,TRUE,,/mnt/nurvai-data/02/batch_01/SKILL_005_20260117_101157/SKILL_005_20260117_101157_0.mcap
SKILL_005_20260117_142444,station_01_lab,SKILL_005,Insert allen keys in package,C_BECERRA,2026-01-17T14:24:44Z,2026-01-17T14:29:31Z,286.79,6.86,PASS,TRUE,,/mnt/nurvai-data/02/batch_01/SKILL_005_20260117_142444/SKILL_005_20260117_142444_0.mcap
SKILL_005_20260117_143021,station_01_lab,SKILL_005,Insert allen keys in package,C_BECERRA,2026-01-17T14:30:21Z,2026-01-17T14:33:45Z,204.68,8.03,PASS,TRUE,,/mnt/nurvai-data/02/batch_01/SKILL_005_20260117_143021/SKILL_005_20260117_143021_0.mcap
SKILL_005_20260119_075208,station_01_lab,SKILL_005,Insert allen keys in package,C_BECERRA,2026-01-19T07:52:08Z,2026-01-19T07:55:24Z,196.24,4.49,PASS,TRUE,,/mnt/nurvai-data/02/batch_01/SKILL_005_20260119_075208/SKILL_005_20260119_075208_0.mcap
SKILL_005_20260119_075556,station_01_lab,SKILL_005,Insert allen keys in package,C_BECERRA,2026-01-19T07:55:56Z,2026-01-19T07:58:52Z,176.04,4.44,PASS,TRUE,,/mnt/nurvai-data/02/batch_01/SKILL_005_20260119_075556/SKILL_005_20260119_075556_0.mcap
SKILL_005_20260119_110216,station_01_lab,SKILL_005,Insert allen keys in package,C_BECERRA,2026-01-19T11:02:16Z,2026-01-19T11:02:46Z,30.42,4.56,PASS,FALSE,TOO_SHORT (30.4s),/mnt/nurvai-data/02/batch_01/SKILL_005_20260119_110216/SKILL_005_20260119_110216_0.mcap
SKILL_005_20260119_110434,station_01_lab,SKILL_005,Insert allen keys in package,C_BECERRA,2026-01-19T11:04:34Z,2026-01-19T11:07:54Z,199.26,4.54,PASS,TRUE,,/mnt/nurvai-data/02/batch_01/SKILL_005_20260119_110434/SKILL_005_20260119_110434_0.mcap
SKILL_005_20260119_110837,station_01_lab,SKILL_005,Insert allen keys in package,C_BECERRA,2026-01-19T11:08:37Z,2026-01-19T11:10:35Z,117.45,4.57,PASS,TRUE,,/mnt/nurvai-data/02/batch_01/SKILL_005_20260119_110837/SKILL_005_20260119_110837_0.mcap
SKILL_005_20260120_081322,station_01_lab,SKILL_005,Insert allen keys in package,E_MARTINEZ,2026-01-20T08:13:22Z,2026-01-20T08:18:22Z,300.05,4.74,PASS,TRUE,,/mnt/nurvai-data/02/batch_01/SKILL_005_20260120_081322/SKILL_005_20260120_081322_0.mcap
SKILL_005_20260120_082855,station_01_lab,SKILL_005,Insert allen keys in package,C_BECERRA,2026-01-20T08:28:55Z,2026-01-20T08:28:55Z,0.17,0.09,PASS,FALSE,TOO_SHORT (0.2s),/mnt/nurvai-data/02/batch_01/SKILL_005_20260120_082855/SKILL_005_20260120_082855_0.mcap
SKILL_005_20260120_082122,station_01_lab,SKILL_005,Insert allen keys in package,C_BECERRA,2026-01-20T08:21:22Z,2026-01-20T08:28:54Z,451.86,4.90,PASS,TRUE,,/mnt/nurvai-data/02/batch_01/SKILL_005_20260120_082122/SKILL_005_20260120_082122_0.mcap
SKILL_006_20260114_074558,station_01_lab,SKILL_006,Separate tongue depressors by size,C_BECERRA,2026-01-14T07:45:58Z,2026-01-14T07:52:12Z,374.19,1.93,WARNING_DRIFT,TRUE,,/mnt/nurvai-data/02/batch_01/SKILL_006_20260114_074558/SKILL_006_20260114_074558_0.mcap
SKILL_006_20260114_075305,station_01_lab,SKILL_006,Separate tongue depressors by size,C_BECERRA,2026-01-14T07:53:05Z,2026-01-14T07:56:29Z,203.78,2.05,WARNING_DRIFT,TRUE,,/mnt/nurvai-data/02/batch_01/SKILL_006_20260114_075305/SKILL_006_20260114_075305_0.mcap
SKILL_006_20260114_124839,station_01_lab,SKILL_006,Separate tongue depressors by size,C_BECERRA,2026-01-14T12:48:39Z,2026-01-14T12:48:44Z,4.78,8.31,WARNING_DRIFT,FALSE,TOO_SHORT (4.8s),/mnt/nurvai-data/02/batch_01/SKILL_006_20260114_124839/SKILL_006_20260114_124839_0.mcap
SKILL_006_20260114_124005,station_01_lab,SKILL_006,Separate tongue depressors by size,C_BECERRA,2026-01-14T12:40:05Z,2026-01-14T12:47:58Z,473.00,1.93,WARNING_DRIFT,TRUE,,/mnt/nurvai-data/02/batch_01/SKILL_006_20260114_124005/SKILL_006_20260114_124005_0.mcap
SKILL_006_20260115_110115,station_01_lab,SKILL_006,Separate tongue depressors by size,C_BECERRA,2026-01-15T11:01:15Z,2026-01-15T11:06:42Z,326.91,5.37,PASS,TRUE,,/mnt/nurvai-data/02/batch_01/SKILL_006_20260115_110115/SKILL_006_20260115_110115_0.mcap
SKILL_007_20260114_080237,station_01_lab,SKILL_007,Separate tongue depressors by color,C_BECERRA,2026-01-14T08:02:37Z,2026-01-14T08:12:14Z,577.21,1.86,WARNING_DRIFT,TRUE,,/mnt/nurvai-data/02/batch_01/SKILL_007_20260114_080237/SKILL_007_20260114_080237_0.mcap
SKILL_007_20260114_125234,station_01_lab,SKILL_007,Separate tongue depressors by color,C_BECERRA,2026-01-14T12:52:34Z,2026-01-14T13:00:07Z,452.56,2.00,WARNING_DRIFT,TRUE,,/mnt/nurvai-data/02/batch_01/SKILL_007_20260114_125234/SKILL_007_20260114_125234_0.mcap
SKILL_007_20260115_110749,station_01_lab,SKILL_007,Separate tongue depressors by color,C_BECERRA,2026-01-15T11:07:49Z,2026-01-15T11:12:15Z,265.95,5.62,WARNING_DRIFT,TRUE,,/mnt/nurvai-data/02/batch_01/SKILL_007_20260115_110749/SKILL_007_20260115_110749_0.mcap
SKILL_007_20260116_104205,station_01_lab,SKILL_007,Separate tongue depressors by color,C_BECERRA,2026-01-16T10:42:05Z,2026-01-16T10:48:41Z,395.43,8.80,PASS,TRUE,,/mnt/nurvai-data/02/batch_01/SKILL_007_20260116_104205/SKILL_007_20260116_104205_0.mcap
SKILL_007_20260117_101542,station_01_lab,SKILL_007,Separate tongue depressors by color,C_BECERRA,2026-01-17T10:15:42Z,2026-01-17T10:22:05Z,383.03,5.35,PASS,TRUE,,/mnt/nurvai-data/02/batch_01/SKILL_007_20260117_101542/SKILL_007_20260117_101542_0.mcap
SKILL_007_20260119_080010,station_01_lab,SKILL_007,Separate tongue depressors by color,C_BECERRA,2026-01-19T08:00:10Z,2026-01-19T08:08:04Z,473.97,5.06,PASS,TRUE,,/mnt/nurvai-data/02/batch_01/SKILL_007_20260119_080010/SKILL_007_20260119_080010_0.mcap
SKILL_007_20260119_080852,station_01_lab,SKILL_007,Separate tongue depressors by color,C_BECERRA,2026-01-19T08:08:52Z,2026-01-19T08:12:44Z,232.04,5.08,PASS,TRUE,,/mnt/nurvai-data/02/batch_01/SKILL_007_20260119_080852/SKILL_007_20260119_080852_0.mcap
SKILL_007_20260119_112216,station_01_lab,SKILL_007,Separate tongue depressors by color,C_BECERRA,2026-01-19T11:22:16Z,2026-01-19T11:26:52Z,275.40,4.43,WARNING_DRIFT,TRUE,,/mnt/nurvai-data/02/batch_01/SKILL_007_20260119_112216/SKILL_007_20260119_112216_0.mcap
SKILL_007_20260119_111253,station_01_lab,SKILL_007,Separate tongue depressors by color,C_BECERRA,2026-01-19T11:12:53Z,2026-01-19T11:20:27Z,454.50,5.13,PASS,TRUE,,/mnt/nurvai-data/02/batch_01/SKILL_007_20260119_111253/SKILL_007_20260119_111253_0.mcap
SKILL_007_20260120_083054,station_01_lab,SKILL_007,Separate tongue depressors by color,E_MARTINEZ,2026-01-20T08:30:54Z,2026-01-20T08:38:43Z,468.87,5.04,PASS,TRUE,,/mnt/nurvai-data/02/batch_01/SKILL_007_20260120_083054/SKILL_007_20260120_083054_0.mcap
SKILL_007_20260120_084037,station_01_lab,SKILL_007,Separate tongue depressors by color,C_BECERRA,2026-01-20T08:40:37Z,2026-01-20T08:47:41Z,423.74,4.77,PASS,TRUE,,/mnt/nurvai-data/02/batch_01/SKILL_007_20260120_084037/SKILL_007_20260120_084037_0.mcap
SKILL_008_20260114_081443,station_01_lab,SKILL_008,Separate tongue depressors by type,C_BECERRA,2026-01-14T08:14:43Z,2026-01-14T08:22:05Z,441.64,1.87,WARNING_DRIFT,TRUE,,/mnt/nurvai-data/02/batch_01/SKILL_008_20260114_081443/SKILL_008_20260114_081443_0.mcap
SKILL_008_20260115_111324,station_01_lab,SKILL_008,Separate tongue depressors by type,C_BECERRA,2026-01-15T11:13:24Z,2026-01-15T11:18:25Z,300.61,5.06,PASS,TRUE,,/mnt/nurvai-data/02/batch_01/SKILL_008_20260115_111324/SKILL_008_20260115_111324_0.mcap
SKILL_008_20260114_130204,station_01_lab,SKILL_008,Separate tongue depressors by type,C_BECERRA,2026-01-14T13:02:04Z,2026-01-14T13:10:30Z,505.90,1.98,WARNING_DRIFT,TRUE,,/mnt/nurvai-data/02/batch_01/SKILL_008_20260114_130204/SKILL_008_20260114_130204_0.mcap
SKILL_009_20260114_082630,station_01_lab,SKILL_009,Package Cotton set,C_BECERRA,2026-01-14T08:26:30Z,2026-01-14T08:36:42Z,611.98,1.54,WARNING_DRIFT,TRUE,,/mnt/nurvai-data/02/batch_01/SKILL_009_20260114_082630/SKILL_009_20260114_082630_0.mcap
SKILL_009_20260114_131419,station_01_lab,SKILL_009,Package Cotton set,C_BECERRA,2026-01-14T13:14:19Z,2026-01-14T13:21:53Z,453.80,1.73,WARNING_DRIFT,TRUE,,/mnt/nurvai-data/02/batch_01/SKILL_009_20260114_131419/SKILL_009_20260114_131419_0.mcap
SKILL_009_20260114_132236,station_01_lab,SKILL_009,Package Cotton set,C_BECERRA,2026-01-14T13:22:36Z,2026-01-14T13:22:37Z,1.02,36.55,WARNING_DRIFT,FALSE,TOO_SHORT (1.0s),/mnt/nurvai-data/02/batch_01/SKILL_009_20260114_132236/SKILL_009_20260114_132236_0.mcap
SKILL_009_20260115_133446,station_01_lab,SKILL_009,Package Cotton set,C_BECERRA,2026-01-15T13:34:46Z,2026-01-15T13:36:32Z,106.63,4.65,PASS,TRUE,,/mnt/nurvai-data/02/batch_01/SKILL_009_20260115_133446/SKILL_009_20260115_133446_0.mcap
SKILL_009_20260115_112025,station_01_lab,SKILL_009,Package Cotton set,C_BECERRA,2026-01-15T11:20:25Z,2026-01-15T11:30:22Z,597.52,4.83,PASS,TRUE,,/mnt/nurvai-data/02/batch_01/SKILL_009_20260115_112025/SKILL_009_20260115_112025_0.mcap
SKILL_009_20260116_105148,station_01_lab,SKILL_009,Package Cotton set,C_BECERRA,2026-01-16T10:51:48Z,2026-01-16T10:58:03Z,375.70,6.88,PASS,TRUE,,/mnt/nurvai-data/02/batch_01/SKILL_009_20260116_105148/SKILL_009_20260116_105148_0.mcap
SKILL_009_20260116_095757,station_01_lab,SKILL_009,Package Cotton set,C_BECERRA,2026-01-16T09:57:57Z,2026-01-16T10:06:49Z,531.96,7.33,PASS,TRUE,,/mnt/nurvai-data/02/batch_01/SKILL_009_20260116_095757/SKILL_009_20260116_095757_0.mcap
SKILL_009_20260116_105810,station_01_lab,SKILL_009,Package Cotton set,C_BECERRA,2026-01-16T10:58:10Z,2026-01-16T11:03:21Z,311.71,6.80,PASS,TRUE,,/mnt/nurvai-data/02/batch_01/SKILL_009_20260116_105810/SKILL_009_20260116_105810_0.mcap
SKILL_009_20260117_102322,station_01_lab,SKILL_009,Package Cotton set,C_BECERRA,2026-01-17T10:23:22Z,2026-01-17T10:28:02Z,279.81,4.57,PASS,TRUE,,/mnt/nurvai-data/02/batch_01/SKILL_009_20260117_102322/SKILL_009_20260117_102322_0.mcap
SKILL_009_20260119_082102,station_01_lab,SKILL_009,Package Cotton set,C_BECERRA,2026-01-19T08:21:02Z,2026-01-19T08:25:37Z,275.15,4.29,PASS,TRUE,,/mnt/nurvai-data/02/batch_01/SKILL_009_20260119_082102/SKILL_009_20260119_082102_0.mcap
SKILL_009_20260119_081437,station_01_lab,SKILL_009,Package Cotton set,C_BECERRA,2026-01-19T08:14:37Z,2026-01-19T08:20:28Z,350.64,4.30,PASS,TRUE,,/mnt/nurvai-data/02/batch_01/SKILL_009_20260119_081437/SKILL_009_20260119_081437_0.mcap
SKILL_009_20260119_082538,station_01_lab,SKILL_009,Package Cotton set,C_BECERRA,2026-01-19T08:25:38Z,2026-01-19T08:25:38Z,0.39,0.02,PASS,FALSE,TOO_SHORT (0.4s),/mnt/nurvai-data/02/batch_01/SKILL_009_20260119_082538/SKILL_009_20260119_082538_0.mcap
SKILL_009_20260120_085002,station_01_lab,SKILL_009,Package Cotton set,E_MARTINEZ,2026-01-20T08:50:02Z,2026-01-20T08:56:19Z,377.11,4.43,PASS,TRUE,,/mnt/nurvai-data/02/batch_01/SKILL_009_20260120_085002/SKILL_009_20260120_085002_0.mcap
SKILL_009_20260120_090637,station_01_lab,SKILL_009,Package Cotton set,C_BECERRA,2026-01-20T09:06:37Z,2026-01-20T09:18:20Z,703.46,4.29,PASS,TRUE,,/mnt/nurvai-data/02/batch_01/SKILL_009_20260120_090637/SKILL_009_20260120_090637_0.mcap
SKILL_010_20260114_132448,station_01_lab,SKILL_010,Package earphones,C_BECERRA,2026-01-14T13:24:48Z,2026-01-14T13:31:28Z,400.26,1.81,WARNING_DRIFT,TRUE,,/mnt/nurvai-data/02/batch_01/SKILL_010_20260114_132448/SKILL_010_20260114_132448_0.mcap
SKILL_010_20260114_083810,station_01_lab,SKILL_010,Package earphones,C_BECERRA,2026-01-14T08:38:10Z,2026-01-14T08:47:06Z,535.81,1.59,WARNING_DRIFT,TRUE,,/mnt/nurvai-data/02/batch_01/SKILL_010_20260114_083810/SKILL_010_20260114_083810_0.mcap
SKILL_010_20260116_111339,station_01_lab,SKILL_010,Package earphones,C_BECERRA,2026-01-16T11:13:39Z,2026-01-16T11:13:46Z,7.60,7.19,PASS,FALSE,TOO_SHORT (7.6s),/mnt/nurvai-data/02/batch_01/SKILL_010_20260116_111339/SKILL_010_20260116_111339_0.mcap
SKILL_010_20260116_110358,station_01_lab,SKILL_010,Package earphones,C_BECERRA,2026-01-16T11:03:58Z,2026-01-16T11:11:12Z,433.90,7.30,PASS,TRUE,,/mnt/nurvai-data/02/batch_01/SKILL_010_20260116_110358/SKILL_010_20260116_110358_0.mcap
SKILL_010_20260117_102939,station_01_lab,SKILL_010,Package earphones,C_BECERRA,2026-01-17T10:29:39Z,2026-01-17T10:36:29Z,409.95,4.94,PASS,TRUE,,/mnt/nurvai-data/02/batch_01/SKILL_010_20260117_102939/SKILL_010_20260117_102939_0.mcap
SKILL_010_20260119_082637,station_01_lab,SKILL_010,Package earphones,C_BECERRA,2026-01-19T08:26:37Z,2026-01-19T08:31:21Z,283.52,4.72,PASS,TRUE,,/mnt/nurvai-data/02/batch_01/SKILL_010_20260119_082637/SKILL_010_20260119_082637_0.mcap
SKILL_011_20260114_084805,station_01_lab,SKILL_011,Package plastic ice cubes,C_BECERRA,2026-01-14T08:48:05Z,2026-01-14T08:55:05Z,419.77,1.80,WARNING_DRIFT,TRUE,,/mnt/nurvai-data/02/batch_01/SKILL_011_20260114_084805/SKILL_011_20260114_084805_0.mcap
SKILL_011_20260114_133303,station_01_lab,SKILL_011,Package plastic ice cubes,C_BECERRA,2026-01-14T13:33:03Z,2026-01-14T13:39:10Z,367.54,1.84,WARNING_DRIFT,TRUE,,/mnt/nurvai-data/02/batch_01/SKILL_011_20260114_133303/SKILL_011_20260114_133303_0.mcap
SKILL_010_20260119_121554,station_01_lab,SKILL_010,Package earphones,C_BECERRA,2026-01-19T12:15:54Z,2026-01-19T12:23:00Z,425.50,4.78,PASS,TRUE,,/mnt/nurvai-data/02/batch_01/SKILL_010_20260119_121554/SKILL_010_20260119_121554_0.mcap
SKILL_011_20260116_111706,station_01_lab,SKILL_011,Package plastic ice cubes,C_BECERRA,2026-01-16T11:17:06Z,2026-01-16T11:19:37Z,151.02,7.89,PASS,TRUE,,/mnt/nurvai-data/02/batch_01/SKILL_011_20260116_111706/SKILL_011_20260116_111706_0.mcap
SKILL_011_20260116_111401,station_01_lab,SKILL_011,Package plastic ice cubes,C_BECERRA,2026-01-16T11:14:01Z,2026-01-16T11:16:30Z,148.59,7.42,PASS,TRUE,,/mnt/nurvai-data/02/batch_01/SKILL_011_20260116_111401/SKILL_011_20260116_111401_0.mcap
SKILL_011_20260117_104347,station_01_lab,SKILL_011,Package plastic ice cubes,C_BECERRA,2026-01-17T10:43:47Z,2026-01-17T10:46:21Z,153.53,4.75,PASS,TRUE,,/mnt/nurvai-data/02/batch_01/SKILL_011_20260117_104347/SKILL_011_20260117_104347_0.mcap
SKILL_011_20260117_104651,station_01_lab,SKILL_011,Package plastic ice cubes,C_BECERRA,2026-01-17T10:46:51Z,2026-01-17T10:48:43Z,112.84,4.67,PASS,TRUE,,/mnt/nurvai-data/02/batch_01/SKILL_011_20260117_104651/SKILL_011_20260117_104651_0.mcap
SKILL_011_20260119_083532,station_01_lab,SKILL_011,Package plastic ice cubes,C_BECERRA,2026-01-19T08:35:32Z,2026-01-19T08:37:53Z,141.51,4.71,PASS,TRUE,,/mnt/nurvai-data/02/batch_01/SKILL_011_20260119_083532/SKILL_011_20260119_083532_0.mcap
SKILL_011_20260119_083825,station_01_lab,SKILL_011,Package plastic ice cubes,C_BECERRA,2026-01-19T08:38:25Z,2026-01-19T08:40:49Z,143.87,4.80,PASS,TRUE,,/mnt/nurvai-data/02/batch_01/SKILL_011_20260119_083825/SKILL_011_20260119_083825_0.mcap
SKILL_011_20260119_122719,station_01_lab,SKILL_011,Package plastic ice cubes,C_BECERRA,2026-01-19T12:27:19Z,2026-01-19T12:29:25Z,125.99,4.75,PASS,TRUE,,/mnt/nurvai-data/02/batch_01/SKILL_011_20260119_122719/SKILL_011_20260119_122719_0.mcap
SKILL_011_20260119_122420,station_01_lab,SKILL_011,Package plastic ice cubes,C_BECERRA,2026-01-19T12:24:20Z,2026-01-19T12:26:36Z,136.28,4.65,PASS,TRUE,,/mnt/nurvai-data/02/batch_01/SKILL_011_20260119_122420/SKILL_011_20260119_122420_0.mcap
SKILL_012_20260114_085904,station_01_lab,SKILL_012,Put pasta in jars,C_BECERRA,2026-01-14T08:59:04Z,2026-01-14T09:04:37Z,332.46,2.02,WARNING_DRIFT,TRUE,,/mnt/nurvai-data/02/batch_01/SKILL_012_20260114_085904/SKILL_012_20260114_085904_0.mcap
SKILL_012_20260113_141034,station_01_lab,SKILL_012,Put pasta in jars,C_BECERRA,2026-01-13T14:10:34Z,2026-01-13T14:16:35Z,361.05,4.94,PASS,TRUE,,/mnt/nurvai-data/02/batch_01/SKILL_012_20260113_141034/SKILL_012_20260113_141034_0.mcap
SKILL_012_20260114_090518,station_01_lab,SKILL_012,Put pasta in jars,C_BECERRA,2026-01-14T09:05:18Z,2026-01-14T09:05:23Z,5.34,17.98,WARNING_DRIFT,FALSE,TOO_SHORT (5.3s),/mnt/nurvai-data/02/batch_01/SKILL_012_20260114_090518/SKILL_012_20260114_090518_0.mcap
SKILL_012_20260114_134015,station_01_lab,SKILL_012,Put pasta in jars,C_BECERRA,2026-01-14T13:40:15Z,2026-01-14T13:45:06Z,290.52,1.97,WARNING_DRIFT,TRUE,,/mnt/nurvai-data/02/batch_01/SKILL_012_20260114_134015/SKILL_012_20260114_134015_0.mcap
SKILL_012_20260115_135611,station_01_lab,SKILL_012,Put pasta in jars,C_BECERRA,2026-01-15T13:56:11Z,2026-01-15T14:00:14Z,242.68,4.60,PASS,TRUE,,/mnt/nurvai-data/02/batch_01/SKILL_012_20260115_135611/SKILL_012_20260115_135611_0.mcap
SKILL_012_20260115_140356,station_01_lab,SKILL_012,Put pasta in jars,C_BECERRA,2026-01-15T14:03:56Z,2026-01-15T14:08:06Z,250.25,4.56,PASS,TRUE,,/mnt/nurvai-data/02/batch_01/SKILL_012_20260115_140356/SKILL_012_20260115_140356_0.mcap
SKILL_012_20260115_153037,station_01_lab,SKILL_012,Put pasta in jars,C_BECERRA,2026-01-15T15:30:37Z,2026-01-15T15:31:58Z,80.44,4.89,PASS,FALSE,TOO_SHORT (80.4s),/mnt/nurvai-data/02/batch_01/SKILL_012_20260115_153037/SKILL_012_20260115_153037_0.mcap
SKILL_012_20260115_153358,station_01_lab,SKILL_012,Put pasta in jars,C_BECERRA,2026-01-15T15:33:58Z,2026-01-15T15:35:15Z,76.54,5.21,PASS,FALSE,TOO_SHORT (76.5s),/mnt/nurvai-data/02/batch_01/SKILL_012_20260115_153358/SKILL_012_20260115_153358_0.mcap
SKILL_012_20260116_095125,station_01_lab,SKILL_012,Put pasta in jars,C_BECERRA,2026-01-16T09:51:25Z,2026-01-16T09:54:39Z,193.98,5.28,PASS,TRUE,,/mnt/nurvai-data/02/batch_01/SKILL_012_20260116_095125/SKILL_012_20260116_095125_0.mcap
SKILL_012_20260117_105106,station_01_lab,SKILL_012,Put pasta in jars,C_BECERRA,2026-01-17T10:51:06Z,2026-01-17T10:54:07Z,180.33,4.88,PASS,TRUE,,/mnt/nurvai-data/02/batch_01/SKILL_012_20260117_105106/SKILL_012_20260117_105106_0.mcap
SKILL_012_20260117_105454,station_01_lab,SKILL_012,Put pasta in jars,C_BECERRA,2026-01-17T10:54:54Z,2026-01-17T10:57:47Z,172.80,4.79,PASS,TRUE,,/mnt/nurvai-data/02/batch_01/SKILL_012_20260117_105454/SKILL_012_20260117_105454_0.mcap
SKILL_012_20260119_084505,station_01_lab,SKILL_012,Put pasta in jars,C_BECERRA,2026-01-19T08:45:05Z,2026-01-19T08:48:04Z,178.85,4.61,PASS,TRUE,,/mnt/nurvai-data/02/batch_01/SKILL_012_20260119_084505/SKILL_012_20260119_084505_0.mcap
SKILL_012_20260119_084837,station_01_lab,SKILL_012,Put pasta in jars,C_BECERRA,2026-01-19T08:48:37Z,2026-01-19T08:51:40Z,183.00,4.55,PASS,TRUE,,/mnt/nurvai-data/02/batch_01/SKILL_012_20260119_084837/SKILL_012_20260119_084837_0.mcap
SKILL_012_20260119_123206,station_01_lab,SKILL_012,Put pasta in jars,C_BECERRA,2026-01-19T12:32:06Z,2026-01-19T12:35:20Z,193.95,4.75,PASS,TRUE,,/mnt/nurvai-data/02/batch_01/SKILL_012_20260119_123206/SKILL_012_20260119_123206_0.mcap
SKILL_012_20260119_123612,station_01_lab,SKILL_012,Put pasta in jars,C_BECERRA,2026-01-19T12:36:12Z,2026-01-19T12:39:47Z,214.78,3.19,PASS,TRUE,,/mnt/nurvai-data/02/batch_01/SKILL_012_20260119_123612/SKILL_012_20260119_123612_0.mcap
SKILL_013_20260113_142959,station_01_lab,SKILL_013,Set up a hand lamp,C_BECERRA,2026-01-13T14:29:59Z,2026-01-13T14:35:28Z,328.92,4.94,PASS,TRUE,,/mnt/nurvai-data/02/batch_01/SKILL_013_20260113_142959/SKILL_013_20260113_142959_0.mcap
SKILL_013_20260114_090945,station_01_lab,SKILL_013,Set up a hand lamp,C_BECERRA,2026-01-14T09:09:45Z,2026-01-14T09:12:22Z,156.56,1.97,WARNING_DRIFT,TRUE,,/mnt/nurvai-data/02/batch_01/SKILL_013_20260114_090945/SKILL_013_20260114_090945_0.mcap
SKILL_013_20260114_091309,station_01_lab,SKILL_013,Set up a hand lamp,C_BECERRA,2026-01-14T09:13:09Z,2026-01-14T09:16:38Z,209.11,1.77,WARNING_DRIFT,TRUE,,/mnt/nurvai-data/02/batch_01/SKILL_013_20260114_091309/SKILL_013_20260114_091309_0.mcap
SKILL_013_20260114_092348,station_01_lab,SKILL_013,Set up a hand lamp,C_BECERRA,2026-01-14T09:23:48Z,2026-01-14T09:24:47Z,59.54,2.43,WARNING_DRIFT,FALSE,TOO_SHORT (59.5s),/mnt/nurvai-data/02/batch_01/SKILL_013_20260114_092348/SKILL_013_20260114_092348_0.mcap
SKILL_013_20260114_091752,station_01_lab,SKILL_013,Set up a hand lamp,C_BECERRA,2026-01-14T09:17:52Z,2026-01-14T09:23:04Z,312.22,1.65,WARNING_DRIFT,TRUE,,/mnt/nurvai-data/02/batch_01/SKILL_013_20260114_091752/SKILL_013_20260114_091752_0.mcap
SKILL_013_20260114_092550,station_01_lab,SKILL_013,Set up a hand lamp,C_BECERRA,2026-01-14T09:25:50Z,2026-01-14T09:25:52Z,1.11,40.78,WARNING_DRIFT,FALSE,TOO_SHORT (1.1s),/mnt/nurvai-data/02/batch_01/SKILL_013_20260114_092550/SKILL_013_20260114_092550_0.mcap
SKILL_013_20260114_092533,station_01_lab,SKILL_013,Set up a hand lamp,C_BECERRA,2026-01-14T09:25:33Z,2026-01-14T09:25:37Z,4.68,6.24,WARNING_DRIFT,FALSE,TOO_SHORT (4.7s),/mnt/nurvai-data/02/batch_01/SKILL_013_20260114_092533/SKILL_013_20260114_092533_0.mcap
SKILL_013_20260114_135029,station_01_lab,SKILL_013,Set up a hand lamp,C_BECERRA,2026-01-14T13:50:29Z,2026-01-14T13:53:46Z,196.40,1.92,WARNING_DRIFT,TRUE,,/mnt/nurvai-data/02/batch_01/SKILL_013_20260114_135029/SKILL_013_20260114_135029_0.mcap
SKILL_013_20260114_135553,station_01_lab,SKILL_013,Set up a hand lamp,C_BECERRA,2026-01-14T13:55:53Z,2026-01-14T13:59:50Z,236.64,1.79,WARNING_DRIFT,TRUE,,/mnt/nurvai-data/02/batch_01/SKILL_013_20260114_135553/SKILL_013_20260114_135553_0.mcap
SKILL_013_20260115_140946,station_01_lab,SKILL_013,Set up a hand lamp,C_BECERRA,2026-01-15T14:09:46Z,2026-01-15T14:14:31Z,285.17,4.47,PASS,TRUE,,/mnt/nurvai-data/02/batch_01/SKILL_013_20260115_140946/SKILL_013_20260115_140946_0.mcap
SKILL_013_20260115_141432,station_01_lab,SKILL_013,Set up a hand lamp,C_BECERRA,2026-01-15T14:14:32Z,2026-01-15T14:14:34Z,2.03,2.86,PASS,FALSE,TOO_SHORT (2.0s),/mnt/nurvai-data/02/batch_01/SKILL_013_20260115_141432/SKILL_013_20260115_141432_0.mcap
SKILL_013_20260115_141654,station_01_lab,SKILL_013,Set up a hand lamp,C_BECERRA,2026-01-15T14:16:54Z,2026-01-15T14:22:35Z,341.00,4.23,PASS,TRUE,,/mnt/nurvai-data/02/batch_01/SKILL_013_20260115_141654/SKILL_013_20260115_141654_0.mcap
SKILL_013_20260115_142621,station_01_lab,SKILL_013,Set up a hand lamp,C_BECERRA,2026-01-15T14:26:21Z,2026-01-15T14:26:43Z,21.97,3.79,PASS,FALSE,TOO_SHORT (22.0s),/mnt/nurvai-data/02/batch_01/SKILL_013_20260115_142621/SKILL_013_20260115_142621_0.mcap
SKILL_013_20260116_102029,station_01_lab,SKILL_013,Set up a hand lamp,C_BECERRA,2026-01-16T10:20:29Z,2026-01-16T10:24:46Z,257.26,6.44,PASS,TRUE,,/mnt/nurvai-data/02/batch_01/SKILL_013_20260116_102029/SKILL_013_20260116_102029_0.mcap
SKILL_013_20260116_101456,station_01_lab,SKILL_013,Set up a hand lamp,C_BECERRA,2026-01-16T10:14:56Z,2026-01-16T10:19:43Z,286.89,6.64,PASS,TRUE,,/mnt/nurvai-data/02/batch_01/SKILL_013_20260116_101456/SKILL_013_20260116_101456_0.mcap
SKILL_013_20260117_092455,station_01_lab,SKILL_013,Set up a hand lamp,C_BECERRA,2026-01-17T09:24:55Z,2026-01-17T09:29:25Z,270.39,4.64,PASS,TRUE,,/mnt/nurvai-data/02/batch_01/SKILL_013_20260117_092455/SKILL_013_20260117_092455_0.mcap
SKILL_013_20260117_091851,station_01_lab,SKILL_013,Set up a hand lamp,C_BECERRA,2026-01-17T09:18:51Z,2026-01-17T09:24:03Z,311.39,4.66,PASS,TRUE,,/mnt/nurvai-data/02/batch_01/SKILL_013_20260117_091851/SKILL_013_20260117_091851_0.mcap
SKILL_013_20260119_085629,station_01_lab,SKILL_013,Set up a hand lamp,C_BECERRA,2026-01-19T08:56:29Z,2026-01-19T09:00:37Z,248.45,4.58,PASS,TRUE,,/mnt/nurvai-data/02/batch_01/SKILL_013_20260119_085629/SKILL_013_20260119_085629_0.mcap
SKILL_013_20260119_125851,station_01_lab,SKILL_013,Set up a hand lamp,C_BECERRA,2026-01-19T12:58:51Z,2026-01-19T12:59:59Z,68.17,4.46,WARNING_DRIFT,FALSE,TOO_SHORT (68.2s),/mnt/nurvai-data/02/batch_01/SKILL_013_20260119_125851/SKILL_013_20260119_125851_0.mcap
SKILL_013_20260119_090136,station_01_lab,SKILL_013,Set up a hand lamp,C_BECERRA,2026-01-19T09:01:36Z,2026-01-19T09:05:07Z,210.60,4.62,PASS,TRUE,,/mnt/nurvai-data/02/batch_01/SKILL_013_20260119_090136/SKILL_013_20260119_090136_0.mcap
SKILL_013_20260119_130312,station_01_lab,SKILL_013,Set up a hand lamp,C_BECERRA,2026-01-19T13:03:12Z,2026-01-19T13:08:08Z,295.77,4.51,PASS,TRUE,,/mnt/nurvai-data/02/batch_01/SKILL_013_20260119_130312/SKILL_013_20260119_130312_0.mcap
SKILL_014_20260114_092640,station_01_lab,SKILL_014,Fasten nuts onto bolts,C_BECERRA,2026-01-14T09:26:40Z,2026-01-14T09:37:18Z,638.54,1.58,WARNING_DRIFT,TRUE,,/mnt/nurvai-data/02/batch_01/SKILL_014_20260114_092640/SKILL_014_20260114_092640_0.mcap
SKILL_014_20260115_153718,station_01_lab,SKILL_014,Fasten nuts onto bolts,C_BECERRA,2026-01-15T15:37:18Z,2026-01-15T15:37:55Z,36.57,4.73,PASS,FALSE,TOO_SHORT (36.6s),/mnt/nurvai-data/02/batch_01/SKILL_014_20260115_153718/SKILL_014_20260115_153718_0.mcap
SKILL_014_20260115_142910,station_01_lab,SKILL_014,Fasten nuts onto bolts,C_BECERRA,2026-01-15T14:29:10Z,2026-01-15T14:33:14Z,244.25,4.44,PASS,TRUE,,/mnt/nurvai-data/02/batch_01/SKILL_014_20260115_142910/SKILL_014_20260115_142910_0.mcap
SKILL_014_20260115_153850,station_01_lab,SKILL_014,Fasten nuts onto bolts,C_BECERRA,2026-01-15T15:38:50Z,2026-01-15T15:41:16Z,145.65,4.94,PASS,TRUE,,/mnt/nurvai-data/02/batch_01/SKILL_014_20260115_153850/SKILL_014_20260115_153850_0.mcap
SKILL_014_20260116_112322,station_01_lab,SKILL_014,Fasten nuts onto bolts,C_BECERRA,2026-01-16T11:23:22Z,2026-01-16T11:28:26Z,303.93,7.30,PASS,TRUE,,/mnt/nurvai-data/02/batch_01/SKILL_014_20260116_112322/SKILL_014_20260116_112322_0.mcap
SKILL_014_20260116_112827,station_01_lab,SKILL_014,Fasten nuts onto bolts,C_BECERRA,2026-01-16T11:28:27Z,2026-01-16T11:28:53Z,26.24,7.32,PASS,FALSE,TOO_SHORT (26.2s),/mnt/nurvai-data/02/batch_01/SKILL_014_20260116_112827/SKILL_014_20260116_112827_0.mcap
SKILL_014_20260117_113037,station_01_lab,SKILL_014,Fasten nuts onto bolts,C_BECERRA,2026-01-17T11:30:37Z,2026-01-17T11:41:07Z,629.73,4.68,PASS,TRUE,,/mnt/nurvai-data/02/batch_01/SKILL_014_20260117_113037/SKILL_014_20260117_113037_0.mcap
SKILL_014_20260119_090629,station_01_lab,SKILL_014,Fasten nuts onto bolts,C_BECERRA,2026-01-19T09:06:29Z,2026-01-19T09:08:54Z,145.50,4.57,PASS,TRUE,,/mnt/nurvai-data/02/batch_01/SKILL_014_20260119_090629/SKILL_014_20260119_090629_0.mcap
SKILL_014_20260119_090932,station_01_lab,SKILL_014,Fasten nuts onto bolts,C_BECERRA,2026-01-19T09:09:32Z,2026-01-19T09:10:53Z,80.66,4.44,PASS,FALSE,TOO_SHORT (80.7s),/mnt/nurvai-data/02/batch_01/SKILL_014_20260119_090932/SKILL_014_20260119_090932_0.mcap
SKILL_015_20260114_094016,station_01_lab,SKILL_015,Thread a needle,C_BECERRA,2026-01-14T09:40:16Z,2026-01-14T09:42:24Z,128.06,2.17,WARNING_DRIFT,TRUE,,/mnt/nurvai-data/02/batch_01/SKILL_015_20260114_094016/SKILL_015_20260114_094016_0.mcap
SKILL_014_20260119_091310,station_01_lab,SKILL_014,Fasten nuts onto bolts,C_BECERRA,2026-01-19T09:13:10Z,2026-01-19T09:25:32Z,742.88,4.56,PASS,TRUE,,/mnt/nurvai-data/02/batch_01/SKILL_014_20260119_091310/SKILL_014_20260119_091310_0.mcap
SKILL_015_20260114_094321,station_01_lab,SKILL_015,Thread a needle,C_BECERRA,2026-01-14T09:43:21Z,2026-01-14T09:46:47Z,205.27,1.88,WARNING_DRIFT,TRUE,,/mnt/nurvai-data/02/batch_01/SKILL_015_20260114_094321/SKILL_015_20260114_094321_0.mcap
SKILL_015_20260114_094731,station_01_lab,SKILL_015,Thread a needle,C_BECERRA,2026-01-14T09:47:31Z,2026-01-14T09:47:34Z,3.65,23.24,WARNING_DRIFT,FALSE,TOO_SHORT (3.6s),/mnt/nurvai-data/02/batch_01/SKILL_015_20260114_094731/SKILL_015_20260114_094731_0.mcap
SKILL_015_20260114_094815,station_01_lab,SKILL_015,Thread a needle,C_BECERRA,2026-01-14T09:48:15Z,2026-01-14T09:52:16Z,241.08,1.90,WARNING_DRIFT,TRUE,,/mnt/nurvai-data/02/batch_01/SKILL_015_20260114_094815/SKILL_015_20260114_094815_0.mcap
SKILL_015_20260114_095336,station_01_lab,SKILL_015,Thread a needle,C_BECERRA,2026-01-14T09:53:36Z,2026-01-14T09:55:57Z,141.20,2.19,WARNING_DRIFT,TRUE,,/mnt/nurvai-data/02/batch_01/SKILL_015_20260114_095336/SKILL_015_20260114_095336_0.mcap
SKILL_015_20260116_113215,station_01_lab,SKILL_015,Thread a needle,C_BECERRA,2026-01-16T11:32:15Z,2026-01-16T11:35:01Z,165.70,7.29,PASS,TRUE,,/mnt/nurvai-data/02/batch_01/SKILL_015_20260116_113215/SKILL_015_20260116_113215_0.mcap
SKILL_015_20260116_113556,station_01_lab,SKILL_015,Thread a needle,C_BECERRA,2026-01-16T11:35:56Z,2026-01-16T11:38:33Z,156.29,7.15,PASS,TRUE,,/mnt/nurvai-data/02/batch_01/SKILL_015_20260116_113556/SKILL_015_20260116_113556_0.mcap
SKILL_015_20260117_114238,station_01_lab,SKILL_015,Thread a needle,C_BECERRA,2026-01-17T11:42:38Z,2026-01-17T11:46:01Z,203.30,4.67,PASS,TRUE,,/mnt/nurvai-data/02/batch_01/SKILL_015_20260117_114238/SKILL_015_20260117_114238_0.mcap
SKILL_015_20260117_114638,station_01_lab,SKILL_015,Thread a needle,C_BECERRA,2026-01-17T11:46:38Z,2026-01-17T11:48:35Z,117.04,4.62,PASS,TRUE,,/mnt/nurvai-data/02/batch_01/SKILL_015_20260117_114638/SKILL_015_20260117_114638_0.mcap
SKILL_015_20260119_092913,station_01_lab,SKILL_015,Thread a needle,C_BECERRA,2026-01-19T09:29:13Z,2026-01-19T09:30:22Z,69.71,4.70,PASS,FALSE,TOO_SHORT (69.7s),/mnt/nurvai-data/02/batch_01/SKILL_015_20260119_092913/SKILL_015_20260119_092913_0.mcap
SKILL_015_20260119_093122,station_01_lab,SKILL_015,Thread a needle,C_BECERRA,2026-01-19T09:31:22Z,2026-01-19T09:32:29Z,67.27,4.76,PASS,FALSE,TOO_SHORT (67.3s),/mnt/nurvai-data/02/batch_01/SKILL_015_20260119_093122/SKILL_015_20260119_093122_0.mcap
SKILL_016_20260113_144322,station_01_lab,SKILL_016,Package a sewing set,C_BECERRA,2026-01-13T14:43:22Z,2026-01-13T14:47:46Z,264.65,4.96,WARNING_DRIFT,TRUE,,/mnt/nurvai-data/02/batch_01/SKILL_016_20260113_144322/SKILL_016_20260113_144322_0.mcap
SKILL_016_20260116_113908,station_01_lab,SKILL_016,Package a sewing set,C_BECERRA,2026-01-16T11:39:08Z,2026-01-16T11:42:49Z,220.92,7.64,PASS,TRUE,,/mnt/nurvai-data/02/batch_01/SKILL_016_20260116_113908/SKILL_016_20260116_113908_0.mcap
SKILL_016_20260115_154527,station_01_lab,SKILL_016,Package a sewing set,C_BECERRA,2026-01-15T15:45:27Z,2026-01-15T15:48:48Z,200.91,5.16,PASS,TRUE,,/mnt/nurvai-data/02/batch_01/SKILL_016_20260115_154527/SKILL_016_20260115_154527_0.mcap
SKILL_016_20260116_114250,station_01_lab,SKILL_016,Package a sewing set,C_BECERRA,2026-01-16T11:42:50Z,2026-01-16T11:42:51Z,0.91,3.21,PASS,FALSE,TOO_SHORT (0.9s),/mnt/nurvai-data/02/batch_01/SKILL_016_20260116_114250/SKILL_016_20260116_114250_0.mcap
SKILL_016_20260116_114355,station_01_lab,SKILL_016,Package a sewing set,C_BECERRA,2026-01-16T11:43:55Z,2026-01-16T11:43:56Z,0.49,6.56,PASS,FALSE,TOO_SHORT (0.5s),/mnt/nurvai-data/02/batch_01/SKILL_016_20260116_114355/SKILL_016_20260116_114355_0.mcap
SKILL_016_20260117_115009,station_01_lab,SKILL_016,Package a sewing set,C_BECERRA,2026-01-17T11:50:09Z,2026-01-17T11:51:08Z,58.53,4.59,PASS,FALSE,TOO_SHORT (58.5s),/mnt/nurvai-data/02/batch_01/SKILL_016_20260117_115009/SKILL_016_20260117_115009_0.mcap
SKILL_016_20260117_120226,station_01_lab,SKILL_016,Package a sewing set,C_BECERRA,2026-01-17T12:02:26Z,2026-01-17T12:03:38Z,71.96,4.76,PASS,FALSE,TOO_SHORT (72.0s),/mnt/nurvai-data/02/batch_01/SKILL_016_20260117_120226/SKILL_016_20260117_120226_0.mcap
SKILL_016_20260117_120358,station_01_lab,SKILL_016,Package a sewing set,C_BECERRA,2026-01-17T12:03:58Z,2026-01-17T12:04:47Z,48.79,4.69,PASS,FALSE,TOO_SHORT (48.8s),/mnt/nurvai-data/02/batch_01/SKILL_016_20260117_120358/SKILL_016_20260117_120358_0.mcap
SKILL_016_20260119_095134,station_01_lab,SKILL_016,Package a sewing set,C_BECERRA,2026-01-19T09:51:34Z,2026-01-19T09:52:01Z,26.80,4.49,PASS,FALSE,TOO_SHORT (26.8s),/mnt/nurvai-data/02/batch_01/SKILL_016_20260119_095134/SKILL_016_20260119_095134_0.mcap
SKILL_016_20260119_095239,station_01_lab,SKILL_016,Package a sewing set,C_BECERRA,2026-01-19T09:52:39Z,2026-01-19T09:53:31Z,52.27,4.75,PASS,FALSE,TOO_SHORT (52.3s),/mnt/nurvai-data/02/batch_01/SKILL_016_20260119_095239/SKILL_016_20260119_095239_0.mcap
SKILL_016_20260119_095357,station_01_lab,SKILL_016,Package a sewing set,C_BECERRA,2026-01-19T09:53:57Z,2026-01-19T09:54:49Z,51.80,4.70,WARNING_DRIFT,FALSE,TOO_SHORT (51.8s),/mnt/nurvai-data/02/batch_01/SKILL_016_20260119_095357/SKILL_016_20260119_095357_0.mcap
SKILL_017_20260114_095938,station_01_lab,SKILL_017,Put pasta in ziploc bags,C_BECERRA,2026-01-14T09:59:38Z,2026-01-14T10:11:08Z,690.24,1.84,WARNING_DRIFT,TRUE,,/mnt/nurvai-data/02/batch_01/SKILL_017_20260114_095938/SKILL_017_20260114_095938_0.mcap
SKILL_017_20260116_115347,station_01_lab,SKILL_017,Put pasta in ziploc bags,C_BECERRA,2026-01-16T11:53:47Z,2026-01-16T12:00:26Z,399.28,8.54,PASS,TRUE,,/mnt/nurvai-data/02/batch_01/SKILL_017_20260116_115347/SKILL_017_20260116_115347_0.mcap
SKILL_017_20260116_123516,station_01_lab,SKILL_017,Put pasta in ziploc bags,E_MARTINEZ,2026-01-16T12:35:16Z,2026-01-16T12:46:10Z,653.98,6.91,PASS,TRUE,,/mnt/nurvai-data/02/batch_01/SKILL_017_20260116_123516/SKILL_017_20260116_123516_0.mcap
SKILL_017_20260117_120559,station_01_lab,SKILL_017,Put pasta in ziploc bags,C_BECERRA,2026-01-17T12:05:59Z,2026-01-17T12:11:52Z,353.28,4.84,PASS,TRUE,,/mnt/nurvai-data/02/batch_01/SKILL_017_20260117_120559/SKILL_017_20260117_120559_0.mcap
SKILL_018_20260114_101959,station_01_lab,SKILL_018,Close bags with twist ties,C_BECERRA,2026-01-14T10:19:59Z,2026-01-14T10:34:49Z,889.66,1.67,WARNING_DRIFT,TRUE,,/mnt/nurvai-data/02/batch_01/SKILL_018_20260114_101959/SKILL_018_20260114_101959_0.mcap
SKILL_017_20260119_095547,station_01_lab,SKILL_017,Put pasta in ziploc bags,C_BECERRA,2026-01-19T09:55:47Z,2026-01-19T10:03:46Z,478.70,4.98,PASS,TRUE,,/mnt/nurvai-data/02/batch_01/SKILL_017_20260119_095547/SKILL_017_20260119_095547_0.mcap
SKILL_018_20260116_123350,station_01_lab,SKILL_018,Close bags with twist ties,C_BECERRA,2026-01-16T12:33:50Z,2026-01-16T12:33:50Z,0.50,0.06,PASS,FALSE,TOO_SHORT (0.5s),/mnt/nurvai-data/02/batch_01/SKILL_018_20260116_123350/SKILL_018_20260116_123350_0.mcap
SKILL_018_20260116_122444,station_01_lab,SKILL_018,Close bags with twist ties,C_BECERRA,2026-01-16T12:24:44Z,2026-01-16T12:33:48Z,544.68,7.91,PASS,TRUE,,/mnt/nurvai-data/02/batch_01/SKILL_018_20260116_122444/SKILL_018_20260116_122444_0.mcap
SKILL_018_20260117_121503,station_01_lab,SKILL_018,Close bags with twist ties,C_BECERRA,2026-01-17T12:15:03Z,2026-01-17T12:24:27Z,563.41,4.59,PASS,TRUE,,/mnt/nurvai-data/02/batch_01/SKILL_018_20260117_121503/SKILL_018_20260117_121503_0.mcap
SKILL_018_20260119_101129,station_01_lab,SKILL_018,Close bags with twist ties,C_BECERRA,2026-01-19T10:11:29Z,2026-01-19T10:13:33Z,124.15,4.76,PASS,TRUE,,/mnt/nurvai-data/02/batch_01/SKILL_018_20260119_101129/SKILL_018_20260119_101129_0.mcap
SKILL_018_20260119_101539,station_01_lab,SKILL_018,Close bags with twist ties,C_BECERRA,2026-01-19T10:15:39Z,2026-01-19T10:21:29Z,350.64,4.02,PASS,TRUE,,/mnt/nurvai-data/02/batch_01/SKILL_018_20260119_101539/SKILL_018_20260119_101539_0.mcap
SKILL_019_20260114_103657,station_01_lab,SKILL_019,Put pasta in plastic containers,C_BECERRA,2026-01-14T10:36:57Z,2026-01-14T10:44:33Z,456.03,1.85,WARNING_DRIFT,TRUE,,/mnt/nurvai-data/02/batch_01/SKILL_019_20260114_103657/SKILL_019_20260114_103657_0.mcap
SKILL_019_20260114_104606,station_01_lab,SKILL_019,Put pasta in plastic containers,C_BECERRA,2026-01-14T10:46:06Z,2026-01-14T10:51:49Z,343.73,1.94,WARNING_DRIFT,TRUE,,/mnt/nurvai-data/02/batch_01/SKILL_019_20260114_104606/SKILL_019_20260114_104606_0.mcap
SKILL_019_20260114_105230,station_01_lab,SKILL_019,Put pasta in plastic containers,C_BECERRA,2026-01-14T10:52:30Z,2026-01-14T10:53:32Z,61.74,2.92,WARNING_DRIFT,FALSE,TOO_SHORT (61.7s),/mnt/nurvai-data/02/batch_01/SKILL_019_20260114_105230/SKILL_019_20260114_105230_0.mcap
SKILL_019_20260114_105516,station_01_lab,SKILL_019,Put pasta in plastic containers,C_BECERRA,2026-01-14T10:55:16Z,2026-01-14T10:57:11Z,115.16,2.27,WARNING_DRIFT,TRUE,,/mnt/nurvai-data/02/batch_01/SKILL_019_20260114_105516/SKILL_019_20260114_105516_0.mcap
SKILL_019_20260116_125616,station_01_lab,SKILL_019,Put pasta in plastic containers,C_BECERRA,2026-01-16T12:56:16Z,2026-01-16T13:01:22Z,305.98,7.80,PASS,TRUE,,/mnt/nurvai-data/02/batch_01/SKILL_019_20260116_125616/SKILL_019_20260116_125616_0.mcap
SKILL_019_20260116_130214,station_01_lab,SKILL_019,Put pasta in plastic containers,E_MARTINEZ,2026-01-16T13:02:14Z,2026-01-16T13:07:11Z,296.74,7.61,PASS,TRUE,,/mnt/nurvai-data/02/batch_01/SKILL_019_20260116_130214/SKILL_019_20260116_130214_0.mcap
SKILL_019_20260116_130712,station_01_lab,SKILL_019,Put pasta in plastic containers,E_MARTINEZ,2026-01-16T13:07:12Z,2026-01-16T13:07:14Z,2.27,7.28,PASS,FALSE,TOO_SHORT (2.3s),/mnt/nurvai-data/02/batch_01/SKILL_019_20260116_130712/SKILL_019_20260116_130712_0.mcap
SKILL_020_20260114_143854,station_01_lab,SKILL_020,Open locks with their keys,C_BECERRA,2026-01-14T14:38:54Z,2026-01-14T14:42:40Z,226.34,1.79,WARNING_DRIFT,TRUE,,/mnt/nurvai-data/02/batch_01/SKILL_020_20260114_143854/SKILL_020_20260114_143854_0.mcap
SKILL_019_20260117_122744,station_01_lab,SKILL_019,Put pasta in plastic containers,C_BECERRA,2026-01-17T12:27:44Z,2026-01-17T12:31:55Z,251.38,4.82,PASS,TRUE,,/mnt/nurvai-data/02/batch_01/SKILL_019_20260117_122744/SKILL_019_20260117_122744_0.mcap
SKILL_020_20260114_145118,station_01_lab,SKILL_020,Open locks with their keys,C_BECERRA,2026-01-14T14:51:18Z,2026-01-14T14:54:18Z,180.35,1.97,WARNING_DRIFT,TRUE,,/mnt/nurvai-data/02/batch_01/SKILL_020_20260114_145118/SKILL_020_20260114_145118_0.mcap
SKILL_020_20260114_144502,station_01_lab,SKILL_020,Open locks with their keys,C_BECERRA,2026-01-14T14:45:02Z,2026-01-14T14:45:39Z,36.60,3.62,WARNING_DRIFT,FALSE,TOO_SHORT (36.6s),/mnt/nurvai-data/02/batch_01/SKILL_020_20260114_144502/SKILL_020_20260114_144502_0.mcap
SKILL_020_20260114_145503,station_01_lab,SKILL_020,Open locks with their keys,C_BECERRA,2026-01-14T14:55:03Z,2026-01-14T14:55:23Z,19.84,2.31,WARNING_DRIFT,FALSE,TOO_SHORT (19.8s),/mnt/nurvai-data/02/batch_01/SKILL_020_20260114_145503/SKILL_020_20260114_145503_0.mcap
SKILL_020_20260114_145525,station_01_lab,SKILL_020,Open locks with their keys,C_BECERRA,2026-01-14T14:55:25Z,2026-01-14T14:55:26Z,1.02,39.22,WARNING_DRIFT,FALSE,TOO_SHORT (1.0s),/mnt/nurvai-data/02/batch_01/SKILL_020_20260114_145525/SKILL_020_20260114_145525_0.mcap
SKILL_020_20260114_145715,station_01_lab,SKILL_020,Open locks with their keys,C_BECERRA,2026-01-14T14:57:15Z,2026-01-14T14:57:16Z,1.02,28.19,WARNING_DRIFT,FALSE,TOO_SHORT (1.0s),/mnt/nurvai-data/02/batch_01/SKILL_020_20260114_145715/SKILL_020_20260114_145715_0.mcap
SKILL_020_20260114_145601,station_01_lab,SKILL_020,Open locks with their keys,C_BECERRA,2026-01-14T14:56:01Z,2026-01-14T14:56:27Z,26.37,4.61,WARNING_DRIFT,FALSE,TOO_SHORT (26.4s),/mnt/nurvai-data/02/batch_01/SKILL_020_20260114_145601/SKILL_020_20260114_145601_0.mcap
SKILL_020_20260116_131039,station_01_lab,SKILL_020,Open locks with their keys,C_BECERRA,2026-01-16T13:10:39Z,2026-01-16T13:13:57Z,198.03,6.50,PASS,TRUE,,/mnt/nurvai-data/02/batch_01/SKILL_020_20260116_131039/SKILL_020_20260116_131039_0.mcap
SKILL_020_20260114_145732,station_01_lab,SKILL_020,Open locks with their keys,C_BECERRA,2026-01-14T14:57:32Z,2026-01-14T14:57:33Z,1.03,27.71,WARNING_DRIFT,FALSE,TOO_SHORT (1.0s),/mnt/nurvai-data/02/batch_01/SKILL_020_20260114_145732/SKILL_020_20260114_145732_0.mcap
SKILL_020_20260116_131358,station_01_lab,SKILL_020,Open locks with their keys,C_BECERRA,2026-01-16T13:13:58Z,2026-01-16T13:13:59Z,0.81,6.11,PASS,FALSE,TOO_SHORT (0.8s),/mnt/nurvai-data/02/batch_01/SKILL_020_20260116_131358/SKILL_020_20260116_131358_0.mcap
SKILL_020_20260117_123456,station_01_lab,SKILL_020,Open locks with their keys,C_BECERRA,2026-01-17T12:34:56Z,2026-01-17T12:36:41Z,104.99,4.40,PASS,TRUE,,/mnt/nurvai-data/02/batch_01/SKILL_020_20260117_123456/SKILL_020_20260117_123456_0.mcap
SKILL_020_20260119_102426,station_01_lab,SKILL_020,Open locks with their keys,C_BECERRA,2026-01-19T10:24:26Z,2026-01-19T10:26:39Z,133.08,4.32,PASS,TRUE,,/mnt/nurvai-data/02/batch_01/SKILL_020_20260119_102426/SKILL_020_20260119_102426_0.mcap
SKILL_020_20260119_102753,station_01_lab,SKILL_020,Open locks with their keys,C_BECERRA,2026-01-19T10:27:53Z,2026-01-19T10:29:23Z,90.23,4.23,PASS,TRUE,,/mnt/nurvai-data/02/batch_01/SKILL_020_20260119_102753/SKILL_020_20260119_102753_0.mcap
SKILL_001_20260121_070617,station_01_lab,SKILL_001,Organize beads per color,C_BECERRA,2026-01-21T07:06:17Z,2026-01-21T07:16:42Z,625.31,3.46,PASS,TRUE,,/mnt/nurvai-data/02/batch_02/SKILL_001_20260121_070617/SKILL_001_20260121_070617_0.mcap
SKILL_001_20260121_072752,station_01_lab,SKILL_001,Organize beads per color,C_BECERRA,2026-01-21T07:27:52Z,2026-01-21T07:28:28Z,36.07,4.19,WARNING_DRIFT,FALSE,TOO_SHORT (36.1s),/mnt/nurvai-data/02/batch_02/SKILL_001_20260121_072752/SKILL_001_20260121_072752_0.mcap
SKILL_001_20260121_073008,station_01_lab,SKILL_001,Organize beads per color,C_BECERRA,2026-01-21T07:30:08Z,2026-01-21T07:39:31Z,562.91,4.96,PASS,TRUE,,/mnt/nurvai-data/02/batch_02/SKILL_001_20260121_073008/SKILL_001_20260121_073008_0.mcap
SKILL_001_20260121_144313,station_01_lab,SKILL_001,Organize beads per color,C_BECERRA,2026-01-21T14:43:13Z,2026-01-21T14:56:53Z,820.00,5.03,PASS,TRUE,,/mnt/nurvai-data/02/batch_02/SKILL_001_20260121_144313/SKILL_001_20260121_144313_0.mcap
SKILL_001_20260122_073629,station_01_lab,SKILL_001,Organize beads per color,C_BECERRA,2026-01-22T07:36:29Z,2026-01-22T07:47:30Z,660.98,5.01,PASS,TRUE,,/mnt/nurvai-data/02/batch_02/SKILL_001_20260122_073629/SKILL_001_20260122_073629_0.mcap
SKILL_001_20260122_124726,station_01_lab,SKILL_001,Organize beads per color,C_BECERRA,2026-01-22T12:47:26Z,2026-01-22T12:56:57Z,570.81,4.92,PASS,TRUE,,/mnt/nurvai-data/02/batch_02/SKILL_001_20260122_124726/SKILL_001_20260122_124726_0.mcap
SKILL_001_20260123_121443,station_01_lab,SKILL_001,Organize beads per color,H_ALCARAZ,2026-01-23T12:14:43Z,2026-01-23T12:25:08Z,625.46,4.98,PASS,TRUE,,/mnt/nurvai-data/02/batch_02/SKILL_001_20260123_121443/SKILL_001_20260123_121443_0.mcap
SKILL_001_20260123_070502,station_01_lab,SKILL_001,Organize beads per color,C_BECERRA,2026-01-23T07:05:02Z,2026-01-23T07:15:34Z,632.05,5.05,PASS,TRUE,,/mnt/nurvai-data/02/batch_02/SKILL_001_20260123_070502/SKILL_001_20260123_070502_0.mcap
SKILL_001_20260124_071103,station_01_lab,SKILL_001,Organize beads per color,C_BECERRA,2026-01-24T07:11:03Z,2026-01-24T07:23:19Z,736.45,4.95,PASS,TRUE,,/mnt/nurvai-data/02/batch_02/SKILL_001_20260124_071103/SKILL_001_20260124_071103_0.mcap
SKILL_001_20260124_112208,station_01_lab,SKILL_001,Organize beads per color,C_BECERRA,2026-01-24T11:22:08Z,2026-01-24T11:30:29Z,501.33,4.69,PASS,TRUE,,/mnt/nurvai-data/02/batch_02/SKILL_001_20260124_112208/SKILL_001_20260124_112208_0.mcap
SKILL_001_20260126_071134,station_01_lab,SKILL_001,Organize beads per color,C_BECERRA,2026-01-26T07:11:34Z,2026-01-26T07:12:12Z,38.20,4.46,PASS,FALSE,TOO_SHORT (38.2s),/mnt/nurvai-data/02/batch_02/SKILL_001_20260126_071134/SKILL_001_20260126_071134_0.mcap
SKILL_001_20260126_071505,station_01_lab,SKILL_001,Organize beads per color,C_BECERRA,2026-01-26T07:15:05Z,2026-01-26T07:28:04Z,778.85,4.74,PASS,TRUE,,/mnt/nurvai-data/02/batch_02/SKILL_001_20260126_071505/SKILL_001_20260126_071505_0.mcap
SKILL_001_20260126_072900,station_01_lab,SKILL_001,Organize beads per color,C_BECERRA,2026-01-26T07:29:00Z,2026-01-26T07:30:17Z,77.03,4.76,PASS,FALSE,TOO_SHORT (77.0s),/mnt/nurvai-data/02/batch_02/SKILL_001_20260126_072900/SKILL_001_20260126_072900_0.mcap
SKILL_001_20260127_140846,station_01_lab,SKILL_001,Organize beads per color,L_AGUILERA,2026-01-27T14:08:46Z,2026-01-27T14:15:29Z,402.90,4.78,PASS,TRUE,,/mnt/nurvai-data/02/batch_02/SKILL_001_20260127_140846/SKILL_001_20260127_140846_0.mcap
SKILL_001_20260126_073206,station_01_lab,SKILL_001,Organize beads per color,C_BECERRA,2026-01-26T07:32:06Z,2026-01-26T07:32:11Z,5.47,4.30,PASS,FALSE,TOO_SHORT (5.5s),/mnt/nurvai-data/02/batch_02/SKILL_001_20260126_073206/SKILL_001_20260126_073206_0.mcap
SKILL_001_20260127_141849,station_01_lab,SKILL_001,Organize beads per color,L_AGUILERA,2026-01-27T14:18:49Z,2026-01-27T14:28:40Z,590.93,4.94,PASS,TRUE,,/mnt/nurvai-data/02/batch_02/SKILL_001_20260127_141849/SKILL_001_20260127_141849_0.mcap
SKILL_001_20260128_075024,station_01_lab,SKILL_001,Organize beads per color,L_AGUILERA,2026-01-28T07:50:24Z,2026-01-28T07:58:58Z,514.17,4.88,PASS,TRUE,,/mnt/nurvai-data/02/batch_02/SKILL_001_20260128_075024/SKILL_001_20260128_075024_0.mcap
SKILL_001_20260128_080313,station_01_lab,SKILL_001,Organize beads per color,L_AGUILERA,2026-01-28T08:03:13Z,2026-01-28T08:11:53Z,519.47,4.94,PASS,TRUE,,/mnt/nurvai-data/02/batch_02/SKILL_001_20260128_080313/SKILL_001_20260128_080313_0.mcap
SKILL_001_20260128_083741,station_01_lab,SKILL_001,Organize beads per color,D_VARGAS,2026-01-28T08:37:41Z,2026-01-28T08:45:54Z,492.43,4.84,PASS,TRUE,,/mnt/nurvai-data/02/batch_02/SKILL_001_20260128_083741/SKILL_001_20260128_083741_0.mcap
SKILL_003_20260121_075152,station_01_lab,SKILL_003,Organize screwdriver bits,C_BECERRA,2026-01-21T07:51:52Z,2026-01-21T07:55:36Z,224.05,4.64,PASS,TRUE,,/mnt/nurvai-data/02/batch_02/SKILL_003_20260121_075152/SKILL_003_20260121_075152_0.mcap
SKILL_003_20260121_075659,station_01_lab,SKILL_003,Organize screwdriver bits,C_BECERRA,2026-01-21T07:56:59Z,2026-01-21T08:00:30Z,211.26,4.64,PASS,TRUE,,/mnt/nurvai-data/02/batch_02/SKILL_003_20260121_075659/SKILL_003_20260121_075659_0.mcap
SKILL_003_20260122_075622,station_01_lab,SKILL_003,Organize screwdriver bits,C_BECERRA,2026-01-22T07:56:22Z,2026-01-22T08:01:18Z,295.94,4.56,PASS,TRUE,,/mnt/nurvai-data/02/batch_02/SKILL_003_20260122_075622/SKILL_003_20260122_075622_0.mcap
SKILL_003_20260122_074951,station_01_lab,SKILL_003,Organize screwdriver bits,C_BECERRA,2026-01-22T07:49:51Z,2026-01-22T07:54:21Z,269.41,4.59,PASS,TRUE,,/mnt/nurvai-data/02/batch_02/SKILL_003_20260122_074951/SKILL_003_20260122_074951_0.mcap
SKILL_003_20260122_130319,station_01_lab,SKILL_003,Organize screwdriver bits,C_BECERRA,2026-01-22T13:03:19Z,2026-01-22T13:08:30Z,310.32,4.59,PASS,TRUE,,/mnt/nurvai-data/02/batch_02/SKILL_003_20260122_130319/SKILL_003_20260122_130319_0.mcap
SKILL_003_20260122_130954,station_01_lab,SKILL_003,Organize screwdriver bits,C_BECERRA,2026-01-22T13:09:54Z,2026-01-22T13:15:05Z,311.62,4.53,PASS,TRUE,,/mnt/nurvai-data/02/batch_02/SKILL_003_20260122_130954/SKILL_003_20260122_130954_0.mcap
SKILL_003_20260123_071719,station_01_lab,SKILL_003,Organize screwdriver bits,C_BECERRA,2026-01-23T07:17:19Z,2026-01-23T07:22:19Z,300.44,4.47,PASS,TRUE,,/mnt/nurvai-data/02/batch_02/SKILL_003_20260123_071719/SKILL_003_20260123_071719_0.mcap
SKILL_003_20260123_072415,station_01_lab,SKILL_003,Organize screwdriver bits,C_BECERRA,2026-01-23T07:24:15Z,2026-01-23T07:27:12Z,177.77,4.57,PASS,TRUE,,/mnt/nurvai-data/02/batch_02/SKILL_003_20260123_072415/SKILL_003_20260123_072415_0.mcap
SKILL_003_20260123_123137,station_01_lab,SKILL_003,Organize screwdriver bits,H_ALCARAZ,2026-01-23T12:31:37Z,2026-01-23T12:35:17Z,219.44,4.50,PASS,TRUE,,/mnt/nurvai-data/02/batch_02/SKILL_003_20260123_123137/SKILL_003_20260123_123137_0.mcap
SKILL_003_20260123_122637,station_01_lab,SKILL_003,Organize screwdriver bits,H_ALCARAZ,2026-01-23T12:26:37Z,2026-01-23T12:30:44Z,247.06,4.49,PASS,TRUE,,/mnt/nurvai-data/02/batch_02/SKILL_003_20260123_122637/SKILL_003_20260123_122637_0.mcap
SKILL_003_20260124_072617,station_01_lab,SKILL_003,Organize screwdriver bits,C_BECERRA,2026-01-24T07:26:17Z,2026-01-24T07:29:47Z,209.66,4.60,PASS,TRUE,,/mnt/nurvai-data/02/batch_02/SKILL_003_20260124_072617/SKILL_003_20260124_072617_0.mcap
SKILL_003_20260124_073154,station_01_lab,SKILL_003,Organize screwdriver bits,C_BECERRA,2026-01-24T07:31:54Z,2026-01-24T07:34:53Z,179.87,4.64,PASS,TRUE,,/mnt/nurvai-data/02/batch_02/SKILL_003_20260124_073154/SKILL_003_20260124_073154_0.mcap
SKILL_003_20260124_073755,station_01_lab,SKILL_003,Organize screwdriver bits,C_BECERRA,2026-01-24T07:37:55Z,2026-01-24T07:38:23Z,28.28,4.84,PASS,FALSE,TOO_SHORT (28.3s),/mnt/nurvai-data/02/batch_02/SKILL_003_20260124_073755/SKILL_003_20260124_073755_0.mcap
SKILL_003_20260126_073219,station_01_lab,SKILL_003,Organize screwdriver bits,C_BECERRA,2026-01-26T07:32:19Z,2026-01-26T07:36:14Z,235.40,4.50,WARNING_DRIFT,TRUE,,/mnt/nurvai-data/02/batch_02/SKILL_003_20260126_073219/SKILL_003_20260126_073219_0.mcap
SKILL_003_20260126_073718,station_01_lab,SKILL_003,Organize screwdriver bits,C_BECERRA,2026-01-26T07:37:18Z,2026-01-26T07:40:53Z,215.26,4.57,PASS,TRUE,,/mnt/nurvai-data/02/batch_02/SKILL_003_20260126_073718/SKILL_003_20260126_073718_0.mcap
SKILL_003_20260128_101315,station_01_lab,SKILL_003,Organize screwdriver bits,E_MARTINEZ,2026-01-28T10:13:15Z,2026-01-28T10:18:50Z,335.37,4.93,PASS,TRUE,,/mnt/nurvai-data/02/batch_02/SKILL_003_20260128_101315/SKILL_003_20260128_101315_0.mcap
SKILL_003_20260128_102008,station_01_lab,SKILL_003,Organize screwdriver bits,E_MARTINEZ,2026-01-28T10:20:08Z,2026-01-28T10:25:25Z,317.30,4.90,PASS,TRUE,,/mnt/nurvai-data/02/batch_02/SKILL_003_20260128_102008/SKILL_003_20260128_102008_0.mcap
SKILL_003_20260128_111301,station_01_lab,SKILL_003,Organize screwdriver bits,D_VARGAS,2026-01-28T11:13:01Z,2026-01-28T11:20:04Z,422.91,4.69,PASS,TRUE,,/mnt/nurvai-data/02/batch_02/SKILL_003_20260128_111301/SKILL_003_20260128_111301_0.mcap
SKILL_003_20260128_122347,station_01_lab,SKILL_003,Organize screwdriver bits,L_AGUILERA,2026-01-28T12:23:47Z,2026-01-28T12:27:11Z,203.98,4.61,PASS,TRUE,,/mnt/nurvai-data/02/batch_02/SKILL_003_20260128_122347/SKILL_003_20260128_122347_0.mcap
SKILL_003_20260128_123219,station_01_lab,SKILL_003,Organize screwdriver bits,L_AGUILERA,2026-01-28T12:32:19Z,2026-01-28T12:36:06Z,227.24,4.58,PASS,TRUE,,/mnt/nurvai-data/02/batch_02/SKILL_003_20260128_123219/SKILL_003_20260128_123219_0.mcap
SKILL_003_20260128_122803,station_01_lab,SKILL_003,Organize screwdriver bits,L_AGUILERA,2026-01-28T12:28:03Z,2026-01-28T12:31:12Z,188.78,4.58,PASS,TRUE,,/mnt/nurvai-data/02/batch_02/SKILL_003_20260128_122803/SKILL_003_20260128_122803_0.mcap
SKILL_003_20260128_123801,station_01_lab,SKILL_003,Organize screwdriver bits,L_AGUILERA,2026-01-28T12:38:01Z,2026-01-28T12:40:09Z,128.08,4.36,PASS,TRUE,,/mnt/nurvai-data/02/batch_02/SKILL_003_20260128_123801/SKILL_003_20260128_123801_0.mcap
SKILL_003_20260128_124108,station_01_lab,SKILL_003,Organize screwdriver bits,L_AGUILERA,2026-01-28T12:41:08Z,2026-01-28T12:42:51Z,103.45,4.57,PASS,TRUE,,/mnt/nurvai-data/02/batch_02/SKILL_003_20260128_124108/SKILL_003_20260128_124108_0.mcap
SKILL_003_20260129_102614,station_01_lab,SKILL_003,Organize screwdriver bits,C_BECERRA,2026-01-29T10:26:14Z,2026-01-29T10:30:14Z,239.83,4.75,PASS,TRUE,,/mnt/nurvai-data/02/batch_02/SKILL_003_20260129_102614/SKILL_003_20260129_102614_0.mcap
SKILL_003_20260128_124402,station_01_lab,SKILL_003,Organize screwdriver bits,L_AGUILERA,2026-01-28T12:44:02Z,2026-01-28T12:45:26Z,84.41,4.49,PASS,FALSE,TOO_SHORT (84.4s),/mnt/nurvai-data/02/batch_02/SKILL_003_20260128_124402/SKILL_003_20260128_124402_0.mcap
SKILL_003_20260129_103255,station_01_lab,SKILL_003,Organize screwdriver bits,C_BECERRA,2026-01-29T10:32:55Z,2026-01-29T10:35:52Z,176.61,4.73,PASS,TRUE,,/mnt/nurvai-data/02/batch_02/SKILL_003_20260129_103255/SKILL_003_20260129_103255_0.mcap
SKILL_003_20260129_103710,station_01_lab,SKILL_003,Organize screwdriver bits,C_BECERRA,2026-01-29T10:37:10Z,2026-01-29T10:40:04Z,174.56,4.62,PASS,TRUE,,/mnt/nurvai-data/02/batch_02/SKILL_003_20260129_103710/SKILL_003_20260129_103710_0.mcap
SKILL_004_20260122_081621,station_01_lab,SKILL_004,Set Screwdriver package,C_BECERRA,2026-01-22T08:16:21Z,2026-01-22T08:18:59Z,158.49,4.97,PASS,TRUE,,/mnt/nurvai-data/02/batch_02/SKILL_004_20260122_081621/SKILL_004_20260122_081621_0.mcap
SKILL_004_20260122_082243,station_01_lab,SKILL_004,Set Screwdriver package,C_BECERRA,2026-01-22T08:22:43Z,2026-01-22T08:25:46Z,182.73,4.85,PASS,TRUE,,/mnt/nurvai-data/02/batch_02/SKILL_004_20260122_082243/SKILL_004_20260122_082243_0.mcap
SKILL_004_20260122_131744,station_01_lab,SKILL_004,Set Screwdriver package,C_BECERRA,2026-01-22T13:17:44Z,2026-01-22T13:21:14Z,210.51,4.94,PASS,TRUE,,/mnt/nurvai-data/02/batch_02/SKILL_004_20260122_131744/SKILL_004_20260122_131744_0.mcap
SKILL_004_20260122_132117,station_01_lab,SKILL_004,Set Screwdriver package,C_BECERRA,2026-01-22T13:21:17Z,2026-01-22T13:22:36Z,78.57,4.83,PASS,FALSE,TOO_SHORT (78.6s),/mnt/nurvai-data/02/batch_02/SKILL_004_20260122_132117/SKILL_004_20260122_132117_0.mcap
SKILL_004_20260122_132314,station_01_lab,SKILL_004,Set Screwdriver package,C_BECERRA,2026-01-22T13:23:14Z,2026-01-22T13:24:51Z,96.60,4.61,PASS,TRUE,,/mnt/nurvai-data/02/batch_02/SKILL_004_20260122_132314/SKILL_004_20260122_132314_0.mcap
SKILL_004_20260123_073408,station_01_lab,SKILL_004,Set Screwdriver package,C_BECERRA,2026-01-23T07:34:08Z,2026-01-23T07:35:03Z,55.35,4.86,PASS,FALSE,TOO_SHORT (55.3s),/mnt/nurvai-data/02/batch_02/SKILL_004_20260123_073408/SKILL_004_20260123_073408_0.mcap
SKILL_004_20260123_073652,station_01_lab,SKILL_004,Set Screwdriver package,C_BECERRA,2026-01-23T07:36:52Z,2026-01-23T07:36:57Z,4.77,4.51,PASS,FALSE,TOO_SHORT (4.8s),/mnt/nurvai-data/02/batch_02/SKILL_004_20260123_073652/SKILL_004_20260123_073652_0.mcap
SKILL_004_20260123_072826,station_01_lab,SKILL_004,Set Screwdriver package,C_BECERRA,2026-01-23T07:28:26Z,2026-01-23T07:33:30Z,303.12,4.96,PASS,TRUE,,/mnt/nurvai-data/02/batch_02/SKILL_004_20260123_072826/SKILL_004_20260123_072826_0.mcap
SKILL_004_20260123_124305,station_01_lab,SKILL_004,Set Screwdriver package,H_ALCARAZ,2026-01-23T12:43:05Z,2026-01-23T12:45:14Z,128.71,4.50,PASS,TRUE,,/mnt/nurvai-data/02/batch_02/SKILL_004_20260123_124305/SKILL_004_20260123_124305_0.mcap
SKILL_004_20260123_123636,station_01_lab,SKILL_004,Set Screwdriver package,H_ALCARAZ,2026-01-23T12:36:36Z,2026-01-23T12:42:38Z,361.66,4.84,PASS,TRUE,,/mnt/nurvai-data/02/batch_02/SKILL_004_20260123_123636/SKILL_004_20260123_123636_0.mcap
SKILL_004_20260124_074140,station_01_lab,SKILL_004,Set Screwdriver package,C_BECERRA,2026-01-24T07:41:40Z,2026-01-24T07:45:18Z,218.18,4.98,PASS,TRUE,,/mnt/nurvai-data/02/batch_02/SKILL_004_20260124_074140/SKILL_004_20260124_074140_0.mcap
SKILL_004_20260124_123054,station_01_lab,SKILL_004,Set Screwdriver package,H_ALCARAZ,2026-01-24T12:30:54Z,2026-01-24T12:34:13Z,199.22,4.84,PASS,TRUE,,/mnt/nurvai-data/02/batch_02/SKILL_004_20260124_123054/SKILL_004_20260124_123054_0.mcap
SKILL_004_20260128_105050,station_01_lab,SKILL_004,Set Screwdriver package,D_VARGAS,2026-01-28T10:50:50Z,2026-01-28T10:53:58Z,188.49,4.80,PASS,TRUE,,/mnt/nurvai-data/02/batch_02/SKILL_004_20260128_105050/SKILL_004_20260128_105050_0.mcap
SKILL_004_20260128_105740,station_01_lab,SKILL_004,Set Screwdriver package,D_VARGAS,2026-01-28T10:57:40Z,2026-01-28T10:59:15Z,95.04,4.82,PASS,TRUE,,/mnt/nurvai-data/02/batch_02/SKILL_004_20260128_105740/SKILL_004_20260128_105740_0.mcap
SKILL_004_20260128_133647,station_01_lab,SKILL_004,Set Screwdriver package,C_BECERRA,2026-01-28T13:36:47Z,2026-01-28T13:41:19Z,271.76,5.05,PASS,TRUE,,/mnt/nurvai-data/02/batch_02/SKILL_004_20260128_133647/SKILL_004_20260128_133647_0.mcap
SKILL_004_20260128_134203,station_01_lab,SKILL_004,Set Screwdriver package,C_BECERRA,2026-01-28T13:42:03Z,2026-01-28T13:45:15Z,192.12,4.98,PASS,TRUE,,/mnt/nurvai-data/02/batch_02/SKILL_004_20260128_134203/SKILL_004_20260128_134203_0.mcap
SKILL_004_20260129_105611,station_01_lab,SKILL_004,Set Screwdriver package,C_BECERRA,2026-01-29T10:56:11Z,2026-01-29T10:57:37Z,86.32,4.69,PASS,FALSE,TOO_SHORT (86.3s),/mnt/nurvai-data/02/batch_02/SKILL_004_20260129_105611/SKILL_004_20260129_105611_0.mcap
SKILL_004_20260129_105232,station_01_lab,SKILL_004,Set Screwdriver package,C_BECERRA,2026-01-29T10:52:32Z,2026-01-29T10:55:29Z,177.02,4.97,PASS,TRUE,,/mnt/nurvai-data/02/batch_02/SKILL_004_20260129_105232/SKILL_004_20260129_105232_0.mcap
SKILL_005_20260121_082929,station_01_lab,SKILL_005,Insert allen keys in package,C_BECERRA,2026-01-21T08:29:29Z,2026-01-21T08:32:52Z,203.77,4.58,PASS,TRUE,,/mnt/nurvai-data/02/batch_02/SKILL_005_20260121_082929/SKILL_005_20260121_082929_0.mcap
SKILL_005_20260121_082539,station_01_lab,SKILL_005,Insert allen keys in package,C_BECERRA,2026-01-21T08:25:39Z,2026-01-21T08:29:06Z,206.95,4.64,PASS,TRUE,,/mnt/nurvai-data/02/batch_02/SKILL_005_20260121_082539/SKILL_005_20260121_082539_0.mcap
SKILL_005_20260121_083312,station_01_lab,SKILL_005,Insert allen keys in package,C_BECERRA,2026-01-21T08:33:12Z,2026-01-21T08:35:28Z,136.50,4.61,PASS,TRUE,,/mnt/nurvai-data/02/batch_02/SKILL_005_20260121_083312/SKILL_005_20260121_083312_0.mcap
SKILL_005_20260122_082804,station_01_lab,SKILL_005,Insert allen keys in package,C_BECERRA,2026-01-22T08:28:04Z,2026-01-22T08:32:51Z,286.91,4.69,PASS,TRUE,,/mnt/nurvai-data/02/batch_02/SKILL_005_20260122_082804/SKILL_005_20260122_082804_0.mcap
SKILL_005_20260122_083318,station_01_lab,SKILL_005,Insert allen keys in package,C_BECERRA,2026-01-22T08:33:18Z,2026-01-22T08:36:48Z,210.18,4.60,PASS,TRUE,,/mnt/nurvai-data/02/batch_02/SKILL_005_20260122_083318/SKILL_005_20260122_083318_0.mcap
SKILL_005_20260122_133420,station_01_lab,SKILL_005,Insert allen keys in package,C_BECERRA,2026-01-22T13:34:20Z,2026-01-22T13:36:30Z,129.81,4.54,PASS,TRUE,,/mnt/nurvai-data/02/batch_02/SKILL_005_20260122_133420/SKILL_005_20260122_133420_0.mcap
SKILL_005_20260122_132652,station_01_lab,SKILL_005,Insert allen keys in package,C_BECERRA,2026-01-22T13:26:52Z,2026-01-22T13:33:02Z,370.08,4.58,PASS,TRUE,,/mnt/nurvai-data/02/batch_02/SKILL_005_20260122_132652/SKILL_005_20260122_132652_0.mcap
SKILL_005_20260123_073930,station_01_lab,SKILL_005,Insert allen keys in package,C_BECERRA,2026-01-23T07:39:30Z,2026-01-23T07:39:46Z,16.06,4.45,PASS,FALSE,TOO_SHORT (16.1s),/mnt/nurvai-data/02/batch_02/SKILL_005_20260123_073930/SKILL_005_20260123_073930_0.mcap
SKILL_005_20260123_074111,station_01_lab,SKILL_005,Insert allen keys in package,C_BECERRA,2026-01-23T07:41:11Z,2026-01-23T07:45:41Z,270.00,4.64,PASS,TRUE,,/mnt/nurvai-data/02/batch_02/SKILL_005_20260123_074111/SKILL_005_20260123_074111_0.mcap
SKILL_005_20260123_074613,station_01_lab,SKILL_005,Insert allen keys in package,C_BECERRA,2026-01-23T07:46:13Z,2026-01-23T07:48:56Z,163.32,4.49,PASS,TRUE,,/mnt/nurvai-data/02/batch_02/SKILL_005_20260123_074613/SKILL_005_20260123_074613_0.mcap
SKILL_005_20260123_124901,station_01_lab,SKILL_005,Insert allen keys in package,C_BECERRA,2026-01-23T12:49:01Z,2026-01-23T12:55:19Z,377.78,4.40,PASS,TRUE,,/mnt/nurvai-data/02/batch_02/SKILL_005_20260123_124901/SKILL_005_20260123_124901_0.mcap
SKILL_005_20260123_130026,station_01_lab,SKILL_005,Insert allen keys in package,C_BECERRA,2026-01-23T13:00:26Z,2026-01-23T13:02:13Z,107.21,4.34,PASS,TRUE,,/mnt/nurvai-data/02/batch_02/SKILL_005_20260123_130026/SKILL_005_20260123_130026_0.mcap
SKILL_005_20260123_125549,station_01_lab,SKILL_005,Insert allen keys in package,C_BECERRA,2026-01-23T12:55:49Z,2026-01-23T12:59:46Z,236.36,4.45,PASS,TRUE,,/mnt/nurvai-data/02/batch_02/SKILL_005_20260123_125549/SKILL_005_20260123_125549_0.mcap
SKILL_005_20260124_080158,station_01_lab,SKILL_005,Insert allen keys in package,H_ALCARAZ,2026-01-24T08:01:58Z,2026-01-24T08:05:17Z,198.82,4.58,PASS,TRUE,,/mnt/nurvai-data/02/batch_02/SKILL_005_20260124_080158/SKILL_005_20260124_080158_0.mcap
SKILL_005_20260124_075522,station_01_lab,SKILL_005,Insert allen keys in package,H_ALCARAZ,2026-01-24T07:55:22Z,2026-01-24T08:00:09Z,286.67,4.51,PASS,TRUE,,/mnt/nurvai-data/02/batch_02/SKILL_005_20260124_075522/SKILL_005_20260124_075522_0.mcap
SKILL_005_20260124_123824,station_01_lab,SKILL_005,Insert allen keys in package,H_ALCARAZ,2026-01-24T12:38:24Z,2026-01-24T12:42:25Z,240.82,4.48,PASS,TRUE,,/mnt/nurvai-data/02/batch_02/SKILL_005_20260124_123824/SKILL_005_20260124_123824_0.mcap
SKILL_005_20260124_124455,station_01_lab,SKILL_005,Insert allen keys in package,H_ALCARAZ,2026-01-24T12:44:55Z,2026-01-24T12:46:07Z,72.27,4.59,PASS,FALSE,TOO_SHORT (72.3s),/mnt/nurvai-data/02/batch_02/SKILL_005_20260124_124455/SKILL_005_20260124_124455_0.mcap
SKILL_005_20260126_074219,station_01_lab,SKILL_005,Insert allen keys in package,C_BECERRA,2026-01-26T07:42:19Z,2026-01-26T07:46:23Z,244.25,4.50,PASS,TRUE,,/mnt/nurvai-data/02/batch_02/SKILL_005_20260126_074219/SKILL_005_20260126_074219_0.mcap
SKILL_005_20260126_074647,station_01_lab,SKILL_005,Insert allen keys in package,C_BECERRA,2026-01-26T07:46:47Z,2026-01-26T07:50:36Z,228.54,4.54,PASS,TRUE,,/mnt/nurvai-data/02/batch_02/SKILL_005_20260126_074647/SKILL_005_20260126_074647_0.mcap
SKILL_005_20260128_112149,station_01_lab,SKILL_005,Insert allen keys in package,D_VARGAS,2026-01-28T11:21:49Z,2026-01-28T11:24:46Z,176.85,4.70,PASS,TRUE,,/mnt/nurvai-data/02/batch_02/SKILL_005_20260128_112149/SKILL_005_20260128_112149_0.mcap
SKILL_005_20260128_121442,station_01_lab,SKILL_005,Insert allen keys in package,L_AGUILERA,2026-01-28T12:14:42Z,2026-01-28T12:18:05Z,202.83,4.64,PASS,TRUE,,/mnt/nurvai-data/02/batch_02/SKILL_005_20260128_121442/SKILL_005_20260128_121442_0.mcap
SKILL_005_20260128_121904,station_01_lab,SKILL_005,Insert allen keys in package,L_AGUILERA,2026-01-28T12:19:04Z,2026-01-28T12:22:03Z,179.15,4.62,PASS,TRUE,,/mnt/nurvai-data/02/batch_02/SKILL_005_20260128_121904/SKILL_005_20260128_121904_0.mcap
SKILL_005_20260128_142538,station_01_lab,SKILL_005,Insert allen keys in package,L_AGUILERA,2026-01-28T14:25:38Z,2026-01-28T14:28:46Z,188.06,4.84,PASS,TRUE,,/mnt/nurvai-data/02/batch_02/SKILL_005_20260128_142538/SKILL_005_20260128_142538_0.mcap
SKILL_005_20260128_143000,station_01_lab,SKILL_005,Insert allen keys in package,L_AGUILERA,2026-01-28T14:30:00Z,2026-01-28T14:33:25Z,204.79,4.62,PASS,TRUE,,/mnt/nurvai-data/02/batch_02/SKILL_005_20260128_143000/SKILL_005_20260128_143000_0.mcap
SKILL_005_20260128_143429,station_01_lab,SKILL_005,Insert allen keys in package,L_AGUILERA,2026-01-28T14:34:29Z,2026-01-28T14:37:31Z,182.57,4.80,PASS,TRUE,,/mnt/nurvai-data/02/batch_02/SKILL_005_20260128_143429/SKILL_005_20260128_143429_0.mcap
SKILL_005_20260129_104226,station_01_lab,SKILL_005,Insert allen keys in package,C_BECERRA,2026-01-29T10:42:26Z,2026-01-29T10:45:35Z,188.97,4.64,PASS,TRUE,,/mnt/nurvai-data/02/batch_02/SKILL_005_20260129_104226/SKILL_005_20260129_104226_0.mcap
SKILL_005_20260129_123109,station_01_lab,SKILL_005,Insert allen keys in package,L_AGUILERA,2026-01-29T12:31:09Z,2026-01-29T12:32:35Z,86.36,5.82,PASS,FALSE,TOO_SHORT (86.4s),/mnt/nurvai-data/02/batch_02/SKILL_005_20260129_123109/SKILL_005_20260129_123109_0.mcap
SKILL_005_20260129_104631,station_01_lab,SKILL_005,Insert allen keys in package,C_BECERRA,2026-01-29T10:46:31Z,2026-01-29T10:49:49Z,198.38,4.57,PASS,TRUE,,/mnt/nurvai-data/02/batch_02/SKILL_005_20260129_104631/SKILL_005_20260129_104631_0.mcap
SKILL_005_20260129_123753,station_01_lab,SKILL_005,Insert allen keys in package,L_AGUILERA,2026-01-29T12:37:53Z,2026-01-29T12:40:57Z,183.93,6.38,PASS,TRUE,,/mnt/nurvai-data/02/batch_02/SKILL_005_20260129_123753/SKILL_005_20260129_123753_0.mcap
SKILL_005_20260129_123444,station_01_lab,SKILL_005,Insert allen keys in package,L_AGUILERA,2026-01-29T12:34:44Z,2026-01-29T12:37:27Z,163.53,6.16,PASS,TRUE,,/mnt/nurvai-data/02/batch_02/SKILL_005_20260129_123444/SKILL_005_20260129_123444_0.mcap
SKILL_005_20260129_143921,station_01_lab,SKILL_005,Insert allen keys in package,L_AGUILERA,2026-01-29T14:39:21Z,2026-01-29T14:42:19Z,177.90,4.77,PASS,TRUE,,/mnt/nurvai-data/02/batch_02/SKILL_005_20260129_143921/SKILL_005_20260129_143921_0.mcap
SKILL_005_20260129_144245,station_01_lab,SKILL_005,Insert allen keys in package,L_AGUILERA,2026-01-29T14:42:45Z,2026-01-29T14:45:35Z,169.78,4.67,PASS,TRUE,,/mnt/nurvai-data/02/batch_02/SKILL_005_20260129_144245/SKILL_005_20260129_144245_0.mcap
SKILL_005_20260129_144647,station_01_lab,SKILL_005,Insert allen keys in package,L_AGUILERA,2026-01-29T14:46:47Z,2026-01-29T14:49:11Z,144.01,4.71,PASS,TRUE,,/mnt/nurvai-data/02/batch_02/SKILL_005_20260129_144647/SKILL_005_20260129_144647_0.mcap
SKILL_007_20260120_152745,station_01_lab,SKILL_007,Separate tongue depressors by color,C_BECERRA,2026-01-20T15:27:45Z,2026-01-20T15:32:17Z,272.02,4.98,PASS,TRUE,,/mnt/nurvai-data/02/batch_02/SKILL_007_20260120_152745/SKILL_007_20260120_152745_0.mcap
SKILL_007_20260121_083745,station_01_lab,SKILL_007,Separate tongue depressors by color,C_BECERRA,2026-01-21T08:37:45Z,2026-01-21T08:46:03Z,497.87,5.08,PASS,TRUE,,/mnt/nurvai-data/02/batch_02/SKILL_007_20260121_083745/SKILL_007_20260121_083745_0.mcap
SKILL_007_20260122_083736,station_01_lab,SKILL_007,Separate tongue depressors by color,C_BECERRA,2026-01-22T08:37:36Z,2026-01-22T08:47:39Z,603.04,5.24,PASS,TRUE,,/mnt/nurvai-data/02/batch_02/SKILL_007_20260122_083736/SKILL_007_20260122_083736_0.mcap
SKILL_007_20260122_133856,station_01_lab,SKILL_007,Separate tongue depressors by color,C_BECERRA,2026-01-22T13:38:56Z,2026-01-22T13:47:56Z,540.26,5.15,PASS,TRUE,,/mnt/nurvai-data/02/batch_02/SKILL_007_20260122_133856/SKILL_007_20260122_133856_0.mcap
SKILL_007_20260123_130505,station_01_lab,SKILL_007,Separate tongue depressors by color,C_BECERRA,2026-01-23T13:05:05Z,2026-01-23T13:11:28Z,382.37,5.01,PASS,TRUE,,/mnt/nurvai-data/02/batch_02/SKILL_007_20260123_130505/SKILL_007_20260123_130505_0.mcap
SKILL_007_20260123_075031,station_01_lab,SKILL_007,Separate tongue depressors by color,C_BECERRA,2026-01-23T07:50:31Z,2026-01-23T07:58:29Z,478.80,4.93,PASS,TRUE,,/mnt/nurvai-data/02/batch_02/SKILL_007_20260123_075031/SKILL_007_20260123_075031_0.mcap
SKILL_007_20260123_131220,station_01_lab,SKILL_007,Separate tongue depressors by color,C_BECERRA,2026-01-23T13:12:20Z,2026-01-23T13:16:19Z,238.86,5.05,PASS,TRUE,,/mnt/nurvai-data/02/batch_02/SKILL_007_20260123_131220/SKILL_007_20260123_131220_0.mcap
SKILL_007_20260124_082046,station_01_lab,SKILL_007,Separate tongue depressors by color,H_ALCARAZ,2026-01-24T08:20:46Z,2026-01-24T08:30:07Z,560.50,4.82,PASS,TRUE,,/mnt/nurvai-data/02/batch_02/SKILL_007_20260124_082046/SKILL_007_20260124_082046_0.mcap
SKILL_007_20260126_075236,station_01_lab,SKILL_007,Separate tongue depressors by color,C_BECERRA,2026-01-26T07:52:36Z,2026-01-26T08:01:06Z,509.97,4.97,PASS,TRUE,,/mnt/nurvai-data/02/batch_02/SKILL_007_20260126_075236/SKILL_007_20260126_075236_0.mcap
SKILL_009_20260121_074236,station_01_lab,SKILL_009,Package Cotton set,C_BECERRA,2026-01-21T07:42:36Z,2026-01-21T07:48:19Z,342.54,4.43,PASS,TRUE,,/mnt/nurvai-data/02/batch_02/SKILL_009_20260121_074236/SKILL_009_20260121_074236_0.mcap
SKILL_009_20260121_074857,station_01_lab,SKILL_009,Package Cotton set,C_BECERRA,2026-01-21T07:48:57Z,2026-01-21T07:50:33Z,95.54,4.40,PASS,TRUE,,/mnt/nurvai-data/02/batch_02/SKILL_009_20260121_074857/SKILL_009_20260121_074857_0.mcap
SKILL_009_20260121_084812,station_01_lab,SKILL_009,Package Cotton set,C_BECERRA,2026-01-21T08:48:12Z,2026-01-21T08:53:44Z,331.90,4.40,PASS,TRUE,,/mnt/nurvai-data/02/batch_02/SKILL_009_20260121_084812/SKILL_009_20260121_084812_0.mcap
SKILL_009_20260121_085419,station_01_lab,SKILL_009,Package Cotton set,C_BECERRA,2026-01-21T08:54:19Z,2026-01-21T08:59:04Z,284.72,4.26,PASS,TRUE,,/mnt/nurvai-data/02/batch_02/SKILL_009_20260121_085419/SKILL_009_20260121_085419_0.mcap
SKILL_009_20260122_140401,station_01_lab,SKILL_009,Package Cotton set,D_VARGAS,2026-01-22T14:04:01Z,2026-01-22T14:07:19Z,198.04,4.27,PASS,TRUE,,/mnt/nurvai-data/02/batch_02/SKILL_009_20260122_140401/SKILL_009_20260122_140401_0.mcap
SKILL_009_20260122_085015,station_01_lab,SKILL_009,Package Cotton set,C_BECERRA,2026-01-22T08:50:15Z,2026-01-22T09:00:02Z,587.13,4.37,PASS,TRUE,,/mnt/nurvai-data/02/batch_02/SKILL_009_20260122_085015/SKILL_009_20260122_085015_0.mcap
SKILL_009_20260123_080553,station_01_lab,SKILL_009,Package Cotton set,C_BECERRA,2026-01-23T08:05:53Z,2026-01-23T08:15:14Z,561.53,4.31,PASS,TRUE,,/mnt/nurvai-data/02/batch_02/SKILL_009_20260123_080553/SKILL_009_20260123_080553_0.mcap
SKILL_009_20260123_131951,station_01_lab,SKILL_009,Package Cotton set,C_BECERRA,2026-01-23T13:19:51Z,2026-01-23T13:30:58Z,666.71,4.45,PASS,TRUE,,/mnt/nurvai-data/02/batch_02/SKILL_009_20260123_131951/SKILL_009_20260123_131951_0.mcap
SKILL_009_20260123_133251,station_01_lab,SKILL_009,Package Cotton set,C_BECERRA,2026-01-23T13:32:51Z,2026-01-23T13:32:54Z,2.89,5.34,PASS,FALSE,TOO_SHORT (2.9s),/mnt/nurvai-data/02/batch_02/SKILL_009_20260123_133251/SKILL_009_20260123_133251_0.mcap
SKILL_009_20260124_124945,station_01_lab,SKILL_009,Package Cotton set,H_ALCARAZ,2026-01-24T12:49:45Z,2026-01-24T12:53:32Z,226.62,4.54,PASS,TRUE,,/mnt/nurvai-data/02/batch_02/SKILL_009_20260124_124945/SKILL_009_20260124_124945_0.mcap
SKILL_009_20260124_083344,station_01_lab,SKILL_009,Package Cotton set,H_ALCARAZ,2026-01-24T08:33:44Z,2026-01-24T08:44:12Z,628.10,4.69,PASS,TRUE,,/mnt/nurvai-data/02/batch_02/SKILL_009_20260124_083344/SKILL_009_20260124_083344_0.mcap
SKILL_009_20260124_125408,station_01_lab,SKILL_009,Package Cotton set,H_ALCARAZ,2026-01-24T12:54:08Z,2026-01-24T12:57:46Z,218.18,4.81,PASS,TRUE,,/mnt/nurvai-data/02/batch_02/SKILL_009_20260124_125408/SKILL_009_20260124_125408_0.mcap
SKILL_009_20260127_133901,station_01_lab,SKILL_009,Package Cotton set,N_MORA,2026-01-27T13:39:01Z,2026-01-27T13:42:48Z,226.53,4.16,PASS,TRUE,,/mnt/nurvai-data/02/batch_02/SKILL_009_20260127_133901/SKILL_009_20260127_133901_0.mcap
SKILL_009_20260126_081909,station_01_lab,SKILL_009,Package Cotton set,C_BECERRA,2026-01-26T08:19:09Z,2026-01-26T08:26:30Z,441.04,4.22,PASS,TRUE,,/mnt/nurvai-data/02/batch_02/SKILL_009_20260126_081909/SKILL_009_20260126_081909_0.mcap
SKILL_009_20260128_091009,station_01_lab,SKILL_009,Package Cotton set,D_VARGAS,2026-01-28T09:10:09Z,2026-01-28T09:13:04Z,175.11,4.50,PASS,TRUE,,/mnt/nurvai-data/02/batch_02/SKILL_009_20260128_091009/SKILL_009_20260128_091009_0.mcap
SKILL_009_20260128_091658,station_01_lab,SKILL_009,Package Cotton set,D_VARGAS,2026-01-28T09:16:58Z,2026-01-28T09:20:01Z,182.35,4.59,PASS,TRUE,,/mnt/nurvai-data/02/batch_02/SKILL_009_20260128_091658/SKILL_009_20260128_091658_0.mcap
SKILL_009_20260128_095310,station_01_lab,SKILL_009,Package Cotton set,E_MARTINEZ,2026-01-28T09:53:10Z,2026-01-28T09:56:47Z,216.46,4.43,PASS,TRUE,,/mnt/nurvai-data/02/batch_02/SKILL_009_20260128_095310/SKILL_009_20260128_095310_0.mcap
SKILL_009_20260128_100029,station_01_lab,SKILL_009,Package Cotton set,E_MARTINEZ,2026-01-28T10:00:29Z,2026-01-28T10:00:38Z,9.02,6.99,PASS,FALSE,TOO_SHORT (9.0s),/mnt/nurvai-data/02/batch_02/SKILL_009_20260128_100029/SKILL_009_20260128_100029_0.mcap
SKILL_009_20260128_124807,station_01_lab,SKILL_009,Package Cotton set,L_AGUILERA,2026-01-28T12:48:07Z,2026-01-28T12:51:43Z,216.03,4.74,PASS,TRUE,,/mnt/nurvai-data/02/batch_02/SKILL_009_20260128_124807/SKILL_009_20260128_124807_0.mcap
SKILL_009_20260128_125220,station_01_lab,SKILL_009,Package Cotton set,L_AGUILERA,2026-01-28T12:52:20Z,2026-01-28T12:55:50Z,210.09,4.78,PASS,TRUE,,/mnt/nurvai-data/02/batch_02/SKILL_009_20260128_125220/SKILL_009_20260128_125220_0.mcap
SKILL_009_20260128_134708,station_01_lab,SKILL_009,Package Cotton set,C_BECERRA,2026-01-28T13:47:08Z,2026-01-28T13:52:19Z,311.43,4.19,PASS,TRUE,,/mnt/nurvai-data/02/batch_02/SKILL_009_20260128_134708/SKILL_009_20260128_134708_0.mcap
SKILL_009_20260128_135813,station_01_lab,SKILL_009,Package Cotton set,C_BECERRA,2026-01-28T13:58:13Z,2026-01-28T14:03:01Z,288.23,4.19,PASS,TRUE,,/mnt/nurvai-data/02/batch_02/SKILL_009_20260128_135813/SKILL_009_20260128_135813_0.mcap
SKILL_009_20260128_141726,station_01_lab,SKILL_009,Package Cotton set,L_AGUILERA,2026-01-28T14:17:26Z,2026-01-28T14:20:55Z,208.82,4.75,PASS,TRUE,,/mnt/nurvai-data/02/batch_02/SKILL_009_20260128_141726/SKILL_009_20260128_141726_0.mcap
SKILL_009_20260128_142134,station_01_lab,SKILL_009,Package Cotton set,L_AGUILERA,2026-01-28T14:21:34Z,2026-01-28T14:24:25Z,171.34,4.81,PASS,TRUE,,/mnt/nurvai-data/02/batch_02/SKILL_009_20260128_142134/SKILL_009_20260128_142134_0.mcap
SKILL_009_20260129_110445,station_01_lab,SKILL_009,Package Cotton set,L_AGUILERA,2026-01-29T11:04:45Z,2026-01-29T11:08:23Z,217.53,4.74,PASS,TRUE,,/mnt/nurvai-data/02/batch_02/SKILL_009_20260129_110445/SKILL_009_20260129_110445_0.mcap
SKILL_009_20260129_110844,station_01_lab,SKILL_009,Package Cotton set,L_AGUILERA,2026-01-29T11:08:44Z,2026-01-29T11:12:36Z,232.43,4.40,PASS,TRUE,,/mnt/nurvai-data/02/batch_02/SKILL_009_20260129_110844/SKILL_009_20260129_110844_0.mcap
SKILL_009_20260129_141942,station_01_lab,SKILL_009,Package Cotton set,L_AGUILERA,2026-01-29T14:19:42Z,2026-01-29T14:22:32Z,170.13,4.55,PASS,TRUE,,/mnt/nurvai-data/02/batch_02/SKILL_009_20260129_141942/SKILL_009_20260129_141942_0.mcap
SKILL_009_20260129_142315,station_01_lab,SKILL_009,Package Cotton set,L_AGUILERA,2026-01-29T14:23:15Z,2026-01-29T14:26:52Z,217.57,4.85,PASS,TRUE,,/mnt/nurvai-data/02/batch_02/SKILL_009_20260129_142315/SKILL_009_20260129_142315_0.mcap
SKILL_009_20260129_142755,station_01_lab,SKILL_009,Package Cotton set,L_AGUILERA,2026-01-29T14:27:55Z,2026-01-29T14:27:58Z,2.43,3.15,PASS,FALSE,TOO_SHORT (2.4s),/mnt/nurvai-data/02/batch_02/SKILL_009_20260129_142755/SKILL_009_20260129_142755_0.mcap
SKILL_010_20260121_090047,station_01_lab,SKILL_010,Package earphones,C_BECERRA,2026-01-21T09:00:47Z,2026-01-21T09:06:19Z,331.25,4.80,PASS,TRUE,,/mnt/nurvai-data/02/batch_02/SKILL_010_20260121_090047/SKILL_010_20260121_090047_0.mcap
SKILL_010_20260121_090711,station_01_lab,SKILL_010,Package earphones,C_BECERRA,2026-01-21T09:07:11Z,2026-01-21T09:11:13Z,242.71,4.80,PASS,TRUE,,/mnt/nurvai-data/02/batch_02/SKILL_010_20260121_090711/SKILL_010_20260121_090711_0.mcap
SKILL_010_20260122_141001,station_01_lab,SKILL_010,Package earphones,D_VARGAS,2026-01-22T14:10:01Z,2026-01-22T14:14:31Z,269.86,4.57,PASS,TRUE,,/mnt/nurvai-data/02/batch_02/SKILL_010_20260122_141001/SKILL_010_20260122_141001_0.mcap
SKILL_010_20260122_090544,station_01_lab,SKILL_010,Package earphones,C_BECERRA,2026-01-22T09:05:44Z,2026-01-22T09:14:19Z,514.14,4.92,PASS,TRUE,,/mnt/nurvai-data/02/batch_02/SKILL_010_20260122_090544/SKILL_010_20260122_090544_0.mcap
SKILL_010_20260122_141547,station_01_lab,SKILL_010,Package earphones,D_VARGAS,2026-01-22T14:15:47Z,2026-01-22T14:20:52Z,304.70,4.45,PASS,TRUE,,/mnt/nurvai-data/02/batch_02/SKILL_010_20260122_141547/SKILL_010_20260122_141547_0.mcap
SKILL_010_20260123_081646,station_01_lab,SKILL_010,Package earphones,C_BECERRA,2026-01-23T08:16:46Z,2026-01-23T08:18:23Z,96.83,4.80,PASS,TRUE,,/mnt/nurvai-data/02/batch_02/SKILL_010_20260123_081646/SKILL_010_20260123_081646_0.mcap
SKILL_010_20260123_082007,station_01_lab,SKILL_010,Package earphones,C_BECERRA,2026-01-23T08:20:07Z,2026-01-23T08:25:50Z,342.62,4.72,PASS,TRUE,,/mnt/nurvai-data/02/batch_02/SKILL_010_20260123_082007/SKILL_010_20260123_082007_0.mcap
SKILL_010_20260123_133258,station_01_lab,SKILL_010,Package earphones,C_BECERRA,2026-01-23T13:32:58Z,2026-01-23T13:37:09Z,251.33,4.74,PASS,TRUE,,/mnt/nurvai-data/02/batch_02/SKILL_010_20260123_133258/SKILL_010_20260123_133258_0.mcap
SKILL_010_20260123_133847,station_01_lab,SKILL_010,Package earphones,C_BECERRA,2026-01-23T13:38:47Z,2026-01-23T13:43:25Z,278.64,4.73,PASS,TRUE,,/mnt/nurvai-data/02/batch_02/SKILL_010_20260123_133847/SKILL_010_20260123_133847_0.mcap
SKILL_010_20260124_084556,station_01_lab,SKILL_010,Package earphones,H_ALCARAZ,2026-01-24T08:45:56Z,2026-01-24T08:55:31Z,574.79,4.63,PASS,TRUE,,/mnt/nurvai-data/02/batch_02/SKILL_010_20260124_084556/SKILL_010_20260124_084556_0.mcap
SKILL_010_20260124_130605,station_01_lab,SKILL_010,Package earphones,H_ALCARAZ,2026-01-24T13:06:05Z,2026-01-24T13:06:25Z,19.74,4.77,PASS,FALSE,TOO_SHORT (19.7s),/mnt/nurvai-data/02/batch_02/SKILL_010_20260124_130605/SKILL_010_20260124_130605_0.mcap
SKILL_010_20260124_130119,station_01_lab,SKILL_010,Package earphones,H_ALCARAZ,2026-01-24T13:01:19Z,2026-01-24T13:03:54Z,155.42,4.60,PASS,TRUE,,/mnt/nurvai-data/02/batch_02/SKILL_010_20260124_130119/SKILL_010_20260124_130119_0.mcap
SKILL_010_20260126_083835,station_01_lab,SKILL_010,Package earphones,C_BECERRA,2026-01-26T08:38:35Z,2026-01-26T08:43:17Z,282.24,4.92,PASS,TRUE,,/mnt/nurvai-data/02/batch_02/SKILL_010_20260126_083835/SKILL_010_20260126_083835_0.mcap
SKILL_010_20260126_083000,station_01_lab,SKILL_010,Package earphones,C_BECERRA,2026-01-26T08:30:00Z,2026-01-26T08:37:34Z,454.35,4.84,PASS,TRUE,,/mnt/nurvai-data/02/batch_02/SKILL_010_20260126_083000/SKILL_010_20260126_083000_0.mcap
SKILL_010_20260127_131236,station_01_lab,SKILL_010,Package earphones,N_MORA,2026-01-27T13:12:36Z,2026-01-27T13:18:24Z,348.80,4.75,PASS,TRUE,,/mnt/nurvai-data/02/batch_02/SKILL_010_20260127_131236/SKILL_010_20260127_131236_0.mcap
SKILL_010_20260127_132252,station_01_lab,SKILL_010,Package earphones,N_MORA,2026-01-27T13:22:52Z,2026-01-27T13:27:39Z,286.41,4.55,PASS,TRUE,,/mnt/nurvai-data/02/batch_02/SKILL_010_20260127_132252/SKILL_010_20260127_132252_0.mcap
SKILL_010_20260128_084839,station_01_lab,SKILL_010,Package earphones,D_VARGAS,2026-01-28T08:48:39Z,2026-01-28T08:56:52Z,493.58,4.64,PASS,TRUE,,/mnt/nurvai-data/02/batch_02/SKILL_010_20260128_084839/SKILL_010_20260128_084839_0.mcap
SKILL_010_20260129_083741,station_01_lab,SKILL_010,Package earphones,N_MORA,2026-01-29T08:37:41Z,2026-01-29T08:44:13Z,392.68,4.90,PASS,TRUE,,/mnt/nurvai-data/02/batch_02/SKILL_010_20260129_083741/SKILL_010_20260129_083741_0.mcap
SKILL_010_20260129_111342,station_01_lab,SKILL_010,Package earphones,L_AGUILERA,2026-01-29T11:13:42Z,2026-01-29T11:17:33Z,230.74,4.67,PASS,TRUE,,/mnt/nurvai-data/02/batch_02/SKILL_010_20260129_111342/SKILL_010_20260129_111342_0.mcap
SKILL_010_20260129_111832,station_01_lab,SKILL_010,Package earphones,L_AGUILERA,2026-01-29T11:18:32Z,2026-01-29T11:19:49Z,76.31,4.47,PASS,FALSE,TOO_SHORT (76.3s),/mnt/nurvai-data/02/batch_02/SKILL_010_20260129_111832/SKILL_010_20260129_111832_0.mcap
SKILL_010_20260129_112023,station_01_lab,SKILL_010,Package earphones,L_AGUILERA,2026-01-29T11:20:23Z,2026-01-29T11:23:03Z,160.00,4.80,PASS,TRUE,,/mnt/nurvai-data/02/batch_02/SKILL_010_20260129_112023/SKILL_010_20260129_112023_0.mcap
SKILL_011_20260122_143312,station_01_lab,SKILL_011,Package plastic ice cubes,D_VARGAS,2026-01-22T14:33:12Z,2026-01-22T14:33:20Z,7.39,4.32,PASS,FALSE,TOO_SHORT (7.4s),/mnt/nurvai-data/02/batch_02/SKILL_011_20260122_143312/SKILL_011_20260122_143312_0.mcap
SKILL_011_20260122_142735,station_01_lab,SKILL_011,Package plastic ice cubes,D_VARGAS,2026-01-22T14:27:35Z,2026-01-22T14:31:17Z,222.05,4.56,PASS,TRUE,,/mnt/nurvai-data/02/batch_02/SKILL_011_20260122_142735/SKILL_011_20260122_142735_0.mcap
SKILL_011_20260122_143330,station_01_lab,SKILL_011,Package plastic ice cubes,D_VARGAS,2026-01-22T14:33:30Z,2026-01-22T14:37:38Z,248.35,4.46,PASS,TRUE,,/mnt/nurvai-data/02/batch_02/SKILL_011_20260122_143330/SKILL_011_20260122_143330_0.mcap
SKILL_011_20260122_143919,station_01_lab,SKILL_011,Package plastic ice cubes,D_VARGAS,2026-01-22T14:39:19Z,2026-01-22T14:39:23Z,3.84,4.47,PASS,FALSE,TOO_SHORT (3.8s),/mnt/nurvai-data/02/batch_02/SKILL_011_20260122_143919/SKILL_011_20260122_143919_0.mcap
SKILL_011_20260122_144212,station_01_lab,SKILL_011,Package plastic ice cubes,D_VARGAS,2026-01-22T14:42:12Z,2026-01-22T14:46:56Z,284.46,4.51,PASS,TRUE,,/mnt/nurvai-data/02/batch_02/SKILL_011_20260122_144212/SKILL_011_20260122_144212_0.mcap
SKILL_012_20260121_091925,station_01_lab,SKILL_012,Put pasta in jars,C_BECERRA,2026-01-21T09:19:25Z,2026-01-21T09:22:42Z,197.09,4.68,PASS,TRUE,,/mnt/nurvai-data/02/batch_02/SKILL_012_20260121_091925/SKILL_012_20260121_091925_0.mcap
SKILL_012_20260121_092323,station_01_lab,SKILL_012,Put pasta in jars,C_BECERRA,2026-01-21T09:23:23Z,2026-01-21T09:26:28Z,184.63,4.60,PASS,TRUE,,/mnt/nurvai-data/02/batch_02/SKILL_012_20260121_092323/SKILL_012_20260121_092323_0.mcap
SKILL_012_20260121_092711,station_01_lab,SKILL_012,Put pasta in jars,C_BECERRA,2026-01-21T09:27:11Z,2026-01-21T09:29:08Z,117.23,4.55,PASS,TRUE,,/mnt/nurvai-data/02/batch_02/SKILL_012_20260121_092711/SKILL_012_20260121_092711_0.mcap
SKILL_012_20260122_091714,station_01_lab,SKILL_012,Put pasta in jars,C_BECERRA,2026-01-22T09:17:14Z,2026-01-22T09:21:12Z,237.15,4.47,PASS,TRUE,,/mnt/nurvai-data/02/batch_02/SKILL_012_20260122_091714/SKILL_012_20260122_091714_0.mcap
SKILL_012_20260122_092150,station_01_lab,SKILL_012,Put pasta in jars,C_BECERRA,2026-01-22T09:21:50Z,2026-01-22T09:25:11Z,200.69,4.50,PASS,TRUE,,/mnt/nurvai-data/02/batch_02/SKILL_012_20260122_092150/SKILL_012_20260122_092150_0.mcap
SKILL_012_20260123_082753,station_01_lab,SKILL_012,Put pasta in jars,C_BECERRA,2026-01-23T08:27:53Z,2026-01-23T08:28:25Z,31.78,4.53,WARNING_DRIFT,FALSE,TOO_SHORT (31.8s),/mnt/nurvai-data/02/batch_02/SKILL_012_20260123_082753/SKILL_012_20260123_082753_0.mcap
SKILL_012_20260123_083423,station_01_lab,SKILL_012,Put pasta in jars,C_BECERRA,2026-01-23T08:34:23Z,2026-01-23T08:36:49Z,146.37,4.55,PASS,TRUE,,/mnt/nurvai-data/02/batch_02/SKILL_012_20260123_083423/SKILL_012_20260123_083423_0.mcap
SKILL_012_20260123_083012,station_01_lab,SKILL_012,Put pasta in jars,C_BECERRA,2026-01-23T08:30:12Z,2026-01-23T08:33:30Z,197.88,4.57,PASS,TRUE,,/mnt/nurvai-data/02/batch_02/SKILL_012_20260123_083012/SKILL_012_20260123_083012_0.mcap
SKILL_012_20260123_134927,station_01_lab,SKILL_012,Put pasta in jars,C_BECERRA,2026-01-23T13:49:27Z,2026-01-23T13:52:44Z,197.27,4.44,PASS,TRUE,,/mnt/nurvai-data/02/batch_02/SKILL_012_20260123_134927/SKILL_012_20260123_134927_0.mcap
SKILL_012_20260123_134455,station_01_lab,SKILL_012,Put pasta in jars,C_BECERRA,2026-01-23T13:44:55Z,2026-01-23T13:48:42Z,227.60,4.49,PASS,TRUE,,/mnt/nurvai-data/02/batch_02/SKILL_012_20260123_134455/SKILL_012_20260123_134455_0.mcap
SKILL_012_20260124_085959,station_01_lab,SKILL_012,Put pasta in jars,H_ALCARAZ,2026-01-24T08:59:59Z,2026-01-24T09:02:55Z,176.32,4.76,PASS,TRUE,,/mnt/nurvai-data/02/batch_02/SKILL_012_20260124_085959/SKILL_012_20260124_085959_0.mcap
SKILL_012_20260123_135323,station_01_lab,SKILL_012,Put pasta in jars,C_BECERRA,2026-01-23T13:53:23Z,2026-01-23T13:56:38Z,195.53,4.51,PASS,TRUE,,/mnt/nurvai-data/02/batch_02/SKILL_012_20260123_135323/SKILL_012_20260123_135323_0.mcap
SKILL_012_20260124_090331,station_01_lab,SKILL_012,Put pasta in jars,H_ALCARAZ,2026-01-24T09:03:31Z,2026-01-24T09:05:59Z,147.82,4.62,PASS,TRUE,,/mnt/nurvai-data/02/batch_02/SKILL_012_20260124_090331/SKILL_012_20260124_090331_0.mcap
SKILL_012_20260124_131009,station_01_lab,SKILL_012,Put pasta in jars,H_ALCARAZ,2026-01-24T13:10:09Z,2026-01-24T13:13:34Z,204.68,4.66,PASS,TRUE,,/mnt/nurvai-data/02/batch_02/SKILL_012_20260124_131009/SKILL_012_20260124_131009_0.mcap
SKILL_012_20260124_131404,station_01_lab,SKILL_012,Put pasta in jars,H_ALCARAZ,2026-01-24T13:14:04Z,2026-01-24T13:14:57Z,53.23,2.55,WARNING_DRIFT,FALSE,TOO_SHORT (53.2s),/mnt/nurvai-data/02/batch_02/SKILL_012_20260124_131404/SKILL_012_20260124_131404_0.mcap
SKILL_012_20260124_131551,station_01_lab,SKILL_012,Put pasta in jars,H_ALCARAZ,2026-01-24T13:15:51Z,2026-01-24T13:17:58Z,126.94,4.56,PASS,TRUE,,/mnt/nurvai-data/02/batch_02/SKILL_012_20260124_131551/SKILL_012_20260124_131551_0.mcap
SKILL_012_20260124_131829,station_01_lab,SKILL_012,Put pasta in jars,H_ALCARAZ,2026-01-24T13:18:29Z,2026-01-24T13:20:21Z,111.42,4.56,PASS,TRUE,,/mnt/nurvai-data/02/batch_02/SKILL_012_20260124_131829/SKILL_012_20260124_131829_0.mcap
SKILL_012_20260126_085308,station_01_lab,SKILL_012,Put pasta in jars,C_BECERRA,2026-01-26T08:53:08Z,2026-01-26T08:54:30Z,81.39,4.43,PASS,FALSE,TOO_SHORT (81.4s),/mnt/nurvai-data/02/batch_02/SKILL_012_20260126_085308/SKILL_012_20260126_085308_0.mcap
SKILL_012_20260126_084912,station_01_lab,SKILL_012,Put pasta in jars,C_BECERRA,2026-01-26T08:49:12Z,2026-01-26T08:52:20Z,187.66,4.52,PASS,TRUE,,/mnt/nurvai-data/02/batch_02/SKILL_012_20260126_084912/SKILL_012_20260126_084912_0.mcap
SKILL_013_20260120_100446,station_01_lab,SKILL_013,Set up a hand lamp,C_BECERRA,2026-01-20T10:04:46Z,2026-01-20T10:08:46Z,239.82,4.60,PASS,TRUE,,/mnt/nurvai-data/02/batch_02/SKILL_013_20260120_100446/SKILL_013_20260120_100446_0.mcap
SKILL_013_20260120_102642,station_01_lab,SKILL_013,Set up a hand lamp,C_BECERRA,2026-01-20T10:26:42Z,2026-01-20T10:27:27Z,44.98,5.28,PASS,FALSE,TOO_SHORT (45.0s),/mnt/nurvai-data/02/batch_02/SKILL_013_20260120_102642/SKILL_013_20260120_102642_0.mcap
SKILL_013_20260120_105720,station_01_lab,SKILL_013,Set up a hand lamp,C_BECERRA,2026-01-20T10:57:20Z,2026-01-20T10:57:30Z,9.79,5.46,WARNING_DRIFT,FALSE,TOO_SHORT (9.8s),/mnt/nurvai-data/02/batch_02/SKILL_013_20260120_105720/SKILL_013_20260120_105720_0.mcap
SKILL_013_20260121_093031,station_01_lab,SKILL_013,Set up a hand lamp,C_BECERRA,2026-01-21T09:30:31Z,2026-01-21T09:34:13Z,222.24,4.70,PASS,TRUE,,/mnt/nurvai-data/02/batch_02/SKILL_013_20260121_093031/SKILL_013_20260121_093031_0.mcap
SKILL_013_20260120_110127,station_01_lab,SKILL_013,Set up a hand lamp,C_BECERRA,2026-01-20T11:01:27Z,2026-01-20T11:05:43Z,255.14,4.59,PASS,TRUE,,/mnt/nurvai-data/02/batch_02/SKILL_013_20260120_110127/SKILL_013_20260120_110127_0.mcap
SKILL_013_20260121_093510,station_01_lab,SKILL_013,Set up a hand lamp,C_BECERRA,2026-01-21T09:35:10Z,2026-01-21T09:38:25Z,195.39,4.66,PASS,TRUE,,/mnt/nurvai-data/02/batch_02/SKILL_013_20260121_093510/SKILL_013_20260121_093510_0.mcap
SKILL_013_20260121_093852,station_01_lab,SKILL_013,Set up a hand lamp,C_BECERRA,2026-01-21T09:38:52Z,2026-01-21T09:40:15Z,83.72,4.62,PASS,FALSE,TOO_SHORT (83.7s),/mnt/nurvai-data/02/batch_02/SKILL_013_20260121_093852/SKILL_013_20260121_093852_0.mcap
SKILL_013_20260122_092811,station_01_lab,SKILL_013,Set up a hand lamp,C_BECERRA,2026-01-22T09:28:11Z,2026-01-22T09:32:06Z,234.53,4.58,PASS,TRUE,,/mnt/nurvai-data/02/batch_02/SKILL_013_20260122_092811/SKILL_013_20260122_092811_0.mcap
SKILL_013_20260122_093301,station_01_lab,SKILL_013,Set up a hand lamp,C_BECERRA,2026-01-22T09:33:01Z,2026-01-22T09:36:15Z,193.74,4.59,PASS,TRUE,,/mnt/nurvai-data/02/batch_02/SKILL_013_20260122_093301/SKILL_013_20260122_093301_0.mcap
SKILL_013_20260122_093715,station_01_lab,SKILL_013,Set up a hand lamp,C_BECERRA,2026-01-22T09:37:15Z,2026-01-22T09:40:27Z,192.10,4.59,PASS,TRUE,,/mnt/nurvai-data/02/batch_02/SKILL_013_20260122_093715/SKILL_013_20260122_093715_0.mcap
SKILL_013_20260123_083943,station_01_lab,SKILL_013,Set up a hand lamp,C_BECERRA,2026-01-23T08:39:43Z,2026-01-23T08:44:08Z,264.69,4.55,PASS,TRUE,,/mnt/nurvai-data/02/batch_02/SKILL_013_20260123_083943/SKILL_013_20260123_083943_0.mcap
SKILL_013_20260123_084457,station_01_lab,SKILL_013,Set up a hand lamp,C_BECERRA,2026-01-23T08:44:57Z,2026-01-23T08:48:02Z,185.11,4.58,PASS,TRUE,,/mnt/nurvai-data/02/batch_02/SKILL_013_20260123_084457/SKILL_013_20260123_084457_0.mcap
SKILL_013_20260123_140156,station_01_lab,SKILL_013,Set up a hand lamp,C_BECERRA,2026-01-23T14:01:56Z,2026-01-23T14:05:59Z,243.32,4.47,PASS,TRUE,,/mnt/nurvai-data/02/batch_02/SKILL_013_20260123_140156/SKILL_013_20260123_140156_0.mcap
SKILL_013_20260123_141058,station_01_lab,SKILL_013,Set up a hand lamp,C_BECERRA,2026-01-23T14:10:58Z,2026-01-23T14:12:34Z,96.10,4.41,PASS,TRUE,,/mnt/nurvai-data/02/batch_02/SKILL_013_20260123_141058/SKILL_013_20260123_141058_0.mcap
SKILL_013_20260123_140718,station_01_lab,SKILL_013,Set up a hand lamp,C_BECERRA,2026-01-23T14:07:18Z,2026-01-23T14:10:22Z,184.60,4.42,PASS,TRUE,,/mnt/nurvai-data/02/batch_02/SKILL_013_20260123_140718/SKILL_013_20260123_140718_0.mcap
SKILL_013_20260124_090912,station_01_lab,SKILL_013,Set up a hand lamp,H_ALCARAZ,2026-01-24T09:09:12Z,2026-01-24T09:12:14Z,181.67,4.63,PASS,TRUE,,/mnt/nurvai-data/02/batch_02/SKILL_013_20260124_090912/SKILL_013_20260124_090912_0.mcap
SKILL_013_20260124_091259,station_01_lab,SKILL_013,Set up a hand lamp,H_ALCARAZ,2026-01-24T09:12:59Z,2026-01-24T09:15:31Z,152.51,4.60,PASS,TRUE,,/mnt/nurvai-data/02/batch_02/SKILL_013_20260124_091259/SKILL_013_20260124_091259_0.mcap
SKILL_013_20260124_132133,station_01_lab,SKILL_013,Set up a hand lamp,H_ALCARAZ,2026-01-24T13:21:33Z,2026-01-24T13:23:53Z,139.51,4.69,PASS,TRUE,,/mnt/nurvai-data/02/batch_02/SKILL_013_20260124_132133/SKILL_013_20260124_132133_0.mcap
SKILL_013_20260124_132603,station_01_lab,SKILL_013,Set up a hand lamp,H_ALCARAZ,2026-01-24T13:26:03Z,2026-01-24T13:30:28Z,264.62,4.66,PASS,TRUE,,/mnt/nurvai-data/02/batch_02/SKILL_013_20260124_132603/SKILL_013_20260124_132603_0.mcap
SKILL_013_20260127_134806,station_01_lab,SKILL_013,Set up a hand lamp,N_MORA,2026-01-27T13:48:06Z,2026-01-27T13:50:28Z,141.98,4.81,PASS,TRUE,,/mnt/nurvai-data/02/batch_02/SKILL_013_20260127_134806/SKILL_013_20260127_134806_0.mcap
SKILL_013_20260127_134411,station_01_lab,SKILL_013,Set up a hand lamp,N_MORA,2026-01-27T13:44:11Z,2026-01-27T13:46:21Z,130.29,4.98,PASS,TRUE,,/mnt/nurvai-data/02/batch_02/SKILL_013_20260127_134411/SKILL_013_20260127_134411_0.mcap
SKILL_013_20260127_144515,station_01_lab,SKILL_013,Set up a hand lamp,L_AGUILERA,2026-01-27T14:45:15Z,2026-01-27T14:47:35Z,139.96,4.61,PASS,TRUE,,/mnt/nurvai-data/02/batch_02/SKILL_013_20260127_144515/SKILL_013_20260127_144515_0.mcap
SKILL_013_20260127_144841,station_01_lab,SKILL_013,Set up a hand lamp,L_AGUILERA,2026-01-27T14:48:41Z,2026-01-27T14:51:15Z,154.62,4.73,PASS,TRUE,,/mnt/nurvai-data/02/batch_02/SKILL_013_20260127_144841/SKILL_013_20260127_144841_0.mcap
SKILL_013_20260127_145152,station_01_lab,SKILL_013,Set up a hand lamp,L_AGUILERA,2026-01-27T14:51:52Z,2026-01-27T14:55:08Z,196.49,4.75,PASS,TRUE,,/mnt/nurvai-data/02/batch_02/SKILL_013_20260127_145152/SKILL_013_20260127_145152_0.mcap
SKILL_013_20260128_073515,station_01_lab,SKILL_013,Set up a hand lamp,L_AGUILERA,2026-01-28T07:35:15Z,2026-01-28T07:40:14Z,299.00,5.02,PASS,TRUE,,/mnt/nurvai-data/02/batch_02/SKILL_013_20260128_073515/SKILL_013_20260128_073515_0.mcap
SKILL_013_20260128_074108,station_01_lab,SKILL_013,Set up a hand lamp,L_AGUILERA,2026-01-28T07:41:08Z,2026-01-28T07:45:57Z,289.55,4.88,PASS,TRUE,,/mnt/nurvai-data/02/batch_02/SKILL_013_20260128_074108/SKILL_013_20260128_074108_0.mcap
SKILL_013_20260128_074704,station_01_lab,SKILL_013,Set up a hand lamp,L_AGUILERA,2026-01-28T07:47:04Z,2026-01-28T07:48:51Z,106.49,4.72,PASS,TRUE,,/mnt/nurvai-data/02/batch_02/SKILL_013_20260128_074704/SKILL_013_20260128_074704_0.mcap
SKILL_013_20260128_100136,station_01_lab,SKILL_013,Set up a hand lamp,E_MARTINEZ,2026-01-28T10:01:36Z,2026-01-28T10:05:21Z,224.67,5.04,PASS,TRUE,,/mnt/nurvai-data/02/batch_02/SKILL_013_20260128_100136/SKILL_013_20260128_100136_0.mcap
SKILL_013_20260128_100824,station_01_lab,SKILL_013,Set up a hand lamp,E_MARTINEZ,2026-01-28T10:08:24Z,2026-01-28T10:10:57Z,152.73,5.05,WARNING_DRIFT,TRUE,,/mnt/nurvai-data/02/batch_02/SKILL_013_20260128_100824/SKILL_013_20260128_100824_0.mcap
SKILL_013_20260128_144218,station_01_lab,SKILL_013,Set up a hand lamp,L_AGUILERA,2026-01-28T14:42:18Z,2026-01-28T14:43:02Z,44.00,4.56,PASS,FALSE,TOO_SHORT (44.0s),/mnt/nurvai-data/02/batch_02/SKILL_013_20260128_144218/SKILL_013_20260128_144218_0.mcap
SKILL_013_20260128_144524,station_01_lab,SKILL_013,Set up a hand lamp,L_AGUILERA,2026-01-28T14:45:24Z,2026-01-28T14:48:16Z,172.49,4.73,PASS,TRUE,,/mnt/nurvai-data/02/batch_02/SKILL_013_20260128_144524/SKILL_013_20260128_144524_0.mcap
SKILL_013_20260129_073806,station_01_lab,SKILL_013,Set up a hand lamp,E_MARTINEZ,2026-01-29T07:38:06Z,2026-01-29T07:40:52Z,166.44,5.37,PASS,TRUE,,/mnt/nurvai-data/02/batch_02/SKILL_013_20260129_073806/SKILL_013_20260129_073806_0.mcap
SKILL_013_20260129_084615,station_01_lab,SKILL_013,Set up a hand lamp,N_MORA,2026-01-29T08:46:15Z,2026-01-29T08:47:46Z,91.30,4.95,PASS,TRUE,,/mnt/nurvai-data/02/batch_02/SKILL_013_20260129_084615/SKILL_013_20260129_084615_0.mcap
SKILL_013_20260129_074418,station_01_lab,SKILL_013,Set up a hand lamp,E_MARTINEZ,2026-01-29T07:44:18Z,2026-01-29T07:47:16Z,177.90,5.15,PASS,TRUE,,/mnt/nurvai-data/02/batch_02/SKILL_013_20260129_074418/SKILL_013_20260129_074418_0.mcap
SKILL_013_20260129_085423,station_01_lab,SKILL_013,Set up a hand lamp,N_MORA,2026-01-29T08:54:23Z,2026-01-29T08:56:16Z,113.09,4.68,PASS,TRUE,,/mnt/nurvai-data/02/batch_02/SKILL_013_20260129_085423/SKILL_013_20260129_085423_0.mcap
SKILL_013_20260129_084851,station_01_lab,SKILL_013,Set up a hand lamp,N_MORA,2026-01-29T08:48:51Z,2026-01-29T08:51:04Z,132.63,5.01,PASS,TRUE,,/mnt/nurvai-data/02/batch_02/SKILL_013_20260129_084851/SKILL_013_20260129_084851_0.mcap
SKILL_013_20260129_085702,station_01_lab,SKILL_013,Set up a hand lamp,N_MORA,2026-01-29T08:57:02Z,2026-01-29T08:58:54Z,111.94,4.77,PASS,TRUE,,/mnt/nurvai-data/02/batch_02/SKILL_013_20260129_085702/SKILL_013_20260129_085702_0.mcap
SKILL_013_20260129_101307,station_01_lab,SKILL_013,Set up a hand lamp,C_BECERRA,2026-01-29T10:13:07Z,2026-01-29T10:14:26Z,78.80,5.00,PASS,FALSE,TOO_SHORT (78.8s),/mnt/nurvai-data/02/batch_02/SKILL_013_20260129_101307/SKILL_013_20260129_101307_0.mcap
SKILL_013_20260129_102245,station_01_lab,SKILL_013,Set up a hand lamp,C_BECERRA,2026-01-29T10:22:45Z,2026-01-29T10:25:33Z,168.12,5.04,PASS,TRUE,,/mnt/nurvai-data/02/batch_02/SKILL_013_20260129_102245/SKILL_013_20260129_102245_0.mcap
SKILL_013_20260129_132351,station_01_lab,SKILL_013,Set up a hand lamp,D_VARGAS,2026-01-29T13:23:51Z,2026-01-29T13:24:10Z,19.22,4.69,PASS,FALSE,TOO_SHORT (19.2s),/mnt/nurvai-data/02/batch_02/SKILL_013_20260129_132351/SKILL_013_20260129_132351_0.mcap
SKILL_013_20260129_133146,station_01_lab,SKILL_013,Set up a hand lamp,D_VARGAS,2026-01-29T13:31:46Z,2026-01-29T13:31:55Z,9.14,5.02,PASS,FALSE,TOO_SHORT (9.1s),/mnt/nurvai-data/02/batch_02/SKILL_013_20260129_133146/SKILL_013_20260129_133146_0.mcap
SKILL_013_20260129_133359,station_01_lab,SKILL_013,Set up a hand lamp,D_VARGAS,2026-01-29T13:33:59Z,2026-01-29T13:39:54Z,354.18,5.06,PASS,TRUE,,/mnt/nurvai-data/02/batch_02/SKILL_013_20260129_133359/SKILL_013_20260129_133359_0.mcap
SKILL_014_20260120_110855,station_01_lab,SKILL_014,Fasten nuts onto bolts,C_BECERRA,2026-01-20T11:08:55Z,2026-01-20T11:17:48Z,533.46,4.45,PASS,TRUE,,/mnt/nurvai-data/02/batch_02/SKILL_014_20260120_110855/SKILL_014_20260120_110855_0.mcap
SKILL_014_20260121_094228,station_01_lab,SKILL_014,Fasten nuts onto bolts,C_BECERRA,2026-01-21T09:42:28Z,2026-01-21T09:51:16Z,527.66,4.62,PASS,TRUE,,/mnt/nurvai-data/02/batch_02/SKILL_014_20260121_094228/SKILL_014_20260121_094228_0.mcap
SKILL_014_20260123_085201,station_01_lab,SKILL_014,Fasten nuts onto bolts,C_BECERRA,2026-01-23T08:52:01Z,2026-01-23T09:00:52Z,531.12,4.46,PASS,TRUE,,/mnt/nurvai-data/02/batch_02/SKILL_014_20260123_085201/SKILL_014_20260123_085201_0.mcap
SKILL_014_20260123_141528,station_01_lab,SKILL_014,Fasten nuts onto bolts,C_BECERRA,2026-01-23T14:15:28Z,2026-01-23T14:24:02Z,513.32,4.51,PASS,TRUE,,/mnt/nurvai-data/02/batch_02/SKILL_014_20260123_141528/SKILL_014_20260123_141528_0.mcap
SKILL_014_20260124_091936,station_01_lab,SKILL_014,Fasten nuts onto bolts,D_VARGAS,2026-01-24T09:19:36Z,2026-01-24T09:26:35Z,418.85,4.69,PASS,TRUE,,/mnt/nurvai-data/02/batch_02/SKILL_014_20260124_091936/SKILL_014_20260124_091936_0.mcap
SKILL_014_20260124_133834,station_01_lab,SKILL_014,Fasten nuts onto bolts,H_ALCARAZ,2026-01-24T13:38:34Z,2026-01-24T13:38:34Z,0.30,0.08,PASS,FALSE,TOO_SHORT (0.3s),/mnt/nurvai-data/02/batch_02/SKILL_014_20260124_133834/SKILL_014_20260124_133834_0.mcap
SKILL_014_20260124_133330,station_01_lab,SKILL_014,Fasten nuts onto bolts,H_ALCARAZ,2026-01-24T13:33:30Z,2026-01-24T13:38:33Z,303.28,4.46,PASS,TRUE,,/mnt/nurvai-data/02/batch_02/SKILL_014_20260124_133330/SKILL_014_20260124_133330_0.mcap
SKILL_014_20260124_134153,station_01_lab,SKILL_014,Fasten nuts onto bolts,H_ALCARAZ,2026-01-24T13:41:53Z,2026-01-24T13:44:52Z,179.08,4.39,PASS,TRUE,,/mnt/nurvai-data/02/batch_02/SKILL_014_20260124_134153/SKILL_014_20260124_134153_0.mcap
SKILL_014_20260127_135157,station_01_lab,SKILL_014,Fasten nuts onto bolts,N_MORA,2026-01-27T13:51:57Z,2026-01-27T13:56:05Z,247.84,4.69,PASS,TRUE,,/mnt/nurvai-data/02/batch_02/SKILL_014_20260127_135157/SKILL_014_20260127_135157_0.mcap
SKILL_014_20260127_135722,station_01_lab,SKILL_014,Fasten nuts onto bolts,N_MORA,2026-01-27T13:57:22Z,2026-01-27T13:59:53Z,151.39,4.61,PASS,TRUE,,/mnt/nurvai-data/02/batch_02/SKILL_014_20260127_135722/SKILL_014_20260127_135722_0.mcap
SKILL_014_20260128_090548,station_01_lab,SKILL_014,Fasten nuts onto bolts,D_VARGAS,2026-01-28T09:05:48Z,2026-01-28T09:08:41Z,172.25,4.91,PASS,TRUE,,/mnt/nurvai-data/02/batch_02/SKILL_014_20260128_090548/SKILL_014_20260128_090548_0.mcap
SKILL_014_20260128_085800,station_01_lab,SKILL_014,Fasten nuts onto bolts,D_VARGAS,2026-01-28T08:58:00Z,2026-01-28T09:04:08Z,368.85,4.96,PASS,TRUE,,/mnt/nurvai-data/02/batch_02/SKILL_014_20260128_085800/SKILL_014_20260128_085800_0.mcap
SKILL_014_20260128_091003,station_01_lab,SKILL_014,Fasten nuts onto bolts,D_VARGAS,2026-01-28T09:10:03Z,2026-01-28T09:10:05Z,1.41,5.77,PASS,FALSE,TOO_SHORT (1.4s),/mnt/nurvai-data/02/batch_02/SKILL_014_20260128_091003/SKILL_014_20260128_091003_0.mcap
SKILL_014_20260129_081145,station_01_lab,SKILL_014,Fasten nuts onto bolts,E_MARTINEZ,2026-01-29T08:11:45Z,2026-01-29T08:17:24Z,339.42,4.82,PASS,TRUE,,/mnt/nurvai-data/02/batch_02/SKILL_014_20260129_081145/SKILL_014_20260129_081145_0.mcap
SKILL_014_20260128_103023,station_01_lab,SKILL_014,Fasten nuts onto bolts,E_MARTINEZ,2026-01-28T10:30:23Z,2026-01-28T10:36:27Z,363.25,4.80,PASS,TRUE,,/mnt/nurvai-data/02/batch_02/SKILL_014_20260128_103023/SKILL_014_20260128_103023_0.mcap
SKILL_014_20260129_090454,station_01_lab,SKILL_014,Fasten nuts onto bolts,N_MORA,2026-01-29T09:04:54Z,2026-01-29T09:09:22Z,268.23,4.90,PASS,TRUE,,/mnt/nurvai-data/02/batch_02/SKILL_014_20260129_090454/SKILL_014_20260129_090454_0.mcap
SKILL_014_20260129_081939,station_01_lab,SKILL_014,Fasten nuts onto bolts,E_MARTINEZ,2026-01-29T08:19:39Z,2026-01-29T08:25:03Z,323.35,4.82,PASS,TRUE,,/mnt/nurvai-data/02/batch_02/SKILL_014_20260129_081939/SKILL_014_20260129_081939_0.mcap
SKILL_014_20260129_091127,station_01_lab,SKILL_014,Fasten nuts onto bolts,N_MORA,2026-01-29T09:11:27Z,2026-01-29T09:16:51Z,323.66,4.90,PASS,TRUE,,/mnt/nurvai-data/02/batch_02/SKILL_014_20260129_091127/SKILL_014_20260129_091127_0.mcap
SKILL_014_20260129_095247,station_01_lab,SKILL_014,Fasten nuts onto bolts,C_BECERRA,2026-01-29T09:52:47Z,2026-01-29T10:00:15Z,448.53,5.19,PASS,TRUE,,/mnt/nurvai-data/02/batch_02/SKILL_014_20260129_095247/SKILL_014_20260129_095247_0.mcap
SKILL_014_20260129_100157,station_01_lab,SKILL_014,Fasten nuts onto bolts,C_BECERRA,2026-01-29T10:01:57Z,2026-01-29T10:09:06Z,429.19,5.24,PASS,TRUE,,/mnt/nurvai-data/02/batch_02/SKILL_014_20260129_100157/SKILL_014_20260129_100157_0.mcap
SKILL_014_20260129_121545,station_01_lab,SKILL_014,Fasten nuts onto bolts,L_AGUILERA,2026-01-29T12:15:45Z,2026-01-29T12:19:50Z,244.83,5.18,PASS,TRUE,,/mnt/nurvai-data/02/batch_02/SKILL_014_20260129_121545/SKILL_014_20260129_121545_0.mcap
SKILL_014_20260129_122431,station_01_lab,SKILL_014,Fasten nuts onto bolts,L_AGUILERA,2026-01-29T12:24:31Z,2026-01-29T12:27:23Z,171.83,5.31,PASS,TRUE,,/mnt/nurvai-data/02/batch_02/SKILL_014_20260129_122431/SKILL_014_20260129_122431_0.mcap
SKILL_014_20260129_122132,station_01_lab,SKILL_014,Fasten nuts onto bolts,L_AGUILERA,2026-01-29T12:21:32Z,2026-01-29T12:22:03Z,31.21,5.49,PASS,FALSE,TOO_SHORT (31.2s),/mnt/nurvai-data/02/batch_02/SKILL_014_20260129_122132/SKILL_014_20260129_122132_0.mcap
SKILL_015_20260120_121010,station_01_lab,SKILL_015,Thread a needle,C_BECERRA,2026-01-20T12:10:10Z,2026-01-20T12:10:40Z,30.57,4.34,PASS,FALSE,TOO_SHORT (30.6s),/mnt/nurvai-data/02/batch_02/SKILL_015_20260120_121010/SKILL_015_20260120_121010_0.mcap
SKILL_015_20260120_122443,station_01_lab,SKILL_015,Thread a needle,C_BECERRA,2026-01-20T12:24:43Z,2026-01-20T12:27:37Z,173.84,4.59,PASS,TRUE,,/mnt/nurvai-data/02/batch_02/SKILL_015_20260120_122443/SKILL_015_20260120_122443_0.mcap
SKILL_015_20260121_095401,station_01_lab,SKILL_015,Thread a needle,C_BECERRA,2026-01-21T09:54:01Z,2026-01-21T09:57:25Z,204.66,4.72,PASS,TRUE,,/mnt/nurvai-data/02/batch_02/SKILL_015_20260121_095401/SKILL_015_20260121_095401_0.mcap
SKILL_015_20260121_095938,station_01_lab,SKILL_015,Thread a needle,C_BECERRA,2026-01-21T09:59:38Z,2026-01-21T10:03:19Z,220.88,4.55,PASS,TRUE,,/mnt/nurvai-data/02/batch_02/SKILL_015_20260121_095938/SKILL_015_20260121_095938_0.mcap
SKILL_015_20260122_094333,station_01_lab,SKILL_015,Thread a needle,C_BECERRA,2026-01-22T09:43:33Z,2026-01-22T09:50:10Z,397.54,4.60,WARNING_DRIFT,TRUE,,/mnt/nurvai-data/02/batch_02/SKILL_015_20260122_094333/SKILL_015_20260122_094333_0.mcap
SKILL_015_20260122_095238,station_01_lab,SKILL_015,Thread a needle,C_BECERRA,2026-01-22T09:52:38Z,2026-01-22T09:59:02Z,383.28,4.65,PASS,TRUE,,/mnt/nurvai-data/02/batch_02/SKILL_015_20260122_095238/SKILL_015_20260122_095238_0.mcap
SKILL_015_20260123_090506,station_01_lab,SKILL_015,Thread a needle,C_BECERRA,2026-01-23T09:05:06Z,2026-01-23T09:09:11Z,245.33,4.56,PASS,TRUE,,/mnt/nurvai-data/02/batch_02/SKILL_015_20260123_090506/SKILL_015_20260123_090506_0.mcap
SKILL_015_20260123_091040,station_01_lab,SKILL_015,Thread a needle,C_BECERRA,2026-01-23T09:10:40Z,2026-01-23T09:13:53Z,193.04,4.46,PASS,TRUE,,/mnt/nurvai-data/02/batch_02/SKILL_015_20260123_091040/SKILL_015_20260123_091040_0.mcap
SKILL_015_20260123_142807,station_01_lab,SKILL_015,Thread a needle,H_ALCARAZ,2026-01-23T14:28:07Z,2026-01-23T14:28:09Z,2.03,2.75,PASS,FALSE,TOO_SHORT (2.0s),/mnt/nurvai-data/02/batch_02/SKILL_015_20260123_142807/SKILL_015_20260123_142807_0.mcap
SKILL_015_20260123_143642,station_01_lab,SKILL_015,Thread a needle,H_ALCARAZ,2026-01-23T14:36:42Z,2026-01-23T14:39:31Z,168.82,4.48,PASS,TRUE,,/mnt/nurvai-data/02/batch_02/SKILL_015_20260123_143642/SKILL_015_20260123_143642_0.mcap
SKILL_015_20260124_134629,station_01_lab,SKILL_015,Thread a needle,H_ALCARAZ,2026-01-24T13:46:29Z,2026-01-24T13:50:54Z,264.82,4.68,PASS,TRUE,,/mnt/nurvai-data/02/batch_02/SKILL_015_20260124_134629/SKILL_015_20260124_134629_0.mcap
SKILL_015_20260123_142813,station_01_lab,SKILL_015,Thread a needle,H_ALCARAZ,2026-01-23T14:28:13Z,2026-01-23T14:32:31Z,257.45,4.60,PASS,TRUE,,/mnt/nurvai-data/02/batch_02/SKILL_015_20260123_142813/SKILL_015_20260123_142813_0.mcap
SKILL_015_20260124_135205,station_01_lab,SKILL_015,Thread a needle,H_ALCARAZ,2026-01-24T13:52:05Z,2026-01-24T13:52:25Z,20.00,4.60,PASS,FALSE,TOO_SHORT (20.0s),/mnt/nurvai-data/02/batch_02/SKILL_015_20260124_135205/SKILL_015_20260124_135205_0.mcap
SKILL_016_20260120_122951,station_01_lab,SKILL_016,Package a sewing set,C_BECERRA,2026-01-20T12:29:51Z,2026-01-20T12:31:26Z,94.95,4.77,PASS,TRUE,,/mnt/nurvai-data/02/batch_02/SKILL_016_20260120_122951/SKILL_016_20260120_122951_0.mcap
SKILL_015_20260124_135240,station_01_lab,SKILL_015,Thread a needle,H_ALCARAZ,2026-01-24T13:52:40Z,2026-01-24T13:56:14Z,214.65,4.66,PASS,TRUE,,/mnt/nurvai-data/02/batch_02/SKILL_015_20260124_135240/SKILL_015_20260124_135240_0.mcap
SKILL_016_20260120_123221,station_01_lab,SKILL_016,Package a sewing set,C_BECERRA,2026-01-20T12:32:21Z,2026-01-20T12:33:53Z,91.23,4.73,PASS,TRUE,,/mnt/nurvai-data/02/batch_02/SKILL_016_20260120_123221/SKILL_016_20260120_123221_0.mcap
SKILL_016_20260121_100509,station_01_lab,SKILL_016,Package a sewing set,C_BECERRA,2026-01-21T10:05:09Z,2026-01-21T10:07:55Z,165.62,4.86,PASS,TRUE,,/mnt/nurvai-data/02/batch_02/SKILL_016_20260121_100509/SKILL_016_20260121_100509_0.mcap
SKILL_016_20260121_100832,station_01_lab,SKILL_016,Package a sewing set,C_BECERRA,2026-01-21T10:08:32Z,2026-01-21T10:11:03Z,150.62,4.79,PASS,TRUE,,/mnt/nurvai-data/02/batch_02/SKILL_016_20260121_100832/SKILL_016_20260121_100832_0.mcap
SKILL_016_20260121_101159,station_01_lab,SKILL_016,Package a sewing set,C_BECERRA,2026-01-21T10:11:59Z,2026-01-21T10:14:41Z,162.07,4.74,PASS,TRUE,,/mnt/nurvai-data/02/batch_02/SKILL_016_20260121_101159/SKILL_016_20260121_101159_0.mcap
SKILL_016_20260122_101029,station_01_lab,SKILL_016,Package a sewing set,C_BECERRA,2026-01-22T10:10:29Z,2026-01-22T10:13:27Z,178.15,4.76,PASS,TRUE,,/mnt/nurvai-data/02/batch_02/SKILL_016_20260122_101029/SKILL_016_20260122_101029_0.mcap
SKILL_016_20260122_100616,station_01_lab,SKILL_016,Package a sewing set,C_BECERRA,2026-01-22T10:06:16Z,2026-01-22T10:09:34Z,197.13,4.75,PASS,TRUE,,/mnt/nurvai-data/02/batch_02/SKILL_016_20260122_100616/SKILL_016_20260122_100616_0.mcap
SKILL_016_20260122_101404,station_01_lab,SKILL_016,Package a sewing set,C_BECERRA,2026-01-22T10:14:04Z,2026-01-22T10:15:40Z,96.37,4.52,PASS,TRUE,,/mnt/nurvai-data/02/batch_02/SKILL_016_20260122_101404/SKILL_016_20260122_101404_0.mcap
SKILL_016_20260123_091815,station_01_lab,SKILL_016,Package a sewing set,C_BECERRA,2026-01-23T09:18:15Z,2026-01-23T09:20:37Z,141.52,4.62,PASS,TRUE,,/mnt/nurvai-data/02/batch_02/SKILL_016_20260123_091815/SKILL_016_20260123_091815_0.mcap
SKILL_016_20260123_092157,station_01_lab,SKILL_016,Package a sewing set,C_BECERRA,2026-01-23T09:21:57Z,2026-01-23T09:24:16Z,138.90,4.52,PASS,TRUE,,/mnt/nurvai-data/02/batch_02/SKILL_016_20260123_092157/SKILL_016_20260123_092157_0.mcap
SKILL_016_20260123_092533,station_01_lab,SKILL_016,Package a sewing set,C_BECERRA,2026-01-23T09:25:33Z,2026-01-23T09:27:38Z,124.42,4.53,PASS,TRUE,,/mnt/nurvai-data/02/batch_02/SKILL_016_20260123_092533/SKILL_016_20260123_092533_0.mcap
SKILL_016_20260123_144145,station_01_lab,SKILL_016,Package a sewing set,H_ALCARAZ,2026-01-23T14:41:45Z,2026-01-23T14:44:13Z,147.73,4.58,PASS,TRUE,,/mnt/nurvai-data/02/batch_02/SKILL_016_20260123_144145/SKILL_016_20260123_144145_0.mcap
SKILL_016_20260123_144507,station_01_lab,SKILL_016,Package a sewing set,H_ALCARAZ,2026-01-23T14:45:07Z,2026-01-23T14:47:13Z,125.93,4.63,PASS,TRUE,,/mnt/nurvai-data/02/batch_02/SKILL_016_20260123_144507/SKILL_016_20260123_144507_0.mcap
SKILL_016_20260123_144835,station_01_lab,SKILL_016,Package a sewing set,H_ALCARAZ,2026-01-23T14:48:35Z,2026-01-23T14:51:38Z,183.00,4.70,PASS,TRUE,,/mnt/nurvai-data/02/batch_02/SKILL_016_20260123_144835/SKILL_016_20260123_144835_0.mcap
SKILL_016_20260124_093140,station_01_lab,SKILL_016,Package a sewing set,D_VARGAS,2026-01-24T09:31:40Z,2026-01-24T09:33:44Z,123.79,4.84,PASS,TRUE,,/mnt/nurvai-data/02/batch_02/SKILL_016_20260124_093140/SKILL_016_20260124_093140_0.mcap
SKILL_016_20260124_093452,station_01_lab,SKILL_016,Package a sewing set,D_VARGAS,2026-01-24T09:34:52Z,2026-01-24T09:36:26Z,94.29,4.83,PASS,TRUE,,/mnt/nurvai-data/02/batch_02/SKILL_016_20260124_093452/SKILL_016_20260124_093452_0.mcap
SKILL_016_20260124_093805,station_01_lab,SKILL_016,Package a sewing set,D_VARGAS,2026-01-24T09:38:05Z,2026-01-24T09:39:50Z,105.43,4.65,PASS,TRUE,,/mnt/nurvai-data/02/batch_02/SKILL_016_20260124_093805/SKILL_016_20260124_093805_0.mcap
SKILL_016_20260124_094109,station_01_lab,SKILL_016,Package a sewing set,D_VARGAS,2026-01-24T09:41:09Z,2026-01-24T09:42:17Z,67.80,5.09,PASS,FALSE,TOO_SHORT (67.8s),/mnt/nurvai-data/02/batch_02/SKILL_016_20260124_094109/SKILL_016_20260124_094109_0.mcap
SKILL_016_20260124_135854,station_01_lab,SKILL_016,Package a sewing set,H_ALCARAZ,2026-01-24T13:58:54Z,2026-01-24T14:01:43Z,168.83,4.86,PASS,TRUE,,/mnt/nurvai-data/02/batch_02/SKILL_016_20260124_135854/SKILL_016_20260124_135854_0.mcap
SKILL_016_20260124_140555,station_01_lab,SKILL_016,Package a sewing set,H_ALCARAZ,2026-01-24T14:05:55Z,2026-01-24T14:08:10Z,135.59,4.75,PASS,TRUE,,/mnt/nurvai-data/02/batch_02/SKILL_016_20260124_140555/SKILL_016_20260124_140555_0.mcap
SKILL_016_20260124_140811,station_01_lab,SKILL_016,Package a sewing set,H_ALCARAZ,2026-01-24T14:08:11Z,2026-01-24T14:08:12Z,1.62,1.89,PASS,FALSE,TOO_SHORT (1.6s),/mnt/nurvai-data/02/batch_02/SKILL_016_20260124_140811/SKILL_016_20260124_140811_0.mcap
SKILL_016_20260124_140223,station_01_lab,SKILL_016,Package a sewing set,H_ALCARAZ,2026-01-24T14:02:23Z,2026-01-24T14:04:54Z,150.80,4.80,PASS,TRUE,,/mnt/nurvai-data/02/batch_02/SKILL_016_20260124_140223/SKILL_016_20260124_140223_0.mcap
SKILL_016_20260124_141030,station_01_lab,SKILL_016,Package a sewing set,H_ALCARAZ,2026-01-24T14:10:30Z,2026-01-24T14:12:20Z,109.72,4.89,PASS,TRUE,,/mnt/nurvai-data/02/batch_02/SKILL_016_20260124_141030/SKILL_016_20260124_141030_0.mcap
SKILL_016_20260124_140915,station_01_lab,SKILL_016,Package a sewing set,H_ALCARAZ,2026-01-24T14:09:15Z,2026-01-24T14:09:19Z,4.57,2.36,PASS,FALSE,TOO_SHORT (4.6s),/mnt/nurvai-data/02/batch_02/SKILL_016_20260124_140915/SKILL_016_20260124_140915_0.mcap
SKILL_016_20260127_144102,station_01_lab,SKILL_016,Package a sewing set,L_AGUILERA,2026-01-27T14:41:02Z,2026-01-27T14:42:40Z,97.83,4.88,PASS,TRUE,,/mnt/nurvai-data/02/batch_02/SKILL_016_20260127_144102/SKILL_016_20260127_144102_0.mcap
SKILL_016_20260127_143123,station_01_lab,SKILL_016,Package a sewing set,L_AGUILERA,2026-01-27T14:31:23Z,2026-01-27T14:33:11Z,107.30,5.07,PASS,TRUE,,/mnt/nurvai-data/02/batch_02/SKILL_016_20260127_143123/SKILL_016_20260127_143123_0.mcap
SKILL_016_20260127_144333,station_01_lab,SKILL_016,Package a sewing set,L_AGUILERA,2026-01-27T14:43:33Z,2026-01-27T14:44:30Z,57.33,4.66,PASS,FALSE,TOO_SHORT (57.3s),/mnt/nurvai-data/02/batch_02/SKILL_016_20260127_144333/SKILL_016_20260127_144333_0.mcap
SKILL_016_20260129_094722,station_01_lab,SKILL_016,Package a sewing set,C_BECERRA,2026-01-29T09:47:22Z,2026-01-29T09:48:34Z,72.13,4.77,PASS,FALSE,TOO_SHORT (72.1s),/mnt/nurvai-data/02/batch_02/SKILL_016_20260129_094722/SKILL_016_20260129_094722_0.mcap
SKILL_016_20260129_095118,station_01_lab,SKILL_016,Package a sewing set,C_BECERRA,2026-01-29T09:51:18Z,2026-01-29T09:52:18Z,60.17,4.95,PASS,FALSE,TOO_SHORT (60.2s),/mnt/nurvai-data/02/batch_02/SKILL_016_20260129_095118/SKILL_016_20260129_095118_0.mcap
SKILL_017_20260120_123428,station_01_lab,SKILL_017,Put pasta in ziploc bags,C_BECERRA,2026-01-20T12:34:28Z,2026-01-20T12:39:47Z,318.45,4.67,PASS,TRUE,,/mnt/nurvai-data/02/batch_02/SKILL_017_20260120_123428/SKILL_017_20260120_123428_0.mcap
SKILL_016_20260129_094927,station_01_lab,SKILL_016,Package a sewing set,C_BECERRA,2026-01-29T09:49:27Z,2026-01-29T09:50:21Z,53.39,4.80,PASS,FALSE,TOO_SHORT (53.4s),/mnt/nurvai-data/02/batch_02/SKILL_016_20260129_094927/SKILL_016_20260129_094927_0.mcap
SKILL_017_20260121_102614,station_01_lab,SKILL_017,Put pasta in ziploc bags,C_BECERRA,2026-01-21T10:26:14Z,2026-01-21T10:29:33Z,198.77,4.74,PASS,TRUE,,/mnt/nurvai-data/02/batch_02/SKILL_017_20260121_102614/SKILL_017_20260121_102614_0.mcap
SKILL_017_20260121_101927,station_01_lab,SKILL_017,Put pasta in ziploc bags,C_BECERRA,2026-01-21T10:19:27Z,2026-01-21T10:25:07Z,339.46,4.72,PASS,TRUE,,/mnt/nurvai-data/02/batch_02/SKILL_017_20260121_101927/SKILL_017_20260121_101927_0.mcap
SKILL_017_20260122_101659,station_01_lab,SKILL_017,Put pasta in ziploc bags,C_BECERRA,2026-01-22T10:16:59Z,2026-01-22T10:22:11Z,312.33,4.67,PASS,TRUE,,/mnt/nurvai-data/02/batch_02/SKILL_017_20260122_101659/SKILL_017_20260122_101659_0.mcap
SKILL_017_20260122_102349,station_01_lab,SKILL_017,Put pasta in ziploc bags,C_BECERRA,2026-01-22T10:23:49Z,2026-01-22T10:28:17Z,268.03,4.65,PASS,TRUE,,/mnt/nurvai-data/02/batch_02/SKILL_017_20260122_102349/SKILL_017_20260122_102349_0.mcap
SKILL_017_20260123_093344,station_01_lab,SKILL_017,Put pasta in ziploc bags,C_BECERRA,2026-01-23T09:33:44Z,2026-01-23T09:39:32Z,347.33,4.78,PASS,TRUE,,/mnt/nurvai-data/02/batch_02/SKILL_017_20260123_093344/SKILL_017_20260123_093344_0.mcap
SKILL_017_20260123_094106,station_01_lab,SKILL_017,Put pasta in ziploc bags,C_BECERRA,2026-01-23T09:41:06Z,2026-01-23T09:44:55Z,228.97,4.57,PASS,TRUE,,/mnt/nurvai-data/02/batch_02/SKILL_017_20260123_094106/SKILL_017_20260123_094106_0.mcap
SKILL_017_20260123_145226,station_01_lab,SKILL_017,Put pasta in ziploc bags,H_ALCARAZ,2026-01-23T14:52:26Z,2026-01-23T14:55:58Z,212.20,4.53,PASS,TRUE,,/mnt/nurvai-data/02/batch_02/SKILL_017_20260123_145226/SKILL_017_20260123_145226_0.mcap
SKILL_017_20260124_094745,station_01_lab,SKILL_017,Put pasta in ziploc bags,D_VARGAS,2026-01-24T09:47:45Z,2026-01-24T09:47:49Z,3.85,4.45,PASS,FALSE,TOO_SHORT (3.9s),/mnt/nurvai-data/02/batch_02/SKILL_017_20260124_094745/SKILL_017_20260124_094745_0.mcap
SKILL_017_20260124_094439,station_01_lab,SKILL_017,Put pasta in ziploc bags,D_VARGAS,2026-01-24T09:44:39Z,2026-01-24T09:47:44Z,185.10,4.44,PASS,TRUE,,/mnt/nurvai-data/02/batch_02/SKILL_017_20260124_094439/SKILL_017_20260124_094439_0.mcap
SKILL_017_20260124_142024,station_01_lab,SKILL_017,Put pasta in ziploc bags,E_MARTINEZ,2026-01-24T14:20:24Z,2026-01-24T14:26:38Z,373.82,4.64,PASS,TRUE,,/mnt/nurvai-data/02/batch_02/SKILL_017_20260124_142024/SKILL_017_20260124_142024_0.mcap
SKILL_018_20260120_124233,station_01_lab,SKILL_018,Close bags with twist ties,C_BECERRA,2026-01-20T12:42:33Z,2026-01-20T12:49:06Z,392.42,4.53,PASS,TRUE,,/mnt/nurvai-data/02/batch_02/SKILL_018_20260120_124233/SKILL_018_20260120_124233_0.mcap
SKILL_018_20260121_103140,station_01_lab,SKILL_018,Close bags with twist ties,C_BECERRA,2026-01-21T10:31:40Z,2026-01-21T10:35:41Z,241.29,4.46,PASS,TRUE,,/mnt/nurvai-data/02/batch_02/SKILL_018_20260121_103140/SKILL_018_20260121_103140_0.mcap
SKILL_018_20260121_103700,station_01_lab,SKILL_018,Close bags with twist ties,C_BECERRA,2026-01-21T10:37:00Z,2026-01-21T10:40:36Z,216.22,4.50,PASS,TRUE,,/mnt/nurvai-data/02/batch_02/SKILL_018_20260121_103700/SKILL_018_20260121_103700_0.mcap
SKILL_018_20260122_102936,station_01_lab,SKILL_018,Close bags with twist ties,C_BECERRA,2026-01-22T10:29:36Z,2026-01-22T10:35:35Z,358.75,4.50,PASS,TRUE,,/mnt/nurvai-data/02/batch_02/SKILL_018_20260122_102936/SKILL_018_20260122_102936_0.mcap
SKILL_018_20260122_103645,station_01_lab,SKILL_018,Close bags with twist ties,C_BECERRA,2026-01-22T10:36:45Z,2026-01-22T10:38:48Z,123.61,4.56,PASS,TRUE,,/mnt/nurvai-data/02/batch_02/SKILL_018_20260122_103645/SKILL_018_20260122_103645_0.mcap
SKILL_018_20260122_104032,station_01_lab,SKILL_018,Close bags with twist ties,C_BECERRA,2026-01-22T10:40:32Z,2026-01-22T10:40:38Z,5.68,4.66,PASS,FALSE,TOO_SHORT (5.7s),/mnt/nurvai-data/02/batch_02/SKILL_018_20260122_104032/SKILL_018_20260122_104032_0.mcap
SKILL_018_20260123_094633,station_01_lab,SKILL_018,Close bags with twist ties,C_BECERRA,2026-01-23T09:46:33Z,2026-01-23T09:48:03Z,90.04,4.54,PASS,TRUE,,/mnt/nurvai-data/02/batch_02/SKILL_018_20260123_094633/SKILL_018_20260123_094633_0.mcap
SKILL_018_20260123_095122,station_01_lab,SKILL_018,Close bags with twist ties,C_BECERRA,2026-01-23T09:51:22Z,2026-01-23T09:56:36Z,314.26,4.45,PASS,TRUE,,/mnt/nurvai-data/02/batch_02/SKILL_018_20260123_095122/SKILL_018_20260123_095122_0.mcap
SKILL_018_20260124_095205,station_01_lab,SKILL_018,Close bags with twist ties,D_VARGAS,2026-01-24T09:52:05Z,2026-01-24T09:55:12Z,187.29,4.58,WARNING_DRIFT,TRUE,,/mnt/nurvai-data/02/batch_02/SKILL_018_20260124_095205/SKILL_018_20260124_095205_0.mcap
SKILL_018_20260124_095647,station_01_lab,SKILL_018,Close bags with twist ties,D_VARGAS,2026-01-24T09:56:47Z,2026-01-24T09:59:17Z,149.42,4.46,PASS,TRUE,,/mnt/nurvai-data/02/batch_02/SKILL_018_20260124_095647/SKILL_018_20260124_095647_0.mcap
SKILL_018_20260124_100110,station_01_lab,SKILL_018,Close bags with twist ties,D_VARGAS,2026-01-24T10:01:10Z,2026-01-24T10:02:27Z,76.85,4.57,PASS,FALSE,TOO_SHORT (76.8s),/mnt/nurvai-data/02/batch_02/SKILL_018_20260124_100110/SKILL_018_20260124_100110_0.mcap
SKILL_018_20260124_143100,station_01_lab,SKILL_018,Close bags with twist ties,E_MARTINEZ,2026-01-24T14:31:00Z,2026-01-24T14:34:21Z,200.80,4.66,PASS,TRUE,,/mnt/nurvai-data/02/batch_02/SKILL_018_20260124_143100/SKILL_018_20260124_143100_0.mcap
SKILL_019_20260120_130052,station_01_lab,SKILL_019,Put pasta in plastic containers,C_BECERRA,2026-01-20T13:00:52Z,2026-01-20T13:01:01Z,8.72,4.52,PASS,FALSE,TOO_SHORT (8.7s),/mnt/nurvai-data/02/batch_02/SKILL_019_20260120_130052/SKILL_019_20260120_130052_0.mcap
SKILL_018_20260124_143531,station_01_lab,SKILL_018,Close bags with twist ties,E_MARTINEZ,2026-01-24T14:35:31Z,2026-01-24T14:39:35Z,244.01,4.74,PASS,TRUE,,/mnt/nurvai-data/02/batch_02/SKILL_018_20260124_143531/SKILL_018_20260124_143531_0.mcap
SKILL_019_20260120_141355,station_01_lab,SKILL_019,Put pasta in plastic containers,C_BECERRA,2026-01-20T14:13:55Z,2026-01-20T14:16:37Z,162.13,4.66,PASS,TRUE,,/mnt/nurvai-data/02/batch_02/SKILL_019_20260120_141355/SKILL_019_20260120_141355_0.mcap
SKILL_019_20260120_140114,station_01_lab,SKILL_019,Put pasta in plastic containers,C_BECERRA,2026-01-20T14:01:14Z,2026-01-20T14:03:51Z,157.78,4.93,PASS,TRUE,,/mnt/nurvai-data/02/batch_02/SKILL_019_20260120_140114/SKILL_019_20260120_140114_0.mcap
SKILL_019_20260120_141952,station_01_lab,SKILL_019,Put pasta in plastic containers,C_BECERRA,2026-01-20T14:19:52Z,2026-01-20T14:23:33Z,220.85,4.65,PASS,TRUE,,/mnt/nurvai-data/02/batch_02/SKILL_019_20260120_141952/SKILL_019_20260120_141952_0.mcap
SKILL_019_20260120_142338,station_01_lab,SKILL_019,Put pasta in plastic containers,C_BECERRA,2026-01-20T14:23:38Z,2026-01-20T14:23:40Z,1.77,4.71,PASS,FALSE,TOO_SHORT (1.8s),/mnt/nurvai-data/02/batch_02/SKILL_019_20260120_142338/SKILL_019_20260120_142338_0.mcap
SKILL_019_20260121_104245,station_01_lab,SKILL_019,Put pasta in plastic containers,C_BECERRA,2026-01-21T10:42:45Z,2026-01-21T10:45:40Z,174.86,4.65,PASS,TRUE,,/mnt/nurvai-data/02/batch_02/SKILL_019_20260121_104245/SKILL_019_20260121_104245_0.mcap
SKILL_019_20260120_142400,station_01_lab,SKILL_019,Put pasta in plastic containers,C_BECERRA,2026-01-20T14:24:00Z,2026-01-20T14:27:05Z,184.85,4.59,PASS,TRUE,,/mnt/nurvai-data/02/batch_02/SKILL_019_20260120_142400/SKILL_019_20260120_142400_0.mcap
SKILL_019_20260121_104936,station_01_lab,SKILL_019,Put pasta in plastic containers,C_BECERRA,2026-01-21T10:49:36Z,2026-01-21T10:52:20Z,163.90,4.46,PASS,TRUE,,/mnt/nurvai-data/02/batch_02/SKILL_019_20260121_104936/SKILL_019_20260121_104936_0.mcap
SKILL_019_20260121_104615,station_01_lab,SKILL_019,Put pasta in plastic containers,C_BECERRA,2026-01-21T10:46:15Z,2026-01-21T10:49:02Z,166.15,4.57,PASS,TRUE,,/mnt/nurvai-data/02/batch_02/SKILL_019_20260121_104615/SKILL_019_20260121_104615_0.mcap
SKILL_019_20260122_104044,station_01_lab,SKILL_019,Put pasta in plastic containers,C_BECERRA,2026-01-22T10:40:44Z,2026-01-22T10:44:55Z,251.10,4.44,PASS,TRUE,,/mnt/nurvai-data/02/batch_02/SKILL_019_20260122_104044/SKILL_019_20260122_104044_0.mcap
SKILL_019_20260122_104603,station_01_lab,SKILL_019,Put pasta in plastic containers,C_BECERRA,2026-01-22T10:46:03Z,2026-01-22T10:50:02Z,239.25,4.70,PASS,TRUE,,/mnt/nurvai-data/02/batch_02/SKILL_019_20260122_104603/SKILL_019_20260122_104603_0.mcap
SKILL_019_20260123_095934,station_01_lab,SKILL_019,Put pasta in plastic containers,C_BECERRA,2026-01-23T09:59:34Z,2026-01-23T10:03:11Z,216.40,4.45,PASS,TRUE,,/mnt/nurvai-data/02/batch_02/SKILL_019_20260123_095934/SKILL_019_20260123_095934_0.mcap
SKILL_019_20260123_100353,station_01_lab,SKILL_019,Put pasta in plastic containers,C_BECERRA,2026-01-23T10:03:53Z,2026-01-23T10:07:16Z,202.73,4.64,PASS,TRUE,,/mnt/nurvai-data/02/batch_02/SKILL_019_20260123_100353/SKILL_019_20260123_100353_0.mcap
SKILL_019_20260124_100411,station_01_lab,SKILL_019,Put pasta in plastic containers,D_VARGAS,2026-01-24T10:04:11Z,2026-01-24T10:08:10Z,238.87,4.42,PASS,TRUE,,/mnt/nurvai-data/02/batch_02/SKILL_019_20260124_100411/SKILL_019_20260124_100411_0.mcap
SKILL_019_20260124_100947,station_01_lab,SKILL_019,Put pasta in plastic containers,D_VARGAS,2026-01-24T10:09:47Z,2026-01-24T10:10:56Z,68.84,4.64,WARNING_DRIFT,FALSE,TOO_SHORT (68.8s),/mnt/nurvai-data/02/batch_02/SKILL_019_20260124_100947/SKILL_019_20260124_100947_0.mcap
SKILL_019_20260123_100804,station_01_lab,SKILL_019,Put pasta in plastic containers,C_BECERRA,2026-01-23T10:08:04Z,2026-01-23T10:10:50Z,165.44,4.45,PASS,TRUE,,/mnt/nurvai-data/02/batch_02/SKILL_019_20260123_100804/SKILL_019_20260123_100804_0.mcap
SKILL_019_20260124_101906,station_01_lab,SKILL_019,Put pasta in plastic containers,D_VARGAS,2026-01-24T10:19:06Z,2026-01-24T10:21:05Z,119.43,4.46,PASS,TRUE,,/mnt/nurvai-data/02/batch_02/SKILL_019_20260124_101906/SKILL_019_20260124_101906_0.mcap
SKILL_019_20260124_101452,station_01_lab,SKILL_019,Put pasta in plastic containers,D_VARGAS,2026-01-24T10:14:52Z,2026-01-24T10:17:14Z,141.93,4.53,PASS,TRUE,,/mnt/nurvai-data/02/batch_02/SKILL_019_20260124_101452/SKILL_019_20260124_101452_0.mcap
SKILL_019_20260124_144202,station_01_lab,SKILL_019,Put pasta in plastic containers,E_MARTINEZ,2026-01-24T14:42:02Z,2026-01-24T14:46:17Z,255.46,4.70,PASS,TRUE,,/mnt/nurvai-data/02/batch_02/SKILL_019_20260124_144202/SKILL_019_20260124_144202_0.mcap
SKILL_019_20260124_144708,station_01_lab,SKILL_019,Put pasta in plastic containers,E_MARTINEZ,2026-01-24T14:47:08Z,2026-01-24T14:50:53Z,225.02,4.59,PASS,TRUE,,/mnt/nurvai-data/02/batch_02/SKILL_019_20260124_144708/SKILL_019_20260124_144708_0.mcap
SKILL_019_20260128_110103,station_01_lab,SKILL_019,Put pasta in plastic containers,D_VARGAS,2026-01-28T11:01:03Z,2026-01-28T11:05:04Z,240.45,4.67,PASS,TRUE,,/mnt/nurvai-data/02/batch_02/SKILL_019_20260128_110103/SKILL_019_20260128_110103_0.mcap
SKILL_019_20260128_110546,station_01_lab,SKILL_019,Put pasta in plastic containers,D_VARGAS,2026-01-28T11:05:46Z,2026-01-28T11:09:19Z,213.30,4.77,PASS,TRUE,,/mnt/nurvai-data/02/batch_02/SKILL_019_20260128_110546/SKILL_019_20260128_110546_0.mcap
SKILL_019_20260128_125759,station_01_lab,SKILL_019,Put pasta in plastic containers,L_AGUILERA,2026-01-28T12:57:59Z,2026-01-28T13:02:04Z,245.74,4.84,PASS,TRUE,,/mnt/nurvai-data/02/batch_02/SKILL_019_20260128_125759/SKILL_019_20260128_125759_0.mcap
SKILL_019_20260128_131917,station_01_lab,SKILL_019,Put pasta in plastic containers,C_BECERRA,2026-01-28T13:19:17Z,2026-01-28T13:21:54Z,156.45,4.56,PASS,TRUE,,/mnt/nurvai-data/02/batch_02/SKILL_019_20260128_131917/SKILL_019_20260128_131917_0.mcap
SKILL_019_20260128_131453,station_01_lab,SKILL_019,Put pasta in plastic containers,C_BECERRA,2026-01-28T13:14:53Z,2026-01-28T13:18:00Z,187.36,4.83,PASS,TRUE,,/mnt/nurvai-data/02/batch_02/SKILL_019_20260128_131453/SKILL_019_20260128_131453_0.mcap
SKILL_019_20260129_074851,station_01_lab,SKILL_019,Put pasta in plastic containers,E_MARTINEZ,2026-01-29T07:48:51Z,2026-01-29T07:53:28Z,276.96,4.72,PASS,TRUE,,/mnt/nurvai-data/02/batch_02/SKILL_019_20260129_074851/SKILL_019_20260129_074851_0.mcap
SKILL_019_20260129_075444,station_01_lab,SKILL_019,Put pasta in plastic containers,E_MARTINEZ,2026-01-29T07:54:44Z,2026-01-29T07:59:11Z,266.84,4.74,PASS,TRUE,,/mnt/nurvai-data/02/batch_02/SKILL_019_20260129_075444/SKILL_019_20260129_075444_0.mcap
SKILL_019_20260129_080134,station_01_lab,SKILL_019,Put pasta in plastic containers,E_MARTINEZ,2026-01-29T08:01:34Z,2026-01-29T08:05:01Z,207.36,4.67,PASS,TRUE,,/mnt/nurvai-data/02/batch_02/SKILL_019_20260129_080134/SKILL_019_20260129_080134_0.mcap
SKILL_019_20260129_080709,station_01_lab,SKILL_019,Put pasta in plastic containers,E_MARTINEZ,2026-01-29T08:07:09Z,2026-01-29T08:10:38Z,209.04,4.49,PASS,TRUE,,/mnt/nurvai-data/02/batch_02/SKILL_019_20260129_080709/SKILL_019_20260129_080709_0.mcap
SKILL_019_20260129_092025,station_01_lab,SKILL_019,Put pasta in plastic containers,N_MORA,2026-01-29T09:20:25Z,2026-01-29T09:22:39Z,133.44,4.64,PASS,TRUE,,/mnt/nurvai-data/02/batch_02/SKILL_019_20260129_092025/SKILL_019_20260129_092025_0.mcap
SKILL_019_20260129_092407,station_01_lab,SKILL_019,Put pasta in plastic containers,N_MORA,2026-01-29T09:24:07Z,2026-01-29T09:25:43Z,95.64,4.35,PASS,TRUE,,/mnt/nurvai-data/02/batch_02/SKILL_019_20260129_092407/SKILL_019_20260129_092407_0.mcap
SKILL_019_20260129_092655,station_01_lab,SKILL_019,Put pasta in plastic containers,N_MORA,2026-01-29T09:26:55Z,2026-01-29T09:28:38Z,102.65,4.52,PASS,TRUE,,/mnt/nurvai-data/02/batch_02/SKILL_019_20260129_092655/SKILL_019_20260129_092655_0.mcap
SKILL_019_20260129_124432,station_01_lab,SKILL_019,Put pasta in plastic containers,L_AGUILERA,2026-01-29T12:44:32Z,2026-01-29T12:47:43Z,191.40,4.63,PASS,TRUE,,/mnt/nurvai-data/02/batch_02/SKILL_019_20260129_124432/SKILL_019_20260129_124432_0.mcap
SKILL_019_20260129_124844,station_01_lab,SKILL_019,Put pasta in plastic containers,L_AGUILERA,2026-01-29T12:48:44Z,2026-01-29T12:52:15Z,211.10,4.65,PASS,TRUE,,/mnt/nurvai-data/02/batch_02/SKILL_019_20260129_124844/SKILL_019_20260129_124844_0.mcap
SKILL_020_20260121_111111,station_01_lab,SKILL_020,Open locks with their keys,C_BECERRA,2026-01-21T11:11:11Z,2026-01-21T11:12:45Z,93.58,4.39,PASS,TRUE,,/mnt/nurvai-data/02/batch_02/SKILL_020_20260121_111111/SKILL_020_20260121_111111_0.mcap
SKILL_019_20260129_125257,station_01_lab,SKILL_019,Put pasta in plastic containers,L_AGUILERA,2026-01-29T12:52:57Z,2026-01-29T12:56:57Z,240.25,4.66,PASS,TRUE,,/mnt/nurvai-data/02/batch_02/SKILL_019_20260129_125257/SKILL_019_20260129_125257_0.mcap
SKILL_020_20260121_111342,station_01_lab,SKILL_020,Open locks with their keys,C_BECERRA,2026-01-21T11:13:42Z,2026-01-21T11:15:15Z,93.24,4.28,PASS,TRUE,,/mnt/nurvai-data/02/batch_02/SKILL_020_20260121_111342/SKILL_020_20260121_111342_0.mcap
SKILL_020_20260121_111740,station_01_lab,SKILL_020,Open locks with their keys,C_BECERRA,2026-01-21T11:17:40Z,2026-01-21T11:17:45Z,4.66,5.90,PASS,FALSE,TOO_SHORT (4.7s),/mnt/nurvai-data/02/batch_02/SKILL_020_20260121_111740/SKILL_020_20260121_111740_0.mcap
SKILL_020_20260121_111842,station_01_lab,SKILL_020,Open locks with their keys,C_BECERRA,2026-01-21T11:18:42Z,2026-01-21T11:19:59Z,77.02,4.25,PASS,FALSE,TOO_SHORT (77.0s),/mnt/nurvai-data/02/batch_02/SKILL_020_20260121_111842/SKILL_020_20260121_111842_0.mcap
SKILL_020_20260121_111608,station_01_lab,SKILL_020,Open locks with their keys,C_BECERRA,2026-01-21T11:16:08Z,2026-01-21T11:17:37Z,88.48,4.28,PASS,FALSE,TOO_SHORT (88.5s),/mnt/nurvai-data/02/batch_02/SKILL_020_20260121_111608/SKILL_020_20260121_111608_0.mcap
SKILL_020_20260121_112322,station_01_lab,SKILL_020,Open locks with their keys,C_BECERRA,2026-01-21T11:23:22Z,2026-01-21T11:23:29Z,6.74,4.26,PASS,FALSE,TOO_SHORT (6.7s),/mnt/nurvai-data/02/batch_02/SKILL_020_20260121_112322/SKILL_020_20260121_112322_0.mcap
SKILL_020_20260121_112051,station_01_lab,SKILL_020,Open locks with their keys,C_BECERRA,2026-01-21T11:20:51Z,2026-01-21T11:22:21Z,90.08,4.22,PASS,TRUE,,/mnt/nurvai-data/02/batch_02/SKILL_020_20260121_112051/SKILL_020_20260121_112051_0.mcap
SKILL_020_20260121_112334,station_01_lab,SKILL_020,Open locks with their keys,C_BECERRA,2026-01-21T11:23:34Z,2026-01-21T11:25:12Z,98.62,4.24,PASS,TRUE,,/mnt/nurvai-data/02/batch_02/SKILL_020_20260121_112334/SKILL_020_20260121_112334_0.mcap
SKILL_020_20260121_112557,station_01_lab,SKILL_020,Open locks with their keys,C_BECERRA,2026-01-21T11:25:57Z,2026-01-21T11:27:03Z,65.67,4.25,PASS,FALSE,TOO_SHORT (65.7s),/mnt/nurvai-data/02/batch_02/SKILL_020_20260121_112557/SKILL_020_20260121_112557_0.mcap
SKILL_020_20260122_105209,station_01_lab,SKILL_020,Open locks with their keys,C_BECERRA,2026-01-22T10:52:09Z,2026-01-22T10:54:35Z,146.25,4.19,PASS,TRUE,,/mnt/nurvai-data/02/batch_02/SKILL_020_20260122_105209/SKILL_020_20260122_105209_0.mcap
SKILL_020_20260122_105541,station_01_lab,SKILL_020,Open locks with their keys,C_BECERRA,2026-01-22T10:55:41Z,2026-01-22T10:58:19Z,157.89,4.18,PASS,TRUE,,/mnt/nurvai-data/02/batch_02/SKILL_020_20260122_105541/SKILL_020_20260122_105541_0.mcap
SKILL_020_20260122_105941,station_01_lab,SKILL_020,Open locks with their keys,C_BECERRA,2026-01-22T10:59:41Z,2026-01-22T11:01:48Z,126.65,4.11,PASS,TRUE,,/mnt/nurvai-data/02/batch_02/SKILL_020_20260122_105941/SKILL_020_20260122_105941_0.mcap
SKILL_020_20260123_102030,station_01_lab,SKILL_020,Open locks with their keys,C_BECERRA,2026-01-23T10:20:30Z,2026-01-23T10:22:42Z,132.04,4.12,PASS,TRUE,,/mnt/nurvai-data/02/batch_02/SKILL_020_20260123_102030/SKILL_020_20260123_102030_0.mcap
SKILL_020_20260123_102338,station_01_lab,SKILL_020,Open locks with their keys,C_BECERRA,2026-01-23T10:23:38Z,2026-01-23T10:25:41Z,123.54,4.16,PASS,TRUE,,/mnt/nurvai-data/02/batch_02/SKILL_020_20260123_102338/SKILL_020_20260123_102338_0.mcap
SKILL_020_20260123_103038,station_01_lab,SKILL_020,Open locks with their keys,C_BECERRA,2026-01-23T10:30:38Z,2026-01-23T10:32:19Z,100.63,4.12,PASS,TRUE,,/mnt/nurvai-data/02/batch_02/SKILL_020_20260123_103038/SKILL_020_20260123_103038_0.mcap
SKILL_020_20260123_102635,station_01_lab,SKILL_020,Open locks with their keys,C_BECERRA,2026-01-23T10:26:35Z,2026-01-23T10:29:06Z,150.91,4.04,PASS,TRUE,,/mnt/nurvai-data/02/batch_02/SKILL_020_20260123_102635/SKILL_020_20260123_102635_0.mcap
SKILL_020_20260123_103311,station_01_lab,SKILL_020,Open locks with their keys,C_BECERRA,2026-01-23T10:33:11Z,2026-01-23T10:34:28Z,76.73,4.18,PASS,FALSE,TOO_SHORT (76.7s),/mnt/nurvai-data/02/batch_02/SKILL_020_20260123_103311/SKILL_020_20260123_103311_0.mcap
SKILL_020_20260128_132416,station_01_lab,SKILL_020,Open locks with their keys,C_BECERRA,2026-01-28T13:24:16Z,2026-01-28T13:26:32Z,136.19,4.65,PASS,TRUE,,/mnt/nurvai-data/02/batch_02/SKILL_020_20260128_132416/SKILL_020_20260128_132416_0.mcap
SKILL_020_20260128_132803,station_01_lab,SKILL_020,Open locks with their keys,C_BECERRA,2026-01-28T13:28:03Z,2026-01-28T13:29:57Z,113.60,4.72,PASS,TRUE,,/mnt/nurvai-data/02/batch_02/SKILL_020_20260128_132803/SKILL_020_20260128_132803_0.mcap
SKILL_020_20260129_093736,station_01_lab,SKILL_020,Open locks with their keys,C_BECERRA,2026-01-29T09:37:36Z,2026-01-29T09:39:23Z,107.26,4.80,PASS,TRUE,,/mnt/nurvai-data/02/batch_02/SKILL_020_20260129_093736/SKILL_020_20260129_093736_0.mcap
SKILL_020_20260128_133110,station_01_lab,SKILL_020,Open locks with their keys,C_BECERRA,2026-01-28T13:31:10Z,2026-01-28T13:32:54Z,103.17,4.74,PASS,TRUE,,/mnt/nurvai-data/02/batch_02/SKILL_020_20260128_133110/SKILL_020_20260128_133110_0.mcap
SKILL_020_20260129_094328,station_01_lab,SKILL_020,Open locks with their keys,C_BECERRA,2026-01-29T09:43:28Z,2026-01-29T09:45:45Z,136.68,4.69,PASS,TRUE,,/mnt/nurvai-data/02/batch_02/SKILL_020_20260129_094328/SKILL_020_20260129_094328_0.mcap
SKILL_020_20260129_094024,station_01_lab,SKILL_020,Open locks with their keys,C_BECERRA,2026-01-29T09:40:24Z,2026-01-29T09:42:34Z,130.48,4.71,PASS,TRUE,,/mnt/nurvai-data/02/batch_02/SKILL_020_20260129_094024/SKILL_020_20260129_094024_0.mcap
SKILL_020_20260129_120539,station_01_lab,SKILL_020,Open locks with their keys,L_AGUILERA,2026-01-29T12:05:39Z,2026-01-29T12:07:28Z,108.66,4.99,PASS,TRUE,,/mnt/nurvai-data/02/batch_02/SKILL_020_20260129_120539/SKILL_020_20260129_120539_0.mcap
SKILL_020_20260129_120823,station_01_lab,SKILL_020,Open locks with their keys,L_AGUILERA,2026-01-29T12:08:23Z,2026-01-29T12:10:26Z,123.22,5.13,PASS,TRUE,,/mnt/nurvai-data/02/batch_02/SKILL_020_20260129_120823/SKILL_020_20260129_120823_0.mcap
SKILL_020_20260129_121148,station_01_lab,SKILL_020,Open locks with their keys,L_AGUILERA,2026-01-29T12:11:48Z,2026-01-29T12:12:29Z,41.25,5.20,PASS,FALSE,TOO_SHORT (41.2s),/mnt/nurvai-data/02/batch_02/SKILL_020_20260129_121148/SKILL_020_20260129_121148_0.mcap
SKILL_020_20260129_130629,station_01_lab,SKILL_020,Open locks with their keys,D_VARGAS,2026-01-29T13:06:29Z,2026-01-29T13:06:52Z,23.00,5.04,PASS,FALSE,TOO_SHORT (23.0s),/mnt/nurvai-data/02/batch_02/SKILL_020_20260129_130629/SKILL_020_20260129_130629_0.mcap
SKILL_020_20260129_130935,station_01_lab,SKILL_020,Open locks with their keys,D_VARGAS,2026-01-29T13:09:35Z,2026-01-29T13:09:37Z,1.93,3.90,PASS,FALSE,TOO_SHORT (1.9s),/mnt/nurvai-data/02/batch_02/SKILL_020_20260129_130935/SKILL_020_20260129_130935_0.mcap
SKILL_020_20260129_130746,station_01_lab,SKILL_020,Open locks with their keys,D_VARGAS,2026-01-29T13:07:46Z,2026-01-29T13:09:10Z,83.72,4.69,PASS,FALSE,TOO_SHORT (83.7s),/mnt/nurvai-data/02/batch_02/SKILL_020_20260129_130746/SKILL_020_20260129_130746_0.mcap
SKILL_020_20260129_132050,station_01_lab,SKILL_020,Open locks with their keys,D_VARGAS,2026-01-29T13:20:50Z,2026-01-29T13:21:51Z,61.02,4.73,PASS,FALSE,TOO_SHORT (61.0s),/mnt/nurvai-data/02/batch_02/SKILL_020_20260129_132050/SKILL_020_20260129_132050_0.mcap
SKILL_020_20260129_131104,station_01_lab,SKILL_020,Open locks with their keys,D_VARGAS,2026-01-29T13:11:04Z,2026-01-29T13:12:45Z,101.04,4.99,PASS,TRUE,,/mnt/nurvai-data/02/batch_02/SKILL_020_20260129_131104/SKILL_020_20260129_131104_0.mcap
SKILL_020_20260129_134311,station_01_lab,SKILL_020,Open locks with their keys,D_VARGAS,2026-01-29T13:43:11Z,2026-01-29T13:45:18Z,127.20,4.84,PASS,TRUE,,/mnt/nurvai-data/02/batch_02/SKILL_020_20260129_134311/SKILL_020_20260129_134311_0.mcap
SKILL_020_20260129_135031,station_01_lab,SKILL_020,Open locks with their keys,D_VARGAS,2026-01-29T13:50:31Z,2026-01-29T13:52:03Z,91.76,4.69,PASS,TRUE,,/mnt/nurvai-data/02/batch_02/SKILL_020_20260129_135031/SKILL_020_20260129_135031_0.mcap
SKILL_020_20260129_134700,station_01_lab,SKILL_020,Open locks with their keys,D_VARGAS,2026-01-29T13:47:00Z,2026-01-29T13:47:59Z,59.50,4.82,PASS,FALSE,TOO_SHORT (59.5s),/mnt/nurvai-data/02/batch_02/SKILL_020_20260129_134700/SKILL_020_20260129_134700_0.mcap
SKILL_020_20260129_135533,station_01_lab,SKILL_020,Open locks with their keys,D_VARGAS,2026-01-29T13:55:33Z,2026-01-29T13:56:26Z,53.22,4.91,PASS,FALSE,TOO_SHORT (53.2s),/mnt/nurvai-data/02/batch_02/SKILL_020_20260129_135533/SKILL_020_20260129_135533_0.mcap
SKILL_020_20260129_135315,station_01_lab,SKILL_020,Open locks with their keys,D_VARGAS,2026-01-29T13:53:15Z,2026-01-29T13:54:30Z,74.99,4.86,PASS,FALSE,TOO_SHORT (75.0s),/mnt/nurvai-data/02/batch_02/SKILL_020_20260129_135315/SKILL_020_20260129_135315_0.mcap
SKILL_020_20260129_142818,station_01_lab,SKILL_020,Open locks with their keys,L_AGUILERA,2026-01-29T14:28:18Z,2026-01-29T14:29:40Z,81.47,4.35,PASS,FALSE,TOO_SHORT (81.5s),/mnt/nurvai-data/02/batch_02/SKILL_020_20260129_142818/SKILL_020_20260129_142818_0.mcap
SKILL_020_20260129_143139,station_01_lab,SKILL_020,Open locks with their keys,L_AGUILERA,2026-01-29T14:31:39Z,2026-01-29T14:33:32Z,112.31,4.47,PASS,TRUE,,/mnt/nurvai-data/02/batch_02/SKILL_020_20260129_143139/SKILL_020_20260129_143139_0.mcap
SKILL_020_20260129_143643,station_01_lab,SKILL_020,Open locks with their keys,L_AGUILERA,2026-01-29T14:36:43Z,2026-01-29T14:38:28Z,104.81,4.46,PASS,TRUE,,/mnt/nurvai-data/02/batch_02/SKILL_020_20260129_143643/SKILL_020_20260129_143643_0.mcap
SKILL_021_20260121_124528,station_01_lab,SKILL_021,Build Up Box (Mailer),C_BECERRA,2026-01-21T12:45:28Z,2026-01-21T12:47:37Z,129.01,4.51,PASS,TRUE,,/mnt/nurvai-data/02/batch_02/SKILL_021_20260121_124528/SKILL_021_20260121_124528_0.mcap
SKILL_021_20260121_124906,station_01_lab,SKILL_021,Build Up Box (Mailer),C_BECERRA,2026-01-21T12:49:06Z,2026-01-21T12:51:01Z,115.45,5.54,PASS,TRUE,,/mnt/nurvai-data/02/batch_02/SKILL_021_20260121_124906/SKILL_021_20260121_124906_0.mcap
SKILL_021_20260122_110656,station_01_lab,SKILL_021,Build Up Box (Mailer),C_BECERRA,2026-01-22T11:06:56Z,2026-01-22T11:12:50Z,354.32,4.46,PASS,TRUE,,/mnt/nurvai-data/02/batch_02/SKILL_021_20260122_110656/SKILL_021_20260122_110656_0.mcap
SKILL_021_20260122_111334,station_01_lab,SKILL_021,Build Up Box (Mailer),C_BECERRA,2026-01-22T11:13:34Z,2026-01-22T11:18:36Z,302.78,4.37,PASS,TRUE,,/mnt/nurvai-data/02/batch_02/SKILL_021_20260122_111334/SKILL_021_20260122_111334_0.mcap
SKILL_021_20260124_102323,station_01_lab,SKILL_021,Build Up Box (Mailer),C_BECERRA,2026-01-24T10:23:23Z,2026-01-24T10:28:09Z,285.60,4.26,PASS,TRUE,,/mnt/nurvai-data/02/batch_02/SKILL_021_20260124_102323/SKILL_021_20260124_102323_0.mcap
SKILL_021_20260124_145229,station_01_lab,SKILL_021,Build Up Box (Mailer),E_MARTINEZ,2026-01-24T14:52:29Z,2026-01-24T14:55:27Z,177.66,4.32,PASS,TRUE,,/mnt/nurvai-data/02/batch_02/SKILL_021_20260124_145229/SKILL_021_20260124_145229_0.mcap
SKILL_021_20260124_102905,station_01_lab,SKILL_021,Build Up Box (Mailer),C_BECERRA,2026-01-24T10:29:05Z,2026-01-24T10:32:24Z,199.51,4.37,PASS,TRUE,,/mnt/nurvai-data/02/batch_02/SKILL_021_20260124_102905/SKILL_021_20260124_102905_0.mcap
SKILL_022_20260121_125257,station_01_lab,SKILL_022,Build Up Box (Regular ECT),C_BECERRA,2026-01-21T12:52:57Z,2026-01-21T12:55:58Z,181.23,4.54,PASS,TRUE,,/mnt/nurvai-data/02/batch_02/SKILL_022_20260121_125257/SKILL_022_20260121_125257_0.mcap
SKILL_022_20260121_125952,station_01_lab,SKILL_022,Build Up Box (Regular ECT),C_BECERRA,2026-01-21T12:59:52Z,2026-01-21T13:01:16Z,83.73,4.34,PASS,FALSE,TOO_SHORT (83.7s),/mnt/nurvai-data/02/batch_02/SKILL_022_20260121_125952/SKILL_022_20260121_125952_0.mcap
SKILL_022_20260121_125626,station_01_lab,SKILL_022,Build Up Box (Regular ECT),C_BECERRA,2026-01-21T12:56:26Z,2026-01-21T12:58:51Z,145.26,4.49,PASS,TRUE,,/mnt/nurvai-data/02/batch_02/SKILL_022_20260121_125626/SKILL_022_20260121_125626_0.mcap
SKILL_022_20260121_130416,station_01_lab,SKILL_022,Build Up Box (Regular ECT),C_BECERRA,2026-01-21T13:04:16Z,2026-01-21T13:06:08Z,111.79,4.38,PASS,TRUE,,/mnt/nurvai-data/02/batch_02/SKILL_022_20260121_130416/SKILL_022_20260121_130416_0.mcap
SKILL_022_20260121_130138,station_01_lab,SKILL_022,Build Up Box (Regular ECT),C_BECERRA,2026-01-21T13:01:38Z,2026-01-21T13:03:07Z,88.59,4.38,PASS,FALSE,TOO_SHORT (88.6s),/mnt/nurvai-data/02/batch_02/SKILL_022_20260121_130138/SKILL_022_20260121_130138_0.mcap
SKILL_022_20260121_130634,station_01_lab,SKILL_022,Build Up Box (Regular ECT),C_BECERRA,2026-01-21T13:06:34Z,2026-01-21T13:07:57Z,83.53,4.42,PASS,FALSE,TOO_SHORT (83.5s),/mnt/nurvai-data/02/batch_02/SKILL_022_20260121_130634/SKILL_022_20260121_130634_0.mcap
SKILL_022_20260121_130824,station_01_lab,SKILL_022,Build Up Box (Regular ECT),C_BECERRA,2026-01-21T13:08:24Z,2026-01-21T13:09:44Z,80.28,4.41,PASS,FALSE,TOO_SHORT (80.3s),/mnt/nurvai-data/02/batch_02/SKILL_022_20260121_130824/SKILL_022_20260121_130824_0.mcap
SKILL_022_20260121_131149,station_01_lab,SKILL_022,Build Up Box (Regular ECT),C_BECERRA,2026-01-21T13:11:49Z,2026-01-21T13:12:55Z,65.39,4.31,PASS,FALSE,TOO_SHORT (65.4s),/mnt/nurvai-data/02/batch_02/SKILL_022_20260121_131149/SKILL_022_20260121_131149_0.mcap
SKILL_022_20260121_131008,station_01_lab,SKILL_022,Build Up Box (Regular ECT),C_BECERRA,2026-01-21T13:10:08Z,2026-01-21T13:11:26Z,78.73,4.40,PASS,FALSE,TOO_SHORT (78.7s),/mnt/nurvai-data/02/batch_02/SKILL_022_20260121_131008/SKILL_022_20260121_131008_0.mcap
SKILL_022_20260121_131320,station_01_lab,SKILL_022,Build Up Box (Regular ECT),C_BECERRA,2026-01-21T13:13:20Z,2026-01-21T13:14:37Z,76.52,4.27,PASS,FALSE,TOO_SHORT (76.5s),/mnt/nurvai-data/02/batch_02/SKILL_022_20260121_131320/SKILL_022_20260121_131320_0.mcap
SKILL_022_20260122_070351,station_01_lab,SKILL_022,Build Up Box (Regular ECT),C_BECERRA,2026-01-22T07:03:51Z,2026-01-22T07:05:38Z,107.96,4.31,PASS,TRUE,,/mnt/nurvai-data/02/batch_02/SKILL_022_20260122_070351/SKILL_022_20260122_070351_0.mcap
SKILL_022_20260122_070603,station_01_lab,SKILL_022,Build Up Box (Regular ECT),C_BECERRA,2026-01-22T07:06:03Z,2026-01-22T07:07:21Z,78.45,4.43,PASS,FALSE,TOO_SHORT (78.4s),/mnt/nurvai-data/02/batch_02/SKILL_022_20260122_070603/SKILL_022_20260122_070603_0.mcap
SKILL_022_20260122_070742,station_01_lab,SKILL_022,Build Up Box (Regular ECT),C_BECERRA,2026-01-22T07:07:42Z,2026-01-22T07:08:46Z,63.66,4.31,PASS,FALSE,TOO_SHORT (63.7s),/mnt/nurvai-data/02/batch_02/SKILL_022_20260122_070742/SKILL_022_20260122_070742_0.mcap
SKILL_022_20260122_070914,station_01_lab,SKILL_022,Build Up Box (Regular ECT),C_BECERRA,2026-01-22T07:09:14Z,2026-01-22T07:10:21Z,67.09,4.33,PASS,FALSE,TOO_SHORT (67.1s),/mnt/nurvai-data/02/batch_02/SKILL_022_20260122_070914/SKILL_022_20260122_070914_0.mcap
SKILL_022_20260122_071044,station_01_lab,SKILL_022,Build Up Box (Regular ECT),C_BECERRA,2026-01-22T07:10:44Z,2026-01-22T07:11:36Z,51.97,4.35,PASS,FALSE,TOO_SHORT (52.0s),/mnt/nurvai-data/02/batch_02/SKILL_022_20260122_071044/SKILL_022_20260122_071044_0.mcap
SKILL_022_20260122_071325,station_01_lab,SKILL_022,Build Up Box (Regular ECT),C_BECERRA,2026-01-22T07:13:25Z,2026-01-22T07:14:35Z,69.63,4.32,PASS,FALSE,TOO_SHORT (69.6s),/mnt/nurvai-data/02/batch_02/SKILL_022_20260122_071325/SKILL_022_20260122_071325_0.mcap
SKILL_022_20260122_071156,station_01_lab,SKILL_022,Build Up Box (Regular ECT),C_BECERRA,2026-01-22T07:11:56Z,2026-01-22T07:13:02Z,66.09,4.32,PASS,FALSE,TOO_SHORT (66.1s),/mnt/nurvai-data/02/batch_02/SKILL_022_20260122_071156/SKILL_022_20260122_071156_0.mcap
SKILL_022_20260122_071630,station_01_lab,SKILL_022,Build Up Box (Regular ECT),C_BECERRA,2026-01-22T07:16:30Z,2026-01-22T07:17:36Z,65.95,4.38,PASS,FALSE,TOO_SHORT (65.9s),/mnt/nurvai-data/02/batch_02/SKILL_022_20260122_071630/SKILL_022_20260122_071630_0.mcap
SKILL_022_20260122_071457,station_01_lab,SKILL_022,Build Up Box (Regular ECT),C_BECERRA,2026-01-22T07:14:57Z,2026-01-22T07:16:05Z,68.50,4.31,PASS,FALSE,TOO_SHORT (68.5s),/mnt/nurvai-data/02/batch_02/SKILL_022_20260122_071457/SKILL_022_20260122_071457_0.mcap
SKILL_022_20260122_071947,station_01_lab,SKILL_022,Build Up Box (Regular ECT),C_BECERRA,2026-01-22T07:19:47Z,2026-01-22T07:20:59Z,72.56,4.30,PASS,FALSE,TOO_SHORT (72.6s),/mnt/nurvai-data/02/batch_02/SKILL_022_20260122_071947/SKILL_022_20260122_071947_0.mcap
SKILL_022_20260122_071801,station_01_lab,SKILL_022,Build Up Box (Regular ECT),C_BECERRA,2026-01-22T07:18:01Z,2026-01-22T07:19:24Z,83.12,4.29,PASS,FALSE,TOO_SHORT (83.1s),/mnt/nurvai-data/02/batch_02/SKILL_022_20260122_071801/SKILL_022_20260122_071801_0.mcap
SKILL_022_20260122_072120,station_01_lab,SKILL_022,Build Up Box (Regular ECT),C_BECERRA,2026-01-22T07:21:20Z,2026-01-22T07:22:25Z,65.39,4.40,PASS,FALSE,TOO_SHORT (65.4s),/mnt/nurvai-data/02/batch_02/SKILL_022_20260122_072120/SKILL_022_20260122_072120_0.mcap
SKILL_022_20260122_072244,station_01_lab,SKILL_022,Build Up Box (Regular ECT),C_BECERRA,2026-01-22T07:22:44Z,2026-01-22T07:23:45Z,61.24,4.05,PASS,FALSE,TOO_SHORT (61.2s),/mnt/nurvai-data/02/batch_02/SKILL_022_20260122_072244/SKILL_022_20260122_072244_0.mcap
SKILL_022_20260122_120511,station_01_lab,SKILL_022,Build Up Box (Regular ECT),C_BECERRA,2026-01-22T12:05:11Z,2026-01-22T12:07:03Z,111.58,4.32,PASS,TRUE,,/mnt/nurvai-data/02/batch_02/SKILL_022_20260122_120511/SKILL_022_20260122_120511_0.mcap
SKILL_022_20260122_120733,station_01_lab,SKILL_022,Build Up Box (Regular ECT),C_BECERRA,2026-01-22T12:07:33Z,2026-01-22T12:08:41Z,68.14,4.37,PASS,FALSE,TOO_SHORT (68.1s),/mnt/nurvai-data/02/batch_02/SKILL_022_20260122_120733/SKILL_022_20260122_120733_0.mcap
SKILL_022_20260122_120904,station_01_lab,SKILL_022,Build Up Box (Regular ECT),C_BECERRA,2026-01-22T12:09:04Z,2026-01-22T12:10:46Z,102.76,4.22,PASS,TRUE,,/mnt/nurvai-data/02/batch_02/SKILL_022_20260122_120904/SKILL_022_20260122_120904_0.mcap
SKILL_022_20260122_121111,station_01_lab,SKILL_022,Build Up Box (Regular ECT),C_BECERRA,2026-01-22T12:11:11Z,2026-01-22T12:12:26Z,74.52,4.27,PASS,FALSE,TOO_SHORT (74.5s),/mnt/nurvai-data/02/batch_02/SKILL_022_20260122_121111/SKILL_022_20260122_121111_0.mcap
SKILL_022_20260122_121251,station_01_lab,SKILL_022,Build Up Box (Regular ECT),C_BECERRA,2026-01-22T12:12:51Z,2026-01-22T12:13:54Z,62.88,4.28,PASS,FALSE,TOO_SHORT (62.9s),/mnt/nurvai-data/02/batch_02/SKILL_022_20260122_121251/SKILL_022_20260122_121251_0.mcap
SKILL_022_20260123_104155,station_01_lab,SKILL_022,Build Up Box (Regular ECT),C_BECERRA,2026-01-23T10:41:55Z,2026-01-23T10:42:53Z,58.06,4.53,PASS,FALSE,TOO_SHORT (58.1s),/mnt/nurvai-data/02/batch_02/SKILL_022_20260123_104155/SKILL_022_20260123_104155_0.mcap
SKILL_022_20260123_103615,station_01_lab,SKILL_022,Build Up Box (Regular ECT),C_BECERRA,2026-01-23T10:36:15Z,2026-01-23T10:41:28Z,313.00,4.36,PASS,TRUE,,/mnt/nurvai-data/02/batch_02/SKILL_022_20260123_103615/SKILL_022_20260123_103615_0.mcap
SKILL_022_20260123_104738,station_01_lab,SKILL_022,Build Up Box (Regular ECT),C_BECERRA,2026-01-23T10:47:38Z,2026-01-23T10:47:40Z,1.93,4.99,PASS,FALSE,TOO_SHORT (1.9s),/mnt/nurvai-data/02/batch_02/SKILL_022_20260123_104738/SKILL_022_20260123_104738_0.mcap
SKILL_022_20260123_104339,station_01_lab,SKILL_022,Build Up Box (Regular ECT),C_BECERRA,2026-01-23T10:43:39Z,2026-01-23T10:47:37Z,238.76,4.34,PASS,TRUE,,/mnt/nurvai-data/02/batch_02/SKILL_022_20260123_104339/SKILL_022_20260123_104339_0.mcap
SKILL_022_20260123_104914,station_01_lab,SKILL_022,Build Up Box (Regular ECT),C_BECERRA,2026-01-23T10:49:14Z,2026-01-23T10:50:25Z,71.04,4.24,PASS,FALSE,TOO_SHORT (71.0s),/mnt/nurvai-data/02/batch_02/SKILL_022_20260123_104914/SKILL_022_20260123_104914_0.mcap
SKILL_022_20260123_105055,station_01_lab,SKILL_022,Build Up Box (Regular ECT),C_BECERRA,2026-01-23T10:50:55Z,2026-01-23T10:52:00Z,65.07,4.27,PASS,FALSE,TOO_SHORT (65.1s),/mnt/nurvai-data/02/batch_02/SKILL_022_20260123_105055/SKILL_022_20260123_105055_0.mcap
SKILL_022_20260123_105201,station_01_lab,SKILL_022,Build Up Box (Regular ECT),C_BECERRA,2026-01-23T10:52:01Z,2026-01-23T10:52:02Z,0.51,6.14,PASS,FALSE,TOO_SHORT (0.5s),/mnt/nurvai-data/02/batch_02/SKILL_022_20260123_105201/SKILL_022_20260123_105201_0.mcap
SKILL_022_20260123_105356,station_01_lab,SKILL_022,Build Up Box (Regular ECT),C_BECERRA,2026-01-23T10:53:56Z,2026-01-23T10:54:59Z,63.14,4.39,PASS,FALSE,TOO_SHORT (63.1s),/mnt/nurvai-data/02/batch_02/SKILL_022_20260123_105356/SKILL_022_20260123_105356_0.mcap
SKILL_022_20260123_105229,station_01_lab,SKILL_022,Build Up Box (Regular ECT),C_BECERRA,2026-01-23T10:52:29Z,2026-01-23T10:53:32Z,63.52,4.29,PASS,FALSE,TOO_SHORT (63.5s),/mnt/nurvai-data/02/batch_02/SKILL_022_20260123_105229/SKILL_022_20260123_105229_0.mcap
SKILL_022_20260123_105533,station_01_lab,SKILL_022,Build Up Box (Regular ECT),C_BECERRA,2026-01-23T10:55:33Z,2026-01-23T10:56:34Z,61.11,4.38,PASS,FALSE,TOO_SHORT (61.1s),/mnt/nurvai-data/02/batch_02/SKILL_022_20260123_105533/SKILL_022_20260123_105533_0.mcap
SKILL_022_20260123_105657,station_01_lab,SKILL_022,Build Up Box (Regular ECT),C_BECERRA,2026-01-23T10:56:57Z,2026-01-23T10:57:48Z,51.57,4.38,PASS,FALSE,TOO_SHORT (51.6s),/mnt/nurvai-data/02/batch_02/SKILL_022_20260123_105657/SKILL_022_20260123_105657_0.mcap
SKILL_022_20260123_105813,station_01_lab,SKILL_022,Build Up Box (Regular ECT),C_BECERRA,2026-01-23T10:58:13Z,2026-01-23T10:59:01Z,47.31,4.26,PASS,FALSE,TOO_SHORT (47.3s),/mnt/nurvai-data/02/batch_02/SKILL_022_20260123_105813/SKILL_022_20260123_105813_0.mcap
SKILL_022_20260123_105917,station_01_lab,SKILL_022,Build Up Box (Regular ECT),C_BECERRA,2026-01-23T10:59:17Z,2026-01-23T10:59:59Z,42.34,4.22,PASS,FALSE,TOO_SHORT (42.3s),/mnt/nurvai-data/02/batch_02/SKILL_022_20260123_105917/SKILL_022_20260123_105917_0.mcap
SKILL_022_20260124_103343,station_01_lab,SKILL_022,Build Up Box (Regular ECT),C_BECERRA,2026-01-24T10:33:43Z,2026-01-24T10:34:52Z,68.53,4.36,PASS,FALSE,TOO_SHORT (68.5s),/mnt/nurvai-data/02/batch_02/SKILL_022_20260124_103343/SKILL_022_20260124_103343_0.mcap
SKILL_022_20260124_103518,station_01_lab,SKILL_022,Build Up Box (Regular ECT),C_BECERRA,2026-01-24T10:35:18Z,2026-01-24T10:36:17Z,58.69,4.39,PASS,FALSE,TOO_SHORT (58.7s),/mnt/nurvai-data/02/batch_02/SKILL_022_20260124_103518/SKILL_022_20260124_103518_0.mcap
SKILL_022_20260124_103638,station_01_lab,SKILL_022,Build Up Box (Regular ECT),C_BECERRA,2026-01-24T10:36:38Z,2026-01-24T10:37:56Z,77.77,4.35,WARNING_DRIFT,FALSE,TOO_SHORT (77.8s),/mnt/nurvai-data/02/batch_02/SKILL_022_20260124_103638/SKILL_022_20260124_103638_0.mcap
SKILL_022_20260124_103823,station_01_lab,SKILL_022,Build Up Box (Regular ECT),C_BECERRA,2026-01-24T10:38:23Z,2026-01-24T10:39:29Z,65.91,4.43,PASS,FALSE,TOO_SHORT (65.9s),/mnt/nurvai-data/02/batch_02/SKILL_022_20260124_103823/SKILL_022_20260124_103823_0.mcap
SKILL_022_20260124_103955,station_01_lab,SKILL_022,Build Up Box (Regular ECT),C_BECERRA,2026-01-24T10:39:55Z,2026-01-24T10:40:54Z,59.01,4.42,PASS,FALSE,TOO_SHORT (59.0s),/mnt/nurvai-data/02/batch_02/SKILL_022_20260124_103955/SKILL_022_20260124_103955_0.mcap
SKILL_022_20260124_104255,station_01_lab,SKILL_022,Build Up Box (Regular ECT),C_BECERRA,2026-01-24T10:42:55Z,2026-01-24T10:43:46Z,50.08,4.37,PASS,FALSE,TOO_SHORT (50.1s),/mnt/nurvai-data/02/batch_02/SKILL_022_20260124_104255/SKILL_022_20260124_104255_0.mcap
SKILL_022_20260124_104123,station_01_lab,SKILL_022,Build Up Box (Regular ECT),C_BECERRA,2026-01-24T10:41:23Z,2026-01-24T10:42:28Z,65.40,4.43,PASS,FALSE,TOO_SHORT (65.4s),/mnt/nurvai-data/02/batch_02/SKILL_022_20260124_104123/SKILL_022_20260124_104123_0.mcap
SKILL_023_20260121_132211,station_01_lab,SKILL_023,Built up box (Present),C_BECERRA,2026-01-21T13:22:11Z,2026-01-21T13:25:16Z,184.67,4.36,PASS,TRUE,,/mnt/nurvai-data/02/batch_02/SKILL_023_20260121_132211/SKILL_023_20260121_132211_0.mcap
SKILL_023_20260121_131740,station_01_lab,SKILL_023,Built up box (Present),C_BECERRA,2026-01-21T13:17:40Z,2026-01-21T13:21:12Z,212.61,4.32,PASS,TRUE,,/mnt/nurvai-data/02/batch_02/SKILL_023_20260121_131740/SKILL_023_20260121_131740_0.mcap
SKILL_023_20260122_072549,station_01_lab,SKILL_023,Built up box (Present),C_BECERRA,2026-01-22T07:25:49Z,2026-01-22T07:28:37Z,168.18,4.46,PASS,TRUE,,/mnt/nurvai-data/02/batch_02/SKILL_023_20260122_072549/SKILL_023_20260122_072549_0.mcap
SKILL_023_20260122_072935,station_01_lab,SKILL_023,Built up box (Present),C_BECERRA,2026-01-22T07:29:35Z,2026-01-22T07:32:29Z,174.47,4.39,PASS,TRUE,,/mnt/nurvai-data/02/batch_02/SKILL_023_20260122_072935/SKILL_023_20260122_072935_0.mcap
SKILL_023_20260122_121651,station_01_lab,SKILL_023,Built up box (Present),C_BECERRA,2026-01-22T12:16:51Z,2026-01-22T12:19:43Z,172.44,4.33,PASS,TRUE,,/mnt/nurvai-data/02/batch_02/SKILL_023_20260122_121651/SKILL_023_20260122_121651_0.mcap
SKILL_023_20260122_073318,station_01_lab,SKILL_023,Built up box (Present),C_BECERRA,2026-01-22T07:33:18Z,2026-01-22T07:35:25Z,126.58,3.94,PASS,TRUE,,/mnt/nurvai-data/02/batch_02/SKILL_023_20260122_073318/SKILL_023_20260122_073318_0.mcap
SKILL_023_20260122_122406,station_01_lab,SKILL_023,Built up box (Present),C_BECERRA,2026-01-22T12:24:06Z,2026-01-22T12:26:41Z,155.53,4.30,PASS,TRUE,,/mnt/nurvai-data/02/batch_02/SKILL_023_20260122_122406/SKILL_023_20260122_122406_0.mcap
SKILL_023_20260123_110313,station_01_lab,SKILL_023,Built up box (Present),C_BECERRA,2026-01-23T11:03:13Z,2026-01-23T11:05:29Z,135.94,4.39,PASS,TRUE,,/mnt/nurvai-data/02/batch_02/SKILL_023_20260123_110313/SKILL_023_20260123_110313_0.mcap
SKILL_023_20260122_122043,station_01_lab,SKILL_023,Built up box (Present),C_BECERRA,2026-01-22T12:20:43Z,2026-01-22T12:23:07Z,144.28,4.22,PASS,TRUE,,/mnt/nurvai-data/02/batch_02/SKILL_023_20260122_122043/SKILL_023_20260122_122043_0.mcap
SKILL_023_20260123_110623,station_01_lab,SKILL_023,Built up box (Present),C_BECERRA,2026-01-23T11:06:23Z,2026-01-23T11:08:41Z,138.66,4.36,PASS,TRUE,,/mnt/nurvai-data/02/batch_02/SKILL_023_20260123_110623/SKILL_023_20260123_110623_0.mcap
SKILL_023_20260123_110949,station_01_lab,SKILL_023,Built up box (Present),C_BECERRA,2026-01-23T11:09:49Z,2026-01-23T11:11:57Z,127.95,4.37,PASS,TRUE,,/mnt/nurvai-data/02/batch_02/SKILL_023_20260123_110949/SKILL_023_20260123_110949_0.mcap
SKILL_023_20260124_104551,station_01_lab,SKILL_023,Built up box (Present),C_BECERRA,2026-01-24T10:45:51Z,2026-01-24T10:49:24Z,213.76,4.50,PASS,TRUE,,/mnt/nurvai-data/02/batch_02/SKILL_023_20260124_104551/SKILL_023_20260124_104551_0.mcap
SKILL_023_20260124_105039,station_01_lab,SKILL_023,Built up box (Present),C_BECERRA,2026-01-24T10:50:39Z,2026-01-24T10:52:51Z,131.72,4.44,PASS,TRUE,,/mnt/nurvai-data/02/batch_02/SKILL_023_20260124_105039/SKILL_023_20260124_105039_0.mcap
SKILL_024_20260121_142142,station_01_lab,SKILL_024,Put hooks on shower courtain,C_BECERRA,2026-01-21T14:21:42Z,2026-01-21T14:24:16Z,154.45,4.40,PASS,TRUE,,/mnt/nurvai-data/02/batch_02/SKILL_024_20260121_142142/SKILL_024_20260121_142142_0.mcap
SKILL_024_20260121_142820,station_01_lab,SKILL_024,Put hooks on shower courtain,C_BECERRA,2026-01-21T14:28:20Z,2026-01-21T14:31:36Z,195.52,4.54,PASS,TRUE,,/mnt/nurvai-data/02/batch_02/SKILL_024_20260121_142820/SKILL_024_20260121_142820_0.mcap
SKILL_024_20260121_143344,station_01_lab,SKILL_024,Put hooks on shower courtain,C_BECERRA,2026-01-21T14:33:44Z,2026-01-21T14:36:31Z,167.11,4.40,PASS,TRUE,,/mnt/nurvai-data/02/batch_02/SKILL_024_20260121_143344/SKILL_024_20260121_143344_0.mcap
SKILL_024_20260122_123016,station_01_lab,SKILL_024,Put hooks on shower courtain,C_BECERRA,2026-01-22T12:30:16Z,2026-01-22T12:34:43Z,267.22,4.45,PASS,TRUE,,/mnt/nurvai-data/02/batch_02/SKILL_024_20260122_123016/SKILL_024_20260122_123016_0.mcap
SKILL_024_20260123_111507,station_01_lab,SKILL_024,Put hooks on shower courtain,C_BECERRA,2026-01-23T11:15:07Z,2026-01-23T11:19:10Z,243.36,4.67,PASS,TRUE,,/mnt/nurvai-data/02/batch_02/SKILL_024_20260123_111507/SKILL_024_20260123_111507_0.mcap
SKILL_024_20260122_123647,station_01_lab,SKILL_024,Put hooks on shower courtain,C_BECERRA,2026-01-22T12:36:47Z,2026-01-22T12:40:24Z,217.19,4.52,PASS,TRUE,,/mnt/nurvai-data/02/batch_02/SKILL_024_20260122_123647/SKILL_024_20260122_123647_0.mcap
SKILL_024_20260124_105732,station_01_lab,SKILL_024,Put hooks on shower courtain,C_BECERRA,2026-01-24T10:57:32Z,2026-01-24T11:02:04Z,272.39,3.99,PASS,TRUE,,/mnt/nurvai-data/02/batch_02/SKILL_024_20260124_105732/SKILL_024_20260124_105732_0.mcap
SKILL_024_20260124_110318,station_01_lab,SKILL_024,Put hooks on shower courtain,C_BECERRA,2026-01-24T11:03:18Z,2026-01-24T11:07:16Z,238.08,5.22,PASS,TRUE,,/mnt/nurvai-data/02/batch_02/SKILL_024_20260124_110318/SKILL_024_20260124_110318_0.mcap
SKILL_001_20260131_105432,station_01_lab,SKILL_001,Organize beads per color,N_MORA,2026-01-31T10:54:33Z,2026-01-31T11:03:09Z,515.85,37.25,PASS,TRUE,,/mnt/nurvai-data/02/batch_03/SKILL_001_20260131_105432/SKILL_001_20260131_105432_0.mcap
SKILL_001_20260131_110618,station_01_lab,SKILL_001,Organize beads per color,N_MORA,2026-01-31T11:06:18Z,2026-01-31T11:15:59Z,580.60,37.00,PASS,TRUE,,/mnt/nurvai-data/02/batch_03/SKILL_001_20260131_110618/SKILL_001_20260131_110618_0.mcap
SKILL_003_20260130_124556,station_01_lab,SKILL_003,Organize screwdriver bits,N_MORA,2026-01-30T12:45:56Z,2026-01-30T12:50:09Z,253.86,37.08,PASS,TRUE,,/mnt/nurvai-data/02/batch_03/SKILL_003_20260130_124556/SKILL_003_20260130_124556_0.mcap
SKILL_003_20260130_143937,station_01_lab,SKILL_003,Organize screwdriver bits,N_MORA,2026-01-30T14:39:37Z,2026-01-30T14:41:24Z,106.79,37.34,PASS,TRUE,,/mnt/nurvai-data/02/batch_03/SKILL_003_20260130_143937/SKILL_003_20260130_143937_0.mcap
SKILL_003_20260130_144136,station_01_lab,SKILL_003,Organize screwdriver bits,N_MORA,2026-01-30T14:41:36Z,2026-01-30T14:42:53Z,76.40,37.48,PASS,FALSE,TOO_SHORT (76.4s),/mnt/nurvai-data/02/batch_03/SKILL_003_20260130_144136/SKILL_003_20260130_144136_0.mcap
SKILL_003_20260131_081543,station_01_lab,SKILL_003,Organize screwdriver bits,E_MARTINEZ,2026-01-31T08:15:43Z,2026-01-31T08:20:54Z,310.77,36.18,PASS,TRUE,,/mnt/nurvai-data/02/batch_03/SKILL_003_20260131_081543/SKILL_003_20260131_081543_0.mcap
SKILL_004_20260130_111742,station_01_lab,SKILL_004,Set Screwdriver package,N_MORA,2026-01-30T11:17:42Z,2026-01-30T11:19:28Z,106.16,4.89,PASS,TRUE,,/mnt/nurvai-data/02/batch_03/SKILL_004_20260130_111742/SKILL_004_20260130_111742_0.mcap
SKILL_003_20260131_082201,station_01_lab,SKILL_003,Organize screwdriver bits,E_MARTINEZ,2026-01-31T08:22:01Z,2026-01-31T08:27:22Z,321.38,36.08,PASS,TRUE,,/mnt/nurvai-data/02/batch_03/SKILL_003_20260131_082201/SKILL_003_20260131_082201_0.mcap
SKILL_004_20260130_112000,station_01_lab,SKILL_004,Set Screwdriver package,N_MORA,2026-01-30T11:20:00Z,2026-01-30T11:21:45Z,104.52,4.92,PASS,TRUE,,/mnt/nurvai-data/02/batch_03/SKILL_004_20260130_112000/SKILL_004_20260130_112000_0.mcap
SKILL_004_20260130_112145,station_01_lab,SKILL_004,Set Screwdriver package,N_MORA,2026-01-30T11:21:45Z,2026-01-30T11:21:46Z,0.09,0.21,PASS,FALSE,TOO_SHORT (0.1s),/mnt/nurvai-data/02/batch_03/SKILL_004_20260130_112145/SKILL_004_20260130_112145_0.mcap
SKILL_004_20260130_121703,station_01_lab,SKILL_004,Set Screwdriver package,N_MORA,2026-01-30T12:17:03Z,2026-01-30T12:18:24Z,80.61,36.80,PASS,FALSE,TOO_SHORT (80.6s),/mnt/nurvai-data/02/batch_03/SKILL_004_20260130_121703/SKILL_004_20260130_121703_0.mcap
SKILL_004_20260130_121400,station_01_lab,SKILL_004,Set Screwdriver package,N_MORA,2026-01-30T12:14:00Z,2026-01-30T12:15:44Z,103.45,36.94,PASS,TRUE,,/mnt/nurvai-data/02/batch_03/SKILL_004_20260130_121400/SKILL_004_20260130_121400_0.mcap
SKILL_004_20260131_083317,station_01_lab,SKILL_004,Set Screwdriver package,E_MARTINEZ,2026-01-31T08:33:17Z,2026-01-31T08:35:06Z,108.49,33.57,PASS,TRUE,,/mnt/nurvai-data/02/batch_03/SKILL_004_20260131_083317/SKILL_004_20260131_083317_0.mcap
SKILL_004_20260131_083911,station_01_lab,SKILL_004,Set Screwdriver package,E_MARTINEZ,2026-01-31T08:39:11Z,2026-01-31T08:40:27Z,75.71,34.71,PASS,FALSE,TOO_SHORT (75.7s),/mnt/nurvai-data/02/batch_03/SKILL_004_20260131_083911/SKILL_004_20260131_083911_0.mcap
SKILL_004_20260131_083547,station_01_lab,SKILL_004,Set Screwdriver package,E_MARTINEZ,2026-01-31T08:35:47Z,2026-01-31T08:37:08Z,80.95,34.30,PASS,FALSE,TOO_SHORT (80.9s),/mnt/nurvai-data/02/batch_03/SKILL_004_20260131_083547/SKILL_004_20260131_083547_0.mcap
SKILL_005_20260130_121911,station_01_lab,SKILL_005,Insert allen keys in package,N_MORA,2026-01-30T12:19:11Z,2026-01-30T12:22:40Z,209.05,36.66,PASS,TRUE,,/mnt/nurvai-data/02/batch_03/SKILL_005_20260130_121911/SKILL_005_20260130_121911_0.mcap
SKILL_005_20260130_140950,station_01_lab,SKILL_005,Insert allen keys in package,D_VARGAS,2026-01-30T14:09:50Z,2026-01-30T14:09:56Z,5.66,34.87,PASS,FALSE,TOO_SHORT (5.7s),/mnt/nurvai-data/02/batch_03/SKILL_005_20260130_140950/SKILL_005_20260130_140950_0.mcap
SKILL_005_20260130_123024,station_01_lab,SKILL_005,Insert allen keys in package,N_MORA,2026-01-30T12:30:24Z,2026-01-30T12:33:08Z,163.87,36.84,PASS,TRUE,,/mnt/nurvai-data/02/batch_03/SKILL_005_20260130_123024/SKILL_005_20260130_123024_0.mcap
SKILL_005_20260130_141414,station_01_lab,SKILL_005,Insert allen keys in package,D_VARGAS,2026-01-30T14:14:14Z,2026-01-30T14:16:47Z,152.32,35.09,PASS,TRUE,,/mnt/nurvai-data/02/batch_03/SKILL_005_20260130_141414/SKILL_005_20260130_141414_0.mcap
SKILL_005_20260130_141028,station_01_lab,SKILL_005,Insert allen keys in package,D_VARGAS,2026-01-30T14:10:28Z,2026-01-30T14:13:03Z,154.84,35.12,PASS,TRUE,,/mnt/nurvai-data/02/batch_03/SKILL_005_20260130_141028/SKILL_005_20260130_141028_0.mcap
SKILL_005_20260130_141743,station_01_lab,SKILL_005,Insert allen keys in package,D_VARGAS,2026-01-30T14:17:43Z,2026-01-30T14:20:49Z,186.48,35.31,PASS,TRUE,,/mnt/nurvai-data/02/batch_03/SKILL_005_20260130_141743/SKILL_005_20260130_141743_0.mcap
SKILL_005_20260131_072246,station_01_lab,SKILL_005,Insert allen keys in package,E_MARTINEZ,2026-01-31T07:22:47Z,2026-01-31T07:25:52Z,185.78,37.21,PASS,TRUE,,/mnt/nurvai-data/02/batch_03/SKILL_005_20260131_072246/SKILL_005_20260131_072246_0.mcap
SKILL_005_20260131_072616,station_01_lab,SKILL_005,Insert allen keys in package,E_MARTINEZ,2026-01-31T07:26:16Z,2026-01-31T07:29:02Z,166.18,37.15,PASS,TRUE,,/mnt/nurvai-data/02/batch_03/SKILL_005_20260131_072616/SKILL_005_20260131_072616_0.mcap
SKILL_005_20260131_072945,station_01_lab,SKILL_005,Insert allen keys in package,E_MARTINEZ,2026-01-31T07:29:45Z,2026-01-31T07:32:31Z,165.87,37.06,PASS,TRUE,,/mnt/nurvai-data/02/batch_03/SKILL_005_20260131_072945/SKILL_005_20260131_072945_0.mcap
SKILL_005_20260131_084248,station_01_lab,SKILL_005,Insert allen keys in package,E_MARTINEZ,2026-01-31T08:42:48Z,2026-01-31T08:45:55Z,186.58,34.87,PASS,TRUE,,/mnt/nurvai-data/02/batch_03/SKILL_005_20260131_084248/SKILL_005_20260131_084248_0.mcap
SKILL_005_20260131_084911,station_01_lab,SKILL_005,Insert allen keys in package,E_MARTINEZ,2026-01-31T08:49:12Z,2026-01-31T08:52:04Z,172.22,37.35,PASS,TRUE,,/mnt/nurvai-data/02/batch_03/SKILL_005_20260131_084911/SKILL_005_20260131_084911_0.mcap
SKILL_005_20260131_085638,station_01_lab,SKILL_005,Insert allen keys in package,E_MARTINEZ,2026-01-31T08:56:38Z,2026-01-31T08:59:10Z,151.07,37.30,PASS,TRUE,,/mnt/nurvai-data/02/batch_03/SKILL_005_20260131_085638/SKILL_005_20260131_085638_0.mcap
SKILL_005_20260131_085235,station_01_lab,SKILL_005,Insert allen keys in package,E_MARTINEZ,2026-01-31T08:52:35Z,2026-01-31T08:55:33Z,178.21,37.07,PASS,TRUE,,/mnt/nurvai-data/02/batch_03/SKILL_005_20260131_085235/SKILL_005_20260131_085235_0.mcap
SKILL_005_20260131_112235,station_01_lab,SKILL_005,Insert allen keys in package,N_MORA,2026-01-31T11:22:35Z,2026-01-31T11:22:50Z,14.87,36.99,PASS,FALSE,TOO_SHORT (14.9s),/mnt/nurvai-data/02/batch_03/SKILL_005_20260131_112235/SKILL_005_20260131_112235_0.mcap
SKILL_005_20260131_112116,station_01_lab,SKILL_005,Insert allen keys in package,N_MORA,2026-01-31T11:21:16Z,2026-01-31T11:22:17Z,60.86,36.15,PASS,FALSE,TOO_SHORT (60.9s),/mnt/nurvai-data/02/batch_03/SKILL_005_20260131_112116/SKILL_005_20260131_112116_0.mcap
SKILL_005_20260131_122910,station_01_lab,SKILL_005,Insert allen keys in package,E_MARTINEZ,2026-01-31T12:29:11Z,2026-01-31T12:29:20Z,9.27,26.44,PASS,FALSE,TOO_SHORT (9.3s),/mnt/nurvai-data/02/batch_03/SKILL_005_20260131_122910/SKILL_005_20260131_122910_0.mcap
SKILL_005_20260131_124052,station_01_lab,SKILL_005,Insert allen keys in package,E_MARTINEZ,2026-01-31T12:40:52Z,2026-01-31T12:43:36Z,163.17,36.07,PASS,TRUE,,/mnt/nurvai-data/02/batch_03/SKILL_005_20260131_124052/SKILL_005_20260131_124052_0.mcap
SKILL_009_20260130_081454,station_01_lab,SKILL_009,Package Cotton set,E_MARTINEZ,2026-01-30T08:14:54Z,2026-01-30T08:14:59Z,4.83,4.66,PASS,FALSE,TOO_SHORT (4.8s),/mnt/nurvai-data/02/batch_03/SKILL_009_20260130_081454/SKILL_009_20260130_081454_0.mcap
SKILL_005_20260131_124510,station_01_lab,SKILL_005,Insert allen keys in package,E_MARTINEZ,2026-01-31T12:45:10Z,2026-01-31T12:47:38Z,148.01,34.66,PASS,TRUE,,/mnt/nurvai-data/02/batch_03/SKILL_005_20260131_124510/SKILL_005_20260131_124510_0.mcap
SKILL_009_20260130_081928,station_01_lab,SKILL_009,Package Cotton set,E_MARTINEZ,2026-01-30T08:19:28Z,2026-01-30T08:24:12Z,283.69,4.90,PASS,TRUE,,/mnt/nurvai-data/02/batch_03/SKILL_009_20260130_081928/SKILL_009_20260130_081928_0.mcap
SKILL_009_20260130_082516,station_01_lab,SKILL_009,Package Cotton set,E_MARTINEZ,2026-01-30T08:25:16Z,2026-01-30T08:26:01Z,44.98,4.85,PASS,FALSE,TOO_SHORT (45.0s),/mnt/nurvai-data/02/batch_03/SKILL_009_20260130_082516/SKILL_009_20260130_082516_0.mcap
SKILL_009_20260130_082744,station_01_lab,SKILL_009,Package Cotton set,E_MARTINEZ,2026-01-30T08:27:44Z,2026-01-30T08:27:53Z,8.99,1.87,PASS,FALSE,TOO_SHORT (9.0s),/mnt/nurvai-data/02/batch_03/SKILL_009_20260130_082744/SKILL_009_20260130_082744_0.mcap
SKILL_009_20260130_082650,station_01_lab,SKILL_009,Package Cotton set,E_MARTINEZ,2026-01-30T08:26:50Z,2026-01-30T08:26:52Z,2.11,1.61,PASS,FALSE,TOO_SHORT (2.1s),/mnt/nurvai-data/02/batch_03/SKILL_009_20260130_082650/SKILL_009_20260130_082650_0.mcap
SKILL_009_20260130_104825,station_01_lab,SKILL_009,Package Cotton set,N_MORA,2026-01-30T10:48:25Z,2026-01-30T10:48:54Z,28.75,4.59,PASS,FALSE,TOO_SHORT (28.7s),/mnt/nurvai-data/02/batch_03/SKILL_009_20260130_104825/SKILL_009_20260130_104825_0.mcap
SKILL_009_20260130_104929,station_01_lab,SKILL_009,Package Cotton set,N_MORA,2026-01-30T10:49:29Z,2026-01-30T10:53:05Z,215.78,4.64,PASS,TRUE,,/mnt/nurvai-data/02/batch_03/SKILL_009_20260130_104929/SKILL_009_20260130_104929_0.mcap
SKILL_009_20260130_143326,station_01_lab,SKILL_009,Package Cotton set,D_VARGAS,2026-01-30T14:33:26Z,2026-01-30T14:33:29Z,3.03,36.99,PASS,FALSE,TOO_SHORT (3.0s),/mnt/nurvai-data/02/batch_03/SKILL_009_20260130_143326/SKILL_009_20260130_143326_0.mcap
SKILL_009_20260130_143345,station_01_lab,SKILL_009,Package Cotton set,D_VARGAS,2026-01-30T14:33:45Z,2026-01-30T14:37:45Z,240.16,37.05,PASS,TRUE,,/mnt/nurvai-data/02/batch_03/SKILL_009_20260130_143345/SKILL_009_20260130_143345_0.mcap
SKILL_009_20260131_074626,station_01_lab,SKILL_009,Package Cotton set,E_MARTINEZ,2026-01-31T07:46:26Z,2026-01-31T07:50:29Z,242.89,36.87,PASS,TRUE,,/mnt/nurvai-data/02/batch_03/SKILL_009_20260131_074626/SKILL_009_20260131_074626_0.mcap
SKILL_009_20260131_075119,station_01_lab,SKILL_009,Package Cotton set,E_MARTINEZ,2026-01-31T07:51:19Z,2026-01-31T07:54:07Z,168.23,36.96,PASS,TRUE,,/mnt/nurvai-data/02/batch_03/SKILL_009_20260131_075119/SKILL_009_20260131_075119_0.mcap
SKILL_009_20260131_075518,station_01_lab,SKILL_009,Package Cotton set,E_MARTINEZ,2026-01-31T07:55:18Z,2026-01-31T07:58:11Z,173.09,36.85,PASS,TRUE,,/mnt/nurvai-data/02/batch_03/SKILL_009_20260131_075518/SKILL_009_20260131_075518_0.mcap
SKILL_009_20260131_094355,station_01_lab,SKILL_009,Package Cotton set,N_MORA,2026-01-31T09:43:55Z,2026-01-31T09:43:55Z,0.09,128.74,PASS,FALSE,TOO_SHORT (0.1s),/mnt/nurvai-data/02/batch_03/SKILL_009_20260131_094355/SKILL_009_20260131_094355_0.mcap
SKILL_009_20260131_094924,station_01_lab,SKILL_009,Package Cotton set,N_MORA,2026-01-31T09:49:24Z,2026-01-31T09:49:28Z,3.99,37.41,PASS,FALSE,TOO_SHORT (4.0s),/mnt/nurvai-data/02/batch_03/SKILL_009_20260131_094924/SKILL_009_20260131_094924_0.mcap
SKILL_009_20260131_093813,station_01_lab,SKILL_009,Package Cotton set,N_MORA,2026-01-31T09:38:13Z,2026-01-31T09:43:52Z,339.61,36.00,WARNING_DRIFT,TRUE,,/mnt/nurvai-data/02/batch_03/SKILL_009_20260131_093813/SKILL_009_20260131_093813_0.mcap
SKILL_009_20260131_125301,station_01_lab,SKILL_009,Package Cotton set,E_MARTINEZ,2026-01-31T12:53:02Z,2026-01-31T12:54:00Z,58.84,37.05,PASS,FALSE,TOO_SHORT (58.8s),/mnt/nurvai-data/02/batch_03/SKILL_009_20260131_125301/SKILL_009_20260131_125301_0.mcap
SKILL_009_20260131_095027,station_01_lab,SKILL_009,Package Cotton set,N_MORA,2026-01-31T09:50:27Z,2026-01-31T09:57:43Z,435.97,36.68,PASS,TRUE,,/mnt/nurvai-data/02/batch_03/SKILL_009_20260131_095027/SKILL_009_20260131_095027_0.mcap
SKILL_009_20260131_130000,station_01_lab,SKILL_009,Package Cotton set,E_MARTINEZ,2026-01-31T13:00:00Z,2026-01-31T13:03:18Z,197.71,35.96,PASS,TRUE,,/mnt/nurvai-data/02/batch_03/SKILL_009_20260131_130000/SKILL_009_20260131_130000_0.mcap
SKILL_009_20260131_131037,station_01_lab,SKILL_009,Package Cotton set,E_MARTINEZ,2026-01-31T13:10:37Z,2026-01-31T13:10:39Z,2.18,36.52,PASS,FALSE,TOO_SHORT (2.2s),/mnt/nurvai-data/02/batch_03/SKILL_009_20260131_131037/SKILL_009_20260131_131037_0.mcap
SKILL_009_20260131_130522,station_01_lab,SKILL_009,Package Cotton set,E_MARTINEZ,2026-01-31T13:05:22Z,2026-01-31T13:07:23Z,121.21,34.09,PASS,TRUE,,/mnt/nurvai-data/02/batch_03/SKILL_009_20260131_130522/SKILL_009_20260131_130522_0.mcap
SKILL_013_20260130_074520,station_01_lab,SKILL_013,Set up a hand lamp,E_MARTINEZ,2026-01-30T07:45:20Z,2026-01-30T07:46:26Z,65.47,4.47,PASS,FALSE,TOO_SHORT (65.5s),/mnt/nurvai-data/02/batch_03/SKILL_013_20260130_074520/SKILL_013_20260130_074520_0.mcap
SKILL_013_20260130_074007,station_01_lab,SKILL_013,Set up a hand lamp,E_MARTINEZ,2026-01-30T07:40:07Z,2026-01-30T07:42:01Z,113.70,5.03,PASS,TRUE,,/mnt/nurvai-data/02/batch_03/SKILL_013_20260130_074007/SKILL_013_20260130_074007_0.mcap
SKILL_013_20260130_075610,station_01_lab,SKILL_013,Set up a hand lamp,E_MARTINEZ,2026-01-30T07:56:10Z,2026-01-30T07:56:30Z,19.78,2.29,PASS,FALSE,TOO_SHORT (19.8s),/mnt/nurvai-data/02/batch_03/SKILL_013_20260130_075610/SKILL_013_20260130_075610_0.mcap
SKILL_013_20260130_075032,station_01_lab,SKILL_013,Set up a hand lamp,E_MARTINEZ,2026-01-30T07:50:32Z,2026-01-30T07:51:49Z,76.67,4.71,PASS,FALSE,TOO_SHORT (76.7s),/mnt/nurvai-data/02/batch_03/SKILL_013_20260130_075032/SKILL_013_20260130_075032_0.mcap
SKILL_013_20260130_105444,station_01_lab,SKILL_013,Set up a hand lamp,N_MORA,2026-01-30T10:54:44Z,2026-01-30T10:57:30Z,166.70,4.68,PASS,TRUE,,/mnt/nurvai-data/02/batch_03/SKILL_013_20260130_105444/SKILL_013_20260130_105444_0.mcap
SKILL_013_20260130_105847,station_01_lab,SKILL_013,Set up a hand lamp,N_MORA,2026-01-30T10:58:47Z,2026-01-30T11:01:23Z,155.76,4.72,PASS,TRUE,,/mnt/nurvai-data/02/batch_03/SKILL_013_20260130_105847/SKILL_013_20260130_105847_0.mcap
SKILL_013_20260130_110233,station_01_lab,SKILL_013,Set up a hand lamp,N_MORA,2026-01-30T11:02:33Z,2026-01-30T11:04:34Z,120.59,4.63,PASS,TRUE,,/mnt/nurvai-data/02/batch_03/SKILL_013_20260130_110233/SKILL_013_20260130_110233_0.mcap
SKILL_013_20260130_123438,station_01_lab,SKILL_013,Set up a hand lamp,N_MORA,2026-01-30T12:34:38Z,2026-01-30T12:36:38Z,119.87,36.62,PASS,TRUE,,/mnt/nurvai-data/02/batch_03/SKILL_013_20260130_123438/SKILL_013_20260130_123438_0.mcap
SKILL_013_20260130_123959,station_01_lab,SKILL_013,Set up a hand lamp,N_MORA,2026-01-30T12:39:59Z,2026-01-30T12:42:21Z,141.82,37.27,PASS,TRUE,,/mnt/nurvai-data/02/batch_03/SKILL_013_20260130_123959/SKILL_013_20260130_123959_0.mcap
SKILL_013_20260130_142202,station_01_lab,SKILL_013,Set up a hand lamp,D_VARGAS,2026-01-30T14:22:02Z,2026-01-30T14:23:46Z,103.85,36.68,PASS,TRUE,,/mnt/nurvai-data/02/batch_03/SKILL_013_20260130_142202/SKILL_013_20260130_142202_0.mcap
SKILL_013_20260130_124251,station_01_lab,SKILL_013,Set up a hand lamp,N_MORA,2026-01-30T12:42:51Z,2026-01-30T12:44:38Z,107.23,37.20,PASS,TRUE,,/mnt/nurvai-data/02/batch_03/SKILL_013_20260130_124251/SKILL_013_20260130_124251_0.mcap
SKILL_013_20260130_142608,station_01_lab,SKILL_013,Set up a hand lamp,D_VARGAS,2026-01-30T14:26:08Z,2026-01-30T14:28:01Z,112.40,37.18,PASS,TRUE,,/mnt/nurvai-data/02/batch_03/SKILL_013_20260130_142608/SKILL_013_20260130_142608_0.mcap
SKILL_013_20260130_142935,station_01_lab,SKILL_013,Set up a hand lamp,D_VARGAS,2026-01-30T14:29:35Z,2026-01-30T14:31:33Z,117.72,37.08,PASS,TRUE,,/mnt/nurvai-data/02/batch_03/SKILL_013_20260130_142935/SKILL_013_20260130_142935_0.mcap
SKILL_013_20260131_073425,station_01_lab,SKILL_013,Set up a hand lamp,E_MARTINEZ,2026-01-31T07:34:25Z,2026-01-31T07:34:25Z,0.05,40.69,PASS,FALSE,TOO_SHORT (0.0s),/mnt/nurvai-data/02/batch_03/SKILL_013_20260131_073425/SKILL_013_20260131_073425_0.mcap
SKILL_013_20260131_073700,station_01_lab,SKILL_013,Set up a hand lamp,E_MARTINEZ,2026-01-31T07:37:00Z,2026-01-31T07:37:41Z,41.43,36.53,PASS,FALSE,TOO_SHORT (41.4s),/mnt/nurvai-data/02/batch_03/SKILL_013_20260131_073700/SKILL_013_20260131_073700_0.mcap
SKILL_013_20260131_074053,station_01_lab,SKILL_013,Set up a hand lamp,E_MARTINEZ,2026-01-31T07:40:53Z,2026-01-31T07:41:44Z,50.14,36.31,PASS,FALSE,TOO_SHORT (50.1s),/mnt/nurvai-data/02/batch_03/SKILL_013_20260131_074053/SKILL_013_20260131_074053_0.mcap
SKILL_013_20260131_100000,station_01_lab,SKILL_013,Set up a hand lamp,N_MORA,2026-01-31T10:00:00Z,2026-01-31T10:02:17Z,137.67,36.81,PASS,TRUE,,/mnt/nurvai-data/02/batch_03/SKILL_013_20260131_100000/SKILL_013_20260131_100000_0.mcap
SKILL_013_20260131_074159,station_01_lab,SKILL_013,Set up a hand lamp,E_MARTINEZ,2026-01-31T07:41:59Z,2026-01-31T07:44:39Z,160.09,37.12,PASS,TRUE,,/mnt/nurvai-data/02/batch_03/SKILL_013_20260131_074159/SKILL_013_20260131_074159_0.mcap
SKILL_013_20260131_100659,station_01_lab,SKILL_013,Set up a hand lamp,N_MORA,2026-01-31T10:06:59Z,2026-01-31T10:09:02Z,123.03,36.74,PASS,TRUE,,/mnt/nurvai-data/02/batch_03/SKILL_013_20260131_100659/SKILL_013_20260131_100659_0.mcap
SKILL_013_20260131_101051,station_01_lab,SKILL_013,Set up a hand lamp,N_MORA,2026-01-31T10:10:51Z,2026-01-31T10:12:57Z,125.58,36.88,PASS,TRUE,,/mnt/nurvai-data/02/batch_03/SKILL_013_20260131_101051/SKILL_013_20260131_101051_0.mcap
SKILL_014_20260131_080618,station_01_lab,SKILL_014,Fasten nuts onto bolts,E_MARTINEZ,2026-01-31T08:06:18Z,2026-01-31T08:13:11Z,413.71,35.71,PASS,TRUE,,/mnt/nurvai-data/02/batch_03/SKILL_014_20260131_080618/SKILL_014_20260131_080618_0.mcap
SKILL_014_20260131_091052,station_01_lab,SKILL_014,Fasten nuts onto bolts,E_MARTINEZ,2026-01-31T09:10:52Z,2026-01-31T09:17:39Z,406.70,36.35,PASS,TRUE,,/mnt/nurvai-data/02/batch_03/SKILL_014_20260131_091052/SKILL_014_20260131_091052_0.mcap
SKILL_014_20260131_101552,station_01_lab,SKILL_014,Fasten nuts onto bolts,N_MORA,2026-01-31T10:15:53Z,2026-01-31T10:21:24Z,331.59,36.88,PASS,TRUE,,/mnt/nurvai-data/02/batch_03/SKILL_014_20260131_101552/SKILL_014_20260131_101552_0.mcap
SKILL_016_20260131_090624,station_01_lab,SKILL_016,Package a sewing set,E_MARTINEZ,2026-01-31T09:06:24Z,2026-01-31T09:07:09Z,45.46,37.52,PASS,FALSE,TOO_SHORT (45.5s),/mnt/nurvai-data/02/batch_03/SKILL_016_20260131_090624/SKILL_016_20260131_090624_0.mcap
SKILL_016_20260131_090739,station_01_lab,SKILL_016,Package a sewing set,E_MARTINEZ,2026-01-31T09:07:39Z,2026-01-31T09:08:41Z,61.29,37.38,PASS,FALSE,TOO_SHORT (61.3s),/mnt/nurvai-data/02/batch_03/SKILL_016_20260131_090739/SKILL_016_20260131_090739_0.mcap
SKILL_016_20260131_090942,station_01_lab,SKILL_016,Package a sewing set,E_MARTINEZ,2026-01-31T09:09:42Z,2026-01-31T09:10:19Z,37.00,36.94,PASS,FALSE,TOO_SHORT (37.0s),/mnt/nurvai-data/02/batch_03/SKILL_016_20260131_090942/SKILL_016_20260131_090942_0.mcap
SKILL_019_20260130_110604,station_01_lab,SKILL_019,Put pasta in plastic containers,N_MORA,2026-01-30T11:06:04Z,2026-01-30T11:09:14Z,189.68,4.64,PASS,TRUE,,/mnt/nurvai-data/02/batch_03/SKILL_019_20260130_110604/SKILL_019_20260130_110604_0.mcap
SKILL_019_20260130_111033,station_01_lab,SKILL_019,Put pasta in plastic containers,N_MORA,2026-01-30T11:10:33Z,2026-01-30T11:14:05Z,212.55,4.63,PASS,TRUE,,/mnt/nurvai-data/02/batch_03/SKILL_019_20260130_111033/SKILL_019_20260130_111033_0.mcap
SKILL_019_20260130_125224,station_01_lab,SKILL_019,Put pasta in plastic containers,N_MORA,2026-01-30T12:52:24Z,2026-01-30T12:56:01Z,217.06,37.62,PASS,TRUE,,/mnt/nurvai-data/02/batch_03/SKILL_019_20260130_125224/SKILL_019_20260130_125224_0.mcap
SKILL_019_20260131_103440,station_01_lab,SKILL_019,Put pasta in plastic containers,N_MORA,2026-01-31T10:34:40Z,2026-01-31T10:38:06Z,206.77,36.98,PASS,TRUE,,/mnt/nurvai-data/02/batch_03/SKILL_019_20260131_103440/SKILL_019_20260131_103440_0.mcap
SKILL_019_20260131_103933,station_01_lab,SKILL_019,Put pasta in plastic containers,N_MORA,2026-01-31T10:39:33Z,2026-01-31T10:42:48Z,194.70,33.84,PASS,TRUE,,/mnt/nurvai-data/02/batch_03/SKILL_019_20260131_103933/SKILL_019_20260131_103933_0.mcap
SKILL_019_20260131_104459,station_01_lab,SKILL_019,Put pasta in plastic containers,N_MORA,2026-01-31T10:44:59Z,2026-01-31T10:47:12Z,132.95,36.82,PASS,TRUE,,/mnt/nurvai-data/02/batch_03/SKILL_019_20260131_104459/SKILL_019_20260131_104459_0.mcap
SKILL_020_20260130_073617,station_01_lab,SKILL_020,Open locks with their keys,E_MARTINEZ,2026-01-30T07:36:17Z,2026-01-30T07:37:51Z,94.13,4.94,PASS,TRUE,,/mnt/nurvai-data/02/batch_03/SKILL_020_20260130_073617/SKILL_020_20260130_073617_0.mcap
SKILL_019_20260131_121604,station_01_lab,SKILL_019,Put pasta in plastic containers,E_MARTINEZ,2026-01-31T12:16:05Z,2026-01-31T12:17:39Z,94.11,36.65,PASS,TRUE,,/mnt/nurvai-data/02/batch_03/SKILL_019_20260131_121604/SKILL_019_20260131_121604_0.mcap
SKILL_020_20260130_073943,station_01_lab,SKILL_020,Open locks with their keys,E_MARTINEZ,2026-01-30T07:39:43Z,2026-01-30T07:39:45Z,2.29,6.12,PASS,FALSE,TOO_SHORT (2.3s),/mnt/nurvai-data/02/batch_03/SKILL_020_20260130_073943/SKILL_020_20260130_073943_0.mcap
SKILL_020_20260130_101613,station_01_lab,SKILL_020,Open locks with their keys,E_MARTINEZ,2026-01-30T10:16:13Z,2026-01-30T10:17:21Z,68.22,4.72,PASS,FALSE,TOO_SHORT (68.2s),/mnt/nurvai-data/02/batch_03/SKILL_020_20260130_101613/SKILL_020_20260130_101613_0.mcap
SKILL_020_20260130_101827,station_01_lab,SKILL_020,Open locks with their keys,E_MARTINEZ,2026-01-30T10:18:27Z,2026-01-30T10:19:20Z,52.38,4.62,PASS,FALSE,TOO_SHORT (52.4s),/mnt/nurvai-data/02/batch_03/SKILL_020_20260130_101827/SKILL_020_20260130_101827_0.mcap
SKILL_020_20260130_102013,station_01_lab,SKILL_020,Open locks with their keys,E_MARTINEZ,2026-01-30T10:20:13Z,2026-01-30T10:21:28Z,75.59,4.83,PASS,FALSE,TOO_SHORT (75.6s),/mnt/nurvai-data/02/batch_03/SKILL_020_20260130_102013/SKILL_020_20260130_102013_0.mcap
SKILL_020_20260130_102808,station_01_lab,SKILL_020,Open locks with their keys,E_MARTINEZ,2026-01-30T10:28:08Z,2026-01-30T10:32:17Z,248.53,4.68,WARNING_DRIFT,TRUE,,/mnt/nurvai-data/02/batch_03/SKILL_020_20260130_102808/SKILL_020_20260130_102808_0.mcap
SKILL_020_20260130_102330,station_01_lab,SKILL_020,Open locks with their keys,E_MARTINEZ,2026-01-30T10:23:30Z,2026-01-30T10:27:00Z,209.32,4.74,PASS,TRUE,,/mnt/nurvai-data/02/batch_03/SKILL_020_20260130_102330/SKILL_020_20260130_102330_0.mcap
SKILL_020_20260130_135540,station_01_lab,SKILL_020,Open locks with their keys,A_RODRIGUEZ,2026-01-30T13:55:41Z,2026-01-30T13:58:46Z,185.15,36.21,PASS,TRUE,,/mnt/nurvai-data/02/batch_03/SKILL_020_20260130_135540/SKILL_020_20260130_135540_0.mcap
SKILL_020_20260130_135058,station_01_lab,SKILL_020,Open locks with their keys,A_RODRIGUEZ,2026-01-30T13:50:58Z,2026-01-30T13:52:23Z,85.26,34.78,PASS,FALSE,TOO_SHORT (85.3s),/mnt/nurvai-data/02/batch_03/SKILL_020_20260130_135058/SKILL_020_20260130_135058_0.mcap
SKILL_020_20260130_144400,station_01_lab,SKILL_020,Open locks with their keys,N_MORA,2026-01-30T14:44:00Z,2026-01-30T14:45:55Z,115.38,37.07,PASS,TRUE,,/mnt/nurvai-data/02/batch_03/SKILL_020_20260130_144400/SKILL_020_20260130_144400_0.mcap
SKILL_020_20260130_145117,station_01_lab,SKILL_020,Open locks with their keys,N_MORA,2026-01-30T14:51:17Z,2026-01-30T14:52:21Z,63.52,37.09,PASS,FALSE,TOO_SHORT (63.5s),/mnt/nurvai-data/02/batch_03/SKILL_020_20260130_145117/SKILL_020_20260130_145117_0.mcap
SKILL_020_20260131_120740,station_01_lab,SKILL_020,Open locks with their keys,E_MARTINEZ,2026-01-31T12:07:40Z,2026-01-31T12:08:10Z,29.65,36.11,PASS,FALSE,TOO_SHORT (29.6s),/mnt/nurvai-data/02/batch_03/SKILL_020_20260131_120740/SKILL_020_20260131_120740_0.mcap
SKILL_020_20260131_120821,station_01_lab,SKILL_020,Open locks with their keys,E_MARTINEZ,2026-01-31T12:08:21Z,2026-01-31T12:10:08Z,107.15,36.08,PASS,TRUE,,/mnt/nurvai-data/02/batch_03/SKILL_020_20260131_120821/SKILL_020_20260131_120821_0.mcap
SKILL_020_20260131_121139,station_01_lab,SKILL_020,Open locks with their keys,E_MARTINEZ,2026-01-31T12:11:39Z,2026-01-31T12:13:10Z,91.30,36.03,PASS,TRUE,,/mnt/nurvai-data/02/batch_03/SKILL_020_20260131_121139/SKILL_020_20260131_121139_0.mcap
SKILL_001_20260202_070754,station_01_lab,SKILL_001,Organize beads per color,C_BECERRA,2026-02-02T07:07:54Z,2026-02-02T07:18:04Z,610.14,37.45,PASS,TRUE,,/mnt/nurvai-data/02/batch_04/SKILL_001_20260202_070754/SKILL_001_20260202_070754_0.mcap
SKILL_001_20260202_102345,station_01_lab,SKILL_001,Organize beads per color,C_BECERRA,2026-02-02T10:23:45Z,2026-02-02T10:32:03Z,497.87,36.04,PASS,TRUE,,/mnt/nurvai-data/02/batch_04/SKILL_001_20260202_102345/SKILL_001_20260202_102345_0.mcap
SKILL_003_20260202_091558,station_01_lab,SKILL_003,Organize screwdriver bits,C_BECERRA,2026-02-02T09:15:58Z,2026-02-02T09:16:09Z,11.01,35.40,PASS,FALSE,TOO_SHORT (11.0s),/mnt/nurvai-data/02/batch_04/SKILL_003_20260202_091558/SKILL_003_20260202_091558_0.mcap
SKILL_003_20260202_091132,station_01_lab,SKILL_003,Organize screwdriver bits,C_BECERRA,2026-02-02T09:11:32Z,2026-02-02T09:14:56Z,204.06,34.15,PASS,TRUE,,/mnt/nurvai-data/02/batch_04/SKILL_003_20260202_091132/SKILL_003_20260202_091132_0.mcap
SKILL_003_20260202_091626,station_01_lab,SKILL_003,Organize screwdriver bits,C_BECERRA,2026-02-02T09:16:26Z,2026-02-02T09:19:28Z,182.08,33.99,PASS,TRUE,,/mnt/nurvai-data/02/batch_04/SKILL_003_20260202_091626/SKILL_003_20260202_091626_0.mcap
SKILL_004_20260202_075552,station_01_lab,SKILL_004,Set Screwdriver package,C_BECERRA,2026-02-02T07:55:52Z,2026-02-02T07:57:46Z,114.56,35.87,PASS,TRUE,,/mnt/nurvai-data/02/batch_04/SKILL_004_20260202_075552/SKILL_004_20260202_075552_0.mcap
SKILL_003_20260202_092052,station_01_lab,SKILL_003,Organize screwdriver bits,C_BECERRA,2026-02-02T09:20:52Z,2026-02-02T09:23:49Z,177.27,35.31,PASS,TRUE,,/mnt/nurvai-data/02/batch_04/SKILL_003_20260202_092052/SKILL_003_20260202_092052_0.mcap
SKILL_004_20260202_081354,station_01_lab,SKILL_004,Set Screwdriver package,C_BECERRA,2026-02-02T08:13:54Z,2026-02-02T08:15:22Z,88.18,35.52,PASS,FALSE,TOO_SHORT (88.2s),/mnt/nurvai-data/02/batch_04/SKILL_004_20260202_081354/SKILL_004_20260202_081354_0.mcap
SKILL_004_20260202_075802,station_01_lab,SKILL_004,Set Screwdriver package,C_BECERRA,2026-02-02T07:58:02Z,2026-02-02T07:59:56Z,114.86,35.62,PASS,TRUE,,/mnt/nurvai-data/02/batch_04/SKILL_004_20260202_075802/SKILL_004_20260202_075802_0.mcap
SKILL_004_20260202_111222,station_01_lab,SKILL_004,Set Screwdriver package,C_BECERRA,2026-02-02T11:12:22Z,2026-02-02T11:14:02Z,100.22,36.21,PASS,TRUE,,/mnt/nurvai-data/02/batch_04/SKILL_004_20260202_111222/SKILL_004_20260202_111222_0.mcap
SKILL_004_20260202_111442,station_01_lab,SKILL_004,Set Screwdriver package,C_BECERRA,2026-02-02T11:14:42Z,2026-02-02T11:19:01Z,258.48,35.66,PASS,TRUE,,/mnt/nurvai-data/02/batch_04/SKILL_004_20260202_111442/SKILL_004_20260202_111442_0.mcap
SKILL_004_20260202_111904,station_01_lab,SKILL_004,Set Screwdriver package,C_BECERRA,2026-02-02T11:19:04Z,2026-02-02T11:20:36Z,91.29,36.43,PASS,TRUE,,/mnt/nurvai-data/02/batch_04/SKILL_004_20260202_111904/SKILL_004_20260202_111904_0.mcap
SKILL_004_20260202_112103,station_01_lab,SKILL_004,Set Screwdriver package,C_BECERRA,2026-02-02T11:21:03Z,2026-02-02T11:22:58Z,114.92,36.37,PASS,TRUE,,/mnt/nurvai-data/02/batch_04/SKILL_004_20260202_112103/SKILL_004_20260202_112103_0.mcap
SKILL_004_20260202_112322,station_01_lab,SKILL_004,Set Screwdriver package,C_BECERRA,2026-02-02T11:23:22Z,2026-02-02T11:24:49Z,87.20,36.48,PASS,FALSE,TOO_SHORT (87.2s),/mnt/nurvai-data/02/batch_04/SKILL_004_20260202_112322/SKILL_004_20260202_112322_0.mcap
SKILL_004_20260202_112512,station_01_lab,SKILL_004,Set Screwdriver package,C_BECERRA,2026-02-02T11:25:12Z,2026-02-02T11:26:37Z,85.17,36.30,PASS,FALSE,TOO_SHORT (85.2s),/mnt/nurvai-data/02/batch_04/SKILL_004_20260202_112512/SKILL_004_20260202_112512_0.mcap
SKILL_004_20260202_112723,station_01_lab,SKILL_004,Set Screwdriver package,C_BECERRA,2026-02-02T11:27:23Z,2026-02-02T11:28:55Z,92.25,36.47,PASS,TRUE,,/mnt/nurvai-data/02/batch_04/SKILL_004_20260202_112723/SKILL_004_20260202_112723_0.mcap
SKILL_005_20260202_081625,station_01_lab,SKILL_005,Insert allen keys in package,C_BECERRA,2026-02-02T08:16:25Z,2026-02-02T08:19:41Z,195.99,35.38,PASS,TRUE,,/mnt/nurvai-data/02/batch_04/SKILL_005_20260202_081625/SKILL_005_20260202_081625_0.mcap
SKILL_005_20260202_082015,station_01_lab,SKILL_005,Insert allen keys in package,C_BECERRA,2026-02-02T08:20:15Z,2026-02-02T08:23:09Z,174.55,34.65,PASS,TRUE,,/mnt/nurvai-data/02/batch_04/SKILL_005_20260202_082015/SKILL_005_20260202_082015_0.mcap
SKILL_005_20260202_082715,station_01_lab,SKILL_005,Insert allen keys in package,C_BECERRA,2026-02-02T08:27:15Z,2026-02-02T08:27:28Z,13.14,35.58,PASS,FALSE,TOO_SHORT (13.1s),/mnt/nurvai-data/02/batch_04/SKILL_005_20260202_082715/SKILL_005_20260202_082715_0.mcap
SKILL_005_20260202_082337,station_01_lab,SKILL_005,Insert allen keys in package,C_BECERRA,2026-02-02T08:23:37Z,2026-02-02T08:26:32Z,174.85,33.81,PASS,TRUE,,/mnt/nurvai-data/02/batch_04/SKILL_005_20260202_082337/SKILL_005_20260202_082337_0.mcap
SKILL_005_20260202_103953,station_01_lab,SKILL_005,Insert allen keys in package,C_BECERRA,2026-02-02T10:39:53Z,2026-02-02T10:45:04Z,310.46,35.18,PASS,TRUE,,/mnt/nurvai-data/02/batch_04/SKILL_005_20260202_103953/SKILL_005_20260202_103953_0.mcap
SKILL_005_20260202_104616,station_01_lab,SKILL_005,Insert allen keys in package,C_BECERRA,2026-02-02T10:46:16Z,2026-02-02T10:51:05Z,289.19,34.81,PASS,TRUE,,/mnt/nurvai-data/02/batch_04/SKILL_005_20260202_104616/SKILL_005_20260202_104616_0.mcap
SKILL_005_20260202_105237,station_01_lab,SKILL_005,Insert allen keys in package,C_BECERRA,2026-02-02T10:52:37Z,2026-02-02T10:55:17Z,160.13,34.75,PASS,TRUE,,/mnt/nurvai-data/02/batch_04/SKILL_005_20260202_105237/SKILL_005_20260202_105237_0.mcap
SKILL_005_20260202_105723,station_01_lab,SKILL_005,Insert allen keys in package,C_BECERRA,2026-02-02T10:57:23Z,2026-02-02T11:00:23Z,179.71,35.89,PASS,TRUE,,/mnt/nurvai-data/02/batch_04/SKILL_005_20260202_105723/SKILL_005_20260202_105723_0.mcap
SKILL_005_20260202_110718,station_01_lab,SKILL_005,Insert allen keys in package,C_BECERRA,2026-02-02T11:07:18Z,2026-02-02T11:10:37Z,198.70,36.02,PASS,TRUE,,/mnt/nurvai-data/02/batch_04/SKILL_005_20260202_110718/SKILL_005_20260202_110718_0.mcap
SKILL_009_20260202_084344,station_01_lab,SKILL_009,Package Cotton set,C_BECERRA,2026-02-02T08:43:44Z,2026-02-02T08:53:40Z,595.79,34.47,PASS,TRUE,,/mnt/nurvai-data/02/batch_04/SKILL_009_20260202_084344/SKILL_009_20260202_084344_0.mcap
SKILL_009_20260202_085855,station_01_lab,SKILL_009,Package Cotton set,C_BECERRA,2026-02-02T08:58:55Z,2026-02-02T09:06:55Z,480.07,34.11,PASS,TRUE,,/mnt/nurvai-data/02/batch_04/SKILL_009_20260202_085855/SKILL_009_20260202_085855_0.mcap
SKILL_010_20260202_095716,station_01_lab,SKILL_010,Package earphones,C_BECERRA,2026-02-02T09:57:16Z,2026-02-02T10:01:50Z,274.78,37.00,PASS,TRUE,,/mnt/nurvai-data/02/batch_04/SKILL_010_20260202_095716/SKILL_010_20260202_095716_0.mcap
SKILL_010_20260202_100433,station_01_lab,SKILL_010,Package earphones,C_BECERRA,2026-02-02T10:04:33Z,2026-02-02T10:08:27Z,234.46,37.21,PASS,TRUE,,/mnt/nurvai-data/02/batch_04/SKILL_010_20260202_100433/SKILL_010_20260202_100433_0.mcap
SKILL_010_20260202_125246,station_01_lab,SKILL_010,Package earphones,D_VARGAS,2026-02-02T12:52:46Z,2026-02-02T12:56:42Z,236.07,36.67,PASS,TRUE,,/mnt/nurvai-data/02/batch_04/SKILL_010_20260202_125246/SKILL_010_20260202_125246_0.mcap
SKILL_010_20260202_130213,station_01_lab,SKILL_010,Package earphones,D_VARGAS,2026-02-02T13:02:13Z,2026-02-02T13:06:03Z,230.02,36.42,PASS,TRUE,,/mnt/nurvai-data/02/batch_04/SKILL_010_20260202_130213/SKILL_010_20260202_130213_0.mcap
SKILL_010_20260202_130650,station_01_lab,SKILL_010,Package earphones,D_VARGAS,2026-02-02T13:06:50Z,2026-02-02T13:10:44Z,234.15,36.27,PASS,TRUE,,/mnt/nurvai-data/02/batch_04/SKILL_010_20260202_130650/SKILL_010_20260202_130650_0.mcap
SKILL_012_20260202_072917,station_01_lab,SKILL_012,Put pasta in jars,C_BECERRA,2026-02-02T07:29:17Z,2026-02-02T07:32:54Z,217.16,37.55,PASS,TRUE,,/mnt/nurvai-data/02/batch_04/SKILL_012_20260202_072917/SKILL_012_20260202_072917_0.mcap
SKILL_012_20260202_073615,station_01_lab,SKILL_012,Put pasta in jars,C_BECERRA,2026-02-02T07:36:15Z,2026-02-02T07:39:07Z,172.03,36.48,PASS,TRUE,,/mnt/nurvai-data/02/batch_04/SKILL_012_20260202_073615/SKILL_012_20260202_073615_0.mcap
SKILL_012_20260202_074509,station_01_lab,SKILL_012,Put pasta in jars,C_BECERRA,2026-02-02T07:45:09Z,2026-02-02T07:47:46Z,156.80,36.25,PASS,TRUE,,/mnt/nurvai-data/02/batch_04/SKILL_012_20260202_074509/SKILL_012_20260202_074509_0.mcap
SKILL_012_20260202_074829,station_01_lab,SKILL_012,Put pasta in jars,C_BECERRA,2026-02-02T07:48:29Z,2026-02-02T07:51:22Z,172.76,35.28,PASS,TRUE,,/mnt/nurvai-data/02/batch_04/SKILL_012_20260202_074829/SKILL_012_20260202_074829_0.mcap
SKILL_012_20260202_075201,station_01_lab,SKILL_012,Put pasta in jars,C_BECERRA,2026-02-02T07:52:01Z,2026-02-02T07:54:22Z,140.65,35.72,PASS,TRUE,,/mnt/nurvai-data/02/batch_04/SKILL_012_20260202_075201/SKILL_012_20260202_075201_0.mcap
SKILL_012_20260202_122701,station_01_lab,SKILL_012,Put pasta in jars,D_VARGAS,2026-02-02T12:27:01Z,2026-02-02T12:29:12Z,131.83,36.99,PASS,TRUE,,/mnt/nurvai-data/02/batch_04/SKILL_012_20260202_122701/SKILL_012_20260202_122701_0.mcap
SKILL_012_20260202_122954,station_01_lab,SKILL_012,Put pasta in jars,D_VARGAS,2026-02-02T12:29:54Z,2026-02-02T12:31:57Z,123.40,36.90,PASS,TRUE,,/mnt/nurvai-data/02/batch_04/SKILL_012_20260202_122954/SKILL_012_20260202_122954_0.mcap
SKILL_012_20260202_123301,station_01_lab,SKILL_012,Put pasta in jars,D_VARGAS,2026-02-02T12:33:01Z,2026-02-02T12:36:00Z,178.94,37.03,PASS,TRUE,,/mnt/nurvai-data/02/batch_04/SKILL_012_20260202_123301/SKILL_012_20260202_123301_0.mcap
SKILL_013_20260202_071929,station_01_lab,SKILL_013,Set up a hand lamp,C_BECERRA,2026-02-02T07:19:29Z,2026-02-02T07:20:57Z,87.93,37.32,PASS,FALSE,TOO_SHORT (87.9s),/mnt/nurvai-data/02/batch_04/SKILL_013_20260202_071929/SKILL_013_20260202_071929_0.mcap
SKILL_013_20260202_072132,station_01_lab,SKILL_013,Set up a hand lamp,C_BECERRA,2026-02-02T07:21:32Z,2026-02-02T07:24:13Z,161.29,37.23,PASS,TRUE,,/mnt/nurvai-data/02/batch_04/SKILL_013_20260202_072132/SKILL_013_20260202_072132_0.mcap
SKILL_013_20260202_072502,station_01_lab,SKILL_013,Set up a hand lamp,C_BECERRA,2026-02-02T07:25:02Z,2026-02-02T07:27:48Z,165.17,37.23,PASS,TRUE,,/mnt/nurvai-data/02/batch_04/SKILL_013_20260202_072502/SKILL_013_20260202_072502_0.mcap
SKILL_014_20260202_082742,station_01_lab,SKILL_014,Fasten nuts onto bolts,C_BECERRA,2026-02-02T08:27:42Z,2026-02-02T08:33:38Z,356.16,33.65,PASS,TRUE,,/mnt/nurvai-data/02/batch_04/SKILL_014_20260202_082742/SKILL_014_20260202_082742_0.mcap
SKILL_014_20260202_083522,station_01_lab,SKILL_014,Fasten nuts onto bolts,C_BECERRA,2026-02-02T08:35:22Z,2026-02-02T08:40:58Z,336.46,34.10,PASS,TRUE,,/mnt/nurvai-data/02/batch_04/SKILL_014_20260202_083522/SKILL_014_20260202_083522_0.mcap
SKILL_016_20260202_103544,station_01_lab,SKILL_016,Package a sewing set,C_BECERRA,2026-02-02T10:35:44Z,2026-02-02T10:36:41Z,57.35,35.38,PASS,FALSE,TOO_SHORT (57.3s),/mnt/nurvai-data/02/batch_04/SKILL_016_20260202_103544/SKILL_016_20260202_103544_0.mcap
SKILL_016_20260202_103749,station_01_lab,SKILL_016,Package a sewing set,C_BECERRA,2026-02-02T10:37:49Z,2026-02-02T10:38:53Z,64.45,35.26,PASS,FALSE,TOO_SHORT (64.5s),/mnt/nurvai-data/02/batch_04/SKILL_016_20260202_103749/SKILL_016_20260202_103749_0.mcap
SKILL_018_20260202_092528,station_01_lab,SKILL_018,Close bags with twist ties,C_BECERRA,2026-02-02T09:25:28Z,2026-02-02T09:27:29Z,121.12,34.64,PASS,TRUE,,/mnt/nurvai-data/02/batch_04/SKILL_018_20260202_092528/SKILL_018_20260202_092528_0.mcap
SKILL_018_20260202_093118,station_01_lab,SKILL_018,Close bags with twist ties,C_BECERRA,2026-02-02T09:31:18Z,2026-02-02T09:34:35Z,197.04,34.84,PASS,TRUE,,/mnt/nurvai-data/02/batch_04/SKILL_018_20260202_093118/SKILL_018_20260202_093118_0.mcap
SKILL_018_20260202_093526,station_01_lab,SKILL_018,Close bags with twist ties,C_BECERRA,2026-02-02T09:35:26Z,2026-02-02T09:38:15Z,169.26,35.28,PASS,TRUE,,/mnt/nurvai-data/02/batch_04/SKILL_018_20260202_093526/SKILL_018_20260202_093526_0.mcap
SKILL_018_20260202_093919,station_01_lab,SKILL_018,Close bags with twist ties,C_BECERRA,2026-02-02T09:39:19Z,2026-02-02T09:42:17Z,177.89,36.48,PASS,TRUE,,/mnt/nurvai-data/02/batch_04/SKILL_018_20260202_093919/SKILL_018_20260202_093919_0.mcap
SKILL_019_20260202_101157,station_01_lab,SKILL_019,Put pasta in plastic containers,C_BECERRA,2026-02-02T10:11:57Z,2026-02-02T10:14:45Z,168.32,36.05,PASS,TRUE,,/mnt/nurvai-data/02/batch_04/SKILL_019_20260202_101157/SKILL_019_20260202_101157_0.mcap
SKILL_019_20260202_101556,station_01_lab,SKILL_019,Put pasta in plastic containers,C_BECERRA,2026-02-02T10:15:56Z,2026-02-02T10:18:48Z,171.25,35.95,PASS,TRUE,,/mnt/nurvai-data/02/batch_04/SKILL_019_20260202_101556/SKILL_019_20260202_101556_0.mcap
SKILL_019_20260202_102006,station_01_lab,SKILL_019,Put pasta in plastic containers,C_BECERRA,2026-02-02T10:20:06Z,2026-02-02T10:22:20Z,133.83,36.16,PASS,TRUE,,/mnt/nurvai-data/02/batch_04/SKILL_019_20260202_102006/SKILL_019_20260202_102006_0.mcap
SKILL_019_20260202_121215,station_01_lab,SKILL_019,Put pasta in plastic containers,D_VARGAS,2026-02-02T12:12:15Z,2026-02-02T12:15:46Z,211.74,36.93,PASS,TRUE,,/mnt/nurvai-data/02/batch_04/SKILL_019_20260202_121215/SKILL_019_20260202_121215_0.mcap
SKILL_019_20260202_121643,station_01_lab,SKILL_019,Put pasta in plastic containers,D_VARGAS,2026-02-02T12:16:43Z,2026-02-02T12:19:44Z,181.03,36.94,PASS,TRUE,,/mnt/nurvai-data/02/batch_04/SKILL_019_20260202_121643/SKILL_019_20260202_121643_0.mcap
SKILL_019_20260202_122540,station_01_lab,SKILL_019,Put pasta in plastic containers,D_VARGAS,2026-02-02T12:25:40Z,2026-02-02T12:25:42Z,1.33,37.22,PASS,FALSE,TOO_SHORT (1.3s),/mnt/nurvai-data/02/batch_04/SKILL_019_20260202_122540/SKILL_019_20260202_122540_0.mcap
SKILL_019_20260202_122129,station_01_lab,SKILL_019,Put pasta in plastic containers,D_VARGAS,2026-02-02T12:21:29Z,2026-02-02T12:24:17Z,167.85,36.75,PASS,TRUE,,/mnt/nurvai-data/02/batch_04/SKILL_019_20260202_122129/SKILL_019_20260202_122129_0.mcap
SKILL_020_20260202_094434,station_01_lab,SKILL_020,Open locks with their keys,C_BECERRA,2026-02-02T09:44:34Z,2026-02-02T09:46:29Z,115.38,36.74,PASS,TRUE,,/mnt/nurvai-data/02/batch_04/SKILL_020_20260202_094434/SKILL_020_20260202_094434_0.mcap
SKILL_020_20260202_094753,station_01_lab,SKILL_020,Open locks with their keys,C_BECERRA,2026-02-02T09:47:53Z,2026-02-02T09:49:40Z,106.89,36.93,PASS,TRUE,,/mnt/nurvai-data/02/batch_04/SKILL_020_20260202_094753/SKILL_020_20260202_094753_0.mcap
SKILL_020_20260202_095134,station_01_lab,SKILL_020,Open locks with their keys,C_BECERRA,2026-02-02T09:51:34Z,2026-02-02T09:52:25Z,51.40,37.05,PASS,FALSE,TOO_SHORT (51.4s),/mnt/nurvai-data/02/batch_04/SKILL_020_20260202_095134/SKILL_020_20260202_095134_0.mcap
SKILL_020_20260202_124019,station_01_lab,SKILL_020,Open locks with their keys,D_VARGAS,2026-02-02T12:40:19Z,2026-02-02T12:40:23Z,4.47,37.57,PASS,FALSE,TOO_SHORT (4.5s),/mnt/nurvai-data/02/batch_04/SKILL_020_20260202_124019/SKILL_020_20260202_124019_0.mcap
SKILL_020_20260202_095323,station_01_lab,SKILL_020,Open locks with their keys,C_BECERRA,2026-02-02T09:53:23Z,2026-02-02T09:54:55Z,92.30,36.83,PASS,TRUE,,/mnt/nurvai-data/02/batch_04/SKILL_020_20260202_095323/SKILL_020_20260202_095323_0.mcap
SKILL_020_20260202_124028,station_01_lab,SKILL_020,Open locks with their keys,D_VARGAS,2026-02-02T12:40:29Z,2026-02-02T12:42:45Z,136.11,36.54,PASS,TRUE,,/mnt/nurvai-data/02/batch_04/SKILL_020_20260202_124028/SKILL_020_20260202_124028_0.mcap
SKILL_020_20260202_124407,station_01_lab,SKILL_020,Open locks with their keys,D_VARGAS,2026-02-02T12:44:07Z,2026-02-02T12:46:03Z,115.87,36.60,PASS,TRUE,,/mnt/nurvai-data/02/batch_04/SKILL_020_20260202_124407/SKILL_020_20260202_124407_0.mcap
SKILL_020_20260202_124933,station_01_lab,SKILL_020,Open locks with their keys,D_VARGAS,2026-02-02T12:49:33Z,2026-02-02T12:50:33Z,59.94,36.54,PASS,FALSE,TOO_SHORT (59.9s),/mnt/nurvai-data/02/batch_04/SKILL_020_20260202_124933/SKILL_020_20260202_124933_0.mcap
SKILL_020_20260202_124711,station_01_lab,SKILL_020,Open locks with their keys,D_VARGAS,2026-02-02T12:47:11Z,2026-02-02T12:48:52Z,101.45,36.67,PASS,TRUE,,/mnt/nurvai-data/02/batch_04/SKILL_020_20260202_124711/SKILL_020_20260202_124711_0.mcap
SKILL_001_20260121_132826,station_01_lab,SKILL_001,Organize beads per color,N_MORA,2026-01-21T13:28:26Z,2026-01-21T13:28:28Z,2.06,9.18,PASS,FALSE,TOO_SHORT (2.1s),/mnt/nurvai-data/03/batch_01/SKILL_001_20260121_132826/SKILL_001_20260121_132826_0.mcap
SKILL_001_20260121_131727,station_01_lab,SKILL_001,Organize beads per color,N_MORA,2026-01-21T13:17:27Z,2026-01-21T13:27:03Z,576.45,5.26,PASS,TRUE,,/mnt/nurvai-data/03/batch_01/SKILL_001_20260121_131727/SKILL_001_20260121_131727_0.mcap
SKILL_001_20260121_132850,station_01_lab,SKILL_001,Organize beads per color,N_MORA,2026-01-21T13:28:50Z,2026-01-21T13:35:14Z,383.50,4.55,WARNING_DRIFT,TRUE,,/mnt/nurvai-data/03/batch_01/SKILL_001_20260121_132850/SKILL_001_20260121_132850_0.mcap
SKILL_001_20260124_104634,station_01_lab,SKILL_001,Organize beads per color,H_ALCARAZ,2026-01-24T10:46:34Z,2026-01-24T10:55:41Z,546.66,5.44,PASS,TRUE,,/mnt/nurvai-data/03/batch_01/SKILL_001_20260124_104634/SKILL_001_20260124_104634_0.mcap
SKILL_001_20260126_124515,station_01_lab,SKILL_001,Organize beads per color,N_MORA,2026-01-26T12:45:15Z,2026-01-26T12:55:51Z,636.81,5.30,PASS,TRUE,,/mnt/nurvai-data/03/batch_01/SKILL_001_20260126_124515/SKILL_001_20260126_124515_0.mcap
SKILL_001_20260127_121647,station_01_lab,SKILL_001,Organize beads per color,L_AGUILERA,2026-01-27T12:16:47Z,2026-01-27T12:16:47Z,0.20,6.25,PASS,FALSE,TOO_SHORT (0.2s),/mnt/nurvai-data/03/batch_01/SKILL_001_20260127_121647/SKILL_001_20260127_121647_0.mcap
SKILL_001_20260127_120742,station_01_lab,SKILL_001,Organize beads per color,L_AGUILERA,2026-01-27T12:07:42Z,2026-01-27T12:16:46Z,543.71,5.37,PASS,TRUE,,/mnt/nurvai-data/03/batch_01/SKILL_001_20260127_120742/SKILL_001_20260127_120742_0.mcap
SKILL_001_20260127_121928,station_01_lab,SKILL_001,Organize beads per color,L_AGUILERA,2026-01-27T12:19:28Z,2026-01-27T12:26:30Z,422.15,5.53,PASS,TRUE,,/mnt/nurvai-data/03/batch_01/SKILL_001_20260127_121928/SKILL_001_20260127_121928_0.mcap
SKILL_001_20260127_165717,station_01_lab,SKILL_001,Organize beads per color,L_AGUILERA,2026-01-27T16:57:17Z,2026-01-27T16:57:30Z,12.33,35.16,PASS,FALSE,TOO_SHORT (12.3s),/mnt/nurvai-data/03/batch_01/SKILL_001_20260127_165717/SKILL_001_20260127_165717_0.mcap
SKILL_001_20260127_122926,station_01_lab,SKILL_001,Organize beads per color,L_AGUILERA,2026-01-27T12:29:26Z,2026-01-27T12:32:13Z,167.56,4.69,WARNING_DRIFT,TRUE,,/mnt/nurvai-data/03/batch_01/SKILL_001_20260127_122926/SKILL_001_20260127_122926_0.mcap
SKILL_001_20260128_174542,station_01_lab,SKILL_001,Organize beads per color,L_AGUILERA,2026-01-28T17:45:42Z,2026-01-28T17:45:56Z,14.01,22.43,PASS,FALSE,TOO_SHORT (14.0s),/mnt/nurvai-data/03/batch_01/SKILL_001_20260128_174542/SKILL_001_20260128_174542_0.mcap
SKILL_001_20260128_160813,station_01_lab,SKILL_001,Organize beads per color,L_AGUILERA,2026-01-28T16:08:13Z,2026-01-28T16:08:20Z,6.89,35.40,PASS,FALSE,TOO_SHORT (6.9s),/mnt/nurvai-data/03/batch_01/SKILL_001_20260128_160813/SKILL_001_20260128_160813_0.mcap
SKILL_003_20260121_073442,station_01_lab,SKILL_003,Organize screwdriver bits,N_MORA,2026-01-21T07:34:42Z,2026-01-21T07:39:07Z,264.54,4.14,PASS,TRUE,,/mnt/nurvai-data/03/batch_01/SKILL_003_20260121_073442/SKILL_003_20260121_073442_0.mcap
SKILL_002_20260111_233331,station_01_lab,SKILL_002,Ensamblaje Motor,JUAN,2026-01-11T23:33:31Z,2026-01-11T23:34:15Z,43.63,6.32,PASS,FALSE,TOO_SHORT (43.6s),/mnt/nurvai-data/03/batch_01/SKILL_002_20260111_233331/SKILL_002_20260111_233331_0.mcap
SKILL_003_20260121_142102,station_01_lab,SKILL_003,Organize screwdriver bits,N_MORA,2026-01-21T14:21:02Z,2026-01-21T14:21:50Z,48.19,4.73,PASS,FALSE,TOO_SHORT (48.2s),/mnt/nurvai-data/03/batch_01/SKILL_003_20260121_142102/SKILL_003_20260121_142102_0.mcap
SKILL_003_20260124_110452,station_01_lab,SKILL_003,Organize screwdriver bits,D_VARGAS,2026-01-24T11:04:52Z,2026-01-24T11:10:26Z,333.88,7.35,WARNING_DRIFT,TRUE,,/mnt/nurvai-data/03/batch_01/SKILL_003_20260124_110452/SKILL_003_20260124_110452_0.mcap
SKILL_003_20260124_105748,station_01_lab,SKILL_003,Organize screwdriver bits,D_VARGAS,2026-01-24T10:57:48Z,2026-01-24T11:03:55Z,367.44,4.68,PASS,TRUE,,/mnt/nurvai-data/03/batch_01/SKILL_003_20260124_105748/SKILL_003_20260124_105748_0.mcap
SKILL_003_20260124_111042,station_01_lab,SKILL_003,Organize screwdriver bits,D_VARGAS,2026-01-24T11:10:42Z,2026-01-24T11:10:48Z,5.69,9.18,WARNING_DRIFT,FALSE,TOO_SHORT (5.7s),/mnt/nurvai-data/03/batch_01/SKILL_003_20260124_111042/SKILL_003_20260124_111042_0.mcap
SKILL_003_20260127_071617,station_01_lab,SKILL_003,Organize screwdriver bits,L_AGUILERA,2026-01-27T07:16:17Z,2026-01-27T07:16:36Z,19.19,4.67,PASS,FALSE,TOO_SHORT (19.2s),/mnt/nurvai-data/03/batch_01/SKILL_003_20260127_071617/SKILL_003_20260127_071617_0.mcap
SKILL_003_20260127_071854,station_01_lab,SKILL_003,Organize screwdriver bits,L_AGUILERA,2026-01-27T07:18:54Z,2026-01-27T07:22:32Z,218.31,4.63,PASS,TRUE,,/mnt/nurvai-data/03/batch_01/SKILL_003_20260127_071854/SKILL_003_20260127_071854_0.mcap
SKILL_003_20260127_072332,station_01_lab,SKILL_003,Organize screwdriver bits,L_AGUILERA,2026-01-27T07:23:32Z,2026-01-27T07:26:37Z,184.50,4.57,WARNING_DRIFT,TRUE,,/mnt/nurvai-data/03/batch_01/SKILL_003_20260127_072332/SKILL_003_20260127_072332_0.mcap
SKILL_003_20260128_071249,station_01_lab,SKILL_003,Organize screwdriver bits,D_VARGAS,2026-01-28T07:12:50Z,2026-01-28T07:17:27Z,277.01,35.18,PASS,TRUE,,/mnt/nurvai-data/03/batch_01/SKILL_003_20260128_071249/SKILL_003_20260128_071249_0.mcap
SKILL_003_20260128_072400,station_01_lab,SKILL_003,Organize screwdriver bits,D_VARGAS,2026-01-28T07:24:00Z,2026-01-28T07:24:00Z,0.11,41.63,PASS,FALSE,TOO_SHORT (0.1s),/mnt/nurvai-data/03/batch_01/SKILL_003_20260128_072400/SKILL_003_20260128_072400_0.mcap
SKILL_003_20260128_071910,station_01_lab,SKILL_003,Organize screwdriver bits,D_VARGAS,2026-01-28T07:19:10Z,2026-01-28T07:23:07Z,236.89,35.27,PASS,TRUE,,/mnt/nurvai-data/03/batch_01/SKILL_003_20260128_071910/SKILL_003_20260128_071910_0.mcap
SKILL_003_20260128_072401,station_01_lab,SKILL_003,Organize screwdriver bits,D_VARGAS,2026-01-28T07:24:01Z,2026-01-28T07:26:45Z,164.01,35.20,PASS,TRUE,,/mnt/nurvai-data/03/batch_01/SKILL_003_20260128_072401/SKILL_003_20260128_072401_0.mcap
SKILL_003_20260129_071259,station_01_lab,SKILL_003,Organize screwdriver bits,E_MARTINEZ,2026-01-29T07:13:00Z,2026-01-29T07:17:31Z,271.66,37.07,PASS,TRUE,,/mnt/nurvai-data/03/batch_01/SKILL_003_20260129_071259/SKILL_003_20260129_071259_0.mcap
SKILL_004_20260124_111449,station_01_lab,SKILL_004,Set Screwdriver package,D_VARGAS,2026-01-24T11:14:49Z,2026-01-24T11:14:56Z,6.70,4.76,PASS,FALSE,TOO_SHORT (6.7s),/mnt/nurvai-data/03/batch_01/SKILL_004_20260124_111449/SKILL_004_20260124_111449_0.mcap
SKILL_003_20260129_071816,station_01_lab,SKILL_003,Organize screwdriver bits,E_MARTINEZ,2026-01-29T07:18:16Z,2026-01-29T07:22:14Z,237.99,34.92,PASS,TRUE,,/mnt/nurvai-data/03/batch_01/SKILL_003_20260129_071816/SKILL_003_20260129_071816_0.mcap
SKILL_004_20260124_112719,station_01_lab,SKILL_004,Set Screwdriver package,D_VARGAS,2026-01-24T11:27:19Z,2026-01-24T11:29:14Z,114.76,4.58,PASS,TRUE,,/mnt/nurvai-data/03/batch_01/SKILL_004_20260124_112719/SKILL_004_20260124_112719_0.mcap
SKILL_004_20260124_112152,station_01_lab,SKILL_004,Set Screwdriver package,D_VARGAS,2026-01-24T11:21:52Z,2026-01-24T11:26:54Z,301.49,5.20,PASS,TRUE,,/mnt/nurvai-data/03/batch_01/SKILL_004_20260124_112152/SKILL_004_20260124_112152_0.mcap
SKILL_004_20260126_130954,station_01_lab,SKILL_004,Set Screwdriver package,N_MORA,2026-01-26T13:09:54Z,2026-01-26T13:09:59Z,5.17,4.51,PASS,FALSE,TOO_SHORT (5.2s),/mnt/nurvai-data/03/batch_01/SKILL_004_20260126_130954/SKILL_004_20260126_130954_0.mcap
SKILL_004_20260126_130158,station_01_lab,SKILL_004,Set Screwdriver package,N_MORA,2026-01-26T13:01:58Z,2026-01-26T13:05:53Z,234.66,5.25,PASS,TRUE,,/mnt/nurvai-data/03/batch_01/SKILL_004_20260126_130158/SKILL_004_20260126_130158_0.mcap
SKILL_004_20260127_082819,station_01_lab,SKILL_004,Set Screwdriver package,L_AGUILERA,2026-01-27T08:28:19Z,2026-01-27T08:31:28Z,189.31,4.98,PASS,TRUE,,/mnt/nurvai-data/03/batch_01/SKILL_004_20260127_082819/SKILL_004_20260127_082819_0.mcap
SKILL_004_20260127_082251,station_01_lab,SKILL_004,Set Screwdriver package,L_AGUILERA,2026-01-27T08:22:51Z,2026-01-27T08:27:46Z,294.32,5.17,PASS,TRUE,,/mnt/nurvai-data/03/batch_01/SKILL_004_20260127_082251/SKILL_004_20260127_082251_0.mcap
SKILL_004_20260128_073832,station_01_lab,SKILL_004,Set Screwdriver package,D_VARGAS,2026-01-28T07:38:32Z,2026-01-28T07:38:41Z,8.93,35.16,PASS,FALSE,TOO_SHORT (8.9s),/mnt/nurvai-data/03/batch_01/SKILL_004_20260128_073832/SKILL_004_20260128_073832_0.mcap
SKILL_004_20260128_074051,station_01_lab,SKILL_004,Set Screwdriver package,D_VARGAS,2026-01-28T07:40:52Z,2026-01-28T07:42:11Z,79.57,34.96,PASS,FALSE,TOO_SHORT (79.6s),/mnt/nurvai-data/03/batch_01/SKILL_004_20260128_074051/SKILL_004_20260128_074051_0.mcap
SKILL_004_20260128_074506,station_01_lab,SKILL_004,Set Screwdriver package,D_VARGAS,2026-01-28T07:45:07Z,2026-01-28T07:45:31Z,23.84,35.19,PASS,FALSE,TOO_SHORT (23.8s),/mnt/nurvai-data/03/batch_01/SKILL_004_20260128_074506/SKILL_004_20260128_074506_0.mcap
SKILL_004_20260129_072647,station_01_lab,SKILL_004,Set Screwdriver package,E_MARTINEZ,2026-01-29T07:26:47Z,2026-01-29T07:28:26Z,98.81,36.45,PASS,TRUE,,/mnt/nurvai-data/03/batch_01/SKILL_004_20260129_072647/SKILL_004_20260129_072647_0.mcap
SKILL_004_20260129_072427,station_01_lab,SKILL_004,Set Screwdriver package,E_MARTINEZ,2026-01-29T07:24:27Z,2026-01-29T07:26:16Z,109.08,36.52,PASS,TRUE,,/mnt/nurvai-data/03/batch_01/SKILL_004_20260129_072427/SKILL_004_20260129_072427_0.mcap
SKILL_004_20260129_073358,station_01_lab,SKILL_004,Set Screwdriver package,D_VARGAS,2026-01-29T07:33:59Z,2026-01-29T07:34:00Z,0.96,35.36,PASS,FALSE,TOO_SHORT (1.0s),/mnt/nurvai-data/03/batch_01/SKILL_004_20260129_073358/SKILL_004_20260129_073358_0.mcap
SKILL_004_20260129_072850,station_01_lab,SKILL_004,Set Screwdriver package,E_MARTINEZ,2026-01-29T07:28:50Z,2026-01-29T07:28:55Z,4.97,35.83,PASS,FALSE,TOO_SHORT (5.0s),/mnt/nurvai-data/03/batch_01/SKILL_004_20260129_072850/SKILL_004_20260129_072850_0.mcap
SKILL_005_20260121_074218,station_01_lab,SKILL_005,Insert allen keys in package,N_MORA,2026-01-21T07:42:18Z,2026-01-21T07:45:17Z,179.02,4.06,PASS,TRUE,,/mnt/nurvai-data/03/batch_01/SKILL_005_20260121_074218/SKILL_005_20260121_074218_0.mcap
SKILL_004_20260129_073400,station_01_lab,SKILL_004,Set Screwdriver package,D_VARGAS,2026-01-29T07:34:00Z,2026-01-29T07:35:39Z,99.34,33.10,PASS,TRUE,,/mnt/nurvai-data/03/batch_01/SKILL_004_20260129_073400/SKILL_004_20260129_073400_0.mcap
SKILL_005_20260121_074539,station_01_lab,SKILL_005,Insert allen keys in package,N_MORA,2026-01-21T07:45:39Z,2026-01-21T07:48:47Z,188.80,4.12,WARNING_DRIFT,TRUE,,/mnt/nurvai-data/03/batch_01/SKILL_005_20260121_074539/SKILL_005_20260121_074539_0.mcap
SKILL_005_20260121_074849,station_01_lab,SKILL_005,Insert allen keys in package,N_MORA,2026-01-21T07:48:49Z,2026-01-21T07:48:50Z,0.60,8.77,PASS,FALSE,TOO_SHORT (0.6s),/mnt/nurvai-data/03/batch_01/SKILL_005_20260121_074849/SKILL_005_20260121_074849_0.mcap
SKILL_005_20260121_074919,station_01_lab,SKILL_005,Insert allen keys in package,N_MORA,2026-01-21T07:49:19Z,2026-01-21T07:50:25Z,66.01,4.18,WARNING_DRIFT,FALSE,TOO_SHORT (66.0s),/mnt/nurvai-data/03/batch_01/SKILL_005_20260121_074919/SKILL_005_20260121_074919_0.mcap
SKILL_005_20260123_072055,station_01_lab,SKILL_005,Insert allen keys in package,H_ALCARAZ,2026-01-23T07:20:55Z,2026-01-23T07:24:14Z,199.57,4.66,PASS,TRUE,,/mnt/nurvai-data/03/batch_01/SKILL_005_20260123_072055/SKILL_005_20260123_072055_0.mcap
SKILL_005_20260123_071703,station_01_lab,SKILL_005,Insert allen keys in package,H_ALCARAZ,2026-01-23T07:17:03Z,2026-01-23T07:17:45Z,42.34,4.60,PASS,FALSE,TOO_SHORT (42.3s),/mnt/nurvai-data/03/batch_01/SKILL_005_20260123_071703/SKILL_005_20260123_071703_0.mcap
SKILL_005_20260123_072449,station_01_lab,SKILL_005,Insert allen keys in package,H_ALCARAZ,2026-01-23T07:24:49Z,2026-01-23T07:27:12Z,143.51,4.76,PASS,TRUE,,/mnt/nurvai-data/03/batch_01/SKILL_005_20260123_072449/SKILL_005_20260123_072449_0.mcap
SKILL_005_20260124_121431,station_01_lab,SKILL_005,Insert allen keys in package,D_VARGAS,2026-01-24T12:14:31Z,2026-01-24T12:14:38Z,7.31,5.18,PASS,FALSE,TOO_SHORT (7.3s),/mnt/nurvai-data/03/batch_01/SKILL_005_20260124_121431/SKILL_005_20260124_121431_0.mcap
SKILL_005_20260124_121910,station_01_lab,SKILL_005,Insert allen keys in package,D_VARGAS,2026-01-24T12:19:10Z,2026-01-24T12:22:50Z,219.95,4.14,PASS,TRUE,,/mnt/nurvai-data/03/batch_01/SKILL_005_20260124_121910/SKILL_005_20260124_121910_0.mcap
SKILL_005_20260124_121500,station_01_lab,SKILL_005,Insert allen keys in package,D_VARGAS,2026-01-24T12:15:00Z,2026-01-24T12:18:12Z,192.18,4.37,PASS,TRUE,,/mnt/nurvai-data/03/batch_01/SKILL_005_20260124_121500/SKILL_005_20260124_121500_0.mcap
SKILL_005_20260126_140604,station_01_lab,SKILL_005,Insert allen keys in package,H_ALCARAZ,2026-01-26T14:06:04Z,2026-01-26T14:09:29Z,205.77,4.62,PASS,TRUE,,/mnt/nurvai-data/03/batch_01/SKILL_005_20260126_140604/SKILL_005_20260126_140604_0.mcap
SKILL_005_20260126_141009,station_01_lab,SKILL_005,Insert allen keys in package,H_ALCARAZ,2026-01-26T14:10:09Z,2026-01-26T14:13:32Z,202.47,4.59,PASS,TRUE,,/mnt/nurvai-data/03/batch_01/SKILL_005_20260126_141009/SKILL_005_20260126_141009_0.mcap
SKILL_005_20260126_141819,station_01_lab,SKILL_005,Insert allen keys in package,H_ALCARAZ,2026-01-26T14:18:19Z,2026-01-26T14:21:07Z,168.11,4.64,PASS,TRUE,,/mnt/nurvai-data/03/batch_01/SKILL_005_20260126_141819/SKILL_005_20260126_141819_0.mcap
SKILL_005_20260126_141430,station_01_lab,SKILL_005,Insert allen keys in package,H_ALCARAZ,2026-01-26T14:14:30Z,2026-01-26T14:17:30Z,180.15,4.61,PASS,TRUE,,/mnt/nurvai-data/03/batch_01/SKILL_005_20260126_141430/SKILL_005_20260126_141430_0.mcap
SKILL_005_20260127_072935,station_01_lab,SKILL_005,Insert allen keys in package,L_AGUILERA,2026-01-27T07:29:35Z,2026-01-27T07:29:39Z,4.76,5.31,PASS,FALSE,TOO_SHORT (4.8s),/mnt/nurvai-data/03/batch_01/SKILL_005_20260127_072935/SKILL_005_20260127_072935_0.mcap
SKILL_005_20260127_073007,station_01_lab,SKILL_005,Insert allen keys in package,L_AGUILERA,2026-01-27T07:30:07Z,2026-01-27T07:33:26Z,199.26,4.58,PASS,TRUE,,/mnt/nurvai-data/03/batch_01/SKILL_005_20260127_073007/SKILL_005_20260127_073007_0.mcap
SKILL_005_20260127_073357,station_01_lab,SKILL_005,Insert allen keys in package,L_AGUILERA,2026-01-27T07:33:57Z,2026-01-27T07:36:52Z,175.39,4.63,PASS,TRUE,,/mnt/nurvai-data/03/batch_01/SKILL_005_20260127_073357/SKILL_005_20260127_073357_0.mcap
SKILL_005_20260127_073717,station_01_lab,SKILL_005,Insert allen keys in package,L_AGUILERA,2026-01-27T07:37:17Z,2026-01-27T07:39:57Z,159.59,4.53,PASS,TRUE,,/mnt/nurvai-data/03/batch_01/SKILL_005_20260127_073717/SKILL_005_20260127_073717_0.mcap
SKILL_005_20260127_123257,station_01_lab,SKILL_005,Insert allen keys in package,L_AGUILERA,2026-01-27T12:32:57Z,2026-01-27T12:35:34Z,156.72,4.58,PASS,TRUE,,/mnt/nurvai-data/03/batch_01/SKILL_005_20260127_123257/SKILL_005_20260127_123257_0.mcap
SKILL_005_20260127_123853,station_01_lab,SKILL_005,Insert allen keys in package,L_AGUILERA,2026-01-27T12:38:53Z,2026-01-27T12:41:51Z,178.42,4.65,PASS,TRUE,,/mnt/nurvai-data/03/batch_01/SKILL_005_20260127_123853/SKILL_005_20260127_123853_0.mcap
SKILL_005_20260128_073243,station_01_lab,SKILL_005,Insert allen keys in package,D_VARGAS,2026-01-28T07:32:43Z,2026-01-28T07:35:26Z,162.72,35.27,PASS,TRUE,,/mnt/nurvai-data/03/batch_01/SKILL_005_20260128_073243/SKILL_005_20260128_073243_0.mcap
SKILL_005_20260128_072758,station_01_lab,SKILL_005,Insert allen keys in package,D_VARGAS,2026-01-28T07:27:58Z,2026-01-28T07:30:48Z,170.49,35.23,PASS,TRUE,,/mnt/nurvai-data/03/batch_01/SKILL_005_20260128_072758/SKILL_005_20260128_072758_0.mcap
SKILL_005_20260129_075704,station_01_lab,SKILL_005,Insert allen keys in package,D_VARGAS,2026-01-29T07:57:05Z,2026-01-29T07:59:21Z,135.98,35.47,PASS,TRUE,,/mnt/nurvai-data/03/batch_01/SKILL_005_20260129_075704/SKILL_005_20260129_075704_0.mcap
SKILL_005_20260129_073824,station_01_lab,SKILL_005,Insert allen keys in package,D_VARGAS,2026-01-29T07:38:25Z,2026-01-29T07:42:49Z,263.97,33.03,PASS,TRUE,,/mnt/nurvai-data/03/batch_01/SKILL_005_20260129_073824/SKILL_005_20260129_073824_0.mcap
SKILL_005_20260129_080036,station_01_lab,SKILL_005,Insert allen keys in package,D_VARGAS,2026-01-29T08:00:36Z,2026-01-29T08:02:49Z,133.22,35.89,PASS,TRUE,,/mnt/nurvai-data/03/batch_01/SKILL_005_20260129_080036/SKILL_005_20260129_080036_0.mcap
SKILL_005_20260129_080426,station_01_lab,SKILL_005,Insert allen keys in package,D_VARGAS,2026-01-29T08:04:26Z,2026-01-29T08:06:41Z,135.25,34.52,PASS,TRUE,,/mnt/nurvai-data/03/batch_01/SKILL_005_20260129_080426/SKILL_005_20260129_080426_0.mcap
SKILL_005_20260129_082820,station_01_lab,SKILL_005,Insert allen keys in package,D_VARGAS,2026-01-29T08:28:20Z,2026-01-29T08:33:10Z,290.14,37.70,PASS,TRUE,,/mnt/nurvai-data/03/batch_01/SKILL_005_20260129_082820/SKILL_005_20260129_082820_0.mcap
SKILL_005_20260129_083323,station_01_lab,SKILL_005,Insert allen keys in package,D_VARGAS,2026-01-29T08:33:23Z,2026-01-29T08:33:23Z,0.02,56.97,PASS,FALSE,TOO_SHORT (0.0s),/mnt/nurvai-data/03/batch_01/SKILL_005_20260129_083323/SKILL_005_20260129_083323_0.mcap
SKILL_005_20260129_081242,station_01_lab,SKILL_005,Insert allen keys in package,D_VARGAS,2026-01-29T08:12:42Z,2026-01-29T08:24:02Z,680.09,37.20,PASS,TRUE,,/mnt/nurvai-data/03/batch_01/SKILL_005_20260129_081242/SKILL_005_20260129_081242_0.mcap
SKILL_005_20260129_083355,station_01_lab,SKILL_005,Insert allen keys in package,D_VARGAS,2026-01-29T08:33:55Z,2026-01-29T08:33:55Z,0.04,165.38,PASS,FALSE,TOO_SHORT (0.0s),/mnt/nurvai-data/03/batch_01/SKILL_005_20260129_083355/SKILL_005_20260129_083355_0.mcap
SKILL_005_20260129_083532,station_01_lab,SKILL_005,Insert allen keys in package,D_VARGAS,2026-01-29T08:35:32Z,2026-01-29T08:39:51Z,258.33,34.83,PASS,TRUE,,/mnt/nurvai-data/03/batch_01/SKILL_005_20260129_083532/SKILL_005_20260129_083532_0.mcap
SKILL_006_20260127_125718,station_01_lab,SKILL_006,Separate tongue depressors by size,L_AGUILERA,2026-01-27T12:57:18Z,2026-01-27T13:05:49Z,510.58,4.79,PASS,TRUE,,/mnt/nurvai-data/03/batch_01/SKILL_006_20260127_125718/SKILL_006_20260127_125718_0.mcap
SKILL_006_20260127_131522,station_01_lab,SKILL_006,Separate tongue depressors by size,L_AGUILERA,2026-01-27T13:15:22Z,2026-01-27T13:15:53Z,30.80,4.89,PASS,FALSE,TOO_SHORT (30.8s),/mnt/nurvai-data/03/batch_01/SKILL_006_20260127_131522/SKILL_006_20260127_131522_0.mcap
SKILL_006_20260127_130652,station_01_lab,SKILL_006,Separate tongue depressors by size,L_AGUILERA,2026-01-27T13:06:52Z,2026-01-27T13:14:26Z,453.72,4.92,PASS,TRUE,,/mnt/nurvai-data/03/batch_01/SKILL_006_20260127_130652/SKILL_006_20260127_130652_0.mcap
SKILL_007_20260121_075135,station_01_lab,SKILL_007,Separate tongue depressors by color,N_MORA,2026-01-21T07:51:35Z,2026-01-21T08:00:21Z,525.80,5.17,WARNING_DRIFT,TRUE,,/mnt/nurvai-data/03/batch_01/SKILL_007_20260121_075135/SKILL_007_20260121_075135_0.mcap
SKILL_007_20260121_080022,station_01_lab,SKILL_007,Separate tongue depressors by color,N_MORA,2026-01-21T08:00:22Z,2026-01-21T08:00:22Z,0.28,11.57,PASS,FALSE,TOO_SHORT (0.3s),/mnt/nurvai-data/03/batch_01/SKILL_007_20260121_080022/SKILL_007_20260121_080022_0.mcap
SKILL_007_20260123_072838,station_01_lab,SKILL_007,Separate tongue depressors by color,H_ALCARAZ,2026-01-23T07:28:38Z,2026-01-23T07:38:13Z,574.99,5.33,PASS,TRUE,,/mnt/nurvai-data/03/batch_01/SKILL_007_20260123_072838/SKILL_007_20260123_072838_0.mcap
SKILL_007_20260123_073941,station_01_lab,SKILL_007,Separate tongue depressors by color,H_ALCARAZ,2026-01-23T07:39:41Z,2026-01-23T07:47:43Z,482.48,4.92,PASS,TRUE,,/mnt/nurvai-data/03/batch_01/SKILL_007_20260123_073941/SKILL_007_20260123_073941_0.mcap
SKILL_007_20260124_122647,station_01_lab,SKILL_007,Separate tongue depressors by color,D_VARGAS,2026-01-24T12:26:47Z,2026-01-24T12:28:49Z,122.21,5.18,PASS,TRUE,,/mnt/nurvai-data/03/batch_01/SKILL_007_20260124_122647/SKILL_007_20260124_122647_0.mcap
SKILL_007_20260124_122911,station_01_lab,SKILL_007,Separate tongue depressors by color,D_VARGAS,2026-01-24T12:29:11Z,2026-01-24T12:35:25Z,374.40,5.26,PASS,TRUE,,/mnt/nurvai-data/03/batch_01/SKILL_007_20260124_122911/SKILL_007_20260124_122911_0.mcap
SKILL_007_20260126_133908,station_01_lab,SKILL_007,Separate tongue depressors by color,D_VARGAS,2026-01-26T13:39:08Z,2026-01-26T13:43:52Z,284.65,5.50,PASS,TRUE,,/mnt/nurvai-data/03/batch_01/SKILL_007_20260126_133908/SKILL_007_20260126_133908_0.mcap
SKILL_007_20260127_084509,station_01_lab,SKILL_007,Separate tongue depressors by color,L_AGUILERA,2026-01-27T08:45:09Z,2026-01-27T08:45:09Z,0.30,2.97,PASS,FALSE,TOO_SHORT (0.3s),/mnt/nurvai-data/03/batch_01/SKILL_007_20260127_084509/SKILL_007_20260127_084509_0.mcap
SKILL_007_20260127_083743,station_01_lab,SKILL_007,Separate tongue depressors by color,L_AGUILERA,2026-01-27T08:37:43Z,2026-01-27T08:45:08Z,445.69,5.60,PASS,TRUE,,/mnt/nurvai-data/03/batch_01/SKILL_007_20260127_083743/SKILL_007_20260127_083743_0.mcap
SKILL_007_20260127_084625,station_01_lab,SKILL_007,Separate tongue depressors by color,L_AGUILERA,2026-01-27T08:46:25Z,2026-01-27T08:50:22Z,237.00,5.42,PASS,TRUE,,/mnt/nurvai-data/03/batch_01/SKILL_007_20260127_084625/SKILL_007_20260127_084625_0.mcap
SKILL_007_20260128_075043,station_01_lab,SKILL_007,Separate tongue depressors by color,D_VARGAS,2026-01-28T07:50:43Z,2026-01-28T07:55:38Z,295.49,34.15,PASS,TRUE,,/mnt/nurvai-data/03/batch_01/SKILL_007_20260128_075043/SKILL_007_20260128_075043_0.mcap
SKILL_009_20260121_082506,station_01_lab,SKILL_009,Package Cotton set,N_MORA,2026-01-21T08:25:06Z,2026-01-21T08:29:17Z,251.22,4.75,WARNING_DRIFT,TRUE,,/mnt/nurvai-data/03/batch_01/SKILL_009_20260121_082506/SKILL_009_20260121_082506_0.mcap
SKILL_009_20260124_123834,station_01_lab,SKILL_009,Package Cotton set,D_VARGAS,2026-01-24T12:38:34Z,2026-01-24T12:39:11Z,36.80,4.29,PASS,FALSE,TOO_SHORT (36.8s),/mnt/nurvai-data/03/batch_01/SKILL_009_20260124_123834/SKILL_009_20260124_123834_0.mcap
SKILL_009_20260121_082938,station_01_lab,SKILL_009,Package Cotton set,N_MORA,2026-01-21T08:29:38Z,2026-01-21T08:33:41Z,242.38,4.46,PASS,TRUE,,/mnt/nurvai-data/03/batch_01/SKILL_009_20260121_082938/SKILL_009_20260121_082938_0.mcap
SKILL_009_20260124_124211,station_01_lab,SKILL_009,Package Cotton set,D_VARGAS,2026-01-24T12:42:11Z,2026-01-24T12:42:21Z,10.14,4.54,PASS,FALSE,TOO_SHORT (10.1s),/mnt/nurvai-data/03/batch_01/SKILL_009_20260124_124211/SKILL_009_20260124_124211_0.mcap
SKILL_009_20260124_145238,station_01_lab,SKILL_009,Package Cotton set,N_MORA,2026-01-24T14:52:38Z,2026-01-24T14:56:01Z,203.55,4.39,PASS,TRUE,,/mnt/nurvai-data/03/batch_01/SKILL_009_20260124_145238/SKILL_009_20260124_145238_0.mcap
SKILL_009_20260126_134928,station_01_lab,SKILL_009,Package Cotton set,D_VARGAS,2026-01-26T13:49:28Z,2026-01-26T13:53:06Z,217.40,4.63,WARNING_DRIFT,TRUE,,/mnt/nurvai-data/03/batch_01/SKILL_009_20260126_134928/SKILL_009_20260126_134928_0.mcap
SKILL_009_20260126_135404,station_01_lab,SKILL_009,Package Cotton set,D_VARGAS,2026-01-26T13:54:04Z,2026-01-26T13:59:07Z,303.33,4.65,PASS,TRUE,,/mnt/nurvai-data/03/batch_01/SKILL_009_20260126_135404/SKILL_009_20260126_135404_0.mcap
SKILL_009_20260127_132542,station_01_lab,SKILL_009,Package Cotton set,L_AGUILERA,2026-01-27T13:25:42Z,2026-01-27T13:28:08Z,145.66,5.25,PASS,TRUE,,/mnt/nurvai-data/03/batch_01/SKILL_009_20260127_132542/SKILL_009_20260127_132542_0.mcap
SKILL_009_20260127_075130,station_01_lab,SKILL_009,Package Cotton set,L_AGUILERA,2026-01-27T07:51:30Z,2026-01-27T08:00:02Z,512.07,4.78,PASS,TRUE,,/mnt/nurvai-data/03/batch_01/SKILL_009_20260127_075130/SKILL_009_20260127_075130_0.mcap
SKILL_009_20260128_075903,station_01_lab,SKILL_009,Package Cotton set,D_VARGAS,2026-01-28T07:59:03Z,2026-01-28T08:02:11Z,188.28,35.30,PASS,TRUE,,/mnt/nurvai-data/03/batch_01/SKILL_009_20260128_075903/SKILL_009_20260128_075903_0.mcap
SKILL_010_20260121_083727,station_01_lab,SKILL_010,Package earphones,N_MORA,2026-01-21T08:37:27Z,2026-01-21T08:44:07Z,400.34,4.62,PASS,TRUE,,/mnt/nurvai-data/03/batch_01/SKILL_010_20260121_083727/SKILL_010_20260121_083727_0.mcap
SKILL_009_20260128_080304,station_01_lab,SKILL_009,Package Cotton set,D_VARGAS,2026-01-28T08:03:04Z,2026-01-28T08:07:35Z,270.55,35.26,PASS,TRUE,,/mnt/nurvai-data/03/batch_01/SKILL_009_20260128_080304/SKILL_009_20260128_080304_0.mcap
SKILL_010_20260121_084500,station_01_lab,SKILL_010,Package earphones,N_MORA,2026-01-21T08:45:00Z,2026-01-21T08:47:00Z,119.89,4.62,PASS,TRUE,,/mnt/nurvai-data/03/batch_01/SKILL_010_20260121_084500/SKILL_010_20260121_084500_0.mcap
SKILL_010_20260123_075041,station_01_lab,SKILL_010,Package earphones,H_ALCARAZ,2026-01-23T07:50:41Z,2026-01-23T07:52:51Z,130.28,4.46,PASS,TRUE,,/mnt/nurvai-data/03/batch_01/SKILL_010_20260123_075041/SKILL_010_20260123_075041_0.mcap
SKILL_010_20260123_075635,station_01_lab,SKILL_010,Package earphones,H_ALCARAZ,2026-01-23T07:56:35Z,2026-01-23T07:56:48Z,12.52,4.71,PASS,FALSE,TOO_SHORT (12.5s),/mnt/nurvai-data/03/batch_01/SKILL_010_20260123_075635/SKILL_010_20260123_075635_0.mcap
SKILL_010_20260126_142443,station_01_lab,SKILL_010,Package earphones,N_MORA,2026-01-26T14:24:43Z,2026-01-26T14:24:53Z,10.13,4.60,PASS,FALSE,TOO_SHORT (10.1s),/mnt/nurvai-data/03/batch_01/SKILL_010_20260126_142443/SKILL_010_20260126_142443_0.mcap
SKILL_010_20260124_125007,station_01_lab,SKILL_010,Package earphones,D_VARGAS,2026-01-24T12:50:07Z,2026-01-24T12:56:29Z,382.56,4.46,PASS,TRUE,,/mnt/nurvai-data/03/batch_01/SKILL_010_20260124_125007/SKILL_010_20260124_125007_0.mcap
SKILL_010_20260126_142605,station_01_lab,SKILL_010,Package earphones,N_MORA,2026-01-26T14:26:05Z,2026-01-26T14:31:30Z,325.01,4.89,PASS,TRUE,,/mnt/nurvai-data/03/batch_01/SKILL_010_20260126_142605/SKILL_010_20260126_142605_0.mcap
SKILL_010_20260127_081145,station_01_lab,SKILL_010,Package earphones,L_AGUILERA,2026-01-27T08:11:45Z,2026-01-27T08:16:10Z,265.11,4.92,PASS,TRUE,,/mnt/nurvai-data/03/batch_01/SKILL_010_20260127_081145/SKILL_010_20260127_081145_0.mcap
SKILL_010_20260127_081716,station_01_lab,SKILL_010,Package earphones,L_AGUILERA,2026-01-27T08:17:16Z,2026-01-27T08:21:36Z,260.15,4.86,PASS,TRUE,,/mnt/nurvai-data/03/batch_01/SKILL_010_20260127_081716/SKILL_010_20260127_081716_0.mcap
SKILL_010_20260127_133054,station_01_lab,SKILL_010,Package earphones,L_AGUILERA,2026-01-27T13:30:54Z,2026-01-27T13:35:53Z,298.74,4.71,PASS,TRUE,,/mnt/nurvai-data/03/batch_01/SKILL_010_20260127_133054/SKILL_010_20260127_133054_0.mcap
SKILL_010_20260127_133701,station_01_lab,SKILL_010,Package earphones,L_AGUILERA,2026-01-27T13:37:01Z,2026-01-27T13:40:25Z,203.53,4.69,PASS,TRUE,,/mnt/nurvai-data/03/batch_01/SKILL_010_20260127_133701/SKILL_010_20260127_133701_0.mcap
SKILL_010_20260128_081828,station_01_lab,SKILL_010,Package earphones,D_VARGAS,2026-01-28T08:18:28Z,2026-01-28T08:25:00Z,392.25,35.24,PASS,TRUE,,/mnt/nurvai-data/03/batch_01/SKILL_010_20260128_081828/SKILL_010_20260128_081828_0.mcap
SKILL_010_20260129_084228,station_01_lab,SKILL_010,Package earphones,D_VARGAS,2026-01-29T08:42:29Z,2026-01-29T08:43:38Z,69.11,35.01,PASS,FALSE,TOO_SHORT (69.1s),/mnt/nurvai-data/03/batch_01/SKILL_010_20260129_084228/SKILL_010_20260129_084228_0.mcap
SKILL_011_20260124_142436,station_01_lab,SKILL_011,Package plastic ice cubes,N_MORA,2026-01-24T14:24:36Z,2026-01-24T14:28:45Z,249.17,4.67,PASS,TRUE,,/mnt/nurvai-data/03/batch_01/SKILL_011_20260124_142436/SKILL_011_20260124_142436_0.mcap
SKILL_011_20260124_143053,station_01_lab,SKILL_011,Package plastic ice cubes,N_MORA,2026-01-24T14:30:53Z,2026-01-24T14:34:30Z,217.46,4.77,PASS,TRUE,,/mnt/nurvai-data/03/batch_01/SKILL_011_20260124_143053/SKILL_011_20260124_143053_0.mcap
SKILL_011_20260124_143521,station_01_lab,SKILL_011,Package plastic ice cubes,N_MORA,2026-01-24T14:35:21Z,2026-01-24T14:39:07Z,225.87,4.69,PASS,TRUE,,/mnt/nurvai-data/03/batch_01/SKILL_011_20260124_143521/SKILL_011_20260124_143521_0.mcap
SKILL_012_20260121_084756,station_01_lab,SKILL_012,Put pasta in jars,N_MORA,2026-01-21T08:47:56Z,2026-01-21T08:51:27Z,211.13,4.95,PASS,TRUE,,/mnt/nurvai-data/03/batch_01/SKILL_012_20260121_084756/SKILL_012_20260121_084756_0.mcap
SKILL_012_20260121_085214,station_01_lab,SKILL_012,Put pasta in jars,N_MORA,2026-01-21T08:52:14Z,2026-01-21T08:55:35Z,201.41,4.94,PASS,TRUE,,/mnt/nurvai-data/03/batch_01/SKILL_012_20260121_085214/SKILL_012_20260121_085214_0.mcap
SKILL_012_20260121_085623,station_01_lab,SKILL_012,Put pasta in jars,N_MORA,2026-01-21T08:56:23Z,2026-01-21T08:59:10Z,167.29,4.83,PASS,TRUE,,/mnt/nurvai-data/03/batch_01/SKILL_012_20260121_085623/SKILL_012_20260121_085623_0.mcap
SKILL_012_20260121_085912,station_01_lab,SKILL_012,Put pasta in jars,N_MORA,2026-01-21T08:59:12Z,2026-01-21T08:59:13Z,0.51,2.19,PASS,FALSE,TOO_SHORT (0.5s),/mnt/nurvai-data/03/batch_01/SKILL_012_20260121_085912/SKILL_012_20260121_085912_0.mcap
SKILL_012_20260123_080532,station_01_lab,SKILL_012,Put pasta in jars,H_ALCARAZ,2026-01-23T08:05:32Z,2026-01-23T08:06:02Z,29.96,5.09,PASS,FALSE,TOO_SHORT (30.0s),/mnt/nurvai-data/03/batch_01/SKILL_012_20260123_080532/SKILL_012_20260123_080532_0.mcap
SKILL_012_20260123_080749,station_01_lab,SKILL_012,Put pasta in jars,H_ALCARAZ,2026-01-23T08:07:49Z,2026-01-23T08:08:47Z,58.17,4.98,PASS,FALSE,TOO_SHORT (58.2s),/mnt/nurvai-data/03/batch_01/SKILL_012_20260123_080749/SKILL_012_20260123_080749_0.mcap
SKILL_012_20260123_081044,station_01_lab,SKILL_012,Put pasta in jars,H_ALCARAZ,2026-01-23T08:10:44Z,2026-01-23T08:13:40Z,176.06,4.75,PASS,TRUE,,/mnt/nurvai-data/03/batch_01/SKILL_012_20260123_081044/SKILL_012_20260123_081044_0.mcap
SKILL_012_20260123_081652,station_01_lab,SKILL_012,Put pasta in jars,H_ALCARAZ,2026-01-23T08:16:52Z,2026-01-23T08:18:32Z,100.33,4.52,PASS,TRUE,,/mnt/nurvai-data/03/batch_01/SKILL_012_20260123_081652/SKILL_012_20260123_081652_0.mcap
SKILL_012_20260123_081854,station_01_lab,SKILL_012,Put pasta in jars,H_ALCARAZ,2026-01-23T08:18:54Z,2026-01-23T08:25:39Z,405.38,4.59,PASS,TRUE,,/mnt/nurvai-data/03/batch_01/SKILL_012_20260123_081854/SKILL_012_20260123_081854_0.mcap
SKILL_012_20260124_130045,station_01_lab,SKILL_012,Put pasta in jars,D_VARGAS,2026-01-24T13:00:45Z,2026-01-24T13:03:50Z,185.10,4.77,PASS,TRUE,,/mnt/nurvai-data/03/batch_01/SKILL_012_20260124_130045/SKILL_012_20260124_130045_0.mcap
SKILL_012_20260124_130514,station_01_lab,SKILL_012,Put pasta in jars,D_VARGAS,2026-01-24T13:05:14Z,2026-01-24T13:08:36Z,201.92,4.78,PASS,TRUE,,/mnt/nurvai-data/03/batch_01/SKILL_012_20260124_130514/SKILL_012_20260124_130514_0.mcap
SKILL_012_20260126_091658,station_01_lab,SKILL_012,Put pasta in jars,C_BECERRA,2026-01-26T09:16:58Z,2026-01-26T09:20:20Z,202.24,4.77,PASS,TRUE,,/mnt/nurvai-data/03/batch_01/SKILL_012_20260126_091658/SKILL_012_20260126_091658_0.mcap
SKILL_012_20260126_092411,station_01_lab,SKILL_012,Put pasta in jars,C_BECERRA,2026-01-26T09:24:11Z,2026-01-26T09:27:46Z,215.44,4.74,PASS,TRUE,,/mnt/nurvai-data/03/batch_01/SKILL_012_20260126_092411/SKILL_012_20260126_092411_0.mcap
SKILL_012_20260126_095947,station_01_lab,SKILL_012,Put pasta in jars,N_MORA,2026-01-26T09:59:47Z,2026-01-26T10:02:03Z,136.22,5.09,PASS,TRUE,,/mnt/nurvai-data/03/batch_01/SKILL_012_20260126_095947/SKILL_012_20260126_095947_0.mcap
SKILL_012_20260126_100609,station_01_lab,SKILL_012,Put pasta in jars,N_MORA,2026-01-26T10:06:09Z,2026-01-26T10:08:48Z,159.12,4.91,PASS,TRUE,,/mnt/nurvai-data/03/batch_01/SKILL_012_20260126_100609/SKILL_012_20260126_100609_0.mcap
SKILL_012_20260126_143750,station_01_lab,SKILL_012,Put pasta in jars,N_MORA,2026-01-26T14:37:50Z,2026-01-26T14:39:11Z,80.98,4.89,PASS,FALSE,TOO_SHORT (81.0s),/mnt/nurvai-data/03/batch_01/SKILL_012_20260126_143750/SKILL_012_20260126_143750_0.mcap
SKILL_012_20260126_143405,station_01_lab,SKILL_012,Put pasta in jars,N_MORA,2026-01-26T14:34:05Z,2026-01-26T14:37:02Z,176.82,5.00,PASS,TRUE,,/mnt/nurvai-data/03/batch_01/SKILL_012_20260126_143405/SKILL_012_20260126_143405_0.mcap
SKILL_012_20260127_085226,station_01_lab,SKILL_012,Put pasta in jars,L_AGUILERA,2026-01-27T08:52:26Z,2026-01-27T08:55:00Z,153.78,5.03,PASS,TRUE,,/mnt/nurvai-data/03/batch_01/SKILL_012_20260127_085226/SKILL_012_20260127_085226_0.mcap
SKILL_012_20260127_085832,station_01_lab,SKILL_012,Put pasta in jars,L_AGUILERA,2026-01-27T08:58:32Z,2026-01-27T09:00:10Z,97.56,4.97,PASS,TRUE,,/mnt/nurvai-data/03/batch_01/SKILL_012_20260127_085832/SKILL_012_20260127_085832_0.mcap
SKILL_012_20260127_085539,station_01_lab,SKILL_012,Put pasta in jars,L_AGUILERA,2026-01-27T08:55:39Z,2026-01-27T08:57:56Z,137.03,5.07,PASS,TRUE,,/mnt/nurvai-data/03/batch_01/SKILL_012_20260127_085539/SKILL_012_20260127_085539_0.mcap
SKILL_012_20260127_134454,station_01_lab,SKILL_012,Put pasta in jars,L_AGUILERA,2026-01-27T13:44:54Z,2026-01-27T13:46:49Z,114.97,4.86,PASS,TRUE,,/mnt/nurvai-data/03/batch_01/SKILL_012_20260127_134454/SKILL_012_20260127_134454_0.mcap
SKILL_012_20260127_134155,station_01_lab,SKILL_012,Put pasta in jars,L_AGUILERA,2026-01-27T13:41:55Z,2026-01-27T13:44:18Z,142.85,4.81,PASS,TRUE,,/mnt/nurvai-data/03/batch_01/SKILL_012_20260127_134155/SKILL_012_20260127_134155_0.mcap
SKILL_012_20260127_134731,station_01_lab,SKILL_012,Put pasta in jars,L_AGUILERA,2026-01-27T13:47:31Z,2026-01-27T13:49:36Z,125.63,4.95,PASS,TRUE,,/mnt/nurvai-data/03/batch_01/SKILL_012_20260127_134731/SKILL_012_20260127_134731_0.mcap
SKILL_012_20260129_085253,station_01_lab,SKILL_012,Put pasta in jars,D_VARGAS,2026-01-29T08:52:53Z,2026-01-29T08:56:03Z,190.07,36.87,PASS,TRUE,,/mnt/nurvai-data/03/batch_01/SKILL_012_20260129_085253/SKILL_012_20260129_085253_0.mcap
SKILL_012_20260129_084644,station_01_lab,SKILL_012,Put pasta in jars,D_VARGAS,2026-01-29T08:46:45Z,2026-01-29T08:51:13Z,268.26,35.39,PASS,TRUE,,/mnt/nurvai-data/03/batch_01/SKILL_012_20260129_084644/SKILL_012_20260129_084644_0.mcap
SKILL_012_20260129_090033,station_01_lab,SKILL_012,Put pasta in jars,D_VARGAS,2026-01-29T09:00:33Z,2026-01-29T09:04:46Z,253.27,36.89,PASS,TRUE,,/mnt/nurvai-data/03/batch_01/SKILL_012_20260129_090033/SKILL_012_20260129_090033_0.mcap
SKILL_012_20260129_090540,station_01_lab,SKILL_012,Put pasta in jars,D_VARGAS,2026-01-29T09:05:40Z,2026-01-29T09:10:08Z,268.17,36.84,PASS,TRUE,,/mnt/nurvai-data/03/batch_01/SKILL_012_20260129_090540/SKILL_012_20260129_090540_0.mcap
SKILL_012_20260129_091215,station_01_lab,SKILL_012,Put pasta in jars,D_VARGAS,2026-01-29T09:12:15Z,2026-01-29T09:20:20Z,485.64,37.16,PASS,TRUE,,/mnt/nurvai-data/03/batch_01/SKILL_012_20260129_091215/SKILL_012_20260129_091215_0.mcap
SKILL_012_20260129_092531,station_01_lab,SKILL_012,Put pasta in jars,D_VARGAS,2026-01-29T09:25:31Z,2026-01-29T09:26:20Z,48.69,37.32,PASS,FALSE,TOO_SHORT (48.7s),/mnt/nurvai-data/03/batch_01/SKILL_012_20260129_092531/SKILL_012_20260129_092531_0.mcap
SKILL_013_20260121_090059,station_01_lab,SKILL_013,Set up a hand lamp,N_MORA,2026-01-21T09:00:59Z,2026-01-21T09:02:10Z,71.37,5.00,WARNING_DRIFT,FALSE,TOO_SHORT (71.4s),/mnt/nurvai-data/03/batch_01/SKILL_013_20260121_090059/SKILL_013_20260121_090059_0.mcap
SKILL_013_20260121_090353,station_01_lab,SKILL_013,Set up a hand lamp,N_MORA,2026-01-21T09:03:53Z,2026-01-21T09:03:57Z,3.18,4.95,PASS,FALSE,TOO_SHORT (3.2s),/mnt/nurvai-data/03/batch_01/SKILL_013_20260121_090353/SKILL_013_20260121_090353_0.mcap
SKILL_013_20260121_090225,station_01_lab,SKILL_013,Set up a hand lamp,N_MORA,2026-01-21T09:02:25Z,2026-01-21T09:02:28Z,3.71,6.09,WARNING_DRIFT,FALSE,TOO_SHORT (3.7s),/mnt/nurvai-data/03/batch_01/SKILL_013_20260121_090225/SKILL_013_20260121_090225_0.mcap
SKILL_013_20260121_090926,station_01_lab,SKILL_013,Set up a hand lamp,N_MORA,2026-01-21T09:09:26Z,2026-01-21T09:11:08Z,101.72,4.46,PASS,TRUE,,/mnt/nurvai-data/03/batch_01/SKILL_013_20260121_090926/SKILL_013_20260121_090926_0.mcap
SKILL_013_20260121_090531,station_01_lab,SKILL_013,Set up a hand lamp,N_MORA,2026-01-21T09:05:31Z,2026-01-21T09:08:46Z,195.39,4.88,PASS,TRUE,,/mnt/nurvai-data/03/batch_01/SKILL_013_20260121_090531/SKILL_013_20260121_090531_0.mcap
SKILL_013_20260124_131159,station_01_lab,SKILL_013,Set up a hand lamp,N_MORA,2026-01-24T13:11:59Z,2026-01-24T13:12:41Z,42.01,4.51,PASS,FALSE,TOO_SHORT (42.0s),/mnt/nurvai-data/03/batch_01/SKILL_013_20260124_131159/SKILL_013_20260124_131159_0.mcap
SKILL_013_20260124_131825,station_01_lab,SKILL_013,Set up a hand lamp,N_MORA,2026-01-24T13:18:25Z,2026-01-24T13:20:26Z,120.14,4.73,PASS,TRUE,,/mnt/nurvai-data/03/batch_01/SKILL_013_20260124_131825/SKILL_013_20260124_131825_0.mcap
SKILL_013_20260124_131454,station_01_lab,SKILL_013,Set up a hand lamp,N_MORA,2026-01-24T13:14:54Z,2026-01-24T13:17:50Z,176.01,4.65,WARNING_DRIFT,TRUE,,/mnt/nurvai-data/03/batch_01/SKILL_013_20260124_131454/SKILL_013_20260124_131454_0.mcap
SKILL_013_20260127_074620,station_01_lab,SKILL_013,Set up a hand lamp,L_AGUILERA,2026-01-27T07:46:20Z,2026-01-27T07:49:42Z,202.24,4.70,PASS,TRUE,,/mnt/nurvai-data/03/batch_01/SKILL_013_20260127_074620/SKILL_013_20260127_074620_0.mcap
SKILL_013_20260127_074211,station_01_lab,SKILL_013,Set up a hand lamp,L_AGUILERA,2026-01-27T07:42:11Z,2026-01-27T07:45:44Z,213.30,4.68,PASS,TRUE,,/mnt/nurvai-data/03/batch_01/SKILL_013_20260127_074211/SKILL_013_20260127_074211_0.mcap
SKILL_013_20260127_074943,station_01_lab,SKILL_013,Set up a hand lamp,L_AGUILERA,2026-01-27T07:49:43Z,2026-01-27T07:49:45Z,1.83,4.64,PASS,FALSE,TOO_SHORT (1.8s),/mnt/nurvai-data/03/batch_01/SKILL_013_20260127_074943/SKILL_013_20260127_074943_0.mcap
SKILL_013_20260127_135722,station_01_lab,SKILL_013,Set up a hand lamp,L_AGUILERA,2026-01-27T13:57:22Z,2026-01-27T14:00:35Z,192.72,4.74,PASS,TRUE,,/mnt/nurvai-data/03/batch_01/SKILL_013_20260127_135722/SKILL_013_20260127_135722_0.mcap
SKILL_014_20260120_153757,station_01_lab,SKILL_014,Fasten nuts onto bolts,N_MORA,2026-01-20T15:37:57Z,2026-01-20T15:37:57Z,0.00,692.97,PASS,FALSE,TOO_SHORT (0.0s),/mnt/nurvai-data/03/batch_01/SKILL_014_20260120_153757/SKILL_014_20260120_153757_0.mcap
SKILL_013_20260127_135108,station_01_lab,SKILL_013,Set up a hand lamp,L_AGUILERA,2026-01-27T13:51:08Z,2026-01-27T13:54:04Z,176.27,4.74,PASS,TRUE,,/mnt/nurvai-data/03/batch_01/SKILL_013_20260127_135108/SKILL_013_20260127_135108_0.mcap
SKILL_014_20260120_153759,station_01_lab,SKILL_014,Fasten nuts onto bolts,N_MORA,2026-01-20T15:37:59Z,2026-01-20T15:41:52Z,233.82,5.21,PASS,TRUE,,/mnt/nurvai-data/03/batch_01/SKILL_014_20260120_153759/SKILL_014_20260120_153759_0.mcap
SKILL_014_20260123_082722,station_01_lab,SKILL_014,Fasten nuts onto bolts,H_ALCARAZ,2026-01-23T08:27:22Z,2026-01-23T08:36:52Z,569.45,4.85,WARNING_DRIFT,TRUE,,/mnt/nurvai-data/03/batch_01/SKILL_014_20260123_082722/SKILL_014_20260123_082722_0.mcap
SKILL_014_20260123_083656,station_01_lab,SKILL_014,Fasten nuts onto bolts,H_ALCARAZ,2026-01-23T08:36:56Z,2026-01-23T08:36:57Z,1.26,9.85,WARNING_DRIFT,FALSE,TOO_SHORT (1.3s),/mnt/nurvai-data/03/batch_01/SKILL_014_20260123_083656/SKILL_014_20260123_083656_0.mcap
SKILL_014_20260124_090030,station_01_lab,SKILL_014,Fasten nuts onto bolts,N_MORA,2026-01-24T09:00:30Z,2026-01-24T09:01:20Z,49.53,6.57,WARNING_DRIFT,FALSE,TOO_SHORT (49.5s),/mnt/nurvai-data/03/batch_01/SKILL_014_20260124_090030/SKILL_014_20260124_090030_0.mcap
SKILL_014_20260124_132127,station_01_lab,SKILL_014,Fasten nuts onto bolts,N_MORA,2026-01-24T13:21:27Z,2026-01-24T13:27:28Z,361.05,4.48,PASS,TRUE,,/mnt/nurvai-data/03/batch_01/SKILL_014_20260124_132127/SKILL_014_20260124_132127_0.mcap
SKILL_014_20260124_090156,station_01_lab,SKILL_014,Fasten nuts onto bolts,N_MORA,2026-01-24T09:01:56Z,2026-01-24T09:07:24Z,327.51,4.85,WARNING_DRIFT,TRUE,,/mnt/nurvai-data/03/batch_01/SKILL_014_20260124_090156/SKILL_014_20260124_090156_0.mcap
SKILL_014_20260124_132810,station_01_lab,SKILL_014,Fasten nuts onto bolts,N_MORA,2026-01-24T13:28:10Z,2026-01-24T13:30:16Z,125.65,4.40,PASS,TRUE,,/mnt/nurvai-data/03/batch_01/SKILL_014_20260124_132810/SKILL_014_20260124_132810_0.mcap
SKILL_014_20260127_090154,station_01_lab,SKILL_014,Fasten nuts onto bolts,L_AGUILERA,2026-01-27T09:01:54Z,2026-01-27T09:10:59Z,544.76,4.62,PASS,TRUE,,/mnt/nurvai-data/03/batch_01/SKILL_014_20260127_090154/SKILL_014_20260127_090154_0.mcap
SKILL_014_20260127_141002,station_01_lab,SKILL_014,Fasten nuts onto bolts,D_VARGAS,2026-01-27T14:10:02Z,2026-01-27T14:13:49Z,226.88,4.54,PASS,TRUE,,/mnt/nurvai-data/03/batch_01/SKILL_014_20260127_141002/SKILL_014_20260127_141002_0.mcap
SKILL_014_20260127_141522,station_01_lab,SKILL_014,Fasten nuts onto bolts,D_VARGAS,2026-01-27T14:15:22Z,2026-01-27T14:20:05Z,282.73,4.63,PASS,TRUE,,/mnt/nurvai-data/03/batch_01/SKILL_014_20260127_141522/SKILL_014_20260127_141522_0.mcap
SKILL_015_20260123_083932,station_01_lab,SKILL_015,Thread a needle,H_ALCARAZ,2026-01-23T08:39:32Z,2026-01-23T08:42:34Z,182.34,5.22,PASS,TRUE,,/mnt/nurvai-data/03/batch_01/SKILL_015_20260123_083932/SKILL_015_20260123_083932_0.mcap
SKILL_015_20260124_133315,station_01_lab,SKILL_015,Thread a needle,N_MORA,2026-01-24T13:33:15Z,2026-01-24T13:38:40Z,324.94,4.96,PASS,TRUE,,/mnt/nurvai-data/03/batch_01/SKILL_015_20260124_133315/SKILL_015_20260124_133315_0.mcap
SKILL_015_20260124_134046,station_01_lab,SKILL_015,Thread a needle,N_MORA,2026-01-24T13:40:46Z,2026-01-24T13:44:45Z,238.61,4.77,PASS,TRUE,,/mnt/nurvai-data/03/batch_01/SKILL_015_20260124_134046/SKILL_015_20260124_134046_0.mcap
SKILL_015_20260124_135146,station_01_lab,SKILL_015,Thread a needle,N_MORA,2026-01-24T13:51:46Z,2026-01-24T13:54:58Z,192.12,5.15,PASS,TRUE,,/mnt/nurvai-data/03/batch_01/SKILL_015_20260124_135146/SKILL_015_20260124_135146_0.mcap
SKILL_015_20260127_091407,station_01_lab,SKILL_015,Thread a needle,L_AGUILERA,2026-01-27T09:14:07Z,2026-01-27T09:14:32Z,24.59,4.75,PASS,FALSE,TOO_SHORT (24.6s),/mnt/nurvai-data/03/batch_01/SKILL_015_20260127_091407/SKILL_015_20260127_091407_0.mcap
SKILL_015_20260124_135538,station_01_lab,SKILL_015,Thread a needle,N_MORA,2026-01-24T13:55:38Z,2026-01-24T13:57:51Z,133.05,5.04,WARNING_DRIFT,TRUE,,/mnt/nurvai-data/03/batch_01/SKILL_015_20260124_135538/SKILL_015_20260124_135538_0.mcap
SKILL_015_20260127_091934,station_01_lab,SKILL_015,Thread a needle,L_AGUILERA,2026-01-27T09:19:34Z,2026-01-27T09:20:12Z,38.00,4.65,PASS,FALSE,TOO_SHORT (38.0s),/mnt/nurvai-data/03/batch_01/SKILL_015_20260127_091934/SKILL_015_20260127_091934_0.mcap
SKILL_015_20260127_091456,station_01_lab,SKILL_015,Thread a needle,L_AGUILERA,2026-01-27T09:14:56Z,2026-01-27T09:18:25Z,209.76,4.77,PASS,TRUE,,/mnt/nurvai-data/03/batch_01/SKILL_015_20260127_091456/SKILL_015_20260127_091456_0.mcap
SKILL_015_20260127_092619,station_01_lab,SKILL_015,Thread a needle,L_AGUILERA,2026-01-27T09:26:19Z,2026-01-27T09:30:22Z,242.79,4.81,PASS,TRUE,,/mnt/nurvai-data/03/batch_01/SKILL_015_20260127_092619/SKILL_015_20260127_092619_0.mcap
SKILL_015_20260127_093159,station_01_lab,SKILL_015,Thread a needle,L_AGUILERA,2026-01-27T09:31:59Z,2026-01-27T09:36:10Z,250.41,4.78,PASS,TRUE,,/mnt/nurvai-data/03/batch_01/SKILL_015_20260127_093159/SKILL_015_20260127_093159_0.mcap
SKILL_016_20260120_142901,station_01_lab,SKILL_016,Package a sewing set,N_MORA,2026-01-20T14:29:01Z,2026-01-20T14:29:05Z,4.05,7.30,PASS,FALSE,TOO_SHORT (4.1s),/mnt/nurvai-data/03/batch_01/SKILL_016_20260120_142901/SKILL_016_20260120_142901_0.mcap
SKILL_015_20260127_093706,station_01_lab,SKILL_015,Thread a needle,L_AGUILERA,2026-01-27T09:37:06Z,2026-01-27T09:40:26Z,200.32,4.63,PASS,TRUE,,/mnt/nurvai-data/03/batch_01/SKILL_015_20260127_093706/SKILL_015_20260127_093706_0.mcap
SKILL_016_20260120_142920,station_01_lab,SKILL_016,Package a sewing set,N_MORA,2026-01-20T14:29:20Z,2026-01-20T14:30:22Z,61.88,4.89,PASS,FALSE,TOO_SHORT (61.9s),/mnt/nurvai-data/03/batch_01/SKILL_016_20260120_142920/SKILL_016_20260120_142920_0.mcap
SKILL_016_20260124_090941,station_01_lab,SKILL_016,Package a sewing set,N_MORA,2026-01-24T09:09:41Z,2026-01-24T09:12:55Z,193.52,5.31,PASS,TRUE,,/mnt/nurvai-data/03/batch_01/SKILL_016_20260124_090941/SKILL_016_20260124_090941_0.mcap
SKILL_016_20260127_142615,station_01_lab,SKILL_016,Package a sewing set,D_VARGAS,2026-01-27T14:26:15Z,2026-01-27T14:29:34Z,199.26,4.62,PASS,TRUE,,/mnt/nurvai-data/03/batch_01/SKILL_016_20260127_142615/SKILL_016_20260127_142615_0.mcap
SKILL_016_20260124_091340,station_01_lab,SKILL_016,Package a sewing set,N_MORA,2026-01-24T09:13:40Z,2026-01-24T09:15:26Z,106.24,4.20,PASS,TRUE,,/mnt/nurvai-data/03/batch_01/SKILL_016_20260124_091340/SKILL_016_20260124_091340_0.mcap
SKILL_016_20260127_143100,station_01_lab,SKILL_016,Package a sewing set,D_VARGAS,2026-01-27T14:31:00Z,2026-01-27T14:32:44Z,104.45,4.82,PASS,TRUE,,/mnt/nurvai-data/03/batch_01/SKILL_016_20260127_143100/SKILL_016_20260127_143100_0.mcap
SKILL_016_20260127_143924,station_01_lab,SKILL_016,Package a sewing set,D_VARGAS,2026-01-27T14:39:24Z,2026-01-27T14:41:09Z,104.88,4.78,PASS,TRUE,,/mnt/nurvai-data/03/batch_01/SKILL_016_20260127_143924/SKILL_016_20260127_143924_0.mcap
SKILL_016_20260127_143600,station_01_lab,SKILL_016,Package a sewing set,D_VARGAS,2026-01-27T14:36:00Z,2026-01-27T14:37:28Z,88.73,4.67,PASS,FALSE,TOO_SHORT (88.7s),/mnt/nurvai-data/03/batch_01/SKILL_016_20260127_143600/SKILL_016_20260127_143600_0.mcap
SKILL_016_20260127_144218,station_01_lab,SKILL_016,Package a sewing set,D_VARGAS,2026-01-27T14:42:18Z,2026-01-27T14:44:35Z,137.42,4.83,PASS,TRUE,,/mnt/nurvai-data/03/batch_01/SKILL_016_20260127_144218/SKILL_016_20260127_144218_0.mcap
SKILL_016_20260127_144533,station_01_lab,SKILL_016,Package a sewing set,D_VARGAS,2026-01-27T14:45:33Z,2026-01-27T14:47:19Z,105.90,4.86,PASS,TRUE,,/mnt/nurvai-data/03/batch_01/SKILL_016_20260127_144533/SKILL_016_20260127_144533_0.mcap
SKILL_016_20260127_144855,station_01_lab,SKILL_016,Package a sewing set,D_VARGAS,2026-01-27T14:48:55Z,2026-01-27T14:50:42Z,106.59,4.87,PASS,TRUE,,/mnt/nurvai-data/03/batch_01/SKILL_016_20260127_144855/SKILL_016_20260127_144855_0.mcap
SKILL_016_20260127_145131,station_01_lab,SKILL_016,Package a sewing set,D_VARGAS,2026-01-27T14:51:31Z,2026-01-27T14:52:22Z,50.81,4.84,PASS,FALSE,TOO_SHORT (50.8s),/mnt/nurvai-data/03/batch_01/SKILL_016_20260127_145131/SKILL_016_20260127_145131_0.mcap
SKILL_016_20260127_145240,station_01_lab,SKILL_016,Package a sewing set,D_VARGAS,2026-01-27T14:52:40Z,2026-01-27T14:53:28Z,48.58,4.65,PASS,FALSE,TOO_SHORT (48.6s),/mnt/nurvai-data/03/batch_01/SKILL_016_20260127_145240/SKILL_016_20260127_145240_0.mcap
SKILL_017_20260124_091939,station_01_lab,SKILL_017,Put pasta in ziploc bags,N_MORA,2026-01-24T09:19:39Z,2026-01-24T09:23:40Z,241.41,5.29,PASS,TRUE,,/mnt/nurvai-data/03/batch_01/SKILL_017_20260124_091939/SKILL_017_20260124_091939_0.mcap
SKILL_017_20260124_135858,station_01_lab,SKILL_017,Put pasta in ziploc bags,N_MORA,2026-01-24T13:58:58Z,2026-01-24T14:01:57Z,179.57,5.00,PASS,TRUE,,/mnt/nurvai-data/03/batch_01/SKILL_017_20260124_135858/SKILL_017_20260124_135858_0.mcap
SKILL_017_20260124_140305,station_01_lab,SKILL_017,Put pasta in ziploc bags,N_MORA,2026-01-24T14:03:05Z,2026-01-24T14:06:17Z,192.66,5.05,PASS,TRUE,,/mnt/nurvai-data/03/batch_01/SKILL_017_20260124_140305/SKILL_017_20260124_140305_0.mcap
SKILL_017_20260126_101135,station_01_lab,SKILL_017,Put pasta in ziploc bags,N_MORA,2026-01-26T10:11:35Z,2026-01-26T10:14:25Z,170.28,4.68,PASS,TRUE,,/mnt/nurvai-data/03/batch_01/SKILL_017_20260126_101135/SKILL_017_20260126_101135_0.mcap
SKILL_017_20260124_140731,station_01_lab,SKILL_017,Put pasta in ziploc bags,N_MORA,2026-01-24T14:07:31Z,2026-01-24T14:11:28Z,236.87,5.07,PASS,TRUE,,/mnt/nurvai-data/03/batch_01/SKILL_017_20260124_140731/SKILL_017_20260124_140731_0.mcap
SKILL_017_20260126_101531,station_01_lab,SKILL_017,Put pasta in ziploc bags,N_MORA,2026-01-26T10:15:31Z,2026-01-26T10:18:09Z,157.44,4.76,PASS,TRUE,,/mnt/nurvai-data/03/batch_01/SKILL_017_20260126_101531/SKILL_017_20260126_101531_0.mcap
SKILL_017_20260126_101837,station_01_lab,SKILL_017,Put pasta in ziploc bags,N_MORA,2026-01-26T10:18:37Z,2026-01-26T10:20:41Z,123.58,4.66,PASS,TRUE,,/mnt/nurvai-data/03/batch_01/SKILL_017_20260126_101837/SKILL_017_20260126_101837_0.mcap
SKILL_017_20260127_094411,station_01_lab,SKILL_017,Put pasta in ziploc bags,D_VARGAS,2026-01-27T09:44:11Z,2026-01-27T09:44:11Z,0.70,3.37,PASS,FALSE,TOO_SHORT (0.7s),/mnt/nurvai-data/03/batch_01/SKILL_017_20260127_094411/SKILL_017_20260127_094411_0.mcap
SKILL_017_20260127_094504,station_01_lab,SKILL_017,Put pasta in ziploc bags,D_VARGAS,2026-01-27T09:45:04Z,2026-01-27T09:52:11Z,427.63,4.79,PASS,TRUE,,/mnt/nurvai-data/03/batch_01/SKILL_017_20260127_094504/SKILL_017_20260127_094504_0.mcap
SKILL_017_20260127_095311,station_01_lab,SKILL_017,Put pasta in ziploc bags,D_VARGAS,2026-01-27T09:53:11Z,2026-01-27T09:56:56Z,224.85,4.62,PASS,TRUE,,/mnt/nurvai-data/03/batch_01/SKILL_017_20260127_095311/SKILL_017_20260127_095311_0.mcap
SKILL_017_20260127_145526,station_01_lab,SKILL_017,Put pasta in ziploc bags,D_VARGAS,2026-01-27T14:55:26Z,2026-01-27T14:56:17Z,51.23,6.45,PASS,FALSE,TOO_SHORT (51.2s),/mnt/nurvai-data/03/batch_01/SKILL_017_20260127_145526/SKILL_017_20260127_145526_0.mcap
SKILL_017_20260127_145620,station_01_lab,SKILL_017,Put pasta in ziploc bags,D_VARGAS,2026-01-27T14:56:20Z,2026-01-27T14:57:15Z,54.47,4.70,PASS,FALSE,TOO_SHORT (54.5s),/mnt/nurvai-data/03/batch_01/SKILL_017_20260127_145620/SKILL_017_20260127_145620_0.mcap
SKILL_018_20260124_092833,station_01_lab,SKILL_018,Close bags with twist ties,N_MORA,2026-01-24T09:28:33Z,2026-01-24T09:31:01Z,147.65,4.77,PASS,TRUE,,/mnt/nurvai-data/03/batch_01/SKILL_018_20260124_092833/SKILL_018_20260124_092833_0.mcap
SKILL_018_20260124_093255,station_01_lab,SKILL_018,Close bags with twist ties,N_MORA,2026-01-24T09:32:55Z,2026-01-24T09:36:13Z,197.89,4.70,PASS,TRUE,,/mnt/nurvai-data/03/batch_01/SKILL_018_20260124_093255/SKILL_018_20260124_093255_0.mcap
SKILL_018_20260124_093932,station_01_lab,SKILL_018,Close bags with twist ties,N_MORA,2026-01-24T09:39:32Z,2026-01-24T09:42:37Z,185.08,4.69,PASS,TRUE,,/mnt/nurvai-data/03/batch_01/SKILL_018_20260124_093932/SKILL_018_20260124_093932_0.mcap
SKILL_018_20260124_141422,station_01_lab,SKILL_018,Close bags with twist ties,N_MORA,2026-01-24T14:14:22Z,2026-01-24T14:18:09Z,227.18,4.75,PASS,TRUE,,/mnt/nurvai-data/03/batch_01/SKILL_018_20260124_141422/SKILL_018_20260124_141422_0.mcap
SKILL_018_20260124_141917,station_01_lab,SKILL_018,Close bags with twist ties,N_MORA,2026-01-24T14:19:17Z,2026-01-24T14:22:41Z,204.51,4.68,PASS,TRUE,,/mnt/nurvai-data/03/batch_01/SKILL_018_20260124_141917/SKILL_018_20260124_141917_0.mcap
SKILL_018_20260126_102359,station_01_lab,SKILL_018,Close bags with twist ties,N_MORA,2026-01-26T10:23:59Z,2026-01-26T10:28:34Z,274.17,4.55,PASS,TRUE,,/mnt/nurvai-data/03/batch_01/SKILL_018_20260126_102359/SKILL_018_20260126_102359_0.mcap
SKILL_018_20260126_103058,station_01_lab,SKILL_018,Close bags with twist ties,N_MORA,2026-01-26T10:30:58Z,2026-01-26T10:33:08Z,130.31,4.64,PASS,TRUE,,/mnt/nurvai-data/03/batch_01/SKILL_018_20260126_103058/SKILL_018_20260126_103058_0.mcap
SKILL_018_20260127_100007,station_01_lab,SKILL_018,Close bags with twist ties,D_VARGAS,2026-01-27T10:00:07Z,2026-01-27T10:03:06Z,178.62,4.57,PASS,TRUE,,/mnt/nurvai-data/03/batch_01/SKILL_018_20260127_100007/SKILL_018_20260127_100007_0.mcap
SKILL_018_20260127_100415,station_01_lab,SKILL_018,Close bags with twist ties,D_VARGAS,2026-01-27T10:04:15Z,2026-01-27T10:08:15Z,240.17,4.58,PASS,TRUE,,/mnt/nurvai-data/03/batch_01/SKILL_018_20260127_100415/SKILL_018_20260127_100415_0.mcap
SKILL_018_20260127_101406,station_01_lab,SKILL_018,Close bags with twist ties,D_VARGAS,2026-01-27T10:14:06Z,2026-01-27T10:15:44Z,98.45,4.85,PASS,TRUE,,/mnt/nurvai-data/03/batch_01/SKILL_018_20260127_101406/SKILL_018_20260127_101406_0.mcap
SKILL_019_20260124_094429,station_01_lab,SKILL_019,Put pasta in plastic containers,N_MORA,2026-01-24T09:44:29Z,2026-01-24T09:48:17Z,228.01,5.04,PASS,TRUE,,/mnt/nurvai-data/03/batch_01/SKILL_019_20260124_094429/SKILL_019_20260124_094429_0.mcap
SKILL_019_20260126_104332,station_01_lab,SKILL_019,Put pasta in plastic containers,N_MORA,2026-01-26T10:43:32Z,2026-01-26T10:47:02Z,210.73,5.03,PASS,TRUE,,/mnt/nurvai-data/03/batch_01/SKILL_019_20260126_104332/SKILL_019_20260126_104332_0.mcap
SKILL_019_20260126_104751,station_01_lab,SKILL_019,Put pasta in plastic containers,N_MORA,2026-01-26T10:47:51Z,2026-01-26T10:51:11Z,199.67,4.74,PASS,TRUE,,/mnt/nurvai-data/03/batch_01/SKILL_019_20260126_104751/SKILL_019_20260126_104751_0.mcap
SKILL_019_20260126_105143,station_01_lab,SKILL_019,Put pasta in plastic containers,N_MORA,2026-01-26T10:51:43Z,2026-01-26T10:55:31Z,228.42,4.95,PASS,TRUE,,/mnt/nurvai-data/03/batch_01/SKILL_019_20260126_105143/SKILL_019_20260126_105143_0.mcap
SKILL_020_20260124_095145,station_01_lab,SKILL_020,Open locks with their keys,N_MORA,2026-01-24T09:51:45Z,2026-01-24T09:51:55Z,9.70,5.06,PASS,FALSE,TOO_SHORT (9.7s),/mnt/nurvai-data/03/batch_01/SKILL_020_20260124_095145/SKILL_020_20260124_095145_0.mcap
SKILL_019_20260127_101624,station_01_lab,SKILL_019,Put pasta in plastic containers,D_VARGAS,2026-01-27T10:16:24Z,2026-01-27T10:19:46Z,202.30,4.95,PASS,TRUE,,/mnt/nurvai-data/03/batch_01/SKILL_019_20260127_101624/SKILL_019_20260127_101624_0.mcap
SKILL_020_20260124_095436,station_01_lab,SKILL_020,Open locks with their keys,N_MORA,2026-01-24T09:54:36Z,2026-01-24T09:55:47Z,70.46,4.74,WARNING_DRIFT,FALSE,TOO_SHORT (70.5s),/mnt/nurvai-data/03/batch_01/SKILL_020_20260124_095436/SKILL_020_20260124_095436_0.mcap
SKILL_020_20260124_095224,station_01_lab,SKILL_020,Open locks with their keys,N_MORA,2026-01-24T09:52:24Z,2026-01-24T09:54:02Z,98.31,4.43,PASS,TRUE,,/mnt/nurvai-data/03/batch_01/SKILL_020_20260124_095224/SKILL_020_20260124_095224_0.mcap
SKILL_020_20260124_095630,station_01_lab,SKILL_020,Open locks with their keys,N_MORA,2026-01-24T09:56:30Z,2026-01-24T09:57:45Z,75.20,4.45,PASS,FALSE,TOO_SHORT (75.2s),/mnt/nurvai-data/03/batch_01/SKILL_020_20260124_095630/SKILL_020_20260124_095630_0.mcap
SKILL_020_20260124_095925,station_01_lab,SKILL_020,Open locks with their keys,N_MORA,2026-01-24T09:59:25Z,2026-01-24T09:59:28Z,3.18,4.69,PASS,FALSE,TOO_SHORT (3.2s),/mnt/nurvai-data/03/batch_01/SKILL_020_20260124_095925/SKILL_020_20260124_095925_0.mcap
SKILL_020_20260126_110223,station_01_lab,SKILL_020,Open locks with their keys,N_MORA,2026-01-26T11:02:23Z,2026-01-26T11:03:38Z,75.33,4.47,WARNING_DRIFT,FALSE,TOO_SHORT (75.3s),/mnt/nurvai-data/03/batch_01/SKILL_020_20260126_110223/SKILL_020_20260126_110223_0.mcap
SKILL_020_20260126_110947,station_01_lab,SKILL_020,Open locks with their keys,N_MORA,2026-01-26T11:09:47Z,2026-01-26T11:11:08Z,81.16,4.27,PASS,FALSE,TOO_SHORT (81.2s),/mnt/nurvai-data/03/batch_01/SKILL_020_20260126_110947/SKILL_020_20260126_110947_0.mcap
SKILL_020_20260126_110630,station_01_lab,SKILL_020,Open locks with their keys,N_MORA,2026-01-26T11:06:30Z,2026-01-26T11:07:49Z,78.76,4.32,PASS,FALSE,TOO_SHORT (78.8s),/mnt/nurvai-data/03/batch_01/SKILL_020_20260126_110630/SKILL_020_20260126_110630_0.mcap
SKILL_020_20260126_111301,station_01_lab,SKILL_020,Open locks with their keys,N_MORA,2026-01-26T11:13:01Z,2026-01-26T11:14:38Z,96.52,4.32,PASS,TRUE,,/mnt/nurvai-data/03/batch_01/SKILL_020_20260126_111301/SKILL_020_20260126_111301_0.mcap
SKILL_020_20260126_111216,station_01_lab,SKILL_020,Open locks with their keys,N_MORA,2026-01-26T11:12:16Z,2026-01-26T11:12:33Z,16.66,4.21,PASS,FALSE,TOO_SHORT (16.7s),/mnt/nurvai-data/03/batch_01/SKILL_020_20260126_111216/SKILL_020_20260126_111216_0.mcap
SKILL_020_20260126_111526,station_01_lab,SKILL_020,Open locks with their keys,N_MORA,2026-01-26T11:15:26Z,2026-01-26T11:16:50Z,84.65,4.37,PASS,FALSE,TOO_SHORT (84.6s),/mnt/nurvai-data/03/batch_01/SKILL_020_20260126_111526/SKILL_020_20260126_111526_0.mcap
SKILL_020_20260126_112524,station_01_lab,SKILL_020,Open locks with their keys,N_MORA,2026-01-26T11:25:24Z,2026-01-26T11:26:40Z,75.53,4.43,PASS,FALSE,TOO_SHORT (75.5s),/mnt/nurvai-data/03/batch_01/SKILL_020_20260126_112524/SKILL_020_20260126_112524_0.mcap
SKILL_020_20260127_102938,station_01_lab,SKILL_020,Open locks with their keys,D_VARGAS,2026-01-27T10:29:38Z,2026-01-27T10:32:13Z,155.32,4.57,PASS,TRUE,,/mnt/nurvai-data/03/batch_01/SKILL_020_20260127_102938/SKILL_020_20260127_102938_0.mcap
SKILL_020_20260127_102552,station_01_lab,SKILL_020,Open locks with their keys,D_VARGAS,2026-01-27T10:25:52Z,2026-01-27T10:28:17Z,145.73,4.64,PASS,TRUE,,/mnt/nurvai-data/03/batch_01/SKILL_020_20260127_102552/SKILL_020_20260127_102552_0.mcap
SKILL_020_20260127_103347,station_01_lab,SKILL_020,Open locks with their keys,D_VARGAS,2026-01-27T10:33:47Z,2026-01-27T10:34:37Z,50.70,4.57,PASS,FALSE,TOO_SHORT (50.7s),/mnt/nurvai-data/03/batch_01/SKILL_020_20260127_103347/SKILL_020_20260127_103347_0.mcap
SKILL_020_20260127_103319,station_01_lab,SKILL_020,Open locks with their keys,D_VARGAS,2026-01-27T10:33:19Z,2026-01-27T10:33:33Z,13.38,4.75,PASS,FALSE,TOO_SHORT (13.4s),/mnt/nurvai-data/03/batch_01/SKILL_020_20260127_103319/SKILL_020_20260127_103319_0.mcap
SKILL_020_20260127_104005,station_01_lab,SKILL_020,Open locks with their keys,D_VARGAS,2026-01-27T10:40:05Z,2026-01-27T10:40:09Z,3.75,4.19,PASS,FALSE,TOO_SHORT (3.7s),/mnt/nurvai-data/03/batch_01/SKILL_020_20260127_104005/SKILL_020_20260127_104005_0.mcap
SKILL_021_20260124_100630,station_01_lab,SKILL_021,Build Up Box (Mailer),H_ALCARAZ,2026-01-24T10:06:30Z,2026-01-24T10:07:30Z,60.30,4.57,PASS,FALSE,TOO_SHORT (60.3s),/mnt/nurvai-data/03/batch_01/SKILL_021_20260124_100630/SKILL_021_20260124_100630_0.mcap
SKILL_021_20260124_100347,station_01_lab,SKILL_021,Build Up Box (Mailer),H_ALCARAZ,2026-01-24T10:03:47Z,2026-01-24T10:06:28Z,161.30,4.47,PASS,TRUE,,/mnt/nurvai-data/03/batch_01/SKILL_021_20260124_100347/SKILL_021_20260124_100347_0.mcap
SKILL_021_20260124_100801,station_01_lab,SKILL_021,Build Up Box (Mailer),H_ALCARAZ,2026-01-24T10:08:01Z,2026-01-24T10:10:47Z,166.13,4.57,PASS,TRUE,,/mnt/nurvai-data/03/batch_01/SKILL_021_20260124_100801/SKILL_021_20260124_100801_0.mcap
SKILL_021_20260124_144206,station_01_lab,SKILL_021,Build Up Box (Mailer),N_MORA,2026-01-24T14:42:06Z,2026-01-24T14:47:09Z,303.04,4.53,PASS,TRUE,,/mnt/nurvai-data/03/batch_01/SKILL_021_20260124_144206/SKILL_021_20260124_144206_0.mcap
SKILL_021_20260124_144757,station_01_lab,SKILL_021,Build Up Box (Mailer),N_MORA,2026-01-24T14:47:57Z,2026-01-24T14:51:16Z,198.67,4.40,PASS,TRUE,,/mnt/nurvai-data/03/batch_01/SKILL_021_20260124_144757/SKILL_021_20260124_144757_0.mcap
SKILL_021_20260126_121634,station_01_lab,SKILL_021,Build Up Box (Mailer),N_MORA,2026-01-26T12:16:34Z,2026-01-26T12:20:51Z,256.35,4.49,PASS,TRUE,,/mnt/nurvai-data/03/batch_01/SKILL_021_20260126_121634/SKILL_021_20260126_121634_0.mcap
SKILL_021_20260126_122630,station_01_lab,SKILL_021,Build Up Box (Mailer),N_MORA,2026-01-26T12:26:30Z,2026-01-26T12:27:29Z,58.80,4.55,WARNING_DRIFT,FALSE,TOO_SHORT (58.8s),/mnt/nurvai-data/03/batch_01/SKILL_021_20260126_122630/SKILL_021_20260126_122630_0.mcap
SKILL_021_20260126_122216,station_01_lab,SKILL_021,Build Up Box (Mailer),N_MORA,2026-01-26T12:22:16Z,2026-01-26T12:25:30Z,193.66,4.44,PASS,TRUE,,/mnt/nurvai-data/03/batch_01/SKILL_021_20260126_122216/SKILL_021_20260126_122216_0.mcap
SKILL_021_20260126_122804,station_01_lab,SKILL_021,Build Up Box (Mailer),N_MORA,2026-01-26T12:28:04Z,2026-01-26T12:30:43Z,158.95,4.31,PASS,TRUE,,/mnt/nurvai-data/03/batch_01/SKILL_021_20260126_122804/SKILL_021_20260126_122804_0.mcap
SKILL_021_20260126_122730,station_01_lab,SKILL_021,Build Up Box (Mailer),N_MORA,2026-01-26T12:27:30Z,2026-01-26T12:27:31Z,0.50,5.46,PASS,FALSE,TOO_SHORT (0.5s),/mnt/nurvai-data/03/batch_01/SKILL_021_20260126_122730/SKILL_021_20260126_122730_0.mcap
SKILL_021_20260127_104018,station_01_lab,SKILL_021,Build Up Box (Mailer),D_VARGAS,2026-01-27T10:40:18Z,2026-01-27T10:44:31Z,253.55,4.50,PASS,TRUE,,/mnt/nurvai-data/03/batch_01/SKILL_021_20260127_104018/SKILL_021_20260127_104018_0.mcap
SKILL_021_20260127_104631,station_01_lab,SKILL_021,Build Up Box (Mailer),D_VARGAS,2026-01-27T10:46:31Z,2026-01-27T10:49:59Z,207.14,4.45,PASS,TRUE,,/mnt/nurvai-data/03/batch_01/SKILL_021_20260127_104631/SKILL_021_20260127_104631_0.mcap
SKILL_022_20260124_101430,station_01_lab,SKILL_022,Build Up Box (Regular ECT),H_ALCARAZ,2026-01-24T10:14:30Z,2026-01-24T10:15:51Z,80.76,4.52,PASS,FALSE,TOO_SHORT (80.8s),/mnt/nurvai-data/03/batch_01/SKILL_022_20260124_101430/SKILL_022_20260124_101430_0.mcap
SKILL_022_20260124_101800,station_01_lab,SKILL_022,Build Up Box (Regular ECT),H_ALCARAZ,2026-01-24T10:18:00Z,2026-01-24T10:19:19Z,78.71,4.44,PASS,FALSE,TOO_SHORT (78.7s),/mnt/nurvai-data/03/batch_01/SKILL_022_20260124_101800/SKILL_022_20260124_101800_0.mcap
SKILL_022_20260127_105148,station_01_lab,SKILL_022,Build Up Box (Regular ECT),D_VARGAS,2026-01-27T10:51:48Z,2026-01-27T10:52:52Z,64.27,4.56,PASS,FALSE,TOO_SHORT (64.3s),/mnt/nurvai-data/03/batch_01/SKILL_022_20260127_105148/SKILL_022_20260127_105148_0.mcap
SKILL_022_20260127_105403,station_01_lab,SKILL_022,Build Up Box (Regular ECT),D_VARGAS,2026-01-27T10:54:03Z,2026-01-27T10:55:01Z,58.20,4.40,PASS,FALSE,TOO_SHORT (58.2s),/mnt/nurvai-data/03/batch_01/SKILL_022_20260127_105403/SKILL_022_20260127_105403_0.mcap
SKILL_022_20260127_105623,station_01_lab,SKILL_022,Build Up Box (Regular ECT),D_VARGAS,2026-01-27T10:56:23Z,2026-01-27T10:57:30Z,66.48,4.36,PASS,FALSE,TOO_SHORT (66.5s),/mnt/nurvai-data/03/batch_01/SKILL_022_20260127_105623/SKILL_022_20260127_105623_0.mcap
SKILL_022_20260127_105845,station_01_lab,SKILL_022,Build Up Box (Regular ECT),D_VARGAS,2026-01-27T10:58:45Z,2026-01-27T11:00:03Z,78.08,4.46,PASS,FALSE,TOO_SHORT (78.1s),/mnt/nurvai-data/03/batch_01/SKILL_022_20260127_105845/SKILL_022_20260127_105845_0.mcap
SKILL_022_20260127_110220,station_01_lab,SKILL_022,Build Up Box (Regular ECT),D_VARGAS,2026-01-27T11:02:20Z,2026-01-27T11:02:47Z,26.54,4.29,WARNING_DRIFT,FALSE,TOO_SHORT (26.5s),/mnt/nurvai-data/03/batch_01/SKILL_022_20260127_110220/SKILL_022_20260127_110220_0.mcap
SKILL_023_20260124_102338,station_01_lab,SKILL_023,Built up box (Present),H_ALCARAZ,2026-01-24T10:23:38Z,2026-01-24T10:25:27Z,108.75,5.14,PASS,TRUE,,/mnt/nurvai-data/03/batch_01/SKILL_023_20260124_102338/SKILL_023_20260124_102338_0.mcap
SKILL_023_20260124_102926,station_01_lab,SKILL_023,Built up box (Present),H_ALCARAZ,2026-01-24T10:29:26Z,2026-01-24T10:32:21Z,174.58,4.67,PASS,TRUE,,/mnt/nurvai-data/03/batch_01/SKILL_023_20260124_102926/SKILL_023_20260124_102926_0.mcap
SKILL_023_20260124_102531,station_01_lab,SKILL_023,Built up box (Present),H_ALCARAZ,2026-01-24T10:25:31Z,2026-01-24T10:27:55Z,144.18,4.58,PASS,TRUE,,/mnt/nurvai-data/03/batch_01/SKILL_023_20260124_102531/SKILL_023_20260124_102531_0.mcap
SKILL_024_20260121_130411,station_01_lab,SKILL_024,Put hooks on shower courtain,N_MORA,2026-01-21T13:04:11Z,2026-01-21T13:07:38Z,207.86,4.87,PASS,TRUE,,/mnt/nurvai-data/03/batch_01/SKILL_024_20260121_130411/SKILL_024_20260121_130411_0.mcap
SKILL_024_20260121_131103,station_01_lab,SKILL_024,Put hooks on shower courtain,N_MORA,2026-01-21T13:11:03Z,2026-01-21T13:11:17Z,14.09,4.02,WARNING_DRIFT,FALSE,TOO_SHORT (14.1s),/mnt/nurvai-data/03/batch_01/SKILL_024_20260121_131103/SKILL_024_20260121_131103_0.mcap
SKILL_024_20260121_131246,station_01_lab,SKILL_024,Put hooks on shower courtain,N_MORA,2026-01-21T13:12:46Z,2026-01-21T13:15:20Z,153.70,4.91,PASS,TRUE,,/mnt/nurvai-data/03/batch_01/SKILL_024_20260121_131246/SKILL_024_20260121_131246_0.mcap
SKILL_024_20260124_103352,station_01_lab,SKILL_024,Put hooks on shower courtain,H_ALCARAZ,2026-01-24T10:33:52Z,2026-01-24T10:38:07Z,254.28,4.60,PASS,TRUE,,/mnt/nurvai-data/03/batch_01/SKILL_024_20260124_103352/SKILL_024_20260124_103352_0.mcap
SKILL_024_20260124_103816,station_01_lab,SKILL_024,Put hooks on shower courtain,H_ALCARAZ,2026-01-24T10:38:16Z,2026-01-24T10:41:38Z,201.85,4.96,PASS,TRUE,,/mnt/nurvai-data/03/batch_01/SKILL_024_20260124_103816/SKILL_024_20260124_103816_0.mcap
SKILL_024_20260126_123303,station_01_lab,SKILL_024,Put hooks on shower courtain,N_MORA,2026-01-26T12:33:03Z,2026-01-26T12:35:57Z,173.75,4.53,PASS,TRUE,,/mnt/nurvai-data/03/batch_01/SKILL_024_20260126_123303/SKILL_024_20260126_123303_0.mcap
SKILL_024_20260126_123711,station_01_lab,SKILL_024,Put hooks on shower courtain,N_MORA,2026-01-26T12:37:11Z,2026-01-26T12:40:43Z,211.76,4.22,PASS,TRUE,,/mnt/nurvai-data/03/batch_01/SKILL_024_20260126_123711/SKILL_024_20260126_123711_0.mcap
SKILL_024_20260127_111312,station_01_lab,SKILL_024,Put hooks on shower courtain,C_BECERRA,2026-01-27T11:13:12Z,2026-01-27T11:14:54Z,101.72,4.53,PASS,TRUE,,/mnt/nurvai-data/03/batch_01/SKILL_024_20260127_111312/SKILL_024_20260127_111312_0.mcap
SKILL_024_20260126_124141,station_01_lab,SKILL_024,Put hooks on shower courtain,N_MORA,2026-01-26T12:41:41Z,2026-01-26T12:43:34Z,113.03,4.20,PASS,TRUE,,/mnt/nurvai-data/03/batch_01/SKILL_024_20260126_124141/SKILL_024_20260126_124141_0.mcap
SKILL_024_20260127_111629,station_01_lab,SKILL_024,Put hooks on shower courtain,C_BECERRA,2026-01-27T11:16:29Z,2026-01-27T11:19:20Z,171.25,4.55,PASS,TRUE,,/mnt/nurvai-data/03/batch_01/SKILL_024_20260127_111629/SKILL_024_20260127_111629_0.mcap
SKILL_001_20260126_123229,station_01_lab,SKILL_001,Organize beads per color,E_MARTINEZ,2026-01-26T12:32:29Z,2026-01-26T12:42:28Z,598.33,5.09,WARNING_DRIFT,TRUE,,/mnt/nurvai-data/03/batch_02/SKILL_001_20260126_123229/SKILL_001_20260126_123229_0.mcap
SKILL_001_20260127_120320,station_01_lab,SKILL_001,Organize beads per color,N_MORA,2026-01-27T12:03:20Z,2026-01-27T12:11:45Z,505.26,4.45,PASS,TRUE,,/mnt/nurvai-data/03/batch_02/SKILL_001_20260127_120320/SKILL_001_20260127_120320_0.mcap
SKILL_001_20260127_122754,station_01_lab,SKILL_001,Organize beads per color,N_MORA,2026-01-27T12:27:54Z,2026-01-27T12:34:00Z,365.62,4.80,PASS,TRUE,,/mnt/nurvai-data/03/batch_02/SKILL_001_20260127_122754/SKILL_001_20260127_122754_0.mcap
SKILL_001_20260127_123546,station_01_lab,SKILL_001,Organize beads per color,N_MORA,2026-01-27T12:35:46Z,2026-01-27T12:42:30Z,404.29,5.09,PASS,TRUE,,/mnt/nurvai-data/03/batch_02/SKILL_001_20260127_123546/SKILL_001_20260127_123546_0.mcap
SKILL_001_20260128_104520,station_01_lab,SKILL_001,Organize beads per color,E_MARTINEZ,2026-01-28T10:45:20Z,2026-01-28T10:51:41Z,381.07,5.10,PASS,TRUE,,/mnt/nurvai-data/03/batch_02/SKILL_001_20260128_104520/SKILL_001_20260128_104520_0.mcap
SKILL_001_20260129_110525,station_01_lab,SKILL_001,Organize beads per color,E_MARTINEZ,2026-01-29T11:05:25Z,2026-01-29T11:15:31Z,606.27,4.84,WARNING_DRIFT,TRUE,,/mnt/nurvai-data/03/batch_02/SKILL_001_20260129_110525/SKILL_001_20260129_110525_0.mcap
SKILL_001_20260128_141327,station_01_lab,SKILL_001,Organize beads per color,C_BECERRA,2026-01-28T14:13:27Z,2026-01-28T14:24:37Z,669.87,5.16,PASS,TRUE,,/mnt/nurvai-data/03/batch_02/SKILL_001_20260128_141327/SKILL_001_20260128_141327_0.mcap
SKILL_003_20260128_142833,station_01_lab,SKILL_003,Organize screwdriver bits,C_BECERRA,2026-01-28T14:28:33Z,2026-01-28T14:31:48Z,195.60,4.40,PASS,TRUE,,/mnt/nurvai-data/03/batch_02/SKILL_003_20260128_142833/SKILL_003_20260128_142833_0.mcap
SKILL_003_20260128_143305,station_01_lab,SKILL_003,Organize screwdriver bits,C_BECERRA,2026-01-28T14:33:05Z,2026-01-28T14:35:47Z,161.54,4.16,PASS,TRUE,,/mnt/nurvai-data/03/batch_02/SKILL_003_20260128_143305/SKILL_003_20260128_143305_0.mcap
SKILL_003_20260129_112140,station_01_lab,SKILL_003,Organize screwdriver bits,E_MARTINEZ,2026-01-29T11:21:40Z,2026-01-29T11:21:42Z,1.71,2.23,PASS,FALSE,TOO_SHORT (1.7s),/mnt/nurvai-data/03/batch_02/SKILL_003_20260129_112140/SKILL_003_20260129_112140_0.mcap
SKILL_003_20260128_143704,station_01_lab,SKILL_003,Organize screwdriver bits,C_BECERRA,2026-01-28T14:37:04Z,2026-01-28T14:40:30Z,206.93,4.22,PASS,TRUE,,/mnt/nurvai-data/03/batch_02/SKILL_003_20260128_143704/SKILL_003_20260128_143704_0.mcap
SKILL_003_20260129_112143,station_01_lab,SKILL_003,Organize screwdriver bits,E_MARTINEZ,2026-01-29T11:21:43Z,2026-01-29T11:21:46Z,2.74,4.22,PASS,FALSE,TOO_SHORT (2.7s),/mnt/nurvai-data/03/batch_02/SKILL_003_20260129_112143/SKILL_003_20260129_112143_0.mcap
SKILL_003_20260129_112426,station_01_lab,SKILL_003,Organize screwdriver bits,E_MARTINEZ,2026-01-29T11:24:26Z,2026-01-29T11:27:48Z,201.59,4.23,WARNING_DRIFT,TRUE,,/mnt/nurvai-data/03/batch_02/SKILL_003_20260129_112426/SKILL_003_20260129_112426_0.mcap
SKILL_004_20260127_075123,station_01_lab,SKILL_004,Set Screwdriver package,N_MORA,2026-01-27T07:51:23Z,2026-01-27T07:55:23Z,239.78,5.11,WARNING_DRIFT,TRUE,,/mnt/nurvai-data/03/batch_02/SKILL_004_20260127_075123/SKILL_004_20260127_075123_0.mcap
SKILL_004_20260127_075920,station_01_lab,SKILL_004,Set Screwdriver package,N_MORA,2026-01-27T07:59:20Z,2026-01-27T08:01:07Z,106.97,5.25,PASS,TRUE,,/mnt/nurvai-data/03/batch_02/SKILL_004_20260127_075920/SKILL_004_20260127_075920_0.mcap
SKILL_004_20260128_110048,station_01_lab,SKILL_004,Set Screwdriver package,E_MARTINEZ,2026-01-28T11:00:48Z,2026-01-28T11:04:34Z,226.34,4.38,PASS,TRUE,,/mnt/nurvai-data/03/batch_02/SKILL_004_20260128_110048/SKILL_004_20260128_110048_0.mcap
SKILL_004_20260129_071129,station_01_lab,SKILL_004,Set Screwdriver package,C_BECERRA,2026-01-29T07:11:29Z,2026-01-29T07:13:05Z,95.86,5.06,PASS,TRUE,,/mnt/nurvai-data/03/batch_02/SKILL_004_20260129_071129/SKILL_004_20260129_071129_0.mcap
SKILL_004_20260129_071334,station_01_lab,SKILL_004,Set Screwdriver package,C_BECERRA,2026-01-29T07:13:34Z,2026-01-29T07:14:53Z,78.16,4.96,PASS,FALSE,TOO_SHORT (78.2s),/mnt/nurvai-data/03/batch_02/SKILL_004_20260129_071334/SKILL_004_20260129_071334_0.mcap
SKILL_004_20260129_071514,station_01_lab,SKILL_004,Set Screwdriver package,C_BECERRA,2026-01-29T07:15:14Z,2026-01-29T07:16:35Z,80.91,5.00,PASS,FALSE,TOO_SHORT (80.9s),/mnt/nurvai-data/03/batch_02/SKILL_004_20260129_071514/SKILL_004_20260129_071514_0.mcap
SKILL_004_20260129_071654,station_01_lab,SKILL_004,Set Screwdriver package,C_BECERRA,2026-01-29T07:16:54Z,2026-01-29T07:18:21Z,87.18,5.02,PASS,FALSE,TOO_SHORT (87.2s),/mnt/nurvai-data/03/batch_02/SKILL_004_20260129_071654/SKILL_004_20260129_071654_0.mcap
SKILL_004_20260129_071846,station_01_lab,SKILL_004,Set Screwdriver package,C_BECERRA,2026-01-29T07:18:46Z,2026-01-29T07:20:08Z,82.36,5.06,PASS,FALSE,TOO_SHORT (82.4s),/mnt/nurvai-data/03/batch_02/SKILL_004_20260129_071846/SKILL_004_20260129_071846_0.mcap
SKILL_004_20260129_072028,station_01_lab,SKILL_004,Set Screwdriver package,C_BECERRA,2026-01-29T07:20:28Z,2026-01-29T07:21:54Z,86.20,5.06,PASS,FALSE,TOO_SHORT (86.2s),/mnt/nurvai-data/03/batch_02/SKILL_004_20260129_072028/SKILL_004_20260129_072028_0.mcap
SKILL_005_20260126_130212,station_01_lab,SKILL_005,Insert allen keys in package,E_MARTINEZ,2026-01-26T13:02:12Z,2026-01-26T13:05:30Z,197.81,4.67,PASS,TRUE,,/mnt/nurvai-data/03/batch_02/SKILL_005_20260126_130212/SKILL_005_20260126_130212_0.mcap
SKILL_005_20260126_130808,station_01_lab,SKILL_005,Insert allen keys in package,E_MARTINEZ,2026-01-26T13:08:08Z,2026-01-26T13:11:33Z,204.49,3.55,PASS,TRUE,,/mnt/nurvai-data/03/batch_02/SKILL_005_20260126_130808/SKILL_005_20260126_130808_0.mcap
SKILL_005_20260127_071444,station_01_lab,SKILL_005,Insert allen keys in package,N_MORA,2026-01-27T07:14:44Z,2026-01-27T07:17:48Z,184.72,4.20,WARNING_DRIFT,TRUE,,/mnt/nurvai-data/03/batch_02/SKILL_005_20260127_071444/SKILL_005_20260127_071444_0.mcap
SKILL_005_20260127_071907,station_01_lab,SKILL_005,Insert allen keys in package,N_MORA,2026-01-27T07:19:07Z,2026-01-27T07:19:28Z,20.78,4.71,PASS,FALSE,TOO_SHORT (20.8s),/mnt/nurvai-data/03/batch_02/SKILL_005_20260127_071907/SKILL_005_20260127_071907_0.mcap
SKILL_005_20260127_071938,station_01_lab,SKILL_005,Insert allen keys in package,N_MORA,2026-01-27T07:19:38Z,2026-01-27T07:22:32Z,174.48,4.30,PASS,TRUE,,/mnt/nurvai-data/03/batch_02/SKILL_005_20260127_071938/SKILL_005_20260127_071938_0.mcap
SKILL_005_20260127_072255,station_01_lab,SKILL_005,Insert allen keys in package,N_MORA,2026-01-27T07:22:55Z,2026-01-27T07:26:43Z,227.52,4.42,WARNING_DRIFT,TRUE,,/mnt/nurvai-data/03/batch_02/SKILL_005_20260127_072255/SKILL_005_20260127_072255_0.mcap
SKILL_005_20260127_124658,station_01_lab,SKILL_005,Insert allen keys in package,N_MORA,2026-01-27T12:46:58Z,2026-01-27T12:47:02Z,3.34,5.73,PASS,FALSE,TOO_SHORT (3.3s),/mnt/nurvai-data/03/batch_02/SKILL_005_20260127_124658/SKILL_005_20260127_124658_0.mcap
SKILL_005_20260127_124718,station_01_lab,SKILL_005,Insert allen keys in package,N_MORA,2026-01-27T12:47:18Z,2026-01-27T12:49:49Z,150.85,4.18,PASS,TRUE,,/mnt/nurvai-data/03/batch_02/SKILL_005_20260127_124718/SKILL_005_20260127_124718_0.mcap
SKILL_005_20260127_125009,station_01_lab,SKILL_005,Insert allen keys in package,N_MORA,2026-01-27T12:50:09Z,2026-01-27T12:52:36Z,147.72,4.20,PASS,TRUE,,/mnt/nurvai-data/03/batch_02/SKILL_005_20260127_125009/SKILL_005_20260127_125009_0.mcap
SKILL_005_20260128_071638,station_01_lab,SKILL_005,Insert allen keys in package,L_AGUILERA,2026-01-28T07:16:38Z,2026-01-28T07:16:44Z,5.35,2.05,PASS,FALSE,TOO_SHORT (5.4s),/mnt/nurvai-data/03/batch_02/SKILL_005_20260128_071638/SKILL_005_20260128_071638_0.mcap
SKILL_005_20260127_125630,station_01_lab,SKILL_005,Insert allen keys in package,N_MORA,2026-01-27T12:56:30Z,2026-01-27T12:58:46Z,136.69,4.19,PASS,TRUE,,/mnt/nurvai-data/03/batch_02/SKILL_005_20260127_125630/SKILL_005_20260127_125630_0.mcap
SKILL_005_20260128_071752,station_01_lab,SKILL_005,Insert allen keys in package,L_AGUILERA,2026-01-28T07:17:52Z,2026-01-28T07:20:34Z,162.73,4.36,PASS,TRUE,,/mnt/nurvai-data/03/batch_02/SKILL_005_20260128_071752/SKILL_005_20260128_071752_0.mcap
SKILL_005_20260128_072105,station_01_lab,SKILL_005,Insert allen keys in package,L_AGUILERA,2026-01-28T07:21:05Z,2026-01-28T07:24:06Z,181.32,4.40,PASS,TRUE,,/mnt/nurvai-data/03/batch_02/SKILL_005_20260128_072105/SKILL_005_20260128_072105_0.mcap
SKILL_005_20260128_072432,station_01_lab,SKILL_005,Insert allen keys in package,L_AGUILERA,2026-01-28T07:24:32Z,2026-01-28T07:26:43Z,131.33,4.50,PASS,TRUE,,/mnt/nurvai-data/03/batch_02/SKILL_005_20260128_072432/SKILL_005_20260128_072432_0.mcap
SKILL_005_20260128_110617,station_01_lab,SKILL_005,Insert allen keys in package,E_MARTINEZ,2026-01-28T11:06:18Z,2026-01-28T11:08:40Z,142.80,4.40,WARNING_DRIFT,TRUE,,/mnt/nurvai-data/03/batch_02/SKILL_005_20260128_110617/SKILL_005_20260128_110617_0.mcap
SKILL_005_20260128_110923,station_01_lab,SKILL_005,Insert allen keys in package,E_MARTINEZ,2026-01-28T11:09:23Z,2026-01-28T11:12:03Z,159.50,4.51,PASS,TRUE,,/mnt/nurvai-data/03/batch_02/SKILL_005_20260128_110923/SKILL_005_20260128_110923_0.mcap
SKILL_005_20260128_144715,station_01_lab,SKILL_005,Insert allen keys in package,C_BECERRA,2026-01-28T14:47:15Z,2026-01-28T14:48:58Z,103.38,3.97,PASS,TRUE,,/mnt/nurvai-data/03/batch_02/SKILL_005_20260128_144715/SKILL_005_20260128_144715_0.mcap
SKILL_005_20260128_144316,station_01_lab,SKILL_005,Insert allen keys in package,C_BECERRA,2026-01-28T14:43:16Z,2026-01-28T14:46:54Z,218.18,4.15,PASS,TRUE,,/mnt/nurvai-data/03/batch_02/SKILL_005_20260128_144316/SKILL_005_20260128_144316_0.mcap
SKILL_005_20260129_072730,station_01_lab,SKILL_005,Insert allen keys in package,C_BECERRA,2026-01-29T07:27:30Z,2026-01-29T07:30:26Z,176.11,3.93,PASS,TRUE,,/mnt/nurvai-data/03/batch_02/SKILL_005_20260129_072730/SKILL_005_20260129_072730_0.mcap
SKILL_005_20260129_072322,station_01_lab,SKILL_005,Insert allen keys in package,C_BECERRA,2026-01-29T07:23:22Z,2026-01-29T07:26:29Z,186.70,3.91,PASS,TRUE,,/mnt/nurvai-data/03/batch_02/SKILL_005_20260129_072322/SKILL_005_20260129_072322_0.mcap
SKILL_007_20260124_121416,station_01_lab,SKILL_007,Separate tongue depressors by color,E_MARTINEZ,2026-01-24T12:14:16Z,2026-01-24T12:21:14Z,418.94,4.82,WARNING_DRIFT,TRUE,,/mnt/nurvai-data/03/batch_02/SKILL_007_20260124_121416/SKILL_007_20260124_121416_0.mcap
SKILL_007_20260124_122245,station_01_lab,SKILL_007,Separate tongue depressors by color,E_MARTINEZ,2026-01-24T12:22:45Z,2026-01-24T12:25:20Z,155.63,4.47,PASS,TRUE,,/mnt/nurvai-data/03/batch_02/SKILL_007_20260124_122245/SKILL_007_20260124_122245_0.mcap
SKILL_007_20260126_072549,station_01_lab,SKILL_007,Separate tongue depressors by color,N_MORA,2026-01-26T07:25:49Z,2026-01-26T07:30:18Z,269.15,5.12,PASS,TRUE,,/mnt/nurvai-data/03/batch_02/SKILL_007_20260126_072549/SKILL_007_20260126_072549_0.mcap
SKILL_007_20260126_071725,station_01_lab,SKILL_007,Separate tongue depressors by color,N_MORA,2026-01-26T07:17:25Z,2026-01-26T07:24:41Z,436.52,5.04,PASS,TRUE,,/mnt/nurvai-data/03/batch_02/SKILL_007_20260126_071725/SKILL_007_20260126_071725_0.mcap
SKILL_007_20260126_131437,station_01_lab,SKILL_007,Separate tongue depressors by color,E_MARTINEZ,2026-01-26T13:14:37Z,2026-01-26T13:21:51Z,433.55,4.83,WARNING_DRIFT,TRUE,,/mnt/nurvai-data/03/batch_02/SKILL_007_20260126_131437/SKILL_007_20260126_131437_0.mcap
SKILL_007_20260126_132434,station_01_lab,SKILL_007,Separate tongue depressors by color,H_ALCARAZ,2026-01-26T13:24:34Z,2026-01-26T13:25:20Z,45.96,5.23,PASS,FALSE,TOO_SHORT (46.0s),/mnt/nurvai-data/03/batch_02/SKILL_007_20260126_132434/SKILL_007_20260126_132434_0.mcap
SKILL_007_20260126_132747,station_01_lab,SKILL_007,Separate tongue depressors by color,H_ALCARAZ,2026-01-26T13:27:47Z,2026-01-26T13:36:39Z,531.23,5.85,PASS,TRUE,,/mnt/nurvai-data/03/batch_02/SKILL_007_20260126_132747/SKILL_007_20260126_132747_0.mcap
SKILL_007_20260127_082218,station_01_lab,SKILL_007,Separate tongue depressors by color,N_MORA,2026-01-27T08:22:18Z,2026-01-27T08:29:10Z,412.07,4.98,WARNING_DRIFT,TRUE,,/mnt/nurvai-data/03/batch_02/SKILL_007_20260127_082218/SKILL_007_20260127_082218_0.mcap
SKILL_007_20260127_082912,station_01_lab,SKILL_007,Separate tongue depressors by color,N_MORA,2026-01-27T08:29:12Z,2026-01-27T08:29:13Z,1.43,9.32,PASS,FALSE,TOO_SHORT (1.4s),/mnt/nurvai-data/03/batch_02/SKILL_007_20260127_082912/SKILL_007_20260127_082912_0.mcap
SKILL_007_20260128_111331,station_01_lab,SKILL_007,Separate tongue depressors by color,E_MARTINEZ,2026-01-28T11:13:31Z,2026-01-28T11:19:23Z,351.85,4.70,PASS,TRUE,,/mnt/nurvai-data/03/batch_02/SKILL_007_20260128_111331/SKILL_007_20260128_111331_0.mcap
SKILL_007_20260127_083013,station_01_lab,SKILL_007,Separate tongue depressors by color,N_MORA,2026-01-27T08:30:13Z,2026-01-27T08:36:05Z,351.89,4.99,WARNING_DRIFT,TRUE,,/mnt/nurvai-data/03/batch_02/SKILL_007_20260127_083013/SKILL_007_20260127_083013_0.mcap
SKILL_007_20260129_075711,station_01_lab,SKILL_007,Separate tongue depressors by color,N_MORA,2026-01-29T07:57:11Z,2026-01-29T07:58:56Z,104.14,2.99,PASS,TRUE,,/mnt/nurvai-data/03/batch_02/SKILL_007_20260129_075711/SKILL_007_20260129_075711_0.mcap
SKILL_007_20260129_075104,station_01_lab,SKILL_007,Separate tongue depressors by color,N_MORA,2026-01-29T07:51:04Z,2026-01-29T07:51:40Z,35.67,4.68,WARNING_DRIFT,FALSE,TOO_SHORT (35.7s),/mnt/nurvai-data/03/batch_02/SKILL_007_20260129_075104/SKILL_007_20260129_075104_0.mcap
SKILL_007_20260129_080531,station_01_lab,SKILL_007,Separate tongue depressors by color,N_MORA,2026-01-29T08:05:31Z,2026-01-29T08:10:47Z,316.01,4.71,PASS,TRUE,,/mnt/nurvai-data/03/batch_02/SKILL_007_20260129_080531/SKILL_007_20260129_080531_0.mcap
SKILL_007_20260129_075916,station_01_lab,SKILL_007,Separate tongue depressors by color,N_MORA,2026-01-29T07:59:16Z,2026-01-29T08:05:21Z,364.73,5.57,WARNING_DRIFT,TRUE,,/mnt/nurvai-data/03/batch_02/SKILL_007_20260129_075916/SKILL_007_20260129_075916_0.mcap
SKILL_009_20260124_122655,station_01_lab,SKILL_009,Package Cotton set,E_MARTINEZ,2026-01-24T12:26:55Z,2026-01-24T12:32:07Z,312.14,4.64,PASS,TRUE,,/mnt/nurvai-data/03/batch_02/SKILL_009_20260124_122655/SKILL_009_20260124_122655_0.mcap
SKILL_009_20260124_123314,station_01_lab,SKILL_009,Package Cotton set,E_MARTINEZ,2026-01-24T12:33:14Z,2026-01-24T12:37:11Z,237.20,4.49,PASS,TRUE,,/mnt/nurvai-data/03/batch_02/SKILL_009_20260124_123314/SKILL_009_20260124_123314_0.mcap
SKILL_009_20260126_133926,station_01_lab,SKILL_009,Package Cotton set,E_MARTINEZ,2026-01-26T13:39:26Z,2026-01-26T13:47:42Z,496.26,4.68,PASS,TRUE,,/mnt/nurvai-data/03/batch_02/SKILL_009_20260126_133926/SKILL_009_20260126_133926_0.mcap
SKILL_009_20260126_073200,station_01_lab,SKILL_009,Package Cotton set,N_MORA,2026-01-26T07:32:00Z,2026-01-26T07:40:40Z,520.33,4.75,PASS,TRUE,,/mnt/nurvai-data/03/batch_02/SKILL_009_20260126_073200/SKILL_009_20260126_073200_0.mcap
SKILL_009_20260128_112228,station_01_lab,SKILL_009,Package Cotton set,E_MARTINEZ,2026-01-28T11:22:28Z,2026-01-28T11:25:43Z,195.00,4.29,PASS,TRUE,,/mnt/nurvai-data/03/batch_02/SKILL_009_20260128_112228/SKILL_009_20260128_112228_0.mcap
SKILL_009_20260127_074252,station_01_lab,SKILL_009,Package Cotton set,N_MORA,2026-01-27T07:42:52Z,2026-01-27T07:50:08Z,436.26,4.71,PASS,TRUE,,/mnt/nurvai-data/03/batch_02/SKILL_009_20260127_074252/SKILL_009_20260127_074252_0.mcap
SKILL_009_20260128_112643,station_01_lab,SKILL_009,Package Cotton set,E_MARTINEZ,2026-01-28T11:26:43Z,2026-01-28T11:29:31Z,168.58,4.53,PASS,TRUE,,/mnt/nurvai-data/03/batch_02/SKILL_009_20260128_112643/SKILL_009_20260128_112643_0.mcap
SKILL_009_20260129_081330,station_01_lab,SKILL_009,Package Cotton set,N_MORA,2026-01-29T08:13:30Z,2026-01-29T08:19:40Z,370.28,4.40,PASS,TRUE,,/mnt/nurvai-data/03/batch_02/SKILL_009_20260129_081330/SKILL_009_20260129_081330_0.mcap
SKILL_009_20260129_082008,station_01_lab,SKILL_009,Package Cotton set,N_MORA,2026-01-29T08:20:08Z,2026-01-29T08:24:00Z,231.34,4.47,PASS,TRUE,,/mnt/nurvai-data/03/batch_02/SKILL_009_20260129_082008/SKILL_009_20260129_082008_0.mcap
SKILL_010_20260124_123904,station_01_lab,SKILL_010,Package earphones,E_MARTINEZ,2026-01-24T12:39:04Z,2026-01-24T12:44:33Z,329.65,4.73,WARNING_DRIFT,TRUE,,/mnt/nurvai-data/03/batch_02/SKILL_010_20260124_123904/SKILL_010_20260124_123904_0.mcap
SKILL_010_20260126_074211,station_01_lab,SKILL_010,Package earphones,N_MORA,2026-01-26T07:42:11Z,2026-01-26T07:46:09Z,237.65,4.65,PASS,TRUE,,/mnt/nurvai-data/03/batch_02/SKILL_010_20260126_074211/SKILL_010_20260126_074211_0.mcap
SKILL_010_20260126_074633,station_01_lab,SKILL_010,Package earphones,N_MORA,2026-01-26T07:46:33Z,2026-01-26T07:51:13Z,279.73,4.64,PASS,TRUE,,/mnt/nurvai-data/03/batch_02/SKILL_010_20260126_074633/SKILL_010_20260126_074633_0.mcap
SKILL_010_20260126_141135,station_01_lab,SKILL_010,Package earphones,C_BECERRA,2026-01-26T14:11:35Z,2026-01-26T14:16:38Z,302.51,4.05,PASS,TRUE,,/mnt/nurvai-data/03/batch_02/SKILL_010_20260126_141135/SKILL_010_20260126_141135_0.mcap
SKILL_010_20260126_140636,station_01_lab,SKILL_010,Package earphones,C_BECERRA,2026-01-26T14:06:36Z,2026-01-26T14:07:03Z,27.49,5.54,WARNING_DRIFT,FALSE,TOO_SHORT (27.5s),/mnt/nurvai-data/03/batch_02/SKILL_010_20260126_140636/SKILL_010_20260126_140636_0.mcap
SKILL_010_20260127_130029,station_01_lab,SKILL_010,Package earphones,N_MORA,2026-01-27T13:00:29Z,2026-01-27T13:02:09Z,100.43,4.19,PASS,TRUE,,/mnt/nurvai-data/03/batch_02/SKILL_010_20260127_130029/SKILL_010_20260127_130029_0.mcap
SKILL_010_20260126_141935,station_01_lab,SKILL_010,Package earphones,C_BECERRA,2026-01-26T14:19:35Z,2026-01-26T14:23:33Z,237.52,4.78,WARNING_DRIFT,TRUE,,/mnt/nurvai-data/03/batch_02/SKILL_010_20260126_141935/SKILL_010_20260126_141935_0.mcap
SKILL_010_20260127_132315,station_01_lab,SKILL_010,Package earphones,C_BECERRA,2026-01-27T13:23:15Z,2026-01-27T13:27:40Z,265.15,4.70,PASS,TRUE,,/mnt/nurvai-data/03/batch_02/SKILL_010_20260127_132315/SKILL_010_20260127_132315_0.mcap
SKILL_010_20260127_131055,station_01_lab,SKILL_010,Package earphones,C_BECERRA,2026-01-27T13:10:55Z,2026-01-27T13:15:23Z,267.33,4.67,PASS,TRUE,,/mnt/nurvai-data/03/batch_02/SKILL_010_20260127_131055/SKILL_010_20260127_131055_0.mcap
SKILL_010_20260128_120836,station_01_lab,SKILL_010,Package earphones,N_MORA,2026-01-28T12:08:36Z,2026-01-28T12:15:01Z,385.72,4.60,PASS,TRUE,,/mnt/nurvai-data/03/batch_02/SKILL_010_20260128_120836/SKILL_010_20260128_120836_0.mcap
SKILL_010_20260128_121543,station_01_lab,SKILL_010,Package earphones,N_MORA,2026-01-28T12:15:43Z,2026-01-28T12:19:59Z,256.77,4.59,PASS,TRUE,,/mnt/nurvai-data/03/batch_02/SKILL_010_20260128_121543/SKILL_010_20260128_121543_0.mcap
SKILL_012_20260124_124908,station_01_lab,SKILL_012,Put pasta in jars,E_MARTINEZ,2026-01-24T12:49:08Z,2026-01-24T12:51:18Z,129.82,4.80,WARNING_DRIFT,TRUE,,/mnt/nurvai-data/03/batch_02/SKILL_012_20260124_124908/SKILL_012_20260124_124908_0.mcap
SKILL_010_20260129_082639,station_01_lab,SKILL_010,Package earphones,N_MORA,2026-01-29T08:26:39Z,2026-01-29T08:31:15Z,276.39,4.58,PASS,TRUE,,/mnt/nurvai-data/03/batch_02/SKILL_010_20260129_082639/SKILL_010_20260129_082639_0.mcap
SKILL_012_20260124_125149,station_01_lab,SKILL_012,Put pasta in jars,E_MARTINEZ,2026-01-24T12:51:49Z,2026-01-24T12:54:44Z,175.07,4.71,WARNING_DRIFT,TRUE,,/mnt/nurvai-data/03/batch_02/SKILL_012_20260124_125149/SKILL_012_20260124_125149_0.mcap
SKILL_012_20260124_125609,station_01_lab,SKILL_012,Put pasta in jars,E_MARTINEZ,2026-01-24T12:56:09Z,2026-01-24T12:57:36Z,86.54,4.76,WARNING_DRIFT,FALSE,TOO_SHORT (86.5s),/mnt/nurvai-data/03/batch_02/SKILL_012_20260124_125609/SKILL_012_20260124_125609_0.mcap
SKILL_012_20260126_075549,station_01_lab,SKILL_012,Put pasta in jars,N_MORA,2026-01-26T07:55:49Z,2026-01-26T07:58:14Z,144.54,4.85,PASS,TRUE,,/mnt/nurvai-data/03/batch_02/SKILL_012_20260126_075549/SKILL_012_20260126_075549_0.mcap
SKILL_012_20260126_075216,station_01_lab,SKILL_012,Put pasta in jars,N_MORA,2026-01-26T07:52:16Z,2026-01-26T07:55:16Z,180.21,4.86,PASS,TRUE,,/mnt/nurvai-data/03/batch_02/SKILL_012_20260126_075216/SKILL_012_20260126_075216_0.mcap
SKILL_012_20260126_075845,station_01_lab,SKILL_012,Put pasta in jars,N_MORA,2026-01-26T07:58:45Z,2026-01-26T08:01:06Z,141.39,4.87,PASS,TRUE,,/mnt/nurvai-data/03/batch_02/SKILL_012_20260126_075845/SKILL_012_20260126_075845_0.mcap
SKILL_012_20260127_083740,station_01_lab,SKILL_012,Put pasta in jars,N_MORA,2026-01-27T08:37:40Z,2026-01-27T08:39:56Z,135.80,4.82,WARNING_DRIFT,TRUE,,/mnt/nurvai-data/03/batch_02/SKILL_012_20260127_083740/SKILL_012_20260127_083740_0.mcap
SKILL_012_20260127_084029,station_01_lab,SKILL_012,Put pasta in jars,N_MORA,2026-01-27T08:40:29Z,2026-01-27T08:42:58Z,148.95,4.88,WARNING_DRIFT,TRUE,,/mnt/nurvai-data/03/batch_02/SKILL_012_20260127_084029/SKILL_012_20260127_084029_0.mcap
SKILL_012_20260127_084720,station_01_lab,SKILL_012,Put pasta in jars,N_MORA,2026-01-27T08:47:20Z,2026-01-27T08:49:19Z,118.59,4.70,PASS,TRUE,,/mnt/nurvai-data/03/batch_02/SKILL_012_20260127_084720/SKILL_012_20260127_084720_0.mcap
SKILL_012_20260127_084412,station_01_lab,SKILL_012,Put pasta in jars,N_MORA,2026-01-27T08:44:12Z,2026-01-27T08:46:46Z,154.16,4.73,PASS,TRUE,,/mnt/nurvai-data/03/batch_02/SKILL_012_20260127_084412/SKILL_012_20260127_084412_0.mcap
SKILL_012_20260127_132929,station_01_lab,SKILL_012,Put pasta in jars,C_BECERRA,2026-01-27T13:29:29Z,2026-01-27T13:32:21Z,172.79,4.40,PASS,TRUE,,/mnt/nurvai-data/03/batch_02/SKILL_012_20260127_132929/SKILL_012_20260127_132929_0.mcap
SKILL_012_20260127_133313,station_01_lab,SKILL_012,Put pasta in jars,C_BECERRA,2026-01-27T13:33:13Z,2026-01-27T13:36:15Z,181.65,4.43,PASS,TRUE,,/mnt/nurvai-data/03/batch_02/SKILL_012_20260127_133313/SKILL_012_20260127_133313_0.mcap
SKILL_012_20260127_133713,station_01_lab,SKILL_012,Put pasta in jars,C_BECERRA,2026-01-27T13:37:13Z,2026-01-27T13:40:14Z,180.53,4.44,PASS,TRUE,,/mnt/nurvai-data/03/batch_02/SKILL_012_20260127_133713/SKILL_012_20260127_133713_0.mcap
SKILL_012_20260128_122130,station_01_lab,SKILL_012,Put pasta in jars,N_MORA,2026-01-28T12:21:30Z,2026-01-28T12:24:21Z,170.39,4.78,PASS,TRUE,,/mnt/nurvai-data/03/batch_02/SKILL_012_20260128_122130/SKILL_012_20260128_122130_0.mcap
SKILL_012_20260129_083439,station_01_lab,SKILL_012,Put pasta in jars,E_MARTINEZ,2026-01-29T08:34:39Z,2026-01-29T08:37:11Z,152.79,4.70,PASS,TRUE,,/mnt/nurvai-data/03/batch_02/SKILL_012_20260129_083439/SKILL_012_20260129_083439_0.mcap
SKILL_012_20260128_122549,station_01_lab,SKILL_012,Put pasta in jars,N_MORA,2026-01-28T12:25:49Z,2026-01-28T12:28:13Z,144.51,4.90,PASS,TRUE,,/mnt/nurvai-data/03/batch_02/SKILL_012_20260128_122549/SKILL_012_20260128_122549_0.mcap
SKILL_012_20260129_084058,station_01_lab,SKILL_012,Put pasta in jars,E_MARTINEZ,2026-01-29T08:40:58Z,2026-01-29T08:43:31Z,152.45,4.64,PASS,TRUE,,/mnt/nurvai-data/03/batch_02/SKILL_012_20260129_084058/SKILL_012_20260129_084058_0.mcap
SKILL_012_20260129_083750,station_01_lab,SKILL_012,Put pasta in jars,E_MARTINEZ,2026-01-29T08:37:50Z,2026-01-29T08:39:56Z,125.68,4.75,PASS,TRUE,,/mnt/nurvai-data/03/batch_02/SKILL_012_20260129_083750/SKILL_012_20260129_083750_0.mcap
SKILL_012_20260129_084401,station_01_lab,SKILL_012,Put pasta in jars,E_MARTINEZ,2026-01-29T08:44:01Z,2026-01-29T08:44:55Z,53.34,4.59,PASS,FALSE,TOO_SHORT (53.3s),/mnt/nurvai-data/03/batch_02/SKILL_012_20260129_084401/SKILL_012_20260129_084401_0.mcap
SKILL_013_20260124_130030,station_01_lab,SKILL_013,Set up a hand lamp,E_MARTINEZ,2026-01-24T13:00:30Z,2026-01-24T13:04:18Z,228.43,4.97,WARNING_DRIFT,TRUE,,/mnt/nurvai-data/03/batch_02/SKILL_013_20260124_130030/SKILL_013_20260124_130030_0.mcap
SKILL_013_20260124_130523,station_01_lab,SKILL_013,Set up a hand lamp,E_MARTINEZ,2026-01-24T13:05:23Z,2026-01-24T13:08:19Z,175.87,4.83,PASS,TRUE,,/mnt/nurvai-data/03/batch_02/SKILL_013_20260124_130523/SKILL_013_20260124_130523_0.mcap
SKILL_013_20260127_072839,station_01_lab,SKILL_013,Set up a hand lamp,N_MORA,2026-01-27T07:28:39Z,2026-01-27T07:32:52Z,253.36,4.51,PASS,TRUE,,/mnt/nurvai-data/03/batch_02/SKILL_013_20260127_072839/SKILL_013_20260127_072839_0.mcap
SKILL_013_20260127_073330,station_01_lab,SKILL_013,Set up a hand lamp,N_MORA,2026-01-27T07:33:30Z,2026-01-27T07:34:46Z,75.65,4.65,WARNING_DRIFT,FALSE,TOO_SHORT (75.7s),/mnt/nurvai-data/03/batch_02/SKILL_013_20260127_073330/SKILL_013_20260127_073330_0.mcap
SKILL_013_20260127_073529,station_01_lab,SKILL_013,Set up a hand lamp,N_MORA,2026-01-27T07:35:29Z,2026-01-27T07:38:43Z,194.34,4.57,PASS,TRUE,,/mnt/nurvai-data/03/batch_02/SKILL_013_20260127_073529/SKILL_013_20260127_073529_0.mcap
SKILL_013_20260127_134654,station_01_lab,SKILL_013,Set up a hand lamp,C_BECERRA,2026-01-27T13:46:54Z,2026-01-27T13:47:55Z,61.38,4.78,PASS,FALSE,TOO_SHORT (61.4s),/mnt/nurvai-data/03/batch_02/SKILL_013_20260127_134654/SKILL_013_20260127_134654_0.mcap
SKILL_013_20260127_134224,station_01_lab,SKILL_013,Set up a hand lamp,C_BECERRA,2026-01-27T13:42:24Z,2026-01-27T13:46:22Z,237.90,4.66,PASS,TRUE,,/mnt/nurvai-data/03/batch_02/SKILL_013_20260127_134224/SKILL_013_20260127_134224_0.mcap
SKILL_013_20260128_083103,station_01_lab,SKILL_013,Set up a hand lamp,L_AGUILERA,2026-01-28T08:31:03Z,2026-01-28T08:34:06Z,182.42,4.54,PASS,TRUE,,/mnt/nurvai-data/03/batch_02/SKILL_013_20260128_083103/SKILL_013_20260128_083103_0.mcap
SKILL_013_20260128_083443,station_01_lab,SKILL_013,Set up a hand lamp,L_AGUILERA,2026-01-28T08:34:43Z,2026-01-28T08:39:10Z,267.23,4.50,PASS,TRUE,,/mnt/nurvai-data/03/batch_02/SKILL_013_20260128_083443/SKILL_013_20260128_083443_0.mcap
SKILL_013_20260128_123455,station_01_lab,SKILL_013,Set up a hand lamp,N_MORA,2026-01-28T12:34:55Z,2026-01-28T12:36:50Z,114.67,4.64,PASS,TRUE,,/mnt/nurvai-data/03/batch_02/SKILL_013_20260128_123455/SKILL_013_20260128_123455_0.mcap
SKILL_013_20260128_123117,station_01_lab,SKILL_013,Set up a hand lamp,N_MORA,2026-01-28T12:31:17Z,2026-01-28T12:33:47Z,150.58,4.59,PASS,TRUE,,/mnt/nurvai-data/03/batch_02/SKILL_013_20260128_123117/SKILL_013_20260128_123117_0.mcap
SKILL_013_20260129_084615,station_01_lab,SKILL_013,Set up a hand lamp,E_MARTINEZ,2026-01-29T08:46:15Z,2026-01-29T08:49:31Z,195.61,4.76,PASS,TRUE,,/mnt/nurvai-data/03/batch_02/SKILL_013_20260129_084615/SKILL_013_20260129_084615_0.mcap
SKILL_013_20260128_123729,station_01_lab,SKILL_013,Set up a hand lamp,N_MORA,2026-01-28T12:37:29Z,2026-01-28T12:40:07Z,158.08,4.62,PASS,TRUE,,/mnt/nurvai-data/03/batch_02/SKILL_013_20260128_123729/SKILL_013_20260128_123729_0.mcap
SKILL_013_20260129_085325,station_01_lab,SKILL_013,Set up a hand lamp,E_MARTINEZ,2026-01-29T08:53:25Z,2026-01-29T08:54:43Z,78.25,4.62,PASS,FALSE,TOO_SHORT (78.3s),/mnt/nurvai-data/03/batch_02/SKILL_013_20260129_085325/SKILL_013_20260129_085325_0.mcap
SKILL_013_20260129_085030,station_01_lab,SKILL_013,Set up a hand lamp,E_MARTINEZ,2026-01-29T08:50:30Z,2026-01-29T08:52:54Z,143.58,4.77,PASS,TRUE,,/mnt/nurvai-data/03/batch_02/SKILL_013_20260129_085030/SKILL_013_20260129_085030_0.mcap
SKILL_014_20260124_131106,station_01_lab,SKILL_014,Fasten nuts onto bolts,E_MARTINEZ,2026-01-24T13:11:06Z,2026-01-24T13:20:06Z,539.59,4.95,PASS,TRUE,,/mnt/nurvai-data/03/batch_02/SKILL_014_20260124_131106/SKILL_014_20260124_131106_0.mcap
SKILL_014_20260126_081710,station_01_lab,SKILL_014,Fasten nuts onto bolts,H_ALCARAZ,2026-01-26T08:17:10Z,2026-01-26T08:25:26Z,495.66,4.87,PASS,TRUE,,/mnt/nurvai-data/03/batch_02/SKILL_014_20260126_081710/SKILL_014_20260126_081710_0.mcap
SKILL_014_20260126_082701,station_01_lab,SKILL_014,Fasten nuts onto bolts,H_ALCARAZ,2026-01-26T08:27:01Z,2026-01-26T08:28:46Z,105.07,4.79,PASS,TRUE,,/mnt/nurvai-data/03/batch_02/SKILL_014_20260126_082701/SKILL_014_20260126_082701_0.mcap
SKILL_014_20260126_143359,station_01_lab,SKILL_014,Fasten nuts onto bolts,E_MARTINEZ,2026-01-26T14:33:59Z,2026-01-26T14:38:17Z,258.22,5.08,PASS,TRUE,,/mnt/nurvai-data/03/batch_02/SKILL_014_20260126_143359/SKILL_014_20260126_143359_0.mcap
SKILL_014_20260127_085203,station_01_lab,SKILL_014,Fasten nuts onto bolts,N_MORA,2026-01-27T08:52:03Z,2026-01-27T08:58:49Z,406.30,4.56,PASS,TRUE,,/mnt/nurvai-data/03/batch_02/SKILL_014_20260127_085203/SKILL_014_20260127_085203_0.mcap
SKILL_014_20260128_084201,station_01_lab,SKILL_014,Fasten nuts onto bolts,L_AGUILERA,2026-01-28T08:42:01Z,2026-01-28T08:49:55Z,474.06,4.67,PASS,TRUE,,/mnt/nurvai-data/03/batch_02/SKILL_014_20260128_084201/SKILL_014_20260128_084201_0.mcap
SKILL_014_20260128_085633,station_01_lab,SKILL_014,Fasten nuts onto bolts,L_AGUILERA,2026-01-28T08:56:33Z,2026-01-28T08:56:34Z,1.67,7.45,PASS,FALSE,TOO_SHORT (1.7s),/mnt/nurvai-data/03/batch_02/SKILL_014_20260128_085633/SKILL_014_20260128_085633_0.mcap
SKILL_014_20260128_085120,station_01_lab,SKILL_014,Fasten nuts onto bolts,L_AGUILERA,2026-01-28T08:51:20Z,2026-01-28T08:55:26Z,245.67,4.74,PASS,TRUE,,/mnt/nurvai-data/03/batch_02/SKILL_014_20260128_085120/SKILL_014_20260128_085120_0.mcap
SKILL_014_20260128_124156,station_01_lab,SKILL_014,Fasten nuts onto bolts,N_MORA,2026-01-28T12:41:56Z,2026-01-28T12:48:36Z,400.02,4.55,PASS,TRUE,,/mnt/nurvai-data/03/batch_02/SKILL_014_20260128_124156/SKILL_014_20260128_124156_0.mcap
SKILL_014_20260129_090009,station_01_lab,SKILL_014,Fasten nuts onto bolts,E_MARTINEZ,2026-01-29T09:00:09Z,2026-01-29T09:08:38Z,509.08,4.87,PASS,TRUE,,/mnt/nurvai-data/03/batch_02/SKILL_014_20260129_090009/SKILL_014_20260129_090009_0.mcap
SKILL_015_20260126_083013,station_01_lab,SKILL_015,Thread a needle,H_ALCARAZ,2026-01-26T08:30:13Z,2026-01-26T08:34:22Z,249.51,4.87,PASS,TRUE,,/mnt/nurvai-data/03/batch_02/SKILL_015_20260126_083013/SKILL_015_20260126_083013_0.mcap
SKILL_015_20260124_132121,station_01_lab,SKILL_015,Thread a needle,E_MARTINEZ,2026-01-24T13:21:21Z,2026-01-24T13:26:36Z,314.31,5.16,WARNING_DRIFT,TRUE,,/mnt/nurvai-data/03/batch_02/SKILL_015_20260124_132121/SKILL_015_20260124_132121_0.mcap
SKILL_015_20260126_083513,station_01_lab,SKILL_015,Thread a needle,H_ALCARAZ,2026-01-26T08:35:13Z,2026-01-26T08:39:37Z,263.56,4.70,PASS,TRUE,,/mnt/nurvai-data/03/batch_02/SKILL_015_20260126_083513/SKILL_015_20260126_083513_0.mcap
SKILL_015_20260126_144257,station_01_lab,SKILL_015,Thread a needle,D_VARGAS,2026-01-26T14:42:57Z,2026-01-26T14:45:56Z,178.82,4.62,PASS,TRUE,,/mnt/nurvai-data/03/batch_02/SKILL_015_20260126_144257/SKILL_015_20260126_144257_0.mcap
SKILL_015_20260127_090128,station_01_lab,SKILL_015,Thread a needle,N_MORA,2026-01-27T09:01:28Z,2026-01-27T09:07:33Z,365.29,4.80,PASS,TRUE,,/mnt/nurvai-data/03/batch_02/SKILL_015_20260127_090128/SKILL_015_20260127_090128_0.mcap
SKILL_015_20260126_144930,station_01_lab,SKILL_015,Thread a needle,E_MARTINEZ,2026-01-26T14:49:30Z,2026-01-26T14:54:05Z,275.03,5.00,PASS,TRUE,,/mnt/nurvai-data/03/batch_02/SKILL_015_20260126_144930/SKILL_015_20260126_144930_0.mcap
SKILL_015_20260127_142159,station_01_lab,SKILL_015,Thread a needle,E_MARTINEZ,2026-01-27T14:21:59Z,2026-01-27T14:24:55Z,175.69,4.64,PASS,TRUE,,/mnt/nurvai-data/03/batch_02/SKILL_015_20260127_142159/SKILL_015_20260127_142159_0.mcap
SKILL_015_20260127_141455,station_01_lab,SKILL_015,Thread a needle,E_MARTINEZ,2026-01-27T14:14:55Z,2026-01-27T14:18:22Z,207.30,4.76,WARNING_DRIFT,TRUE,,/mnt/nurvai-data/03/batch_02/SKILL_015_20260127_141455/SKILL_015_20260127_141455_0.mcap
SKILL_015_20260128_085659,station_01_lab,SKILL_015,Thread a needle,L_AGUILERA,2026-01-28T08:56:59Z,2026-01-28T09:00:03Z,184.82,4.39,PASS,TRUE,,/mnt/nurvai-data/03/batch_02/SKILL_015_20260128_085659/SKILL_015_20260128_085659_0.mcap
SKILL_015_20260128_090034,station_01_lab,SKILL_015,Thread a needle,L_AGUILERA,2026-01-28T09:00:34Z,2026-01-28T09:03:58Z,203.99,4.66,PASS,TRUE,,/mnt/nurvai-data/03/batch_02/SKILL_015_20260128_090034/SKILL_015_20260128_090034_0.mcap
SKILL_015_20260128_090436,station_01_lab,SKILL_015,Thread a needle,L_AGUILERA,2026-01-28T09:04:36Z,2026-01-28T09:06:07Z,91.87,4.67,PASS,TRUE,,/mnt/nurvai-data/03/batch_02/SKILL_015_20260128_090436/SKILL_015_20260128_090436_0.mcap
SKILL_015_20260128_125128,station_01_lab,SKILL_015,Thread a needle,N_MORA,2026-01-28T12:51:28Z,2026-01-28T12:55:26Z,238.50,4.75,PASS,TRUE,,/mnt/nurvai-data/03/batch_02/SKILL_015_20260128_125128/SKILL_015_20260128_125128_0.mcap
SKILL_015_20260128_125605,station_01_lab,SKILL_015,Thread a needle,N_MORA,2026-01-28T12:56:05Z,2026-01-28T12:59:09Z,184.05,4.65,PASS,TRUE,,/mnt/nurvai-data/03/batch_02/SKILL_015_20260128_125605/SKILL_015_20260128_125605_0.mcap
SKILL_015_20260128_125946,station_01_lab,SKILL_015,Thread a needle,N_MORA,2026-01-28T12:59:46Z,2026-01-28T13:01:32Z,105.99,4.90,PASS,TRUE,,/mnt/nurvai-data/03/batch_02/SKILL_015_20260128_125946/SKILL_015_20260128_125946_0.mcap
SKILL_015_20260128_130319,station_01_lab,SKILL_015,Thread a needle,N_MORA,2026-01-28T13:03:19Z,2026-01-28T13:05:12Z,113.49,4.72,PASS,TRUE,,/mnt/nurvai-data/03/batch_02/SKILL_015_20260128_130319/SKILL_015_20260128_130319_0.mcap
SKILL_015_20260128_130601,station_01_lab,SKILL_015,Thread a needle,N_MORA,2026-01-28T13:06:01Z,2026-01-28T13:07:44Z,103.14,4.75,PASS,TRUE,,/mnt/nurvai-data/03/batch_02/SKILL_015_20260128_130601/SKILL_015_20260128_130601_0.mcap
SKILL_015_20260128_130851,station_01_lab,SKILL_015,Thread a needle,N_MORA,2026-01-28T13:08:51Z,2026-01-28T13:10:40Z,108.23,4.78,PASS,TRUE,,/mnt/nurvai-data/03/batch_02/SKILL_015_20260128_130851/SKILL_015_20260128_130851_0.mcap
SKILL_015_20260129_091606,station_01_lab,SKILL_015,Thread a needle,E_MARTINEZ,2026-01-29T09:16:06Z,2026-01-29T09:19:14Z,188.46,4.54,WARNING_DRIFT,TRUE,,/mnt/nurvai-data/03/batch_02/SKILL_015_20260129_091606/SKILL_015_20260129_091606_0.mcap
SKILL_015_20260129_091134,station_01_lab,SKILL_015,Thread a needle,E_MARTINEZ,2026-01-29T09:11:34Z,2026-01-29T09:15:13Z,219.12,4.42,PASS,TRUE,,/mnt/nurvai-data/03/batch_02/SKILL_015_20260129_091134/SKILL_015_20260129_091134_0.mcap
SKILL_016_20260124_133346,station_01_lab,SKILL_016,Package a sewing set,D_VARGAS,2026-01-24T13:33:46Z,2026-01-24T13:35:57Z,130.83,4.92,PASS,TRUE,,/mnt/nurvai-data/03/batch_02/SKILL_016_20260124_133346/SKILL_016_20260124_133346_0.mcap
SKILL_016_20260124_133728,station_01_lab,SKILL_016,Package a sewing set,D_VARGAS,2026-01-24T13:37:28Z,2026-01-24T13:37:49Z,21.21,5.12,PASS,FALSE,TOO_SHORT (21.2s),/mnt/nurvai-data/03/batch_02/SKILL_016_20260124_133728/SKILL_016_20260124_133728_0.mcap
SKILL_016_20260124_134029,station_01_lab,SKILL_016,Package a sewing set,D_VARGAS,2026-01-24T13:40:29Z,2026-01-24T13:41:53Z,83.85,4.81,PASS,FALSE,TOO_SHORT (83.8s),/mnt/nurvai-data/03/batch_02/SKILL_016_20260124_134029/SKILL_016_20260124_134029_0.mcap
SKILL_016_20260124_134248,station_01_lab,SKILL_016,Package a sewing set,D_VARGAS,2026-01-24T13:42:48Z,2026-01-24T13:44:16Z,88.22,4.92,PASS,FALSE,TOO_SHORT (88.2s),/mnt/nurvai-data/03/batch_02/SKILL_016_20260124_134248/SKILL_016_20260124_134248_0.mcap
SKILL_016_20260126_084956,station_01_lab,SKILL_016,Package a sewing set,H_ALCARAZ,2026-01-26T08:49:56Z,2026-01-26T08:53:08Z,192.09,5.03,PASS,TRUE,,/mnt/nurvai-data/03/batch_02/SKILL_016_20260126_084956/SKILL_016_20260126_084956_0.mcap
SKILL_016_20260126_085409,station_01_lab,SKILL_016,Package a sewing set,H_ALCARAZ,2026-01-26T08:54:09Z,2026-01-26T08:56:44Z,154.89,4.90,PASS,TRUE,,/mnt/nurvai-data/03/batch_02/SKILL_016_20260126_085409/SKILL_016_20260126_085409_0.mcap
SKILL_016_20260126_085758,station_01_lab,SKILL_016,Package a sewing set,H_ALCARAZ,2026-01-26T08:57:58Z,2026-01-26T09:00:30Z,152.36,4.87,PASS,TRUE,,/mnt/nurvai-data/03/batch_02/SKILL_016_20260126_085758/SKILL_016_20260126_085758_0.mcap
SKILL_016_20260127_091519,station_01_lab,SKILL_016,Package a sewing set,N_MORA,2026-01-27T09:15:19Z,2026-01-27T09:17:16Z,117.66,4.76,PASS,TRUE,,/mnt/nurvai-data/03/batch_02/SKILL_016_20260127_091519/SKILL_016_20260127_091519_0.mcap
SKILL_016_20260127_091844,station_01_lab,SKILL_016,Package a sewing set,N_MORA,2026-01-27T09:18:44Z,2026-01-27T09:20:28Z,104.08,4.65,PASS,TRUE,,/mnt/nurvai-data/03/batch_02/SKILL_016_20260127_091844/SKILL_016_20260127_091844_0.mcap
SKILL_016_20260127_143352,station_01_lab,SKILL_016,Package a sewing set,E_MARTINEZ,2026-01-27T14:33:52Z,2026-01-27T14:35:07Z,74.77,8.16,WARNING_DRIFT,FALSE,TOO_SHORT (74.8s),/mnt/nurvai-data/03/batch_02/SKILL_016_20260127_143352/SKILL_016_20260127_143352_0.mcap
SKILL_016_20260127_142822,station_01_lab,SKILL_016,Package a sewing set,E_MARTINEZ,2026-01-27T14:28:22Z,2026-01-27T14:30:14Z,112.00,4.72,PASS,TRUE,,/mnt/nurvai-data/03/batch_02/SKILL_016_20260127_142822/SKILL_016_20260127_142822_0.mcap
SKILL_016_20260127_143525,station_01_lab,SKILL_016,Package a sewing set,E_MARTINEZ,2026-01-27T14:35:25Z,2026-01-27T14:37:00Z,95.16,4.55,WARNING_DRIFT,TRUE,,/mnt/nurvai-data/03/batch_02/SKILL_016_20260127_143525/SKILL_016_20260127_143525_0.mcap
SKILL_016_20260128_091542,station_01_lab,SKILL_016,Package a sewing set,L_AGUILERA,2026-01-28T09:15:42Z,2026-01-28T09:17:57Z,134.31,4.86,PASS,TRUE,,/mnt/nurvai-data/03/batch_02/SKILL_016_20260128_091542/SKILL_016_20260128_091542_0.mcap
SKILL_016_20260128_091219,station_01_lab,SKILL_016,Package a sewing set,L_AGUILERA,2026-01-28T09:12:19Z,2026-01-28T09:14:34Z,135.41,4.96,PASS,TRUE,,/mnt/nurvai-data/03/batch_02/SKILL_016_20260128_091219/SKILL_016_20260128_091219_0.mcap
SKILL_016_20260128_091832,station_01_lab,SKILL_016,Package a sewing set,L_AGUILERA,2026-01-28T09:18:32Z,2026-01-28T09:19:49Z,76.18,4.63,PASS,FALSE,TOO_SHORT (76.2s),/mnt/nurvai-data/03/batch_02/SKILL_016_20260128_091832/SKILL_016_20260128_091832_0.mcap
SKILL_016_20260129_092729,station_01_lab,SKILL_016,Package a sewing set,E_MARTINEZ,2026-01-29T09:27:29Z,2026-01-29T09:29:12Z,102.09,4.58,PASS,TRUE,,/mnt/nurvai-data/03/batch_02/SKILL_016_20260129_092729/SKILL_016_20260129_092729_0.mcap
SKILL_016_20260129_092228,station_01_lab,SKILL_016,Package a sewing set,E_MARTINEZ,2026-01-29T09:22:28Z,2026-01-29T09:24:41Z,133.52,4.64,PASS,TRUE,,/mnt/nurvai-data/03/batch_02/SKILL_016_20260129_092228/SKILL_016_20260129_092228_0.mcap
SKILL_017_20260124_134635,station_01_lab,SKILL_017,Put pasta in ziploc bags,D_VARGAS,2026-01-24T13:46:35Z,2026-01-24T13:47:50Z,75.00,4.75,PASS,FALSE,TOO_SHORT (75.0s),/mnt/nurvai-data/03/batch_02/SKILL_017_20260124_134635/SKILL_017_20260124_134635_0.mcap
SKILL_017_20260124_134910,station_01_lab,SKILL_017,Put pasta in ziploc bags,D_VARGAS,2026-01-24T13:49:10Z,2026-01-24T13:50:09Z,59.08,4.69,PASS,FALSE,TOO_SHORT (59.1s),/mnt/nurvai-data/03/batch_02/SKILL_017_20260124_134910/SKILL_017_20260124_134910_0.mcap
SKILL_017_20260124_135148,station_01_lab,SKILL_017,Put pasta in ziploc bags,D_VARGAS,2026-01-24T13:51:48Z,2026-01-24T13:53:11Z,83.12,4.56,PASS,FALSE,TOO_SHORT (83.1s),/mnt/nurvai-data/03/batch_02/SKILL_017_20260124_135148/SKILL_017_20260124_135148_0.mcap
SKILL_017_20260124_135445,station_01_lab,SKILL_017,Put pasta in ziploc bags,D_VARGAS,2026-01-24T13:54:45Z,2026-01-24T13:57:39Z,173.89,4.57,PASS,TRUE,,/mnt/nurvai-data/03/batch_02/SKILL_017_20260124_135445/SKILL_017_20260124_135445_0.mcap
SKILL_017_20260126_091719,station_01_lab,SKILL_017,Put pasta in ziploc bags,H_ALCARAZ,2026-01-26T09:17:19Z,2026-01-26T09:22:03Z,283.12,4.80,PASS,TRUE,,/mnt/nurvai-data/03/batch_02/SKILL_017_20260126_091719/SKILL_017_20260126_091719_0.mcap
SKILL_017_20260126_092307,station_01_lab,SKILL_017,Put pasta in ziploc bags,H_ALCARAZ,2026-01-26T09:23:07Z,2026-01-26T09:29:44Z,397.11,4.91,PASS,TRUE,,/mnt/nurvai-data/03/batch_02/SKILL_017_20260126_092307/SKILL_017_20260126_092307_0.mcap
SKILL_017_20260126_093857,station_01_lab,SKILL_017,Put pasta in ziploc bags,H_ALCARAZ,2026-01-26T09:38:57Z,2026-01-26T09:45:27Z,390.56,4.65,PASS,TRUE,,/mnt/nurvai-data/03/batch_02/SKILL_017_20260126_093857/SKILL_017_20260126_093857_0.mcap
SKILL_017_20260126_095348,station_01_lab,SKILL_017,Put pasta in ziploc bags,H_ALCARAZ,2026-01-26T09:53:48Z,2026-01-26T09:58:52Z,304.63,4.71,PASS,TRUE,,/mnt/nurvai-data/03/batch_02/SKILL_017_20260126_095348/SKILL_017_20260126_095348_0.mcap
SKILL_017_20260126_095954,station_01_lab,SKILL_017,Put pasta in ziploc bags,H_ALCARAZ,2026-01-26T09:59:54Z,2026-01-26T10:05:58Z,363.87,4.76,PASS,TRUE,,/mnt/nurvai-data/03/batch_02/SKILL_017_20260126_095954/SKILL_017_20260126_095954_0.mcap
SKILL_017_20260126_100653,station_01_lab,SKILL_017,Put pasta in ziploc bags,H_ALCARAZ,2026-01-26T10:06:53Z,2026-01-26T10:10:43Z,230.49,4.96,PASS,TRUE,,/mnt/nurvai-data/03/batch_02/SKILL_017_20260126_100653/SKILL_017_20260126_100653_0.mcap
SKILL_017_20260127_092716,station_01_lab,SKILL_017,Put pasta in ziploc bags,C_BECERRA,2026-01-27T09:27:16Z,2026-01-27T09:33:20Z,364.05,5.27,PASS,TRUE,,/mnt/nurvai-data/03/batch_02/SKILL_017_20260127_092716/SKILL_017_20260127_092716_0.mcap
SKILL_017_20260127_093500,station_01_lab,SKILL_017,Put pasta in ziploc bags,C_BECERRA,2026-01-27T09:35:00Z,2026-01-27T09:36:42Z,101.38,5.71,WARNING_DRIFT,TRUE,,/mnt/nurvai-data/03/batch_02/SKILL_017_20260127_093500/SKILL_017_20260127_093500_0.mcap
SKILL_017_20260127_094042,station_01_lab,SKILL_017,Put pasta in ziploc bags,C_BECERRA,2026-01-27T09:40:42Z,2026-01-27T09:41:23Z,41.47,4.91,PASS,FALSE,TOO_SHORT (41.5s),/mnt/nurvai-data/03/batch_02/SKILL_017_20260127_094042/SKILL_017_20260127_094042_0.mcap
SKILL_017_20260127_143928,station_01_lab,SKILL_017,Put pasta in ziploc bags,E_MARTINEZ,2026-01-27T14:39:28Z,2026-01-27T14:45:33Z,365.92,5.04,PASS,TRUE,,/mnt/nurvai-data/03/batch_02/SKILL_017_20260127_143928/SKILL_017_20260127_143928_0.mcap
SKILL_017_20260128_092117,station_01_lab,SKILL_017,Put pasta in ziploc bags,L_AGUILERA,2026-01-28T09:21:17Z,2026-01-28T09:24:30Z,193.13,3.34,PASS,TRUE,,/mnt/nurvai-data/03/batch_02/SKILL_017_20260128_092117/SKILL_017_20260128_092117_0.mcap
SKILL_017_20260128_092526,station_01_lab,SKILL_017,Put pasta in ziploc bags,L_AGUILERA,2026-01-28T09:25:26Z,2026-01-28T09:31:20Z,354.05,4.65,PASS,TRUE,,/mnt/nurvai-data/03/batch_02/SKILL_017_20260128_092526/SKILL_017_20260128_092526_0.mcap
SKILL_017_20260128_131642,station_01_lab,SKILL_017,Put pasta in ziploc bags,E_MARTINEZ,2026-01-28T13:16:42Z,2026-01-28T13:22:51Z,369.40,5.10,PASS,TRUE,,/mnt/nurvai-data/03/batch_02/SKILL_017_20260128_131642/SKILL_017_20260128_131642_0.mcap
SKILL_017_20260129_093958,station_01_lab,SKILL_017,Put pasta in ziploc bags,N_MORA,2026-01-29T09:39:58Z,2026-01-29T09:40:37Z,39.29,5.03,PASS,FALSE,TOO_SHORT (39.3s),/mnt/nurvai-data/03/batch_02/SKILL_017_20260129_093958/SKILL_017_20260129_093958_0.mcap
SKILL_017_20260129_093336,station_01_lab,SKILL_017,Put pasta in ziploc bags,N_MORA,2026-01-29T09:33:36Z,2026-01-29T09:36:10Z,153.68,4.95,WARNING_DRIFT,TRUE,,/mnt/nurvai-data/03/batch_02/SKILL_017_20260129_093336/SKILL_017_20260129_093336_0.mcap
SKILL_018_20260124_140725,station_01_lab,SKILL_018,Close bags with twist ties,D_VARGAS,2026-01-24T14:07:25Z,2026-01-24T14:10:32Z,187.08,4.59,PASS,TRUE,,/mnt/nurvai-data/03/batch_02/SKILL_018_20260124_140725/SKILL_018_20260124_140725_0.mcap
SKILL_018_20260124_140104,station_01_lab,SKILL_018,Close bags with twist ties,D_VARGAS,2026-01-24T14:01:04Z,2026-01-24T14:05:09Z,245.70,4.47,PASS,TRUE,,/mnt/nurvai-data/03/batch_02/SKILL_018_20260124_140104/SKILL_018_20260124_140104_0.mcap
SKILL_018_20260126_101151,station_01_lab,SKILL_018,Close bags with twist ties,H_ALCARAZ,2026-01-26T10:11:51Z,2026-01-26T10:16:33Z,281.97,4.70,PASS,TRUE,,/mnt/nurvai-data/03/batch_02/SKILL_018_20260126_101151/SKILL_018_20260126_101151_0.mcap
SKILL_018_20260126_101752,station_01_lab,SKILL_018,Close bags with twist ties,H_ALCARAZ,2026-01-26T10:17:52Z,2026-01-26T10:21:25Z,213.04,4.58,PASS,TRUE,,/mnt/nurvai-data/03/batch_02/SKILL_018_20260126_101752/SKILL_018_20260126_101752_0.mcap
SKILL_018_20260127_094714,station_01_lab,SKILL_018,Close bags with twist ties,C_BECERRA,2026-01-27T09:47:14Z,2026-01-27T09:47:53Z,38.81,6.33,PASS,FALSE,TOO_SHORT (38.8s),/mnt/nurvai-data/03/batch_02/SKILL_018_20260127_094714/SKILL_018_20260127_094714_0.mcap
SKILL_018_20260127_145207,station_01_lab,SKILL_018,Close bags with twist ties,E_MARTINEZ,2026-01-27T14:52:07Z,2026-01-27T14:56:22Z,255.22,4.54,PASS,TRUE,,/mnt/nurvai-data/03/batch_02/SKILL_018_20260127_145207/SKILL_018_20260127_145207_0.mcap
SKILL_018_20260127_095152,station_01_lab,SKILL_018,Close bags with twist ties,C_BECERRA,2026-01-27T09:51:52Z,2026-01-27T09:53:35Z,102.80,4.78,PASS,TRUE,,/mnt/nurvai-data/03/batch_02/SKILL_018_20260127_095152/SKILL_018_20260127_095152_0.mcap
SKILL_018_20260128_094115,station_01_lab,SKILL_018,Close bags with twist ties,L_AGUILERA,2026-01-28T09:41:15Z,2026-01-28T09:45:27Z,252.02,4.56,PASS,TRUE,,/mnt/nurvai-data/03/batch_02/SKILL_018_20260128_094115/SKILL_018_20260128_094115_0.mcap
SKILL_018_20260128_093512,station_01_lab,SKILL_018,Close bags with twist ties,L_AGUILERA,2026-01-28T09:35:12Z,2026-01-28T09:39:23Z,250.18,4.60,PASS,TRUE,,/mnt/nurvai-data/03/batch_02/SKILL_018_20260128_093512/SKILL_018_20260128_093512_0.mcap
SKILL_018_20260128_132602,station_01_lab,SKILL_018,Close bags with twist ties,E_MARTINEZ,2026-01-28T13:26:02Z,2026-01-28T13:30:01Z,239.58,4.79,PASS,TRUE,,/mnt/nurvai-data/03/batch_02/SKILL_018_20260128_132602/SKILL_018_20260128_132602_0.mcap
SKILL_018_20260128_133154,station_01_lab,SKILL_018,Close bags with twist ties,E_MARTINEZ,2026-01-28T13:31:54Z,2026-01-28T13:35:22Z,207.67,4.67,PASS,TRUE,,/mnt/nurvai-data/03/batch_02/SKILL_018_20260128_133154/SKILL_018_20260128_133154_0.mcap
SKILL_018_20260129_094755,station_01_lab,SKILL_018,Close bags with twist ties,N_MORA,2026-01-29T09:47:55Z,2026-01-29T09:49:55Z,120.39,4.29,PASS,TRUE,,/mnt/nurvai-data/03/batch_02/SKILL_018_20260129_094755/SKILL_018_20260129_094755_0.mcap
SKILL_018_20260129_094137,station_01_lab,SKILL_018,Close bags with twist ties,N_MORA,2026-01-29T09:41:37Z,2026-01-29T09:46:23Z,285.36,4.34,PASS,TRUE,,/mnt/nurvai-data/03/batch_02/SKILL_018_20260129_094137/SKILL_018_20260129_094137_0.mcap
SKILL_018_20260129_100347,station_01_lab,SKILL_018,Close bags with twist ties,N_MORA,2026-01-29T10:03:47Z,2026-01-29T10:06:17Z,149.16,4.34,PASS,TRUE,,/mnt/nurvai-data/03/batch_02/SKILL_018_20260129_100347/SKILL_018_20260129_100347_0.mcap
SKILL_018_20260129_100107,station_01_lab,SKILL_018,Close bags with twist ties,N_MORA,2026-01-29T10:01:07Z,2026-01-29T10:03:09Z,122.84,4.43,PASS,TRUE,,/mnt/nurvai-data/03/batch_02/SKILL_018_20260129_100107/SKILL_018_20260129_100107_0.mcap
SKILL_019_20260124_142110,station_01_lab,SKILL_019,Put pasta in plastic containers,D_VARGAS,2026-01-24T14:21:10Z,2026-01-24T14:24:41Z,211.65,4.78,PASS,TRUE,,/mnt/nurvai-data/03/batch_02/SKILL_019_20260124_142110/SKILL_019_20260124_142110_0.mcap
SKILL_019_20260124_141415,station_01_lab,SKILL_019,Put pasta in plastic containers,D_VARGAS,2026-01-24T14:14:15Z,2026-01-24T14:17:21Z,185.40,4.67,PASS,TRUE,,/mnt/nurvai-data/03/batch_02/SKILL_019_20260124_141415/SKILL_019_20260124_141415_0.mcap
SKILL_019_20260124_142642,station_01_lab,SKILL_019,Put pasta in plastic containers,D_VARGAS,2026-01-24T14:26:42Z,2026-01-24T14:26:59Z,16.59,4.81,PASS,FALSE,TOO_SHORT (16.6s),/mnt/nurvai-data/03/batch_02/SKILL_019_20260124_142642/SKILL_019_20260124_142642_0.mcap
SKILL_019_20260124_142730,station_01_lab,SKILL_019,Put pasta in plastic containers,D_VARGAS,2026-01-24T14:27:30Z,2026-01-24T14:29:09Z,99.48,4.77,PASS,TRUE,,/mnt/nurvai-data/03/batch_02/SKILL_019_20260124_142730/SKILL_019_20260124_142730_0.mcap
SKILL_019_20260126_102520,station_01_lab,SKILL_019,Put pasta in plastic containers,H_ALCARAZ,2026-01-26T10:25:20Z,2026-01-26T10:25:44Z,24.02,5.03,WARNING_DRIFT,FALSE,TOO_SHORT (24.0s),/mnt/nurvai-data/03/batch_02/SKILL_019_20260126_102520/SKILL_019_20260126_102520_0.mcap
SKILL_019_20260126_104010,station_01_lab,SKILL_019,Put pasta in plastic containers,H_ALCARAZ,2026-01-26T10:40:10Z,2026-01-26T10:42:18Z,127.25,5.05,WARNING_DRIFT,TRUE,,/mnt/nurvai-data/03/batch_02/SKILL_019_20260126_104010/SKILL_019_20260126_104010_0.mcap
SKILL_019_20260126_103337,station_01_lab,SKILL_019,Put pasta in plastic containers,H_ALCARAZ,2026-01-26T10:33:37Z,2026-01-26T10:37:48Z,250.98,4.97,PASS,TRUE,,/mnt/nurvai-data/03/batch_02/SKILL_019_20260126_103337/SKILL_019_20260126_103337_0.mcap
SKILL_019_20260127_100242,station_01_lab,SKILL_019,Put pasta in plastic containers,C_BECERRA,2026-01-27T10:02:42Z,2026-01-27T10:06:34Z,232.80,4.70,PASS,TRUE,,/mnt/nurvai-data/03/batch_02/SKILL_019_20260127_100242/SKILL_019_20260127_100242_0.mcap
SKILL_019_20260127_100733,station_01_lab,SKILL_019,Put pasta in plastic containers,C_BECERRA,2026-01-27T10:07:33Z,2026-01-27T10:11:05Z,212.31,4.65,PASS,TRUE,,/mnt/nurvai-data/03/batch_02/SKILL_019_20260127_100733/SKILL_019_20260127_100733_0.mcap
SKILL_019_20260128_095416,station_01_lab,SKILL_019,Put pasta in plastic containers,L_AGUILERA,2026-01-28T09:54:16Z,2026-01-28T09:55:43Z,86.91,3.21,PASS,FALSE,TOO_SHORT (86.9s),/mnt/nurvai-data/03/batch_02/SKILL_019_20260128_095416/SKILL_019_20260128_095416_0.mcap
SKILL_019_20260128_100556,station_01_lab,SKILL_019,Put pasta in plastic containers,L_AGUILERA,2026-01-28T10:05:56Z,2026-01-28T10:06:32Z,36.13,5.19,PASS,FALSE,TOO_SHORT (36.1s),/mnt/nurvai-data/03/batch_02/SKILL_019_20260128_100556/SKILL_019_20260128_100556_0.mcap
SKILL_019_20260128_100134,station_01_lab,SKILL_019,Put pasta in plastic containers,L_AGUILERA,2026-01-28T10:01:34Z,2026-01-28T10:02:31Z,56.15,4.95,PASS,FALSE,TOO_SHORT (56.1s),/mnt/nurvai-data/03/batch_02/SKILL_019_20260128_100134/SKILL_019_20260128_100134_0.mcap
SKILL_019_20260129_100756,station_01_lab,SKILL_019,Put pasta in plastic containers,N_MORA,2026-01-29T10:07:56Z,2026-01-29T10:12:17Z,260.68,4.82,PASS,TRUE,,/mnt/nurvai-data/03/batch_02/SKILL_019_20260129_100756/SKILL_019_20260129_100756_0.mcap
SKILL_019_20260129_101257,station_01_lab,SKILL_019,Put pasta in plastic containers,N_MORA,2026-01-29T10:12:57Z,2026-01-29T10:15:07Z,130.16,4.81,PASS,TRUE,,/mnt/nurvai-data/03/batch_02/SKILL_019_20260129_101257/SKILL_019_20260129_101257_0.mcap
SKILL_020_20260127_101443,station_01_lab,SKILL_020,Open locks with their keys,C_BECERRA,2026-01-27T10:14:43Z,2026-01-27T10:16:23Z,100.37,4.51,PASS,TRUE,,/mnt/nurvai-data/03/batch_02/SKILL_020_20260127_101443/SKILL_020_20260127_101443_0.mcap
SKILL_020_20260127_101724,station_01_lab,SKILL_020,Open locks with their keys,C_BECERRA,2026-01-27T10:17:24Z,2026-01-27T10:19:38Z,133.54,4.49,PASS,TRUE,,/mnt/nurvai-data/03/batch_02/SKILL_020_20260127_101724/SKILL_020_20260127_101724_0.mcap
SKILL_020_20260128_101100,station_01_lab,SKILL_020,Open locks with their keys,L_AGUILERA,2026-01-28T10:11:00Z,2026-01-28T10:12:39Z,99.13,4.65,PASS,TRUE,,/mnt/nurvai-data/03/batch_02/SKILL_020_20260128_101100/SKILL_020_20260128_101100_0.mcap
SKILL_020_20260128_100751,station_01_lab,SKILL_020,Open locks with their keys,L_AGUILERA,2026-01-28T10:07:51Z,2026-01-28T10:10:17Z,145.54,4.56,PASS,TRUE,,/mnt/nurvai-data/03/batch_02/SKILL_020_20260128_100751/SKILL_020_20260128_100751_0.mcap
SKILL_020_20260128_101331,station_01_lab,SKILL_020,Open locks with their keys,L_AGUILERA,2026-01-28T10:13:31Z,2026-01-28T10:15:14Z,103.31,4.45,PASS,TRUE,,/mnt/nurvai-data/03/batch_02/SKILL_020_20260128_101331/SKILL_020_20260128_101331_0.mcap
SKILL_020_20260128_102006,station_01_lab,SKILL_020,Open locks with their keys,L_AGUILERA,2026-01-28T10:20:06Z,2026-01-28T10:20:07Z,0.20,7.30,PASS,FALSE,TOO_SHORT (0.2s),/mnt/nurvai-data/03/batch_02/SKILL_020_20260128_102006/SKILL_020_20260128_102006_0.mcap
SKILL_020_20260128_101710,station_01_lab,SKILL_020,Open locks with their keys,L_AGUILERA,2026-01-28T10:17:10Z,2026-01-28T10:20:06Z,175.22,4.57,PASS,TRUE,,/mnt/nurvai-data/03/batch_02/SKILL_020_20260128_101710/SKILL_020_20260128_101710_0.mcap
SKILL_021_20260124_143045,station_01_lab,SKILL_021,Build Up Box (Mailer),D_VARGAS,2026-01-24T14:30:45Z,2026-01-24T14:35:18Z,273.76,4.48,PASS,TRUE,,/mnt/nurvai-data/03/batch_02/SKILL_021_20260124_143045/SKILL_021_20260124_143045_0.mcap
SKILL_021_20260124_143636,station_01_lab,SKILL_021,Build Up Box (Mailer),D_VARGAS,2026-01-24T14:36:36Z,2026-01-24T14:39:30Z,173.60,4.45,PASS,TRUE,,/mnt/nurvai-data/03/batch_02/SKILL_021_20260124_143636/SKILL_021_20260124_143636_0.mcap
SKILL_021_20260126_111156,station_01_lab,SKILL_021,Build Up Box (Mailer),D_VARGAS,2026-01-26T11:11:56Z,2026-01-26T11:16:36Z,279.27,4.68,PASS,TRUE,,/mnt/nurvai-data/03/batch_02/SKILL_021_20260126_111156/SKILL_021_20260126_111156_0.mcap
SKILL_021_20260126_111842,station_01_lab,SKILL_021,Build Up Box (Mailer),D_VARGAS,2026-01-26T11:18:42Z,2026-01-26T11:22:20Z,217.81,4.68,PASS,TRUE,,/mnt/nurvai-data/03/batch_02/SKILL_021_20260126_111842/SKILL_021_20260126_111842_0.mcap
SKILL_021_20260127_103111,station_01_lab,SKILL_021,Build Up Box (Mailer),C_BECERRA,2026-01-27T10:31:11Z,2026-01-27T10:36:32Z,320.59,4.46,PASS,TRUE,,/mnt/nurvai-data/03/batch_02/SKILL_021_20260127_103111/SKILL_021_20260127_103111_0.mcap
SKILL_021_20260127_102600,station_01_lab,SKILL_021,Build Up Box (Mailer),C_BECERRA,2026-01-27T10:26:00Z,2026-01-27T10:30:29Z,269.70,4.64,PASS,TRUE,,/mnt/nurvai-data/03/batch_02/SKILL_021_20260127_102600/SKILL_021_20260127_102600_0.mcap
SKILL_021_20260128_102300,station_01_lab,SKILL_021,Build Up Box (Mailer),L_AGUILERA,2026-01-28T10:23:00Z,2026-01-28T10:25:12Z,132.45,3.54,PASS,TRUE,,/mnt/nurvai-data/03/batch_02/SKILL_021_20260128_102300/SKILL_021_20260128_102300_0.mcap
SKILL_021_20260129_102045,station_01_lab,SKILL_021,Build Up Box (Mailer),N_MORA,2026-01-29T10:20:45Z,2026-01-29T10:25:46Z,300.68,4.30,PASS,TRUE,,/mnt/nurvai-data/03/batch_02/SKILL_021_20260129_102045/SKILL_021_20260129_102045_0.mcap
SKILL_022_20260124_144210,station_01_lab,SKILL_022,Build Up Box (Regular ECT),D_VARGAS,2026-01-24T14:42:10Z,2026-01-24T14:43:35Z,84.70,4.35,PASS,FALSE,TOO_SHORT (84.7s),/mnt/nurvai-data/03/batch_02/SKILL_022_20260124_144210/SKILL_022_20260124_144210_0.mcap
SKILL_022_20260124_144409,station_01_lab,SKILL_022,Build Up Box (Regular ECT),D_VARGAS,2026-01-24T14:44:09Z,2026-01-24T14:44:12Z,2.74,3.59,PASS,FALSE,TOO_SHORT (2.7s),/mnt/nurvai-data/03/batch_02/SKILL_022_20260124_144409/SKILL_022_20260124_144409_0.mcap
SKILL_022_20260124_144818,station_01_lab,SKILL_022,Build Up Box (Regular ECT),D_VARGAS,2026-01-24T14:48:18Z,2026-01-24T14:49:49Z,90.85,4.42,PASS,TRUE,,/mnt/nurvai-data/03/batch_02/SKILL_022_20260124_144818/SKILL_022_20260124_144818_0.mcap
SKILL_022_20260126_112502,station_01_lab,SKILL_022,Build Up Box (Regular ECT),D_VARGAS,2026-01-26T11:25:02Z,2026-01-26T11:26:01Z,58.88,4.72,WARNING_DRIFT,FALSE,TOO_SHORT (58.9s),/mnt/nurvai-data/03/batch_02/SKILL_022_20260126_112502/SKILL_022_20260126_112502_0.mcap
SKILL_022_20260127_104537,station_01_lab,SKILL_022,Build Up Box (Regular ECT),C_BECERRA,2026-01-27T10:45:37Z,2026-01-27T10:46:39Z,62.43,4.57,PASS,FALSE,TOO_SHORT (62.4s),/mnt/nurvai-data/03/batch_02/SKILL_022_20260127_104537/SKILL_022_20260127_104537_0.mcap
SKILL_022_20260127_104727,station_01_lab,SKILL_022,Build Up Box (Regular ECT),C_BECERRA,2026-01-27T10:47:27Z,2026-01-27T10:48:43Z,75.84,4.67,PASS,FALSE,TOO_SHORT (75.8s),/mnt/nurvai-data/03/batch_02/SKILL_022_20260127_104727/SKILL_022_20260127_104727_0.mcap
SKILL_022_20260127_110615,station_01_lab,SKILL_022,Build Up Box (Regular ECT),N_MORA,2026-01-27T11:06:15Z,2026-01-27T11:07:25Z,69.80,4.60,PASS,FALSE,TOO_SHORT (69.8s),/mnt/nurvai-data/03/batch_02/SKILL_022_20260127_110615/SKILL_022_20260127_110615_0.mcap
SKILL_022_20260127_104918,station_01_lab,SKILL_022,Build Up Box (Regular ECT),C_BECERRA,2026-01-27T10:49:18Z,2026-01-27T10:50:29Z,71.07,4.46,PASS,FALSE,TOO_SHORT (71.1s),/mnt/nurvai-data/03/batch_02/SKILL_022_20260127_104918/SKILL_022_20260127_104918_0.mcap
SKILL_022_20260127_111430,station_01_lab,SKILL_022,Build Up Box (Regular ECT),N_MORA,2026-01-27T11:14:30Z,2026-01-27T11:15:27Z,57.30,4.38,PASS,FALSE,TOO_SHORT (57.3s),/mnt/nurvai-data/03/batch_02/SKILL_022_20260127_111430/SKILL_022_20260127_111430_0.mcap
SKILL_022_20260127_111240,station_01_lab,SKILL_022,Build Up Box (Regular ECT),N_MORA,2026-01-27T11:12:40Z,2026-01-27T11:13:50Z,69.93,4.34,PASS,FALSE,TOO_SHORT (69.9s),/mnt/nurvai-data/03/batch_02/SKILL_022_20260127_111240/SKILL_022_20260127_111240_0.mcap
SKILL_022_20260128_102823,station_01_lab,SKILL_022,Build Up Box (Regular ECT),L_AGUILERA,2026-01-28T10:28:23Z,2026-01-28T10:29:37Z,73.38,4.51,PASS,FALSE,TOO_SHORT (73.4s),/mnt/nurvai-data/03/batch_02/SKILL_022_20260128_102823/SKILL_022_20260128_102823_0.mcap
SKILL_022_20260128_103413,station_01_lab,SKILL_022,Build Up Box (Regular ECT),L_AGUILERA,2026-01-28T10:34:13Z,2026-01-28T10:35:04Z,51.14,4.45,PASS,FALSE,TOO_SHORT (51.1s),/mnt/nurvai-data/03/batch_02/SKILL_022_20260128_103413/SKILL_022_20260128_103413_0.mcap
SKILL_022_20260128_103215,station_01_lab,SKILL_022,Build Up Box (Regular ECT),L_AGUILERA,2026-01-28T10:32:15Z,2026-01-28T10:33:29Z,73.57,4.46,PASS,FALSE,TOO_SHORT (73.6s),/mnt/nurvai-data/03/batch_02/SKILL_022_20260128_103215/SKILL_022_20260128_103215_0.mcap
SKILL_022_20260128_134459,station_01_lab,SKILL_022,Build Up Box (Regular ECT),E_MARTINEZ,2026-01-28T13:44:59Z,2026-01-28T13:46:01Z,61.77,4.70,PASS,FALSE,TOO_SHORT (61.8s),/mnt/nurvai-data/03/batch_02/SKILL_022_20260128_134459/SKILL_022_20260128_134459_0.mcap
SKILL_022_20260128_134804,station_01_lab,SKILL_022,Build Up Box (Regular ECT),E_MARTINEZ,2026-01-28T13:48:04Z,2026-01-28T13:48:58Z,54.00,4.65,PASS,FALSE,TOO_SHORT (54.0s),/mnt/nurvai-data/03/batch_02/SKILL_022_20260128_134804/SKILL_022_20260128_134804_0.mcap
SKILL_022_20260128_135211,station_01_lab,SKILL_022,Build Up Box (Regular ECT),E_MARTINEZ,2026-01-28T13:52:11Z,2026-01-28T13:52:57Z,45.88,4.58,PASS,FALSE,TOO_SHORT (45.9s),/mnt/nurvai-data/03/batch_02/SKILL_022_20260128_135211/SKILL_022_20260128_135211_0.mcap
SKILL_022_20260128_135521,station_01_lab,SKILL_022,Build Up Box (Regular ECT),E_MARTINEZ,2026-01-28T13:55:21Z,2026-01-28T13:56:38Z,77.08,4.77,PASS,FALSE,TOO_SHORT (77.1s),/mnt/nurvai-data/03/batch_02/SKILL_022_20260128_135521/SKILL_022_20260128_135521_0.mcap
SKILL_022_20260128_135715,station_01_lab,SKILL_022,Build Up Box (Regular ECT),E_MARTINEZ,2026-01-28T13:57:15Z,2026-01-28T13:58:36Z,80.73,4.84,PASS,FALSE,TOO_SHORT (80.7s),/mnt/nurvai-data/03/batch_02/SKILL_022_20260128_135715/SKILL_022_20260128_135715_0.mcap
SKILL_022_20260129_102800,station_01_lab,SKILL_022,Build Up Box (Regular ECT),N_MORA,2026-01-29T10:28:00Z,2026-01-29T10:28:40Z,39.87,3.85,PASS,FALSE,TOO_SHORT (39.9s),/mnt/nurvai-data/03/batch_02/SKILL_022_20260129_102800/SKILL_022_20260129_102800_0.mcap
SKILL_022_20260129_103212,station_01_lab,SKILL_022,Build Up Box (Regular ECT),L_AGUILERA,2026-01-29T10:32:12Z,2026-01-29T10:33:34Z,81.16,4.37,PASS,FALSE,TOO_SHORT (81.2s),/mnt/nurvai-data/03/batch_02/SKILL_022_20260129_103212/SKILL_022_20260129_103212_0.mcap
SKILL_022_20260129_103027,station_01_lab,SKILL_022,Build Up Box (Regular ECT),L_AGUILERA,2026-01-29T10:30:27Z,2026-01-29T10:31:39Z,72.35,4.53,PASS,FALSE,TOO_SHORT (72.4s),/mnt/nurvai-data/03/batch_02/SKILL_022_20260129_103027/SKILL_022_20260129_103027_0.mcap
SKILL_022_20260129_103351,station_01_lab,SKILL_022,Build Up Box (Regular ECT),L_AGUILERA,2026-01-29T10:33:51Z,2026-01-29T10:34:48Z,57.27,4.42,PASS,FALSE,TOO_SHORT (57.3s),/mnt/nurvai-data/03/batch_02/SKILL_022_20260129_103351/SKILL_022_20260129_103351_0.mcap
SKILL_022_20260129_103504,station_01_lab,SKILL_022,Build Up Box (Regular ECT),L_AGUILERA,2026-01-29T10:35:04Z,2026-01-29T10:36:01Z,57.66,4.48,PASS,FALSE,TOO_SHORT (57.7s),/mnt/nurvai-data/03/batch_02/SKILL_022_20260129_103504/SKILL_022_20260129_103504_0.mcap
SKILL_022_20260129_103623,station_01_lab,SKILL_022,Build Up Box (Regular ECT),L_AGUILERA,2026-01-29T10:36:23Z,2026-01-29T10:37:10Z,47.33,4.30,PASS,FALSE,TOO_SHORT (47.3s),/mnt/nurvai-data/03/batch_02/SKILL_022_20260129_103623/SKILL_022_20260129_103623_0.mcap
SKILL_022_20260129_103732,station_01_lab,SKILL_022,Build Up Box (Regular ECT),L_AGUILERA,2026-01-29T10:37:32Z,2026-01-29T10:38:19Z,47.42,4.29,PASS,FALSE,TOO_SHORT (47.4s),/mnt/nurvai-data/03/batch_02/SKILL_022_20260129_103732/SKILL_022_20260129_103732_0.mcap
SKILL_023_20260124_145507,station_01_lab,SKILL_023,Built up box (Present),D_VARGAS,2026-01-24T14:55:07Z,2026-01-24T14:55:43Z,35.95,4.70,PASS,FALSE,TOO_SHORT (35.9s),/mnt/nurvai-data/03/batch_02/SKILL_023_20260124_145507/SKILL_023_20260124_145507_0.mcap
SKILL_023_20260124_145127,station_01_lab,SKILL_023,Built up box (Present),D_VARGAS,2026-01-24T14:51:27Z,2026-01-24T14:53:54Z,147.00,4.60,PASS,TRUE,,/mnt/nurvai-data/03/batch_02/SKILL_023_20260124_145127/SKILL_023_20260124_145127_0.mcap
SKILL_023_20260127_103959,station_01_lab,SKILL_023,Built up box (Present),C_BECERRA,2026-01-27T10:39:59Z,2026-01-27T10:40:58Z,58.29,4.52,PASS,FALSE,TOO_SHORT (58.3s),/mnt/nurvai-data/03/batch_02/SKILL_023_20260127_103959/SKILL_023_20260127_103959_0.mcap
SKILL_023_20260127_105149,station_01_lab,SKILL_023,Built up box (Present),C_BECERRA,2026-01-27T10:51:49Z,2026-01-27T10:53:48Z,119.37,4.58,PASS,TRUE,,/mnt/nurvai-data/03/batch_02/SKILL_023_20260127_105149/SKILL_023_20260127_105149_0.mcap
SKILL_023_20260127_110250,station_01_lab,SKILL_023,Built up box (Present),N_MORA,2026-01-27T11:02:50Z,2026-01-27T11:04:14Z,83.93,4.72,PASS,FALSE,TOO_SHORT (83.9s),/mnt/nurvai-data/03/batch_02/SKILL_023_20260127_110250/SKILL_023_20260127_110250_0.mcap
SKILL_023_20260129_104156,station_01_lab,SKILL_023,Built up box (Present),L_AGUILERA,2026-01-29T10:41:56Z,2026-01-29T10:43:23Z,86.96,4.68,PASS,FALSE,TOO_SHORT (87.0s),/mnt/nurvai-data/03/batch_02/SKILL_023_20260129_104156/SKILL_023_20260129_104156_0.mcap
SKILL_023_20260129_103911,station_01_lab,SKILL_023,Built up box (Present),L_AGUILERA,2026-01-29T10:39:11Z,2026-01-29T10:41:25Z,133.55,4.55,PASS,TRUE,,/mnt/nurvai-data/03/batch_02/SKILL_023_20260129_103911/SKILL_023_20260129_103911_0.mcap
SKILL_023_20260129_104744,station_01_lab,SKILL_023,Built up box (Present),L_AGUILERA,2026-01-29T10:47:44Z,2026-01-29T10:48:52Z,67.58,4.58,PASS,FALSE,TOO_SHORT (67.6s),/mnt/nurvai-data/03/batch_02/SKILL_023_20260129_104744/SKILL_023_20260129_104744_0.mcap
SKILL_023_20260129_104349,station_01_lab,SKILL_023,Built up box (Present),L_AGUILERA,2026-01-29T10:43:49Z,2026-01-29T10:45:41Z,112.11,4.56,PASS,TRUE,,/mnt/nurvai-data/03/batch_02/SKILL_023_20260129_104349/SKILL_023_20260129_104349_0.mcap
SKILL_023_20260129_105016,station_01_lab,SKILL_023,Built up box (Present),L_AGUILERA,2026-01-29T10:50:16Z,2026-01-29T10:52:46Z,150.47,5.22,WARNING_DRIFT,TRUE,,/mnt/nurvai-data/03/batch_02/SKILL_023_20260129_105016/SKILL_023_20260129_105016_0.mcap
SKILL_023_20260129_105801,station_01_lab,SKILL_023,Built up box (Present),L_AGUILERA,2026-01-29T10:58:01Z,2026-01-29T10:59:07Z,66.25,5.01,PASS,FALSE,TOO_SHORT (66.2s),/mnt/nurvai-data/03/batch_02/SKILL_023_20260129_105801/SKILL_023_20260129_105801_0.mcap
SKILL_023_20260129_105334,station_01_lab,SKILL_023,Built up box (Present),L_AGUILERA,2026-01-29T10:53:34Z,2026-01-29T10:56:29Z,175.45,5.24,WARNING_DRIFT,TRUE,,/mnt/nurvai-data/03/batch_02/SKILL_023_20260129_105334/SKILL_023_20260129_105334_0.mcap
SKILL_024_20260126_122535,station_01_lab,SKILL_024,Put hooks on shower courtain,E_MARTINEZ,2026-01-26T12:25:35Z,2026-01-26T12:28:48Z,193.10,4.60,PASS,TRUE,,/mnt/nurvai-data/03/batch_02/SKILL_024_20260126_122535/SKILL_024_20260126_122535_0.mcap
SKILL_024_20260126_122024,station_01_lab,SKILL_024,Put hooks on shower courtain,E_MARTINEZ,2026-01-26T12:20:24Z,2026-01-26T12:24:02Z,218.08,4.70,WARNING_DRIFT,TRUE,,/mnt/nurvai-data/03/batch_02/SKILL_024_20260126_122024/SKILL_024_20260126_122024_0.mcap
SKILL_024_20260128_103913,station_01_lab,SKILL_024,Put hooks on shower courtain,L_AGUILERA,2026-01-28T10:39:13Z,2026-01-28T10:43:14Z,241.14,4.00,PASS,TRUE,,/mnt/nurvai-data/03/batch_02/SKILL_024_20260128_103913/SKILL_024_20260128_103913_0.mcap
SKILL_024_20260128_140737,station_01_lab,SKILL_024,Put hooks on shower courtain,E_MARTINEZ,2026-01-28T14:07:37Z,2026-01-28T14:09:59Z,142.05,4.68,PASS,TRUE,,/mnt/nurvai-data/03/batch_02/SKILL_024_20260128_140737/SKILL_024_20260128_140737_0.mcap
SKILL_024_20260128_140316,station_01_lab,SKILL_024,Put hooks on shower courtain,E_MARTINEZ,2026-01-28T14:03:16Z,2026-01-28T14:06:26Z,190.68,4.92,PASS,TRUE,,/mnt/nurvai-data/03/batch_02/SKILL_024_20260128_140316/SKILL_024_20260128_140316_0.mcap
SKILL_003_20260130_071330,station_01_lab,SKILL_003,Organize screwdriver bits,L_AGUILERA,2026-01-30T07:13:31Z,2026-01-30T07:17:27Z,236.72,36.78,PASS,TRUE,,/mnt/nurvai-data/03/batch_03/SKILL_003_20260130_071330/SKILL_003_20260130_071330_0.mcap
SKILL_003_20260130_071804,station_01_lab,SKILL_003,Organize screwdriver bits,L_AGUILERA,2026-01-30T07:18:04Z,2026-01-30T07:21:08Z,183.46,27.51,PASS,TRUE,,/mnt/nurvai-data/03/batch_03/SKILL_003_20260130_071804/SKILL_003_20260130_071804_0.mcap
SKILL_001_20260130_121112,station_01_lab,SKILL_001,Organize beads per color,C_BECERRA,2026-01-30T12:11:12Z,2026-01-30T12:23:52Z,759.27,33.48,PASS,TRUE,,/mnt/nurvai-data/03/batch_03/SKILL_001_20260130_121112/SKILL_001_20260130_121112_0.mcap
SKILL_003_20260130_072144,station_01_lab,SKILL_003,Organize screwdriver bits,L_AGUILERA,2026-01-30T07:21:44Z,2026-01-30T07:24:40Z,175.81,37.42,PASS,TRUE,,/mnt/nurvai-data/03/batch_03/SKILL_003_20260130_072144/SKILL_003_20260130_072144_0.mcap
SKILL_004_20260129_122317,station_01_lab,SKILL_004,Set Screwdriver package,D_VARGAS,2026-01-29T12:23:18Z,2026-01-29T12:23:39Z,21.16,36.09,PASS,FALSE,TOO_SHORT (21.2s),/mnt/nurvai-data/03/batch_03/SKILL_004_20260129_122317/SKILL_004_20260129_122317_0.mcap
SKILL_004_20260130_072604,station_01_lab,SKILL_004,Set Screwdriver package,L_AGUILERA,2026-01-30T07:26:04Z,2026-01-30T07:27:39Z,94.72,37.89,PASS,TRUE,,/mnt/nurvai-data/03/batch_03/SKILL_004_20260130_072604/SKILL_004_20260130_072604_0.mcap
SKILL_003_20260130_123251,station_01_lab,SKILL_003,Organize screwdriver bits,C_BECERRA,2026-01-30T12:32:52Z,2026-01-30T12:42:32Z,580.26,36.49,PASS,TRUE,,/mnt/nurvai-data/03/batch_03/SKILL_003_20260130_123251/SKILL_003_20260130_123251_0.mcap
SKILL_004_20260130_072757,station_01_lab,SKILL_004,Set Screwdriver package,L_AGUILERA,2026-01-30T07:27:58Z,2026-01-30T07:29:39Z,101.46,37.61,PASS,TRUE,,/mnt/nurvai-data/03/batch_03/SKILL_004_20260130_072757/SKILL_004_20260130_072757_0.mcap
SKILL_004_20260130_073506,station_01_lab,SKILL_004,Set Screwdriver package,L_AGUILERA,2026-01-30T07:35:06Z,2026-01-30T07:36:56Z,110.05,34.84,PASS,TRUE,,/mnt/nurvai-data/03/batch_03/SKILL_004_20260130_073506/SKILL_004_20260130_073506_0.mcap
SKILL_004_20260130_124731,station_01_lab,SKILL_004,Set Screwdriver package,C_BECERRA,2026-01-30T12:47:31Z,2026-01-30T12:51:30Z,239.88,38.26,PASS,TRUE,,/mnt/nurvai-data/03/batch_03/SKILL_004_20260130_124731/SKILL_004_20260130_124731_0.mcap
SKILL_005_20260129_140450,station_01_lab,SKILL_005,Insert allen keys in package,D_VARGAS,2026-01-29T14:04:50Z,2026-01-29T14:07:15Z,145.84,35.15,PASS,TRUE,,/mnt/nurvai-data/03/batch_03/SKILL_005_20260129_140450/SKILL_005_20260129_140450_0.mcap
SKILL_005_20260130_074227,station_01_lab,SKILL_005,Insert allen keys in package,L_AGUILERA,2026-01-30T07:42:27Z,2026-01-30T07:45:27Z,179.75,34.75,PASS,TRUE,,/mnt/nurvai-data/03/batch_03/SKILL_005_20260130_074227/SKILL_005_20260130_074227_0.mcap
SKILL_005_20260130_073936,station_01_lab,SKILL_005,Insert allen keys in package,L_AGUILERA,2026-01-30T07:39:37Z,2026-01-30T07:41:46Z,129.40,37.94,PASS,TRUE,,/mnt/nurvai-data/03/batch_03/SKILL_005_20260130_073936/SKILL_005_20260130_073936_0.mcap
SKILL_008_20260129_140155,station_01_lab,SKILL_008,Separate tongue depressors by type,E_MARTINEZ,2026-01-29T14:01:55Z,2026-01-29T14:02:00Z,4.42,35.48,PASS,FALSE,TOO_SHORT (4.4s),/mnt/nurvai-data/03/batch_03/SKILL_008_20260129_140155/SKILL_008_20260129_140155_0.mcap
SKILL_009_20260130_081428,station_01_lab,SKILL_009,Package Cotton set,L_AGUILERA,2026-01-30T08:14:28Z,2026-01-30T08:17:03Z,155.10,36.58,PASS,TRUE,,/mnt/nurvai-data/03/batch_03/SKILL_009_20260130_081428/SKILL_009_20260130_081428_0.mcap
SKILL_007_20260130_075001,station_01_lab,SKILL_007,Separate tongue depressors by color,L_AGUILERA,2026-01-30T07:50:01Z,2026-01-30T07:58:05Z,484.31,38.54,PASS,TRUE,,/mnt/nurvai-data/03/batch_03/SKILL_007_20260130_075001/SKILL_007_20260130_075001_0.mcap
SKILL_010_20260130_082618,station_01_lab,SKILL_010,Package earphones,L_AGUILERA,2026-01-30T08:26:18Z,2026-01-30T08:29:14Z,175.96,37.11,PASS,TRUE,,/mnt/nurvai-data/03/batch_03/SKILL_010_20260130_082618/SKILL_010_20260130_082618_0.mcap
SKILL_010_20260130_083025,station_01_lab,SKILL_010,Package earphones,L_AGUILERA,2026-01-30T08:30:25Z,2026-01-30T08:33:53Z,208.20,37.67,PASS,TRUE,,/mnt/nurvai-data/03/batch_03/SKILL_010_20260130_083025/SKILL_010_20260130_083025_0.mcap
SKILL_012_20260130_083809,station_01_lab,SKILL_012,Put pasta in jars,L_AGUILERA,2026-01-30T08:38:09Z,2026-01-30T08:40:35Z,146.75,37.10,PASS,TRUE,,/mnt/nurvai-data/03/batch_03/SKILL_012_20260130_083809/SKILL_012_20260130_083809_0.mcap
SKILL_012_20260130_084110,station_01_lab,SKILL_012,Put pasta in jars,L_AGUILERA,2026-01-30T08:41:10Z,2026-01-30T08:43:09Z,119.55,36.79,PASS,TRUE,,/mnt/nurvai-data/03/batch_03/SKILL_012_20260130_084110/SKILL_012_20260130_084110_0.mcap
SKILL_012_20260130_084346,station_01_lab,SKILL_012,Put pasta in jars,L_AGUILERA,2026-01-30T08:43:46Z,2026-01-30T08:45:09Z,82.48,37.02,PASS,FALSE,TOO_SHORT (82.5s),/mnt/nurvai-data/03/batch_03/SKILL_012_20260130_084346/SKILL_012_20260130_084346_0.mcap
SKILL_014_20260130_085818,station_01_lab,SKILL_014,Fasten nuts onto bolts,L_AGUILERA,2026-01-30T08:58:19Z,2026-01-30T09:03:38Z,319.51,31.92,PASS,TRUE,,/mnt/nurvai-data/03/batch_03/SKILL_014_20260130_085818/SKILL_014_20260130_085818_0.mcap
SKILL_013_20260130_084957,station_01_lab,SKILL_013,Set up a hand lamp,L_AGUILERA,2026-01-30T08:49:57Z,2026-01-30T08:53:04Z,186.28,35.14,PASS,TRUE,,/mnt/nurvai-data/03/batch_03/SKILL_013_20260130_084957/SKILL_013_20260130_084957_0.mcap
SKILL_014_20260130_090650,station_01_lab,SKILL_014,Fasten nuts onto bolts,L_AGUILERA,2026-01-30T09:06:50Z,2026-01-30T09:09:13Z,143.24,35.18,PASS,TRUE,,/mnt/nurvai-data/03/batch_03/SKILL_014_20260130_090650/SKILL_014_20260130_090650_0.mcap
SKILL_015_20260130_091246,station_01_lab,SKILL_015,Thread a needle,L_AGUILERA,2026-01-30T09:12:46Z,2026-01-30T09:16:18Z,211.84,35.68,PASS,TRUE,,/mnt/nurvai-data/03/batch_03/SKILL_015_20260130_091246/SKILL_015_20260130_091246_0.mcap
SKILL_015_20260130_091944,station_01_lab,SKILL_015,Thread a needle,L_AGUILERA,2026-01-30T09:19:44Z,2026-01-30T09:22:58Z,193.42,37.05,PASS,TRUE,,/mnt/nurvai-data/03/batch_03/SKILL_015_20260130_091944/SKILL_015_20260130_091944_0.mcap
SKILL_015_20260130_092347,station_01_lab,SKILL_015,Thread a needle,L_AGUILERA,2026-01-30T09:23:47Z,2026-01-30T09:26:50Z,182.96,37.13,PASS,TRUE,,/mnt/nurvai-data/03/batch_03/SKILL_015_20260130_092347/SKILL_015_20260130_092347_0.mcap
SKILL_016_20260129_141011,station_01_lab,SKILL_016,Package a sewing set,D_VARGAS,2026-01-29T14:10:11Z,2026-01-29T14:13:10Z,179.28,37.82,PASS,TRUE,,/mnt/nurvai-data/03/batch_03/SKILL_016_20260129_141011/SKILL_016_20260129_141011_0.mcap
SKILL_016_20260129_143156,station_01_lab,SKILL_016,Package a sewing set,D_VARGAS,2026-01-29T14:31:57Z,2026-01-29T14:33:13Z,76.63,36.32,PASS,FALSE,TOO_SHORT (76.6s),/mnt/nurvai-data/03/batch_03/SKILL_016_20260129_143156/SKILL_016_20260129_143156_0.mcap
SKILL_016_20260129_144535,station_01_lab,SKILL_016,Package a sewing set,D_VARGAS,2026-01-29T14:45:35Z,2026-01-29T14:46:42Z,67.32,37.13,PASS,FALSE,TOO_SHORT (67.3s),/mnt/nurvai-data/03/batch_03/SKILL_016_20260129_144535/SKILL_016_20260129_144535_0.mcap
SKILL_016_20260130_093451,station_01_lab,SKILL_016,Package a sewing set,L_AGUILERA,2026-01-30T09:34:51Z,2026-01-30T09:36:00Z,69.78,38.05,PASS,FALSE,TOO_SHORT (69.8s),/mnt/nurvai-data/03/batch_03/SKILL_016_20260130_093451/SKILL_016_20260130_093451_0.mcap
SKILL_016_20260130_093128,station_01_lab,SKILL_016,Package a sewing set,L_AGUILERA,2026-01-30T09:31:29Z,2026-01-30T09:33:51Z,142.54,38.21,PASS,TRUE,,/mnt/nurvai-data/03/batch_03/SKILL_016_20260130_093128/SKILL_016_20260130_093128_0.mcap
SKILL_016_20260130_094355,station_01_lab,SKILL_016,Package a sewing set,L_AGUILERA,2026-01-30T09:43:55Z,2026-01-30T09:46:11Z,135.87,37.93,PASS,TRUE,,/mnt/nurvai-data/03/batch_03/SKILL_016_20260130_094355/SKILL_016_20260130_094355_0.mcap
SKILL_016_20260130_094033,station_01_lab,SKILL_016,Package a sewing set,L_AGUILERA,2026-01-30T09:40:33Z,2026-01-30T09:43:01Z,147.65,37.92,PASS,TRUE,,/mnt/nurvai-data/03/batch_03/SKILL_016_20260130_094033/SKILL_016_20260130_094033_0.mcap
SKILL_016_20260130_094659,station_01_lab,SKILL_016,Package a sewing set,L_AGUILERA,2026-01-30T09:46:59Z,2026-01-30T09:49:57Z,178.69,37.83,PASS,TRUE,,/mnt/nurvai-data/03/batch_03/SKILL_016_20260130_094659/SKILL_016_20260130_094659_0.mcap
SKILL_017_20260130_095136,station_01_lab,SKILL_017,Put pasta in ziploc bags,L_AGUILERA,2026-01-30T09:51:36Z,2026-01-30T09:57:17Z,341.66,36.43,PASS,TRUE,,/mnt/nurvai-data/03/batch_03/SKILL_017_20260130_095136/SKILL_017_20260130_095136_0.mcap
SKILL_017_20260130_095903,station_01_lab,SKILL_017,Put pasta in ziploc bags,L_AGUILERA,2026-01-30T09:59:03Z,2026-01-30T09:59:18Z,14.91,37.85,PASS,FALSE,TOO_SHORT (14.9s),/mnt/nurvai-data/03/batch_03/SKILL_017_20260130_095903/SKILL_017_20260130_095903_0.mcap
SKILL_017_20260130_095722,station_01_lab,SKILL_017,Put pasta in ziploc bags,L_AGUILERA,2026-01-30T09:57:22Z,2026-01-30T09:58:04Z,41.13,36.74,PASS,FALSE,TOO_SHORT (41.1s),/mnt/nurvai-data/03/batch_03/SKILL_017_20260130_095722/SKILL_017_20260130_095722_0.mcap
SKILL_017_20260130_100145,station_01_lab,SKILL_017,Put pasta in ziploc bags,L_AGUILERA,2026-01-30T10:01:45Z,2026-01-30T10:05:57Z,252.18,36.27,PASS,TRUE,,/mnt/nurvai-data/03/batch_03/SKILL_017_20260130_100145/SKILL_017_20260130_100145_0.mcap
SKILL_017_20260130_101330,station_01_lab,SKILL_017,Put pasta in ziploc bags,L_AGUILERA,2026-01-30T10:13:30Z,2026-01-30T10:16:34Z,183.19,37.51,PASS,TRUE,,/mnt/nurvai-data/03/batch_03/SKILL_017_20260130_101330/SKILL_017_20260130_101330_0.mcap
SKILL_019_20260129_101742,station_01_lab,SKILL_019,Put pasta in plastic containers,D_VARGAS,2026-01-29T10:17:43Z,2026-01-29T10:19:02Z,78.88,35.50,PASS,FALSE,TOO_SHORT (78.9s),/mnt/nurvai-data/03/batch_03/SKILL_019_20260129_101742/SKILL_019_20260129_101742_0.mcap
SKILL_018_20260130_101905,station_01_lab,SKILL_018,Close bags with twist ties,L_AGUILERA,2026-01-30T10:19:05Z,2026-01-30T10:22:05Z,179.50,36.93,PASS,TRUE,,/mnt/nurvai-data/03/batch_03/SKILL_018_20260130_101905/SKILL_018_20260130_101905_0.mcap
SKILL_019_20260129_101952,station_01_lab,SKILL_019,Put pasta in plastic containers,D_VARGAS,2026-01-29T10:19:52Z,2026-01-29T10:24:03Z,251.12,35.28,PASS,TRUE,,/mnt/nurvai-data/03/batch_03/SKILL_019_20260129_101952/SKILL_019_20260129_101952_0.mcap
SKILL_019_20260129_102836,station_01_lab,SKILL_019,Put pasta in plastic containers,D_VARGAS,2026-01-29T10:28:37Z,2026-01-29T10:30:40Z,123.06,37.02,PASS,TRUE,,/mnt/nurvai-data/03/batch_03/SKILL_019_20260129_102836/SKILL_019_20260129_102836_0.mcap
SKILL_019_20260129_103219,station_01_lab,SKILL_019,Put pasta in plastic containers,D_VARGAS,2026-01-29T10:32:20Z,2026-01-29T10:33:47Z,86.50,35.17,PASS,FALSE,TOO_SHORT (86.5s),/mnt/nurvai-data/03/batch_03/SKILL_019_20260129_103219/SKILL_019_20260129_103219_0.mcap
SKILL_019_20260129_103517,station_01_lab,SKILL_019,Put pasta in plastic containers,D_VARGAS,2026-01-29T10:35:18Z,2026-01-29T10:38:38Z,199.60,35.83,PASS,TRUE,,/mnt/nurvai-data/03/batch_03/SKILL_019_20260129_103517/SKILL_019_20260129_103517_0.mcap
SKILL_019_20260130_102336,station_01_lab,SKILL_019,Put pasta in plastic containers,L_AGUILERA,2026-01-30T10:23:36Z,2026-01-30T10:27:04Z,207.12,36.35,PASS,TRUE,,/mnt/nurvai-data/03/batch_03/SKILL_019_20260130_102336/SKILL_019_20260130_102336_0.mcap
SKILL_019_20260130_102741,station_01_lab,SKILL_019,Put pasta in plastic containers,L_AGUILERA,2026-01-30T10:27:41Z,2026-01-30T10:29:51Z,129.66,30.64,PASS,TRUE,,/mnt/nurvai-data/03/batch_03/SKILL_019_20260130_102741/SKILL_019_20260130_102741_0.mcap
SKILL_019_20260130_103037,station_01_lab,SKILL_019,Put pasta in plastic containers,L_AGUILERA,2026-01-30T10:30:37Z,2026-01-30T10:33:24Z,167.27,37.58,PASS,TRUE,,/mnt/nurvai-data/03/batch_03/SKILL_019_20260130_103037/SKILL_019_20260130_103037_0.mcap
SKILL_021_20260130_104400,station_01_lab,SKILL_021,Build Up Box (Mailer),C_BECERRA,2026-01-30T10:44:00Z,2026-01-30T10:48:11Z,250.27,34.96,PASS,TRUE,,/mnt/nurvai-data/03/batch_03/SKILL_021_20260130_104400/SKILL_021_20260130_104400_0.mcap
SKILL_021_20260130_104903,station_01_lab,SKILL_021,Build Up Box (Mailer),C_BECERRA,2026-01-30T10:49:03Z,2026-01-30T10:50:57Z,114.68,35.47,PASS,TRUE,,/mnt/nurvai-data/03/batch_03/SKILL_021_20260130_104903/SKILL_021_20260130_104903_0.mcap
SKILL_021_20260130_105120,station_01_lab,SKILL_021,Build Up Box (Mailer),C_BECERRA,2026-01-30T10:51:22Z,2026-01-30T10:52:30Z,67.70,35.43,PASS,FALSE,TOO_SHORT (67.7s),/mnt/nurvai-data/03/batch_03/SKILL_021_20260130_105120/SKILL_021_20260130_105120_0.mcap
SKILL_022_20260129_104323,station_01_lab,SKILL_022,Build Up Box (Regular ECT),D_VARGAS,2026-01-29T10:43:24Z,2026-01-29T10:44:20Z,56.64,35.63,PASS,FALSE,TOO_SHORT (56.6s),/mnt/nurvai-data/03/batch_03/SKILL_022_20260129_104323/SKILL_022_20260129_104323_0.mcap
SKILL_022_20260129_104529,station_01_lab,SKILL_022,Build Up Box (Regular ECT),D_VARGAS,2026-01-29T10:45:29Z,2026-01-29T10:47:11Z,101.57,35.25,PASS,TRUE,,/mnt/nurvai-data/03/batch_03/SKILL_022_20260129_104529/SKILL_022_20260129_104529_0.mcap
SKILL_022_20260130_105322,station_01_lab,SKILL_022,Build Up Box (Regular ECT),C_BECERRA,2026-01-30T10:53:22Z,2026-01-30T10:54:27Z,64.82,35.14,PASS,FALSE,TOO_SHORT (64.8s),/mnt/nurvai-data/03/batch_03/SKILL_022_20260130_105322/SKILL_022_20260130_105322_0.mcap
SKILL_022_20260130_105446,station_01_lab,SKILL_022,Build Up Box (Regular ECT),C_BECERRA,2026-01-30T10:54:46Z,2026-01-30T10:55:42Z,55.70,34.66,PASS,FALSE,TOO_SHORT (55.7s),/mnt/nurvai-data/03/batch_03/SKILL_022_20260130_105446/SKILL_022_20260130_105446_0.mcap
SKILL_022_20260130_105604,station_01_lab,SKILL_022,Build Up Box (Regular ECT),C_BECERRA,2026-01-30T10:56:04Z,2026-01-30T10:56:55Z,50.39,36.47,PASS,FALSE,TOO_SHORT (50.4s),/mnt/nurvai-data/03/batch_03/SKILL_022_20260130_105604/SKILL_022_20260130_105604_0.mcap
SKILL_023_20260129_105537,station_01_lab,SKILL_023,Built up box (Present),D_VARGAS,2026-01-29T10:55:37Z,2026-01-29T10:58:31Z,173.79,37.18,PASS,TRUE,,/mnt/nurvai-data/03/batch_03/SKILL_023_20260129_105537/SKILL_023_20260129_105537_0.mcap
SKILL_023_20260129_104945,station_01_lab,SKILL_023,Built up box (Present),D_VARGAS,2026-01-29T10:49:45Z,2026-01-29T10:54:12Z,266.81,37.01,PASS,TRUE,,/mnt/nurvai-data/03/batch_03/SKILL_023_20260129_104945/SKILL_023_20260129_104945_0.mcap
SKILL_023_20260129_110103,station_01_lab,SKILL_023,Built up box (Present),D_VARGAS,2026-01-29T11:01:03Z,2026-01-29T11:03:52Z,168.82,37.16,PASS,TRUE,,/mnt/nurvai-data/03/batch_03/SKILL_023_20260129_110103/SKILL_023_20260129_110103_0.mcap
SKILL_023_20260130_105828,station_01_lab,SKILL_023,Built up box (Present),C_BECERRA,2026-01-30T10:58:28Z,2026-01-30T11:00:52Z,144.76,36.90,PASS,TRUE,,/mnt/nurvai-data/03/batch_03/SKILL_023_20260130_105828/SKILL_023_20260130_105828_0.mcap
SKILL_023_20260130_110122,station_01_lab,SKILL_023,Built up box (Present),C_BECERRA,2026-01-30T11:01:22Z,2026-01-30T11:03:29Z,126.88,37.10,PASS,TRUE,,/mnt/nurvai-data/03/batch_03/SKILL_023_20260130_110122/SKILL_023_20260130_110122_0.mcap
SKILL_023_20260130_110407,station_01_lab,SKILL_023,Built up box (Present),C_BECERRA,2026-01-30T11:04:07Z,2026-01-30T11:06:16Z,129.74,32.48,PASS,TRUE,,/mnt/nurvai-data/03/batch_03/SKILL_023_20260130_110407/SKILL_023_20260130_110407_0.mcap
SKILL_023_20260130_110841,station_01_lab,SKILL_023,Built up box (Present),C_BECERRA,2026-01-30T11:08:41Z,2026-01-30T11:11:32Z,170.52,36.86,PASS,TRUE,,/mnt/nurvai-data/03/batch_03/SKILL_023_20260130_110841/SKILL_023_20260130_110841_0.mcap
SKILL_023_20260130_111403,station_01_lab,SKILL_023,Built up box (Present),C_BECERRA,2026-01-30T11:14:03Z,2026-01-30T11:16:40Z,157.33,36.06,PASS,TRUE,,/mnt/nurvai-data/03/batch_03/SKILL_023_20260130_111403/SKILL_023_20260130_111403_0.mcap
SKILL_023_20260130_111811,station_01_lab,SKILL_023,Built up box (Present),C_BECERRA,2026-01-30T11:18:11Z,2026-01-30T11:20:53Z,162.37,24.92,PASS,TRUE,,/mnt/nurvai-data/03/batch_03/SKILL_023_20260130_111811/SKILL_023_20260130_111811_0.mcap
SKILL_024_20260129_120509,station_01_lab,SKILL_024,Put hooks on shower courtain,D_VARGAS,2026-01-29T12:05:10Z,2026-01-29T12:05:24Z,13.73,34.25,PASS,FALSE,TOO_SHORT (13.7s),/mnt/nurvai-data/03/batch_03/SKILL_024_20260129_120509/SKILL_024_20260129_120509_0.mcap
SKILL_024_20260129_120845,station_01_lab,SKILL_024,Put hooks on shower courtain,D_VARGAS,2026-01-29T12:08:45Z,2026-01-29T12:11:46Z,180.78,34.78,PASS,TRUE,,/mnt/nurvai-data/03/batch_03/SKILL_024_20260129_120845/SKILL_024_20260129_120845_0.mcap
SKILL_024_20260129_121244,station_01_lab,SKILL_024,Put hooks on shower courtain,D_VARGAS,2026-01-29T12:12:44Z,2026-01-29T12:15:32Z,167.38,33.52,PASS,TRUE,,/mnt/nurvai-data/03/batch_03/SKILL_024_20260129_121244/SKILL_024_20260129_121244_0.mcap
SKILL_024_20260129_121723,station_01_lab,SKILL_024,Put hooks on shower courtain,D_VARGAS,2026-01-29T12:17:23Z,2026-01-29T12:17:51Z,28.34,35.67,PASS,FALSE,TOO_SHORT (28.3s),/mnt/nurvai-data/03/batch_03/SKILL_024_20260129_121723/SKILL_024_20260129_121723_0.mcap
SKILL_001_20260130_071257,station_01_lab,SKILL_001,Organize beads per color,N_MORA,2026-01-30T07:12:57Z,2026-01-30T07:14:14Z,77.00,4.85,PASS,FALSE,TOO_SHORT (77.0s),/mnt/nurvai-data/03/batch_04/SKILL_001_20260130_071257/SKILL_001_20260130_071257_0.mcap
SKILL_001_20260129_112220,station_01_lab,SKILL_001,Organize beads per color,C_BECERRA,2026-01-29T11:22:20Z,2026-01-29T11:30:10Z,469.92,4.93,PASS,TRUE,,/mnt/nurvai-data/03/batch_04/SKILL_001_20260129_112220/SKILL_001_20260129_112220_0.mcap
SKILL_001_20260130_071851,station_01_lab,SKILL_001,Organize beads per color,N_MORA,2026-01-30T07:18:51Z,2026-01-30T07:25:00Z,368.28,5.27,PASS,TRUE,,/mnt/nurvai-data/03/batch_04/SKILL_001_20260130_071851/SKILL_001_20260130_071851_0.mcap
SKILL_001_20260130_123904,station_01_lab,SKILL_001,Organize beads per color,E_MARTINEZ,2026-01-30T12:39:06Z,2026-01-30T12:39:11Z,5.52,20.65,PASS,FALSE,TOO_SHORT (5.5s),/mnt/nurvai-data/03/batch_04/SKILL_001_20260130_123904/SKILL_001_20260130_123904_0.mcap
SKILL_001_20260130_123035,station_01_lab,SKILL_001,Organize beads per color,E_MARTINEZ,2026-01-30T12:30:37Z,2026-01-30T12:38:47Z,490.05,20.61,WARNING_DRIFT,TRUE,,/mnt/nurvai-data/03/batch_04/SKILL_001_20260130_123035/SKILL_001_20260130_123035_0.mcap
SKILL_001_20260130_124014,station_01_lab,SKILL_001,Organize beads per color,E_MARTINEZ,2026-01-30T12:40:14Z,2026-01-30T12:44:01Z,226.48,21.34,WARNING_DRIFT,TRUE,,/mnt/nurvai-data/03/batch_04/SKILL_001_20260130_124014/SKILL_001_20260130_124014_0.mcap
SKILL_001_20260130_142201,station_01_lab,SKILL_001,Organize beads per color,A_RODRIGUEZ,2026-01-30T14:22:02Z,2026-01-30T14:22:02Z,0.05,162.27,PASS,FALSE,TOO_SHORT (0.0s),/mnt/nurvai-data/03/batch_04/SKILL_001_20260130_142201/SKILL_001_20260130_142201_0.mcap
SKILL_001_20260130_142202,station_01_lab,SKILL_001,Organize beads per color,A_RODRIGUEZ,2026-01-30T14:22:02Z,2026-01-30T14:22:02Z,0.01,55.20,PASS,FALSE,TOO_SHORT (0.0s),/mnt/nurvai-data/03/batch_04/SKILL_001_20260130_142202/SKILL_001_20260130_142202_0.mcap
SKILL_001_20260130_141246,station_01_lab,SKILL_001,Organize beads per color,A_RODRIGUEZ,2026-01-30T14:12:46Z,2026-01-30T14:21:32Z,525.93,37.00,WARNING_DRIFT,TRUE,,/mnt/nurvai-data/03/batch_04/SKILL_001_20260130_141246/SKILL_001_20260130_141246_0.mcap
SKILL_001_20260130_142204,station_01_lab,SKILL_001,Organize beads per color,A_RODRIGUEZ,2026-01-30T14:22:04Z,2026-01-30T14:22:04Z,0.01,11.49,PASS,FALSE,TOO_SHORT (0.0s),/mnt/nurvai-data/03/batch_04/SKILL_001_20260130_142204/SKILL_001_20260130_142204_0.mcap
SKILL_001_20260130_145541,station_01_lab,SKILL_001,Organize beads per color,A_RODRIGUEZ,2026-01-30T14:55:41Z,2026-01-30T14:55:42Z,0.82,37.81,PASS,FALSE,TOO_SHORT (0.8s),/mnt/nurvai-data/03/batch_04/SKILL_001_20260130_145541/SKILL_001_20260130_145541_0.mcap
SKILL_001_20260130_145542,station_01_lab,SKILL_001,Organize beads per color,A_RODRIGUEZ,2026-01-30T14:55:42Z,2026-01-30T14:56:36Z,53.90,37.29,PASS,FALSE,TOO_SHORT (53.9s),/mnt/nurvai-data/03/batch_04/SKILL_001_20260130_145542/SKILL_001_20260130_145542_0.mcap
SKILL_002_20260131_073608,station_01_lab,SKILL_002,Organize beads per character,N_MORA,2026-01-31T07:36:08Z,2026-01-31T07:37:53Z,105.15,37.67,PASS,TRUE,,/mnt/nurvai-data/03/batch_04/SKILL_002_20260131_073608/SKILL_002_20260131_073608_0.mcap
SKILL_003_20260129_120643,station_01_lab,SKILL_003,Organize screwdriver bits,C_BECERRA,2026-01-29T12:06:43Z,2026-01-29T12:09:12Z,148.94,4.17,PASS,TRUE,,/mnt/nurvai-data/03/batch_04/SKILL_003_20260129_120643/SKILL_003_20260129_120643_0.mcap
SKILL_001_20260131_071537,station_01_lab,SKILL_001,Organize beads per color,N_MORA,2026-01-31T07:15:38Z,2026-01-31T07:34:45Z,1147.56,36.88,PASS,TRUE,,/mnt/nurvai-data/03/batch_04/SKILL_001_20260131_071537/SKILL_001_20260131_071537_0.mcap
SKILL_003_20260129_121403,station_01_lab,SKILL_003,Organize screwdriver bits,C_BECERRA,2026-01-29T12:14:03Z,2026-01-29T12:15:50Z,107.23,4.23,PASS,TRUE,,/mnt/nurvai-data/03/batch_04/SKILL_003_20260129_121403/SKILL_003_20260129_121403_0.mcap
SKILL_003_20260129_121019,station_01_lab,SKILL_003,Organize screwdriver bits,C_BECERRA,2026-01-29T12:10:19Z,2026-01-29T12:13:14Z,175.51,4.30,PASS,TRUE,,/mnt/nurvai-data/03/batch_04/SKILL_003_20260129_121019/SKILL_003_20260129_121019_0.mcap
SKILL_003_20260130_073448,station_01_lab,SKILL_003,Organize screwdriver bits,N_MORA,2026-01-30T07:34:48Z,2026-01-30T07:37:17Z,148.85,4.31,PASS,TRUE,,/mnt/nurvai-data/03/batch_04/SKILL_003_20260130_073448/SKILL_003_20260130_073448_0.mcap
SKILL_003_20260130_072730,station_01_lab,SKILL_003,Organize screwdriver bits,N_MORA,2026-01-30T07:27:30Z,2026-01-30T07:27:50Z,19.73,3.74,PASS,FALSE,TOO_SHORT (19.7s),/mnt/nurvai-data/03/batch_04/SKILL_003_20260130_072730/SKILL_003_20260130_072730_0.mcap
SKILL_003_20260131_073948,station_01_lab,SKILL_003,Organize screwdriver bits,N_MORA,2026-01-31T07:39:48Z,2026-01-31T07:40:33Z,45.05,34.88,PASS,FALSE,TOO_SHORT (45.1s),/mnt/nurvai-data/03/batch_04/SKILL_003_20260131_073948/SKILL_003_20260131_073948_0.mcap
SKILL_003_20260130_125054,station_01_lab,SKILL_003,Organize screwdriver bits,A_RODRIGUEZ,2026-01-30T12:50:54Z,2026-01-30T12:58:23Z,448.37,35.99,PASS,TRUE,,/mnt/nurvai-data/03/batch_04/SKILL_003_20260130_125054/SKILL_003_20260130_125054_0.mcap
SKILL_003_20260131_074227,station_01_lab,SKILL_003,Organize screwdriver bits,N_MORA,2026-01-31T07:42:28Z,2026-01-31T07:46:45Z,257.23,35.60,PASS,TRUE,,/mnt/nurvai-data/03/batch_04/SKILL_003_20260131_074227/SKILL_003_20260131_074227_0.mcap
SKILL_003_20260131_075524,station_01_lab,SKILL_003,Organize screwdriver bits,N_MORA,2026-01-31T07:55:24Z,2026-01-31T07:58:42Z,198.21,37.04,PASS,TRUE,,/mnt/nurvai-data/03/batch_04/SKILL_003_20260131_075524/SKILL_003_20260131_075524_0.mcap
SKILL_004_20260129_124120,station_01_lab,SKILL_004,Set Screwdriver package,D_VARGAS,2026-01-29T12:41:20Z,2026-01-29T12:43:16Z,115.74,5.11,PASS,TRUE,,/mnt/nurvai-data/03/batch_04/SKILL_004_20260129_124120/SKILL_004_20260129_124120_0.mcap
SKILL_003_20260131_074828,station_01_lab,SKILL_003,Organize screwdriver bits,N_MORA,2026-01-31T07:48:29Z,2026-01-31T07:52:07Z,217.61,37.21,PASS,TRUE,,/mnt/nurvai-data/03/batch_04/SKILL_003_20260131_074828/SKILL_003_20260131_074828_0.mcap
SKILL_004_20260129_124424,station_01_lab,SKILL_004,Set Screwdriver package,D_VARGAS,2026-01-29T12:44:24Z,2026-01-29T12:45:29Z,65.01,5.02,PASS,FALSE,TOO_SHORT (65.0s),/mnt/nurvai-data/03/batch_04/SKILL_004_20260129_124424/SKILL_004_20260129_124424_0.mcap
SKILL_004_20260129_124640,station_01_lab,SKILL_004,Set Screwdriver package,D_VARGAS,2026-01-29T12:46:40Z,2026-01-29T12:47:35Z,54.66,5.13,PASS,FALSE,TOO_SHORT (54.7s),/mnt/nurvai-data/03/batch_04/SKILL_004_20260129_124640/SKILL_004_20260129_124640_0.mcap
SKILL_004_20260129_125133,station_01_lab,SKILL_004,Set Screwdriver package,D_VARGAS,2026-01-29T12:51:33Z,2026-01-29T12:54:52Z,198.98,4.69,PASS,TRUE,,/mnt/nurvai-data/03/batch_04/SKILL_004_20260129_125133/SKILL_004_20260129_125133_0.mcap
SKILL_004_20260129_125645,station_01_lab,SKILL_004,Set Screwdriver package,D_VARGAS,2026-01-29T12:56:45Z,2026-01-29T12:59:26Z,160.92,4.71,PASS,TRUE,,/mnt/nurvai-data/03/batch_04/SKILL_004_20260129_125645/SKILL_004_20260129_125645_0.mcap
SKILL_004_20260130_073920,station_01_lab,SKILL_004,Set Screwdriver package,N_MORA,2026-01-30T07:39:20Z,2026-01-30T07:41:01Z,101.44,4.67,WARNING_DRIFT,TRUE,,/mnt/nurvai-data/03/batch_04/SKILL_004_20260130_073920/SKILL_004_20260130_073920_0.mcap
SKILL_004_20260130_074136,station_01_lab,SKILL_004,Set Screwdriver package,N_MORA,2026-01-30T07:41:36Z,2026-01-30T07:43:48Z,131.96,4.77,PASS,TRUE,,/mnt/nurvai-data/03/batch_04/SKILL_004_20260130_074136/SKILL_004_20260130_074136_0.mcap
SKILL_004_20260130_074411,station_01_lab,SKILL_004,Set Screwdriver package,N_MORA,2026-01-30T07:44:11Z,2026-01-30T07:46:12Z,120.28,4.79,PASS,TRUE,,/mnt/nurvai-data/03/batch_04/SKILL_004_20260130_074411/SKILL_004_20260130_074411_0.mcap
SKILL_004_20260130_130613,station_01_lab,SKILL_004,Set Screwdriver package,A_RODRIGUEZ,2026-01-30T13:06:14Z,2026-01-30T13:06:39Z,25.85,37.88,PASS,FALSE,TOO_SHORT (25.9s),/mnt/nurvai-data/03/batch_04/SKILL_004_20260130_130613/SKILL_004_20260130_130613_0.mcap
SKILL_004_20260130_130818,station_01_lab,SKILL_004,Set Screwdriver package,A_RODRIGUEZ,2026-01-30T13:08:19Z,2026-01-30T13:08:46Z,27.16,34.60,PASS,FALSE,TOO_SHORT (27.2s),/mnt/nurvai-data/03/batch_04/SKILL_004_20260130_130818/SKILL_004_20260130_130818_0.mcap
SKILL_004_20260130_131354,station_01_lab,SKILL_004,Set Screwdriver package,L_AGUILERA,2026-01-30T13:13:54Z,2026-01-30T13:15:09Z,75.01,37.54,PASS,FALSE,TOO_SHORT (75.0s),/mnt/nurvai-data/03/batch_04/SKILL_004_20260130_131354/SKILL_004_20260130_131354_0.mcap
SKILL_004_20260130_131656,station_01_lab,SKILL_004,Set Screwdriver package,L_AGUILERA,2026-01-30T13:16:56Z,2026-01-30T13:20:39Z,222.62,37.70,PASS,TRUE,,/mnt/nurvai-data/03/batch_04/SKILL_004_20260130_131656/SKILL_004_20260130_131656_0.mcap
SKILL_004_20260130_132228,station_01_lab,SKILL_004,Set Screwdriver package,L_AGUILERA,2026-01-30T13:22:28Z,2026-01-30T13:25:56Z,208.23,37.70,PASS,TRUE,,/mnt/nurvai-data/03/batch_04/SKILL_004_20260130_132228/SKILL_004_20260130_132228_0.mcap
SKILL_004_20260131_080509,station_01_lab,SKILL_004,Set Screwdriver package,N_MORA,2026-01-31T08:05:09Z,2026-01-31T08:08:55Z,225.61,37.51,PASS,TRUE,,/mnt/nurvai-data/03/batch_04/SKILL_004_20260131_080509/SKILL_004_20260131_080509_0.mcap
SKILL_004_20260131_080947,station_01_lab,SKILL_004,Set Screwdriver package,N_MORA,2026-01-31T08:09:47Z,2026-01-31T08:13:27Z,220.17,37.38,PASS,TRUE,,/mnt/nurvai-data/03/batch_04/SKILL_004_20260131_080947/SKILL_004_20260131_080947_0.mcap
SKILL_005_20260130_075000,station_01_lab,SKILL_005,Insert allen keys in package,N_MORA,2026-01-30T07:50:00Z,2026-01-30T07:53:34Z,213.76,4.35,PASS,TRUE,,/mnt/nurvai-data/03/batch_04/SKILL_005_20260130_075000/SKILL_005_20260130_075000_0.mcap
SKILL_004_20260131_081654,station_01_lab,SKILL_004,Set Screwdriver package,N_MORA,2026-01-31T08:16:54Z,2026-01-31T08:20:29Z,214.57,37.34,PASS,TRUE,,/mnt/nurvai-data/03/batch_04/SKILL_004_20260131_081654/SKILL_004_20260131_081654_0.mcap
SKILL_005_20260130_075436,station_01_lab,SKILL_005,Insert allen keys in package,N_MORA,2026-01-30T07:54:36Z,2026-01-30T07:57:39Z,182.86,4.42,PASS,TRUE,,/mnt/nurvai-data/03/batch_04/SKILL_005_20260130_075436/SKILL_005_20260130_075436_0.mcap
SKILL_005_20260130_075804,station_01_lab,SKILL_005,Insert allen keys in package,N_MORA,2026-01-30T07:58:04Z,2026-01-30T07:59:06Z,62.48,4.27,WARNING_DRIFT,FALSE,TOO_SHORT (62.5s),/mnt/nurvai-data/03/batch_04/SKILL_005_20260130_075804/SKILL_005_20260130_075804_0.mcap
SKILL_005_20260130_081206,station_01_lab,SKILL_005,Insert allen keys in package,N_MORA,2026-01-30T08:12:06Z,2026-01-30T08:19:34Z,447.86,5.05,WARNING_DRIFT,TRUE,,/mnt/nurvai-data/03/batch_04/SKILL_005_20260130_081206/SKILL_005_20260130_081206_0.mcap
SKILL_005_20260130_080253,station_01_lab,SKILL_005,Insert allen keys in package,N_MORA,2026-01-30T08:02:53Z,2026-01-30T08:08:42Z,349.43,4.85,WARNING_DRIFT,TRUE,,/mnt/nurvai-data/03/batch_04/SKILL_005_20260130_080253/SKILL_005_20260130_080253_0.mcap
SKILL_005_20260131_083412,station_01_lab,SKILL_005,Insert allen keys in package,N_MORA,2026-01-31T08:34:12Z,2026-01-31T08:36:16Z,124.58,37.27,PASS,TRUE,,/mnt/nurvai-data/03/batch_04/SKILL_005_20260131_083412/SKILL_005_20260131_083412_0.mcap
SKILL_005_20260131_082731,station_01_lab,SKILL_005,Insert allen keys in package,N_MORA,2026-01-31T08:27:31Z,2026-01-31T08:30:34Z,182.48,37.42,PASS,TRUE,,/mnt/nurvai-data/03/batch_04/SKILL_005_20260131_082731/SKILL_005_20260131_082731_0.mcap
SKILL_005_20260131_083959,station_01_lab,SKILL_005,Insert allen keys in package,N_MORA,2026-01-31T08:39:59Z,2026-01-31T08:42:36Z,156.74,36.69,PASS,TRUE,,/mnt/nurvai-data/03/batch_04/SKILL_005_20260131_083959/SKILL_005_20260131_083959_0.mcap
SKILL_007_20260129_130411,station_01_lab,SKILL_007,Separate tongue depressors by color,L_AGUILERA,2026-01-29T13:04:11Z,2026-01-29T13:11:39Z,447.98,5.46,PASS,TRUE,,/mnt/nurvai-data/03/batch_04/SKILL_007_20260129_130411/SKILL_007_20260129_130411_0.mcap
SKILL_007_20260129_131238,station_01_lab,SKILL_007,Separate tongue depressors by color,L_AGUILERA,2026-01-29T13:12:38Z,2026-01-29T13:12:49Z,10.96,5.44,PASS,FALSE,TOO_SHORT (11.0s),/mnt/nurvai-data/03/batch_04/SKILL_007_20260129_131238/SKILL_007_20260129_131238_0.mcap
SKILL_009_20260129_144649,station_01_lab,SKILL_009,Package Cotton set,N_MORA,2026-01-29T14:46:49Z,2026-01-29T14:49:55Z,185.42,4.24,PASS,TRUE,,/mnt/nurvai-data/03/batch_04/SKILL_009_20260129_144649/SKILL_009_20260129_144649_0.mcap
SKILL_009_20260130_082336,station_01_lab,SKILL_009,Package Cotton set,N_MORA,2026-01-30T08:23:36Z,2026-01-30T08:32:38Z,542.70,4.57,PASS,TRUE,,/mnt/nurvai-data/03/batch_04/SKILL_009_20260130_082336/SKILL_009_20260130_082336_0.mcap
SKILL_010_20260129_131819,station_01_lab,SKILL_010,Package earphones,L_AGUILERA,2026-01-29T13:18:19Z,2026-01-29T13:18:30Z,10.63,4.77,PASS,FALSE,TOO_SHORT (10.6s),/mnt/nurvai-data/03/batch_04/SKILL_010_20260129_131819/SKILL_010_20260129_131819_0.mcap
SKILL_009_20260130_133149,station_01_lab,SKILL_009,Package Cotton set,L_AGUILERA,2026-01-30T13:31:50Z,2026-01-30T13:36:31Z,281.15,37.82,PASS,TRUE,,/mnt/nurvai-data/03/batch_04/SKILL_009_20260130_133149/SKILL_009_20260130_133149_0.mcap
SKILL_010_20260129_132110,station_01_lab,SKILL_010,Package earphones,L_AGUILERA,2026-01-29T13:21:10Z,2026-01-29T13:25:52Z,281.62,4.18,PASS,TRUE,,/mnt/nurvai-data/03/batch_04/SKILL_010_20260129_132110/SKILL_010_20260129_132110_0.mcap
SKILL_010_20260129_132650,station_01_lab,SKILL_010,Package earphones,L_AGUILERA,2026-01-29T13:26:50Z,2026-01-29T13:29:04Z,133.83,4.30,PASS,TRUE,,/mnt/nurvai-data/03/batch_04/SKILL_010_20260129_132650/SKILL_010_20260129_132650_0.mcap
SKILL_010_20260130_083815,station_01_lab,SKILL_010,Package earphones,N_MORA,2026-01-30T08:38:15Z,2026-01-30T08:43:40Z,325.09,4.42,PASS,TRUE,,/mnt/nurvai-data/03/batch_04/SKILL_010_20260130_083815/SKILL_010_20260130_083815_0.mcap
SKILL_010_20260130_084427,station_01_lab,SKILL_010,Package earphones,N_MORA,2026-01-30T08:44:28Z,2026-01-30T08:46:12Z,104.03,4.57,WARNING_DRIFT,TRUE,,/mnt/nurvai-data/03/batch_04/SKILL_010_20260130_084427/SKILL_010_20260130_084427_0.mcap
SKILL_011_20260130_091802,station_01_lab,SKILL_011,Package plastic ice cubes,N_MORA,2026-01-30T09:18:02Z,2026-01-30T09:21:44Z,222.01,4.50,PASS,TRUE,,/mnt/nurvai-data/03/batch_04/SKILL_011_20260130_091802/SKILL_011_20260130_091802_0.mcap
SKILL_010_20260130_134552,station_01_lab,SKILL_010,Package earphones,D_VARGAS,2026-01-30T13:45:52Z,2026-01-30T13:48:35Z,163.03,35.70,PASS,TRUE,,/mnt/nurvai-data/03/batch_04/SKILL_010_20260130_134552/SKILL_010_20260130_134552_0.mcap
SKILL_011_20260130_092346,station_01_lab,SKILL_011,Package plastic ice cubes,N_MORA,2026-01-30T09:23:46Z,2026-01-30T09:25:51Z,124.97,4.60,PASS,TRUE,,/mnt/nurvai-data/03/batch_04/SKILL_011_20260130_092346/SKILL_011_20260130_092346_0.mcap
SKILL_012_20260130_084925,station_01_lab,SKILL_012,Put pasta in jars,N_MORA,2026-01-30T08:49:25Z,2026-01-30T08:51:38Z,132.60,4.76,PASS,TRUE,,/mnt/nurvai-data/03/batch_04/SKILL_012_20260130_084925/SKILL_012_20260130_084925_0.mcap
SKILL_012_20260130_085229,station_01_lab,SKILL_012,Put pasta in jars,N_MORA,2026-01-30T08:52:29Z,2026-01-30T08:53:47Z,78.26,4.83,PASS,FALSE,TOO_SHORT (78.3s),/mnt/nurvai-data/03/batch_04/SKILL_012_20260130_085229/SKILL_012_20260130_085229_0.mcap
SKILL_012_20260130_085524,station_01_lab,SKILL_012,Put pasta in jars,N_MORA,2026-01-30T08:55:24Z,2026-01-30T08:58:07Z,163.43,4.80,WARNING_DRIFT,TRUE,,/mnt/nurvai-data/03/batch_04/SKILL_012_20260130_085524/SKILL_012_20260130_085524_0.mcap
SKILL_012_20260130_090259,station_01_lab,SKILL_012,Put pasta in jars,N_MORA,2026-01-30T09:02:59Z,2026-01-30T09:05:36Z,157.50,4.75,PASS,TRUE,,/mnt/nurvai-data/03/batch_04/SKILL_012_20260130_090259/SKILL_012_20260130_090259_0.mcap
SKILL_012_20260130_090605,station_01_lab,SKILL_012,Put pasta in jars,N_MORA,2026-01-30T09:06:05Z,2026-01-30T09:08:21Z,136.87,4.68,PASS,TRUE,,/mnt/nurvai-data/03/batch_04/SKILL_012_20260130_090605/SKILL_012_20260130_090605_0.mcap
SKILL_013_20260129_143246,station_01_lab,SKILL_013,Set up a hand lamp,E_MARTINEZ,2026-01-29T14:32:46Z,2026-01-29T14:33:35Z,49.35,4.60,PASS,FALSE,TOO_SHORT (49.4s),/mnt/nurvai-data/03/batch_04/SKILL_013_20260129_143246/SKILL_013_20260129_143246_0.mcap
SKILL_014_20260130_094059,station_01_lab,SKILL_014,Fasten nuts onto bolts,N_MORA,2026-01-30T09:40:59Z,2026-01-30T09:48:27Z,447.41,4.62,PASS,TRUE,,/mnt/nurvai-data/03/batch_04/SKILL_014_20260130_094059/SKILL_014_20260130_094059_0.mcap
SKILL_015_20260130_095132,station_01_lab,SKILL_015,Thread a needle,N_MORA,2026-01-30T09:51:32Z,2026-01-30T09:55:37Z,245.30,4.94,WARNING_DRIFT,TRUE,,/mnt/nurvai-data/03/batch_04/SKILL_015_20260130_095132/SKILL_015_20260130_095132_0.mcap
SKILL_015_20260130_101235,station_01_lab,SKILL_015,Thread a needle,N_MORA,2026-01-30T10:12:35Z,2026-01-30T10:15:03Z,148.16,4.92,PASS,TRUE,,/mnt/nurvai-data/03/batch_04/SKILL_015_20260130_101235/SKILL_015_20260130_101235_0.mcap
SKILL_015_20260130_101539,station_01_lab,SKILL_015,Thread a needle,N_MORA,2026-01-30T10:15:39Z,2026-01-30T10:16:49Z,70.52,5.01,WARNING_DRIFT,FALSE,TOO_SHORT (70.5s),/mnt/nurvai-data/03/batch_04/SKILL_015_20260130_101539/SKILL_015_20260130_101539_0.mcap
SKILL_016_20260130_095828,station_01_lab,SKILL_016,Package a sewing set,N_MORA,2026-01-30T09:58:28Z,2026-01-30T10:00:40Z,132.26,4.77,PASS,TRUE,,/mnt/nurvai-data/03/batch_04/SKILL_016_20260130_095828/SKILL_016_20260130_095828_0.mcap
SKILL_018_20260129_133710,station_01_lab,SKILL_018,Close bags with twist ties,L_AGUILERA,2026-01-29T13:37:10Z,2026-01-29T13:41:24Z,253.20,4.48,PASS,TRUE,,/mnt/nurvai-data/03/batch_04/SKILL_018_20260129_133710/SKILL_018_20260129_133710_0.mcap
SKILL_017_20260130_101729,station_01_lab,SKILL_017,Put pasta in ziploc bags,N_MORA,2026-01-30T10:17:29Z,2026-01-30T10:19:52Z,143.39,4.96,PASS,TRUE,,/mnt/nurvai-data/03/batch_04/SKILL_017_20260130_101729/SKILL_017_20260130_101729_0.mcap
SKILL_018_20260129_134653,station_01_lab,SKILL_018,Close bags with twist ties,L_AGUILERA,2026-01-29T13:46:53Z,2026-01-29T13:49:47Z,174.37,4.40,PASS,TRUE,,/mnt/nurvai-data/03/batch_04/SKILL_018_20260129_134653/SKILL_018_20260129_134653_0.mcap
SKILL_018_20260129_135044,station_01_lab,SKILL_018,Close bags with twist ties,L_AGUILERA,2026-01-29T13:50:44Z,2026-01-29T13:53:43Z,179.49,4.64,PASS,TRUE,,/mnt/nurvai-data/03/batch_04/SKILL_018_20260129_135044/SKILL_018_20260129_135044_0.mcap
SKILL_018_20260130_102354,station_01_lab,SKILL_018,Close bags with twist ties,E_MARTINEZ,2026-01-30T10:23:54Z,2026-01-30T10:26:54Z,180.14,4.53,PASS,TRUE,,/mnt/nurvai-data/03/batch_04/SKILL_018_20260130_102354/SKILL_018_20260130_102354_0.mcap
SKILL_019_20260130_104001,station_01_lab,SKILL_019,Put pasta in plastic containers,E_MARTINEZ,2026-01-30T10:40:01Z,2026-01-30T10:43:27Z,205.69,4.62,WARNING_DRIFT,TRUE,,/mnt/nurvai-data/03/batch_04/SKILL_019_20260130_104001/SKILL_019_20260130_104001_0.mcap
SKILL_018_20260130_103029,station_01_lab,SKILL_018,Close bags with twist ties,E_MARTINEZ,2026-01-30T10:30:29Z,2026-01-30T10:33:40Z,190.17,4.62,PASS,TRUE,,/mnt/nurvai-data/03/batch_04/SKILL_018_20260130_103029/SKILL_018_20260130_103029_0.mcap
SKILL_019_20260130_104423,station_01_lab,SKILL_019,Put pasta in plastic containers,E_MARTINEZ,2026-01-30T10:44:23Z,2026-01-30T10:47:48Z,204.48,4.49,WARNING_DRIFT,TRUE,,/mnt/nurvai-data/03/batch_04/SKILL_019_20260130_104423/SKILL_019_20260130_104423_0.mcap
SKILL_021_20260130_105505,station_01_lab,SKILL_021,Build Up Box (Mailer),E_MARTINEZ,2026-01-30T10:55:05Z,2026-01-30T10:56:32Z,87.12,4.85,PASS,FALSE,TOO_SHORT (87.1s),/mnt/nurvai-data/03/batch_04/SKILL_021_20260130_105505/SKILL_021_20260130_105505_0.mcap
SKILL_022_20260130_110000,station_01_lab,SKILL_022,Build Up Box (Regular ECT),E_MARTINEZ,2026-01-30T11:00:00Z,2026-01-30T11:01:32Z,92.23,4.33,WARNING_DRIFT,TRUE,,/mnt/nurvai-data/03/batch_04/SKILL_022_20260130_110000/SKILL_022_20260130_110000_0.mcap
SKILL_022_20260130_105740,station_01_lab,SKILL_022,Build Up Box (Regular ECT),E_MARTINEZ,2026-01-30T10:57:40Z,2026-01-30T10:58:51Z,70.65,4.50,WARNING_DRIFT,FALSE,TOO_SHORT (70.6s),/mnt/nurvai-data/03/batch_04/SKILL_022_20260130_105740/SKILL_022_20260130_105740_0.mcap
SKILL_022_20260130_110138,station_01_lab,SKILL_022,Build Up Box (Regular ECT),E_MARTINEZ,2026-01-30T11:01:38Z,2026-01-30T11:01:41Z,3.06,8.51,WARNING_DRIFT,FALSE,TOO_SHORT (3.1s),/mnt/nurvai-data/03/batch_04/SKILL_022_20260130_110138/SKILL_022_20260130_110138_0.mcap
SKILL_022_20260130_110218,station_01_lab,SKILL_022,Build Up Box (Regular ECT),E_MARTINEZ,2026-01-30T11:02:18Z,2026-01-30T11:02:21Z,3.21,8.28,WARNING_DRIFT,FALSE,TOO_SHORT (3.2s),/mnt/nurvai-data/03/batch_04/SKILL_022_20260130_110218/SKILL_022_20260130_110218_0.mcap
SKILL_023_20260129_110530,station_01_lab,SKILL_023,Built up box (Present),C_BECERRA,2026-01-29T11:05:30Z,2026-01-29T11:08:12Z,161.58,4.73,PASS,TRUE,,/mnt/nurvai-data/03/batch_04/SKILL_023_20260129_110530/SKILL_023_20260129_110530_0.mcap
SKILL_023_20260129_111109,station_01_lab,SKILL_023,Built up box (Present),C_BECERRA,2026-01-29T11:11:09Z,2026-01-29T11:14:11Z,182.49,4.85,PASS,TRUE,,/mnt/nurvai-data/03/batch_04/SKILL_023_20260129_111109/SKILL_023_20260129_111109_0.mcap
SKILL_023_20260129_111519,station_01_lab,SKILL_023,Built up box (Present),C_BECERRA,2026-01-29T11:15:19Z,2026-01-29T11:17:42Z,142.52,4.68,PASS,TRUE,,/mnt/nurvai-data/03/batch_04/SKILL_023_20260129_111519/SKILL_023_20260129_111519_0.mcap
SKILL_023_20260130_111323,station_01_lab,SKILL_023,Built up box (Present),E_MARTINEZ,2026-01-30T11:13:23Z,2026-01-30T11:16:26Z,183.93,4.86,WARNING_DRIFT,TRUE,,/mnt/nurvai-data/03/batch_04/SKILL_023_20260130_111323/SKILL_023_20260130_111323_0.mcap
SKILL_023_20260130_111838,station_01_lab,SKILL_023,Built up box (Present),E_MARTINEZ,2026-01-30T11:18:38Z,2026-01-30T11:21:11Z,153.02,4.61,WARNING_DRIFT,TRUE,,/mnt/nurvai-data/03/batch_04/SKILL_023_20260130_111838/SKILL_023_20260130_111838_0.mcap
SKILL_024_20260129_121740,station_01_lab,SKILL_024,Put hooks on shower courtain,C_BECERRA,2026-01-29T12:17:40Z,2026-01-29T12:21:06Z,205.55,4.51,PASS,TRUE,,/mnt/nurvai-data/03/batch_04/SKILL_024_20260129_121740/SKILL_024_20260129_121740_0.mcap
SKILL_024_20260129_122203,station_01_lab,SKILL_024,Put hooks on shower courtain,C_BECERRA,2026-01-29T12:22:03Z,2026-01-29T12:24:48Z,164.58,4.68,PASS,TRUE,,/mnt/nurvai-data/03/batch_04/SKILL_024_20260129_122203/SKILL_024_20260129_122203_0.mcap
SKILL_024_20260129_122605,station_01_lab,SKILL_024,Put hooks on shower courtain,C_BECERRA,2026-01-29T12:26:05Z,2026-01-29T12:28:39Z,154.36,4.63,PASS,TRUE,,/mnt/nurvai-data/03/batch_04/SKILL_024_20260129_122605/SKILL_024_20260129_122605_0.mcap
SKILL_024_20260130_112244,station_01_lab,SKILL_024,Put hooks on shower courtain,E_MARTINEZ,2026-01-30T11:22:44Z,2026-01-30T11:25:06Z,142.63,4.55,WARNING_DRIFT,TRUE,,/mnt/nurvai-data/03/batch_04/SKILL_024_20260130_112244/SKILL_024_20260130_112244_0.mcap
SKILL_024_20260130_112647,station_01_lab,SKILL_024,Put hooks on shower courtain,E_MARTINEZ,2026-01-30T11:26:47Z,2026-01-30T11:29:14Z,146.39,4.52,PASS,TRUE,,/mnt/nurvai-data/03/batch_04/SKILL_024_20260130_112647/SKILL_024_20260130_112647_0.mcap
SKILL_024_20260130_120607,station_01_lab,SKILL_024,Put hooks on shower courtain,E_MARTINEZ,2026-01-30T12:06:08Z,2026-01-30T12:06:48Z,40.04,23.88,PASS,FALSE,TOO_SHORT (40.0s),/mnt/nurvai-data/03/batch_04/SKILL_024_20260130_120607/SKILL_024_20260130_120607_0.mcap
SKILL_024_20260130_120800,station_01_lab,SKILL_024,Put hooks on shower courtain,E_MARTINEZ,2026-01-30T12:08:02Z,2026-01-30T12:08:47Z,44.63,27.29,WARNING_DRIFT,FALSE,TOO_SHORT (44.6s),/mnt/nurvai-data/03/batch_04/SKILL_024_20260130_120800/SKILL_024_20260130_120800_0.mcap
SKILL_024_20260130_121029,station_01_lab,SKILL_024,Put hooks on shower courtain,E_MARTINEZ,2026-01-30T12:10:30Z,2026-01-30T12:10:41Z,11.27,27.60,WARNING_DRIFT,FALSE,TOO_SHORT (11.3s),/mnt/nurvai-data/03/batch_04/SKILL_024_20260130_121029/SKILL_024_20260130_121029_0.mcap
SKILL_024_20260130_121240,station_01_lab,SKILL_024,Put hooks on shower courtain,E_MARTINEZ,2026-01-30T12:12:41Z,2026-01-30T12:12:53Z,11.47,22.62,WARNING_DRIFT,FALSE,TOO_SHORT (11.5s),/mnt/nurvai-data/03/batch_04/SKILL_024_20260130_121240/SKILL_024_20260130_121240_0.mcap
SKILL_024_20260130_121429,station_01_lab,SKILL_024,Put hooks on shower courtain,E_MARTINEZ,2026-01-30T12:14:30Z,2026-01-30T12:16:37Z,126.86,23.57,PASS,TRUE,,/mnt/nurvai-data/03/batch_04/SKILL_024_20260130_121429/SKILL_024_20260130_121429_0.mcap
SKILL_002_20260202_070954,station_01_lab,SKILL_002,Organize beads per character,D_VARGAS,2026-02-02T07:09:55Z,2026-02-02T07:10:34Z,39.73,37.91,PASS,FALSE,TOO_SHORT (39.7s),/mnt/nurvai-data/03/batch_05/SKILL_002_20260202_070954/SKILL_002_20260202_070954_0.mcap
SKILL_002_20260202_071151,station_01_lab,SKILL_002,Organize beads per character,D_VARGAS,2026-02-02T07:11:51Z,2026-02-02T07:12:24Z,32.84,38.02,PASS,FALSE,TOO_SHORT (32.8s),/mnt/nurvai-data/03/batch_05/SKILL_002_20260202_071151/SKILL_002_20260202_071151_0.mcap
SKILL_001_20260202_073117,station_01_lab,SKILL_001,Organize beads per color,D_VARGAS,2026-02-02T07:31:18Z,2026-02-02T07:44:24Z,786.21,37.17,PASS,TRUE,,/mnt/nurvai-data/03/batch_05/SKILL_001_20260202_073117/SKILL_001_20260202_073117_0.mcap
SKILL_002_20260202_071301,station_01_lab,SKILL_002,Organize beads per character,D_VARGAS,2026-02-02T07:13:01Z,2026-02-02T07:13:44Z,43.40,38.16,PASS,FALSE,TOO_SHORT (43.4s),/mnt/nurvai-data/03/batch_05/SKILL_002_20260202_071301/SKILL_002_20260202_071301_0.mcap
SKILL_002_20260202_071418,station_01_lab,SKILL_002,Organize beads per character,D_VARGAS,2026-02-02T07:14:18Z,2026-02-02T07:15:00Z,42.48,38.03,PASS,FALSE,TOO_SHORT (42.5s),/mnt/nurvai-data/03/batch_05/SKILL_002_20260202_071418/SKILL_002_20260202_071418_0.mcap
SKILL_002_20260202_071708,station_01_lab,SKILL_002,Organize beads per character,D_VARGAS,2026-02-02T07:17:08Z,2026-02-02T07:17:38Z,29.44,37.89,PASS,FALSE,TOO_SHORT (29.4s),/mnt/nurvai-data/03/batch_05/SKILL_002_20260202_071708/SKILL_002_20260202_071708_0.mcap
SKILL_002_20260202_071542,station_01_lab,SKILL_002,Organize beads per character,D_VARGAS,2026-02-02T07:15:42Z,2026-02-02T07:16:26Z,43.47,37.98,PASS,FALSE,TOO_SHORT (43.5s),/mnt/nurvai-data/03/batch_05/SKILL_002_20260202_071542/SKILL_002_20260202_071542_0.mcap
SKILL_002_20260202_071803,station_01_lab,SKILL_002,Organize beads per character,D_VARGAS,2026-02-02T07:18:03Z,2026-02-02T07:18:55Z,52.71,38.33,PASS,FALSE,TOO_SHORT (52.7s),/mnt/nurvai-data/03/batch_05/SKILL_002_20260202_071803/SKILL_002_20260202_071803_0.mcap
SKILL_002_20260202_071934,station_01_lab,SKILL_002,Organize beads per character,D_VARGAS,2026-02-02T07:19:34Z,2026-02-02T07:20:22Z,48.41,37.98,PASS,FALSE,TOO_SHORT (48.4s),/mnt/nurvai-data/03/batch_05/SKILL_002_20260202_071934/SKILL_002_20260202_071934_0.mcap
SKILL_002_20260202_072103,station_01_lab,SKILL_002,Organize beads per character,D_VARGAS,2026-02-02T07:21:03Z,2026-02-02T07:21:45Z,41.78,38.26,PASS,FALSE,TOO_SHORT (41.8s),/mnt/nurvai-data/03/batch_05/SKILL_002_20260202_072103/SKILL_002_20260202_072103_0.mcap
SKILL_003_20260202_081351,station_01_lab,SKILL_003,Organize screwdriver bits,D_VARGAS,2026-02-02T08:13:51Z,2026-02-02T08:18:41Z,289.91,34.26,PASS,TRUE,,/mnt/nurvai-data/03/batch_05/SKILL_003_20260202_081351/SKILL_003_20260202_081351_0.mcap
SKILL_003_20260202_082013,station_01_lab,SKILL_003,Organize screwdriver bits,D_VARGAS,2026-02-02T08:20:13Z,2026-02-02T08:24:59Z,286.05,35.04,PASS,TRUE,,/mnt/nurvai-data/03/batch_05/SKILL_003_20260202_082013/SKILL_003_20260202_082013_0.mcap
SKILL_004_20260131_120936,station_01_lab,SKILL_004,Set Screwdriver package,C_BECERRA,2026-01-31T12:09:37Z,2026-01-31T12:13:47Z,249.73,34.96,PASS,TRUE,,/mnt/nurvai-data/03/batch_05/SKILL_004_20260131_120936/SKILL_004_20260131_120936_0.mcap
SKILL_004_20260131_121726,station_01_lab,SKILL_004,Set Screwdriver package,C_BECERRA,2026-01-31T12:17:26Z,2026-01-31T12:19:40Z,133.44,37.86,PASS,TRUE,,/mnt/nurvai-data/03/batch_05/SKILL_004_20260131_121726/SKILL_004_20260131_121726_0.mcap
SKILL_005_20260131_122035,station_01_lab,SKILL_005,Insert allen keys in package,C_BECERRA,2026-01-31T12:20:35Z,2026-01-31T12:24:05Z,210.43,37.48,PASS,TRUE,,/mnt/nurvai-data/03/batch_05/SKILL_005_20260131_122035/SKILL_005_20260131_122035_0.mcap
SKILL_005_20260131_122623,station_01_lab,SKILL_005,Insert allen keys in package,C_BECERRA,2026-01-31T12:26:23Z,2026-01-31T12:29:44Z,200.31,36.82,PASS,TRUE,,/mnt/nurvai-data/03/batch_05/SKILL_005_20260131_122623/SKILL_005_20260131_122623_0.mcap
SKILL_005_20260202_075828,station_01_lab,SKILL_005,Insert allen keys in package,D_VARGAS,2026-02-02T07:58:29Z,2026-02-02T08:00:44Z,135.29,38.63,PASS,TRUE,,/mnt/nurvai-data/03/batch_05/SKILL_005_20260202_075828/SKILL_005_20260202_075828_0.mcap
SKILL_005_20260202_082932,station_01_lab,SKILL_005,Insert allen keys in package,D_VARGAS,2026-02-02T08:29:32Z,2026-02-02T08:32:50Z,197.24,37.73,PASS,TRUE,,/mnt/nurvai-data/03/batch_05/SKILL_005_20260202_082932/SKILL_005_20260202_082932_0.mcap
SKILL_005_20260202_083851,station_01_lab,SKILL_005,Insert allen keys in package,D_VARGAS,2026-02-02T08:38:52Z,2026-02-02T08:41:31Z,159.95,37.62,PASS,TRUE,,/mnt/nurvai-data/03/batch_05/SKILL_005_20260202_083851/SKILL_005_20260202_083851_0.mcap
SKILL_007_20260202_084441,station_01_lab,SKILL_007,Separate tongue depressors by color,D_VARGAS,2026-02-02T08:44:41Z,2026-02-02T08:46:30Z,109.15,38.57,PASS,TRUE,,/mnt/nurvai-data/03/batch_05/SKILL_007_20260202_084441/SKILL_007_20260202_084441_0.mcap
SKILL_007_20260131_123100,station_01_lab,SKILL_007,Separate tongue depressors by color,C_BECERRA,2026-01-31T12:31:00Z,2026-01-31T12:40:19Z,558.99,37.49,PASS,TRUE,,/mnt/nurvai-data/03/batch_05/SKILL_007_20260131_123100/SKILL_007_20260131_123100_0.mcap
SKILL_007_20260202_084905,station_01_lab,SKILL_007,Separate tongue depressors by color,D_VARGAS,2026-02-02T08:49:06Z,2026-02-02T08:49:08Z,2.01,33.90,PASS,FALSE,TOO_SHORT (2.0s),/mnt/nurvai-data/03/batch_05/SKILL_007_20260202_084905/SKILL_007_20260202_084905_0.mcap
SKILL_007_20260202_090023,station_01_lab,SKILL_007,Separate tongue depressors by color,D_VARGAS,2026-02-02T09:00:23Z,2026-02-02T09:04:19Z,236.46,35.78,PASS,TRUE,,/mnt/nurvai-data/03/batch_05/SKILL_007_20260202_090023/SKILL_007_20260202_090023_0.mcap
SKILL_007_20260202_084950,station_01_lab,SKILL_007,Separate tongue depressors by color,D_VARGAS,2026-02-02T08:49:50Z,2026-02-02T08:56:40Z,409.79,37.86,PASS,TRUE,,/mnt/nurvai-data/03/batch_05/SKILL_007_20260202_084950/SKILL_007_20260202_084950_0.mcap
SKILL_007_20260202_090543,station_01_lab,SKILL_007,Separate tongue depressors by color,D_VARGAS,2026-02-02T09:05:43Z,2026-02-02T09:09:53Z,250.39,36.11,PASS,TRUE,,/mnt/nurvai-data/03/batch_05/SKILL_007_20260202_090543/SKILL_007_20260202_090543_0.mcap
SKILL_009_20260131_124626,station_01_lab,SKILL_009,Package Cotton set,C_BECERRA,2026-01-31T12:46:26Z,2026-01-31T12:57:31Z,664.39,35.17,PASS,TRUE,,/mnt/nurvai-data/03/batch_05/SKILL_009_20260131_124626/SKILL_009_20260131_124626_0.mcap
SKILL_010_20260131_125906,station_01_lab,SKILL_010,Package earphones,C_BECERRA,2026-01-31T12:59:06Z,2026-01-31T13:04:23Z,317.00,36.00,PASS,TRUE,,/mnt/nurvai-data/03/batch_05/SKILL_010_20260131_125906/SKILL_010_20260131_125906_0.mcap
SKILL_010_20260131_130541,station_01_lab,SKILL_010,Package earphones,C_BECERRA,2026-01-31T13:05:41Z,2026-01-31T13:10:23Z,281.93,36.85,PASS,TRUE,,/mnt/nurvai-data/03/batch_05/SKILL_010_20260131_130541/SKILL_010_20260131_130541_0.mcap
SKILL_010_20260202_091700,station_01_lab,SKILL_010,Package earphones,D_VARGAS,2026-02-02T09:17:00Z,2026-02-02T09:23:46Z,406.14,36.54,PASS,TRUE,,/mnt/nurvai-data/03/batch_05/SKILL_010_20260202_091700/SKILL_010_20260202_091700_0.mcap
SKILL_013_20260131_132412,station_01_lab,SKILL_013,Set up a hand lamp,C_BECERRA,2026-01-31T13:24:12Z,2026-01-31T13:27:33Z,201.61,36.56,PASS,TRUE,,/mnt/nurvai-data/03/batch_05/SKILL_013_20260131_132412/SKILL_013_20260131_132412_0.mcap
SKILL_013_20260131_132823,station_01_lab,SKILL_013,Set up a hand lamp,C_BECERRA,2026-01-31T13:28:23Z,2026-01-31T13:32:04Z,221.36,36.03,PASS,TRUE,,/mnt/nurvai-data/03/batch_05/SKILL_013_20260131_132823/SKILL_013_20260131_132823_0.mcap
SKILL_013_20260131_133245,station_01_lab,SKILL_013,Set up a hand lamp,C_BECERRA,2026-01-31T13:32:45Z,2026-01-31T13:34:19Z,93.97,35.30,PASS,TRUE,,/mnt/nurvai-data/03/batch_05/SKILL_013_20260131_133245/SKILL_013_20260131_133245_0.mcap
SKILL_013_20260202_094424,station_01_lab,SKILL_013,Set up a hand lamp,D_VARGAS,2026-02-02T09:44:25Z,2026-02-02T09:44:28Z,3.67,36.43,PASS,FALSE,TOO_SHORT (3.7s),/mnt/nurvai-data/03/batch_05/SKILL_013_20260202_094424/SKILL_013_20260202_094424_0.mcap
SKILL_013_20260202_094452,station_01_lab,SKILL_013,Set up a hand lamp,D_VARGAS,2026-02-02T09:44:52Z,2026-02-02T09:47:24Z,151.83,35.54,PASS,TRUE,,/mnt/nurvai-data/03/batch_05/SKILL_013_20260202_094452/SKILL_013_20260202_094452_0.mcap
SKILL_013_20260202_094811,station_01_lab,SKILL_013,Set up a hand lamp,D_VARGAS,2026-02-02T09:48:11Z,2026-02-02T09:50:16Z,124.33,23.85,PASS,TRUE,,/mnt/nurvai-data/03/batch_05/SKILL_013_20260202_094811/SKILL_013_20260202_094811_0.mcap
SKILL_013_20260202_100744,station_01_lab,SKILL_013,Set up a hand lamp,D_VARGAS,2026-02-02T10:07:44Z,2026-02-02T10:09:56Z,132.33,36.12,PASS,TRUE,,/mnt/nurvai-data/03/batch_05/SKILL_013_20260202_100744/SKILL_013_20260202_100744_0.mcap
SKILL_014_20260131_103607,station_01_lab,SKILL_014,Fasten nuts onto bolts,D_VARGAS,2026-01-31T10:36:07Z,2026-01-31T10:40:12Z,244.52,37.56,PASS,TRUE,,/mnt/nurvai-data/03/batch_05/SKILL_014_20260131_103607/SKILL_014_20260131_103607_0.mcap
SKILL_014_20260131_104221,station_01_lab,SKILL_014,Fasten nuts onto bolts,D_VARGAS,2026-01-31T10:42:21Z,2026-01-31T10:45:01Z,160.13,36.92,PASS,TRUE,,/mnt/nurvai-data/03/batch_05/SKILL_014_20260131_104221/SKILL_014_20260131_104221_0.mcap
SKILL_014_20260202_100250,station_01_lab,SKILL_014,Fasten nuts onto bolts,D_VARGAS,2026-02-02T10:02:50Z,2026-02-02T10:05:53Z,182.82,36.79,PASS,TRUE,,/mnt/nurvai-data/03/batch_05/SKILL_014_20260202_100250/SKILL_014_20260202_100250_0.mcap
SKILL_015_20260131_104648,station_01_lab,SKILL_015,Thread a needle,D_VARGAS,2026-01-31T10:46:48Z,2026-01-31T10:49:45Z,177.32,36.43,PASS,TRUE,,/mnt/nurvai-data/03/batch_05/SKILL_015_20260131_104648/SKILL_015_20260131_104648_0.mcap
SKILL_014_20260131_133557,station_01_lab,SKILL_014,Fasten nuts onto bolts,C_BECERRA,2026-01-31T13:35:57Z,2026-01-31T13:45:38Z,581.51,35.07,PASS,TRUE,,/mnt/nurvai-data/03/batch_05/SKILL_014_20260131_133557/SKILL_014_20260131_133557_0.mcap
SKILL_015_20260131_105029,station_01_lab,SKILL_015,Thread a needle,D_VARGAS,2026-01-31T10:50:29Z,2026-01-31T10:53:36Z,186.67,36.09,PASS,TRUE,,/mnt/nurvai-data/03/batch_05/SKILL_015_20260131_105029/SKILL_015_20260131_105029_0.mcap
SKILL_015_20260131_105410,station_01_lab,SKILL_015,Thread a needle,D_VARGAS,2026-01-31T10:54:10Z,2026-01-31T10:56:50Z,159.72,35.26,PASS,TRUE,,/mnt/nurvai-data/03/batch_05/SKILL_015_20260131_105410/SKILL_015_20260131_105410_0.mcap
SKILL_015_20260131_135302,station_01_lab,SKILL_015,Thread a needle,C_BECERRA,2026-01-31T13:53:02Z,2026-01-31T13:56:30Z,208.29,35.93,PASS,TRUE,,/mnt/nurvai-data/03/batch_05/SKILL_015_20260131_135302/SKILL_015_20260131_135302_0.mcap
SKILL_015_20260202_101621,station_01_lab,SKILL_015,Thread a needle,D_VARGAS,2026-02-02T10:16:21Z,2026-02-02T10:19:31Z,189.44,36.80,PASS,TRUE,,/mnt/nurvai-data/03/batch_05/SKILL_015_20260202_101621/SKILL_015_20260202_101621_0.mcap
SKILL_015_20260202_101120,station_01_lab,SKILL_015,Thread a needle,D_VARGAS,2026-02-02T10:11:20Z,2026-02-02T10:15:29Z,249.68,36.78,PASS,TRUE,,/mnt/nurvai-data/03/batch_05/SKILL_015_20260202_101120/SKILL_015_20260202_101120_0.mcap
SKILL_017_20260202_102846,station_01_lab,SKILL_017,Put pasta in ziploc bags,D_VARGAS,2026-02-02T10:28:46Z,2026-02-02T10:33:30Z,283.63,36.57,PASS,TRUE,,/mnt/nurvai-data/03/batch_05/SKILL_017_20260202_102846/SKILL_017_20260202_102846_0.mcap
SKILL_017_20260131_110028,station_01_lab,SKILL_017,Put pasta in ziploc bags,D_VARGAS,2026-01-31T11:00:28Z,2026-01-31T11:07:20Z,411.54,35.96,PASS,TRUE,,/mnt/nurvai-data/03/batch_05/SKILL_017_20260131_110028/SKILL_017_20260131_110028_0.mcap
SKILL_018_20260131_111358,station_01_lab,SKILL_018,Close bags with twist ties,D_VARGAS,2026-01-31T11:13:58Z,2026-01-31T11:16:43Z,165.18,34.47,PASS,TRUE,,/mnt/nurvai-data/03/batch_05/SKILL_018_20260131_111358/SKILL_018_20260131_111358_0.mcap
SKILL_018_20260131_111751,station_01_lab,SKILL_018,Close bags with twist ties,D_VARGAS,2026-01-31T11:17:51Z,2026-01-31T11:20:39Z,167.61,32.23,PASS,TRUE,,/mnt/nurvai-data/03/batch_05/SKILL_018_20260131_111751/SKILL_018_20260131_111751_0.mcap
SKILL_018_20260131_131206,station_01_lab,SKILL_018,Close bags with twist ties,C_BECERRA,2026-01-31T13:12:06Z,2026-01-31T13:15:10Z,183.68,36.94,PASS,TRUE,,/mnt/nurvai-data/03/batch_05/SKILL_018_20260131_131206/SKILL_018_20260131_131206_0.mcap
SKILL_018_20260131_112533,station_01_lab,SKILL_018,Close bags with twist ties,D_VARGAS,2026-01-31T11:25:33Z,2026-01-31T11:27:05Z,91.58,36.54,PASS,TRUE,,/mnt/nurvai-data/03/batch_05/SKILL_018_20260131_112533/SKILL_018_20260131_112533_0.mcap
SKILL_018_20260131_131600,station_01_lab,SKILL_018,Close bags with twist ties,C_BECERRA,2026-01-31T13:16:00Z,2026-01-31T13:18:53Z,172.87,37.03,PASS,TRUE,,/mnt/nurvai-data/03/batch_05/SKILL_018_20260131_131600/SKILL_018_20260131_131600_0.mcap
SKILL_001_20260202_110808,station_01_lab,SKILL_001,Organize beads per color,D_VARGAS,2026-02-02T11:08:08Z,2026-02-02T11:08:17Z,8.52,36.36,PASS,FALSE,TOO_SHORT (8.5s),/mnt/nurvai-data/03/batch_06/SKILL_001_20260202_110808/SKILL_001_20260202_110808_0.mcap
SKILL_018_20260131_131933,station_01_lab,SKILL_018,Close bags with twist ties,C_BECERRA,2026-01-31T13:19:33Z,2026-01-31T13:23:21Z,228.19,36.87,PASS,TRUE,,/mnt/nurvai-data/03/batch_05/SKILL_018_20260131_131933/SKILL_018_20260131_131933_0.mcap
SKILL_001_20260202_110832,station_01_lab,SKILL_001,Organize beads per color,D_VARGAS,2026-02-02T11:08:32Z,2026-02-02T11:22:45Z,853.82,35.96,PASS,TRUE,,/mnt/nurvai-data/03/batch_06/SKILL_001_20260202_110832/SKILL_001_20260202_110832_0.mcap
SKILL_001_20260202_121926,station_01_lab,SKILL_001,Organize beads per color,C_BECERRA,2026-02-02T12:19:26Z,2026-02-02T12:23:43Z,257.52,36.54,PASS,TRUE,,/mnt/nurvai-data/03/batch_06/SKILL_001_20260202_121926/SKILL_001_20260202_121926_0.mcap
SKILL_001_20260203_070012,station_01_lab,SKILL_001,Organize beads per color,C_BECERRA,2026-02-03T07:00:12Z,2026-02-03T07:03:02Z,169.33,34.50,PASS,TRUE,,/mnt/nurvai-data/03/batch_06/SKILL_001_20260203_070012/SKILL_001_20260203_070012_0.mcap
SKILL_001_20260202_122900,station_01_lab,SKILL_001,Organize beads per color,C_BECERRA,2026-02-02T12:29:00Z,2026-02-02T12:33:51Z,290.29,35.23,PASS,TRUE,,/mnt/nurvai-data/03/batch_06/SKILL_001_20260202_122900/SKILL_001_20260202_122900_0.mcap
SKILL_001_20260203_070431,station_01_lab,SKILL_001,Organize beads per color,C_BECERRA,2026-02-03T07:04:31Z,2026-02-03T07:16:00Z,689.13,35.21,PASS,TRUE,,/mnt/nurvai-data/03/batch_06/SKILL_001_20260203_070431/SKILL_001_20260203_070431_0.mcap
SKILL_003_20260202_123454,station_01_lab,SKILL_003,Organize screwdriver bits,C_BECERRA,2026-02-02T12:34:54Z,2026-02-02T12:38:44Z,230.74,36.15,PASS,TRUE,,/mnt/nurvai-data/03/batch_06/SKILL_003_20260202_123454/SKILL_003_20260202_123454_0.mcap
SKILL_003_20260202_124150,station_01_lab,SKILL_003,Organize screwdriver bits,C_BECERRA,2026-02-02T12:41:51Z,2026-02-02T12:45:20Z,209.78,35.66,PASS,TRUE,,/mnt/nurvai-data/03/batch_06/SKILL_003_20260202_124150/SKILL_003_20260202_124150_0.mcap
SKILL_003_20260203_071733,station_01_lab,SKILL_003,Organize screwdriver bits,C_BECERRA,2026-02-03T07:17:33Z,2026-02-03T07:22:15Z,281.76,36.33,PASS,TRUE,,/mnt/nurvai-data/03/batch_06/SKILL_003_20260203_071733/SKILL_003_20260203_071733_0.mcap
SKILL_003_20260203_072329,station_01_lab,SKILL_003,Organize screwdriver bits,C_BECERRA,2026-02-03T07:23:29Z,2026-02-03T07:27:38Z,249.51,36.04,PASS,TRUE,,/mnt/nurvai-data/03/batch_06/SKILL_003_20260203_072329/SKILL_003_20260203_072329_0.mcap
SKILL_003_20260203_072850,station_01_lab,SKILL_003,Organize screwdriver bits,C_BECERRA,2026-02-03T07:28:50Z,2026-02-03T07:32:38Z,228.07,34.94,PASS,TRUE,,/mnt/nurvai-data/03/batch_06/SKILL_003_20260203_072850/SKILL_003_20260203_072850_0.mcap
SKILL_004_20260202_130240,station_01_lab,SKILL_004,Set Screwdriver package,C_BECERRA,2026-02-02T13:02:40Z,2026-02-02T13:07:10Z,269.97,35.74,PASS,TRUE,,/mnt/nurvai-data/03/batch_06/SKILL_004_20260202_130240/SKILL_004_20260202_130240_0.mcap
SKILL_004_20260202_125703,station_01_lab,SKILL_004,Set Screwdriver package,C_BECERRA,2026-02-02T12:57:03Z,2026-02-02T13:01:37Z,273.95,34.78,PASS,TRUE,,/mnt/nurvai-data/03/batch_06/SKILL_004_20260202_125703/SKILL_004_20260202_125703_0.mcap
SKILL_004_20260203_074143,station_01_lab,SKILL_004,Set Screwdriver package,C_BECERRA,2026-02-03T07:41:43Z,2026-02-03T07:45:26Z,222.64,36.04,PASS,TRUE,,/mnt/nurvai-data/03/batch_06/SKILL_004_20260203_074143/SKILL_004_20260203_074143_0.mcap
SKILL_005_20260202_132149,station_01_lab,SKILL_005,Insert allen keys in package,C_BECERRA,2026-02-02T13:21:49Z,2026-02-02T13:24:39Z,170.04,37.35,PASS,TRUE,,/mnt/nurvai-data/03/batch_06/SKILL_005_20260202_132149/SKILL_005_20260202_132149_0.mcap
SKILL_005_20260203_075025,station_01_lab,SKILL_005,Insert allen keys in package,C_BECERRA,2026-02-03T07:50:26Z,2026-02-03T07:54:08Z,221.76,36.96,PASS,TRUE,,/mnt/nurvai-data/03/batch_06/SKILL_005_20260203_075025/SKILL_005_20260203_075025_0.mcap
SKILL_005_20260203_075510,station_01_lab,SKILL_005,Insert allen keys in package,C_BECERRA,2026-02-03T07:55:10Z,2026-02-03T07:57:46Z,155.40,36.19,PASS,TRUE,,/mnt/nurvai-data/03/batch_06/SKILL_005_20260203_075510/SKILL_005_20260203_075510_0.mcap
SKILL_007_20260203_081224,station_01_lab,SKILL_007,Separate tongue depressors by color,C_BECERRA,2026-02-03T08:12:24Z,2026-02-03T08:12:33Z,9.66,19.97,PASS,FALSE,TOO_SHORT (9.7s),/mnt/nurvai-data/03/batch_06/SKILL_007_20260203_081224/SKILL_007_20260203_081224_0.mcap
SKILL_007_20260203_081315,station_01_lab,SKILL_007,Separate tongue depressors by color,C_BECERRA,2026-02-03T08:13:15Z,2026-02-03T08:20:40Z,444.76,37.45,PASS,TRUE,,/mnt/nurvai-data/03/batch_06/SKILL_007_20260203_081315/SKILL_007_20260203_081315_0.mcap
SKILL_008_20260202_132543,station_01_lab,SKILL_008,Separate tongue depressors by type,C_BECERRA,2026-02-02T13:25:43Z,2026-02-02T13:35:35Z,591.90,38.49,PASS,TRUE,,/mnt/nurvai-data/03/batch_06/SKILL_008_20260202_132543/SKILL_008_20260202_132543_0.mcap
SKILL_009_20260202_133904,station_01_lab,SKILL_009,Package Cotton set,C_BECERRA,2026-02-02T13:39:04Z,2026-02-02T13:48:22Z,558.02,37.62,PASS,TRUE,,/mnt/nurvai-data/03/batch_06/SKILL_009_20260202_133904/SKILL_009_20260202_133904_0.mcap
SKILL_009_20260203_082357,station_01_lab,SKILL_009,Package Cotton set,C_BECERRA,2026-02-03T08:23:57Z,2026-02-03T08:33:39Z,582.74,37.01,PASS,TRUE,,/mnt/nurvai-data/03/batch_06/SKILL_009_20260203_082357/SKILL_009_20260203_082357_0.mcap
SKILL_010_20260202_135250,station_01_lab,SKILL_010,Package earphones,C_BECERRA,2026-02-02T13:52:50Z,2026-02-02T13:56:43Z,233.21,37.31,PASS,TRUE,,/mnt/nurvai-data/03/batch_06/SKILL_010_20260202_135250/SKILL_010_20260202_135250_0.mcap
SKILL_010_20260202_135807,station_01_lab,SKILL_010,Package earphones,C_BECERRA,2026-02-02T13:58:07Z,2026-02-02T14:01:51Z,224.65,37.21,PASS,TRUE,,/mnt/nurvai-data/03/batch_06/SKILL_010_20260202_135807/SKILL_010_20260202_135807_0.mcap
SKILL_010_20260203_083613,station_01_lab,SKILL_010,Package earphones,C_BECERRA,2026-02-03T08:36:13Z,2026-02-03T08:36:56Z,42.26,37.26,PASS,FALSE,TOO_SHORT (42.3s),/mnt/nurvai-data/03/batch_06/SKILL_010_20260203_083613/SKILL_010_20260203_083613_0.mcap
SKILL_010_20260203_084020,station_01_lab,SKILL_010,Package earphones,C_BECERRA,2026-02-03T08:40:21Z,2026-02-03T08:45:19Z,298.29,37.33,PASS,TRUE,,/mnt/nurvai-data/03/batch_06/SKILL_010_20260203_084020/SKILL_010_20260203_084020_0.mcap
SKILL_011_20260202_144829,station_01_lab,SKILL_011,Package plastic ice cubes,C_BECERRA,2026-02-02T14:48:29Z,2026-02-02T14:51:02Z,153.03,37.49,PASS,TRUE,,/mnt/nurvai-data/03/batch_06/SKILL_011_20260202_144829/SKILL_011_20260202_144829_0.mcap
SKILL_010_20260203_084802,station_01_lab,SKILL_010,Package earphones,C_BECERRA,2026-02-03T08:48:02Z,2026-02-03T08:53:02Z,299.62,37.12,PASS,TRUE,,/mnt/nurvai-data/03/batch_06/SKILL_010_20260203_084802/SKILL_010_20260203_084802_0.mcap
SKILL_013_20260202_140830,station_01_lab,SKILL_013,Set up a hand lamp,C_BECERRA,2026-02-02T14:08:30Z,2026-02-02T14:09:55Z,85.46,37.16,PASS,FALSE,TOO_SHORT (85.5s),/mnt/nurvai-data/03/batch_06/SKILL_013_20260202_140830/SKILL_013_20260202_140830_0.mcap
SKILL_011_20260202_145134,station_01_lab,SKILL_011,Package plastic ice cubes,C_BECERRA,2026-02-02T14:51:34Z,2026-02-02T14:54:51Z,197.01,37.40,PASS,TRUE,,/mnt/nurvai-data/03/batch_06/SKILL_011_20260202_145134/SKILL_011_20260202_145134_0.mcap
SKILL_013_20260202_141017,station_01_lab,SKILL_013,Set up a hand lamp,C_BECERRA,2026-02-02T14:10:17Z,2026-02-02T14:13:39Z,202.30,37.26,PASS,TRUE,,/mnt/nurvai-data/03/batch_06/SKILL_013_20260202_141017/SKILL_013_20260202_141017_0.mcap
SKILL_013_20260202_141529,station_01_lab,SKILL_013,Set up a hand lamp,C_BECERRA,2026-02-02T14:15:29Z,2026-02-02T14:19:36Z,247.71,37.17,PASS,TRUE,,/mnt/nurvai-data/03/batch_06/SKILL_013_20260202_141529/SKILL_013_20260202_141529_0.mcap
SKILL_013_20260203_085345,station_01_lab,SKILL_013,Set up a hand lamp,C_BECERRA,2026-02-03T08:53:45Z,2026-02-03T08:55:31Z,106.20,37.10,PASS,TRUE,,/mnt/nurvai-data/03/batch_06/SKILL_013_20260203_085345/SKILL_013_20260203_085345_0.mcap
SKILL_013_20260203_090321,station_01_lab,SKILL_013,Set up a hand lamp,L_AGUILERA,2026-02-03T09:03:22Z,2026-02-03T09:04:55Z,93.03,35.31,PASS,TRUE,,/mnt/nurvai-data/03/batch_06/SKILL_013_20260203_090321/SKILL_013_20260203_090321_0.mcap
SKILL_013_20260203_085819,station_01_lab,SKILL_013,Set up a hand lamp,L_AGUILERA,2026-02-03T08:58:19Z,2026-02-03T09:00:21Z,122.00,34.07,PASS,TRUE,,/mnt/nurvai-data/03/batch_06/SKILL_013_20260203_085819/SKILL_013_20260203_085819_0.mcap
SKILL_013_20260203_090539,station_01_lab,SKILL_013,Set up a hand lamp,L_AGUILERA,2026-02-03T09:05:39Z,2026-02-03T09:05:54Z,15.00,35.34,PASS,FALSE,TOO_SHORT (15.0s),/mnt/nurvai-data/03/batch_06/SKILL_013_20260203_090539/SKILL_013_20260203_090539_0.mcap
SKILL_014_20260203_090754,station_01_lab,SKILL_014,Fasten nuts onto bolts,L_AGUILERA,2026-02-03T09:07:55Z,2026-02-03T09:15:24Z,449.66,36.32,PASS,TRUE,,/mnt/nurvai-data/03/batch_06/SKILL_014_20260203_090754/SKILL_014_20260203_090754_0.mcap
SKILL_014_20260202_142544,station_01_lab,SKILL_014,Fasten nuts onto bolts,C_BECERRA,2026-02-02T14:25:45Z,2026-02-02T14:33:35Z,470.61,37.27,PASS,TRUE,,/mnt/nurvai-data/03/batch_06/SKILL_014_20260202_142544/SKILL_014_20260202_142544_0.mcap
SKILL_014_20260203_091811,station_01_lab,SKILL_014,Fasten nuts onto bolts,L_AGUILERA,2026-02-03T09:18:11Z,2026-02-03T09:19:14Z,63.29,36.42,PASS,FALSE,TOO_SHORT (63.3s),/mnt/nurvai-data/03/batch_06/SKILL_014_20260203_091811/SKILL_014_20260203_091811_0.mcap
SKILL_015_20260202_143853,station_01_lab,SKILL_015,Thread a needle,C_BECERRA,2026-02-02T14:38:53Z,2026-02-02T14:41:39Z,166.73,37.32,PASS,TRUE,,/mnt/nurvai-data/03/batch_06/SKILL_015_20260202_143853/SKILL_015_20260202_143853_0.mcap
SKILL_015_20260202_144253,station_01_lab,SKILL_015,Thread a needle,C_BECERRA,2026-02-02T14:42:53Z,2026-02-02T14:45:16Z,143.78,37.31,PASS,TRUE,,/mnt/nurvai-data/03/batch_06/SKILL_015_20260202_144253/SKILL_015_20260202_144253_0.mcap
SKILL_017_20260202_121207,station_01_lab,SKILL_017,Put pasta in ziploc bags,C_BECERRA,2026-02-02T12:12:07Z,2026-02-02T12:17:47Z,340.10,34.61,PASS,TRUE,,/mnt/nurvai-data/03/batch_06/SKILL_017_20260202_121207/SKILL_017_20260202_121207_0.mcap
SKILL_019_20260202_105509,station_01_lab,SKILL_019,Put pasta in plastic containers,D_VARGAS,2026-02-02T10:55:09Z,2026-02-02T10:59:42Z,273.00,35.94,PASS,TRUE,,/mnt/nurvai-data/03/batch_06/SKILL_019_20260202_105509/SKILL_019_20260202_105509_0.mcap
SKILL_024_20260202_120316,station_01_lab,SKILL_024,Put hooks on shower courtain,C_BECERRA,2026-02-02T12:03:16Z,2026-02-02T12:06:09Z,173.01,34.26,PASS,TRUE,,/mnt/nurvai-data/03/batch_06/SKILL_024_20260202_120316/SKILL_024_20260202_120316_0.mcap
SKILL_019_20260202_110146,station_01_lab,SKILL_019,Put pasta in plastic containers,D_VARGAS,2026-02-02T11:01:46Z,2026-02-02T11:05:47Z,240.88,36.44,PASS,TRUE,,/mnt/nurvai-data/03/batch_06/SKILL_019_20260202_110146/SKILL_019_20260202_110146_0.mcap
SKILL_024_20260202_121022,station_01_lab,SKILL_024,Put hooks on shower courtain,C_BECERRA,2026-02-02T12:10:22Z,2026-02-02T12:10:26Z,3.95,32.53,PASS,FALSE,TOO_SHORT (4.0s),/mnt/nurvai-data/03/batch_06/SKILL_024_20260202_121022/SKILL_024_20260202_121022_0.mcap
SKILL_001_20260203_142056,station_01_lab,SKILL_001,Organize beads per color,L_AGUILERA,2026-02-03T14:20:56Z,2026-02-03T14:25:10Z,253.93,35.99,PASS,TRUE,,/mnt/nurvai-data/03/batch_07/SKILL_001_20260203_142056/SKILL_001_20260203_142056_0.mcap
SKILL_001_20260203_142832,station_01_lab,SKILL_001,Organize beads per color,L_AGUILERA,2026-02-03T14:28:32Z,2026-02-03T14:38:07Z,574.49,36.86,PASS,TRUE,,/mnt/nurvai-data/03/batch_07/SKILL_001_20260203_142832/SKILL_001_20260203_142832_0.mcap
SKILL_001_20260204_070507,station_01_lab,SKILL_001,Organize beads per color,N_MORA,2026-02-04T07:05:07Z,2026-02-04T07:08:07Z,179.93,34.20,PASS,TRUE,,/mnt/nurvai-data/03/batch_07/SKILL_001_20260204_070507/SKILL_001_20260204_070507_0.mcap
SKILL_003_20260203_100511,station_01_lab,SKILL_003,Organize screwdriver bits,D_VARGAS,2026-02-03T10:05:11Z,2026-02-03T10:05:12Z,1.35,31.67,PASS,FALSE,TOO_SHORT (1.4s),/mnt/nurvai-data/03/batch_07/SKILL_003_20260203_100511/SKILL_003_20260203_100511_0.mcap
SKILL_003_20260203_100518,station_01_lab,SKILL_003,Organize screwdriver bits,D_VARGAS,2026-02-03T10:05:18Z,2026-02-03T10:05:30Z,11.77,33.34,PASS,FALSE,TOO_SHORT (11.8s),/mnt/nurvai-data/03/batch_07/SKILL_003_20260203_100518/SKILL_003_20260203_100518_0.mcap
SKILL_003_20260203_100551,station_01_lab,SKILL_003,Organize screwdriver bits,D_VARGAS,2026-02-03T10:05:51Z,2026-02-03T10:10:36Z,285.41,33.46,PASS,TRUE,,/mnt/nurvai-data/03/batch_07/SKILL_003_20260203_100551/SKILL_003_20260203_100551_0.mcap
SKILL_001_20260204_070915,station_01_lab,SKILL_001,Organize beads per color,N_MORA,2026-02-04T07:09:15Z,2026-02-04T07:22:14Z,779.33,34.50,PASS,TRUE,,/mnt/nurvai-data/03/batch_07/SKILL_001_20260204_070915/SKILL_001_20260204_070915_0.mcap
SKILL_003_20260203_101354,station_01_lab,SKILL_003,Organize screwdriver bits,D_VARGAS,2026-02-03T10:13:56Z,2026-02-03T10:13:57Z,1.71,39.21,WARNING_DRIFT,FALSE,TOO_SHORT (1.7s),/mnt/nurvai-data/03/batch_07/SKILL_003_20260203_101354/SKILL_003_20260203_101354_0.mcap
SKILL_003_20260203_101825,station_01_lab,SKILL_003,Organize screwdriver bits,D_VARGAS,2026-02-03T10:18:29Z,2026-02-03T10:18:29Z,0.03,162.67,PASS,FALSE,TOO_SHORT (0.0s),/mnt/nurvai-data/03/batch_07/SKILL_003_20260203_101825/SKILL_003_20260203_101825_0.mcap
SKILL_003_20260203_101357,station_01_lab,SKILL_003,Organize screwdriver bits,D_VARGAS,2026-02-03T10:13:57Z,2026-02-03T10:18:25Z,267.66,37.36,PASS,TRUE,,/mnt/nurvai-data/03/batch_07/SKILL_003_20260203_101357/SKILL_003_20260203_101357_0.mcap
SKILL_003_20260203_144050,station_01_lab,SKILL_003,Organize screwdriver bits,L_AGUILERA,2026-02-03T14:40:50Z,2026-02-03T14:45:12Z,261.78,36.20,PASS,TRUE,,/mnt/nurvai-data/03/batch_07/SKILL_003_20260203_144050/SKILL_003_20260203_144050_0.mcap
SKILL_003_20260203_144558,station_01_lab,SKILL_003,Organize screwdriver bits,L_AGUILERA,2026-02-03T14:45:58Z,2026-02-03T14:50:21Z,263.20,36.21,PASS,TRUE,,/mnt/nurvai-data/03/batch_07/SKILL_003_20260203_144558/SKILL_003_20260203_144558_0.mcap
SKILL_003_20260204_073028,station_01_lab,SKILL_003,Organize screwdriver bits,N_MORA,2026-02-04T07:30:28Z,2026-02-04T07:35:09Z,280.85,37.26,PASS,TRUE,,/mnt/nurvai-data/03/batch_07/SKILL_003_20260204_073028/SKILL_003_20260204_073028_0.mcap
SKILL_003_20260204_073637,station_01_lab,SKILL_003,Organize screwdriver bits,N_MORA,2026-02-04T07:36:37Z,2026-02-04T07:41:42Z,304.74,37.26,PASS,TRUE,,/mnt/nurvai-data/03/batch_07/SKILL_003_20260204_073637/SKILL_003_20260204_073637_0.mcap
SKILL_004_20260203_102618,station_01_lab,SKILL_004,Set Screwdriver package,D_VARGAS,2026-02-03T10:26:18Z,2026-02-03T10:27:21Z,62.76,34.36,PASS,FALSE,TOO_SHORT (62.8s),/mnt/nurvai-data/03/batch_07/SKILL_004_20260203_102618/SKILL_004_20260203_102618_0.mcap
SKILL_004_20260203_104131,station_01_lab,SKILL_004,Set Screwdriver package,D_VARGAS,2026-02-03T10:41:31Z,2026-02-03T10:41:39Z,8.08,33.20,PASS,FALSE,TOO_SHORT (8.1s),/mnt/nurvai-data/03/batch_07/SKILL_004_20260203_104131/SKILL_004_20260203_104131_0.mcap
SKILL_004_20260203_104841,station_01_lab,SKILL_004,Set Screwdriver package,D_VARGAS,2026-02-03T10:48:41Z,2026-02-03T10:49:30Z,48.33,35.29,PASS,FALSE,TOO_SHORT (48.3s),/mnt/nurvai-data/03/batch_07/SKILL_004_20260203_104841/SKILL_004_20260203_104841_0.mcap
SKILL_004_20260203_105752,station_01_lab,SKILL_004,Set Screwdriver package,N_MORA,2026-02-03T10:57:52Z,2026-02-03T10:59:17Z,85.52,36.56,PASS,FALSE,TOO_SHORT (85.5s),/mnt/nurvai-data/03/batch_07/SKILL_004_20260203_105752/SKILL_004_20260203_105752_0.mcap
SKILL_004_20260203_105130,station_01_lab,SKILL_004,Set Screwdriver package,D_VARGAS,2026-02-03T10:51:31Z,2026-02-03T10:56:03Z,271.93,35.49,PASS,TRUE,,/mnt/nurvai-data/03/batch_07/SKILL_004_20260203_105130/SKILL_004_20260203_105130_0.mcap
SKILL_004_20260203_145157,station_01_lab,SKILL_004,Set Screwdriver package,L_AGUILERA,2026-02-03T14:51:57Z,2026-02-03T14:53:24Z,86.15,36.67,PASS,FALSE,TOO_SHORT (86.1s),/mnt/nurvai-data/03/batch_07/SKILL_004_20260203_145157/SKILL_004_20260203_145157_0.mcap
SKILL_004_20260203_145350,station_01_lab,SKILL_004,Set Screwdriver package,L_AGUILERA,2026-02-03T14:53:50Z,2026-02-03T14:55:07Z,77.11,37.01,PASS,FALSE,TOO_SHORT (77.1s),/mnt/nurvai-data/03/batch_07/SKILL_004_20260203_145350/SKILL_004_20260203_145350_0.mcap
SKILL_004_20260203_145603,station_01_lab,SKILL_004,Set Screwdriver package,L_AGUILERA,2026-02-03T14:56:03Z,2026-02-03T14:56:06Z,2.38,36.60,PASS,FALSE,TOO_SHORT (2.4s),/mnt/nurvai-data/03/batch_07/SKILL_004_20260203_145603/SKILL_004_20260203_145603_0.mcap
SKILL_004_20260203_145620,station_01_lab,SKILL_004,Set Screwdriver package,L_AGUILERA,2026-02-03T14:56:20Z,2026-02-03T14:57:30Z,69.86,36.96,PASS,FALSE,TOO_SHORT (69.9s),/mnt/nurvai-data/03/batch_07/SKILL_004_20260203_145620/SKILL_004_20260203_145620_0.mcap
SKILL_004_20260204_074329,station_01_lab,SKILL_004,Set Screwdriver package,N_MORA,2026-02-04T07:43:29Z,2026-02-04T07:47:51Z,261.94,37.60,PASS,TRUE,,/mnt/nurvai-data/03/batch_07/SKILL_004_20260204_074329/SKILL_004_20260204_074329_0.mcap
SKILL_004_20260204_075020,station_01_lab,SKILL_004,Set Screwdriver package,N_MORA,2026-02-04T07:50:21Z,2026-02-04T07:54:00Z,219.63,34.20,PASS,TRUE,,/mnt/nurvai-data/03/batch_07/SKILL_004_20260204_075020/SKILL_004_20260204_075020_0.mcap
SKILL_004_20260204_075821,station_01_lab,SKILL_004,Set Screwdriver package,N_MORA,2026-02-04T07:58:21Z,2026-02-04T08:01:08Z,166.72,36.52,PASS,TRUE,,/mnt/nurvai-data/03/batch_07/SKILL_004_20260204_075821/SKILL_004_20260204_075821_0.mcap
SKILL_004_20260204_075517,station_01_lab,SKILL_004,Set Screwdriver package,N_MORA,2026-02-04T07:55:17Z,2026-02-04T07:56:53Z,96.19,34.73,PASS,TRUE,,/mnt/nurvai-data/03/batch_07/SKILL_004_20260204_075517/SKILL_004_20260204_075517_0.mcap
SKILL_005_20260204_081127,station_01_lab,SKILL_005,Insert allen keys in package,N_MORA,2026-02-04T08:11:27Z,2026-02-04T08:13:29Z,121.60,36.45,PASS,TRUE,,/mnt/nurvai-data/03/batch_07/SKILL_005_20260204_081127/SKILL_005_20260204_081127_0.mcap
SKILL_005_20260204_081351,station_01_lab,SKILL_005,Insert allen keys in package,N_MORA,2026-02-04T08:13:51Z,2026-02-04T08:16:09Z,137.24,36.38,PASS,TRUE,,/mnt/nurvai-data/03/batch_07/SKILL_005_20260204_081351/SKILL_005_20260204_081351_0.mcap
SKILL_005_20260204_081640,station_01_lab,SKILL_005,Insert allen keys in package,N_MORA,2026-02-04T08:16:40Z,2026-02-04T08:18:45Z,124.96,36.46,PASS,TRUE,,/mnt/nurvai-data/03/batch_07/SKILL_005_20260204_081640/SKILL_005_20260204_081640_0.mcap
SKILL_005_20260204_082005,station_01_lab,SKILL_005,Insert allen keys in package,N_MORA,2026-02-04T08:20:05Z,2026-02-04T08:21:52Z,107.09,36.33,PASS,TRUE,,/mnt/nurvai-data/03/batch_07/SKILL_005_20260204_082005/SKILL_005_20260204_082005_0.mcap
SKILL_007_20260204_083030,station_01_lab,SKILL_007,Separate tongue depressors by color,N_MORA,2026-02-04T08:30:30Z,2026-02-04T08:33:05Z,155.33,37.38,PASS,TRUE,,/mnt/nurvai-data/03/batch_07/SKILL_007_20260204_083030/SKILL_007_20260204_083030_0.mcap
SKILL_007_20260204_082241,station_01_lab,SKILL_007,Separate tongue depressors by color,N_MORA,2026-02-04T08:22:41Z,2026-02-04T08:29:46Z,424.47,37.17,PASS,TRUE,,/mnt/nurvai-data/03/batch_07/SKILL_007_20260204_082241/SKILL_007_20260204_082241_0.mcap
SKILL_009_20260203_112119,station_01_lab,SKILL_009,Package Cotton set,E_MARTINEZ,2026-02-03T11:21:20Z,2026-02-03T11:28:09Z,408.96,37.25,PASS,TRUE,,/mnt/nurvai-data/03/batch_07/SKILL_009_20260203_112119/SKILL_009_20260203_112119_0.mcap
SKILL_009_20260204_083447,station_01_lab,SKILL_009,Package Cotton set,N_MORA,2026-02-04T08:34:48Z,2026-02-04T08:40:45Z,357.76,36.74,PASS,TRUE,,/mnt/nurvai-data/03/batch_07/SKILL_009_20260204_083447/SKILL_009_20260204_083447_0.mcap
SKILL_010_20260203_121031,station_01_lab,SKILL_010,Package earphones,E_MARTINEZ,2026-02-03T12:10:32Z,2026-02-03T12:11:31Z,59.09,34.28,PASS,FALSE,TOO_SHORT (59.1s),/mnt/nurvai-data/03/batch_07/SKILL_010_20260203_121031/SKILL_010_20260203_121031_0.mcap
SKILL_010_20260203_121529,station_01_lab,SKILL_010,Package earphones,E_MARTINEZ,2026-02-03T12:15:29Z,2026-02-03T12:16:17Z,47.32,36.97,PASS,FALSE,TOO_SHORT (47.3s),/mnt/nurvai-data/03/batch_07/SKILL_010_20260203_121529/SKILL_010_20260203_121529_0.mcap
SKILL_010_20260204_084952,station_01_lab,SKILL_010,Package earphones,N_MORA,2026-02-04T08:49:52Z,2026-02-04T08:50:26Z,33.89,36.51,PASS,FALSE,TOO_SHORT (33.9s),/mnt/nurvai-data/03/batch_07/SKILL_010_20260204_084952/SKILL_010_20260204_084952_0.mcap
SKILL_010_20260204_084255,station_01_lab,SKILL_010,Package earphones,N_MORA,2026-02-04T08:42:55Z,2026-02-04T08:48:18Z,323.46,36.78,PASS,TRUE,,/mnt/nurvai-data/03/batch_07/SKILL_010_20260204_084255/SKILL_010_20260204_084255_0.mcap
SKILL_011_20260203_120446,station_01_lab,SKILL_011,Package plastic ice cubes,E_MARTINEZ,2026-02-03T12:04:47Z,2026-02-03T12:07:15Z,147.61,37.23,PASS,TRUE,,/mnt/nurvai-data/03/batch_07/SKILL_011_20260203_120446/SKILL_011_20260203_120446_0.mcap
SKILL_011_20260204_085305,station_01_lab,SKILL_011,Package plastic ice cubes,N_MORA,2026-02-04T08:53:05Z,2026-02-04T08:55:47Z,162.30,36.71,PASS,TRUE,,/mnt/nurvai-data/03/batch_07/SKILL_011_20260204_085305/SKILL_011_20260204_085305_0.mcap
SKILL_011_20260204_085617,station_01_lab,SKILL_011,Package plastic ice cubes,N_MORA,2026-02-04T08:56:17Z,2026-02-04T08:58:14Z,117.49,36.66,PASS,TRUE,,/mnt/nurvai-data/03/batch_07/SKILL_011_20260204_085617/SKILL_011_20260204_085617_0.mcap
SKILL_011_20260204_090117,station_01_lab,SKILL_011,Package plastic ice cubes,A_RODRIGUEZ,2026-02-04T09:01:18Z,2026-02-04T09:04:22Z,184.36,34.00,PASS,TRUE,,/mnt/nurvai-data/03/batch_07/SKILL_011_20260204_090117/SKILL_011_20260204_090117_0.mcap
SKILL_013_20260203_122654,station_01_lab,SKILL_013,Set up a hand lamp,E_MARTINEZ,2026-02-03T12:26:55Z,2026-02-03T12:29:41Z,166.19,36.59,PASS,TRUE,,/mnt/nurvai-data/03/batch_07/SKILL_013_20260203_122654/SKILL_013_20260203_122654_0.mcap
SKILL_013_20260203_123040,station_01_lab,SKILL_013,Set up a hand lamp,E_MARTINEZ,2026-02-03T12:30:40Z,2026-02-03T12:33:17Z,157.05,36.29,PASS,TRUE,,/mnt/nurvai-data/03/batch_07/SKILL_013_20260203_123040/SKILL_013_20260203_123040_0.mcap
SKILL_013_20260204_090649,station_01_lab,SKILL_013,Set up a hand lamp,A_RODRIGUEZ,2026-02-04T09:06:49Z,2026-02-04T09:10:10Z,201.22,35.00,PASS,TRUE,,/mnt/nurvai-data/03/batch_07/SKILL_013_20260204_090649/SKILL_013_20260204_090649_0.mcap
SKILL_013_20260204_091203,station_01_lab,SKILL_013,Set up a hand lamp,A_RODRIGUEZ,2026-02-04T09:12:03Z,2026-02-04T09:13:37Z,93.97,35.10,PASS,TRUE,,/mnt/nurvai-data/03/batch_07/SKILL_013_20260204_091203/SKILL_013_20260204_091203_0.mcap
SKILL_013_20260204_091929,station_01_lab,SKILL_013,Set up a hand lamp,A_RODRIGUEZ,2026-02-04T09:19:30Z,2026-02-04T09:25:09Z,338.77,36.45,PASS,TRUE,,/mnt/nurvai-data/03/batch_07/SKILL_013_20260204_091929/SKILL_013_20260204_091929_0.mcap
SKILL_014_20260203_123639,station_01_lab,SKILL_014,Fasten nuts onto bolts,E_MARTINEZ,2026-02-03T12:36:39Z,2026-02-03T12:40:52Z,252.75,36.29,PASS,TRUE,,/mnt/nurvai-data/03/batch_07/SKILL_014_20260203_123639/SKILL_014_20260203_123639_0.mcap
SKILL_015_20260203_130117,station_01_lab,SKILL_015,Thread a needle,L_AGUILERA,2026-02-03T13:01:17Z,2026-02-03T13:01:19Z,2.06,35.35,PASS,FALSE,TOO_SHORT (2.1s),/mnt/nurvai-data/03/batch_07/SKILL_015_20260203_130117/SKILL_015_20260203_130117_0.mcap
SKILL_014_20260203_124441,station_01_lab,SKILL_014,Fasten nuts onto bolts,E_MARTINEZ,2026-02-03T12:44:41Z,2026-02-03T12:50:50Z,369.35,36.49,PASS,TRUE,,/mnt/nurvai-data/03/batch_07/SKILL_014_20260203_124441/SKILL_014_20260203_124441_0.mcap
SKILL_015_20260203_130139,station_01_lab,SKILL_015,Thread a needle,L_AGUILERA,2026-02-03T13:01:39Z,2026-02-03T13:04:48Z,188.85,35.45,PASS,TRUE,,/mnt/nurvai-data/03/batch_07/SKILL_015_20260203_130139/SKILL_015_20260203_130139_0.mcap
SKILL_015_20260203_130529,station_01_lab,SKILL_015,Thread a needle,L_AGUILERA,2026-02-03T13:05:29Z,2026-02-03T13:08:22Z,173.27,35.47,PASS,TRUE,,/mnt/nurvai-data/03/batch_07/SKILL_015_20260203_130529/SKILL_015_20260203_130529_0.mcap
SKILL_015_20260203_130914,station_01_lab,SKILL_015,Thread a needle,L_AGUILERA,2026-02-03T13:09:14Z,2026-02-03T13:11:48Z,153.42,35.56,PASS,TRUE,,/mnt/nurvai-data/03/batch_07/SKILL_015_20260203_130914/SKILL_015_20260203_130914_0.mcap
SKILL_016_20260203_131839,station_01_lab,SKILL_016,Package a sewing set,L_AGUILERA,2026-02-03T13:18:39Z,2026-02-03T13:20:37Z,117.52,35.61,PASS,TRUE,,/mnt/nurvai-data/03/batch_07/SKILL_016_20260203_131839/SKILL_016_20260203_131839_0.mcap
SKILL_016_20260203_132140,station_01_lab,SKILL_016,Package a sewing set,L_AGUILERA,2026-02-03T13:21:40Z,2026-02-03T13:23:31Z,110.81,36.17,PASS,TRUE,,/mnt/nurvai-data/03/batch_07/SKILL_016_20260203_132140/SKILL_016_20260203_132140_0.mcap
SKILL_016_20260203_132422,station_01_lab,SKILL_016,Package a sewing set,L_AGUILERA,2026-02-03T13:24:22Z,2026-02-03T13:26:12Z,109.39,35.74,PASS,TRUE,,/mnt/nurvai-data/03/batch_07/SKILL_016_20260203_132422/SKILL_016_20260203_132422_0.mcap
SKILL_017_20260203_132702,station_01_lab,SKILL_017,Put pasta in ziploc bags,L_AGUILERA,2026-02-03T13:27:02Z,2026-02-03T13:32:42Z,339.28,35.53,PASS,TRUE,,/mnt/nurvai-data/03/batch_07/SKILL_017_20260203_132702/SKILL_017_20260203_132702_0.mcap
SKILL_017_20260203_133336,station_01_lab,SKILL_017,Put pasta in ziploc bags,L_AGUILERA,2026-02-03T13:33:36Z,2026-02-03T13:38:49Z,312.69,35.69,PASS,TRUE,,/mnt/nurvai-data/03/batch_07/SKILL_017_20260203_133336/SKILL_017_20260203_133336_0.mcap
SKILL_021_20260203_135346,station_01_lab,SKILL_021,Build Up Box (Mailer),L_AGUILERA,2026-02-03T13:53:46Z,2026-02-03T13:53:50Z,3.78,35.77,PASS,FALSE,TOO_SHORT (3.8s),/mnt/nurvai-data/03/batch_07/SKILL_021_20260203_135346/SKILL_021_20260203_135346_0.mcap
SKILL_021_20260203_135000,station_01_lab,SKILL_021,Build Up Box (Mailer),L_AGUILERA,2026-02-03T13:50:00Z,2026-02-03T13:52:53Z,172.89,35.19,PASS,TRUE,,/mnt/nurvai-data/03/batch_07/SKILL_021_20260203_135000/SKILL_021_20260203_135000_0.mcap
SKILL_021_20260203_135420,station_01_lab,SKILL_021,Build Up Box (Mailer),L_AGUILERA,2026-02-03T13:54:20Z,2026-02-03T13:56:31Z,131.79,35.42,PASS,TRUE,,/mnt/nurvai-data/03/batch_07/SKILL_021_20260203_135420/SKILL_021_20260203_135420_0.mcap
SKILL_021_20260203_140102,station_01_lab,SKILL_021,Build Up Box (Mailer),L_AGUILERA,2026-02-03T14:01:02Z,2026-02-03T14:01:03Z,1.48,36.26,PASS,FALSE,TOO_SHORT (1.5s),/mnt/nurvai-data/03/batch_07/SKILL_021_20260203_140102/SKILL_021_20260203_140102_0.mcap
SKILL_022_20260203_140339,station_01_lab,SKILL_022,Build Up Box (Regular ECT),L_AGUILERA,2026-02-03T14:03:40Z,2026-02-03T14:04:53Z,73.14,37.12,PASS,FALSE,TOO_SHORT (73.1s),/mnt/nurvai-data/03/batch_07/SKILL_022_20260203_140339/SKILL_022_20260203_140339_0.mcap
SKILL_022_20260203_140533,station_01_lab,SKILL_022,Build Up Box (Regular ECT),L_AGUILERA,2026-02-03T14:05:33Z,2026-02-03T14:06:45Z,72.06,37.38,PASS,FALSE,TOO_SHORT (72.1s),/mnt/nurvai-data/03/batch_07/SKILL_022_20260203_140533/SKILL_022_20260203_140533_0.mcap
SKILL_023_20260203_140110,station_01_lab,SKILL_023,Built up box (Present),L_AGUILERA,2026-02-03T14:01:10Z,2026-02-03T14:02:08Z,58.21,35.03,PASS,FALSE,TOO_SHORT (58.2s),/mnt/nurvai-data/03/batch_07/SKILL_023_20260203_140110/SKILL_023_20260203_140110_0.mcap
SKILL_022_20260203_140738,station_01_lab,SKILL_022,Build Up Box (Regular ECT),L_AGUILERA,2026-02-03T14:07:38Z,2026-02-03T14:08:46Z,67.93,37.05,PASS,FALSE,TOO_SHORT (67.9s),/mnt/nurvai-data/03/batch_07/SKILL_022_20260203_140738/SKILL_022_20260203_140738_0.mcap
SKILL_023_20260203_141211,station_01_lab,SKILL_023,Built up box (Present),L_AGUILERA,2026-02-03T14:12:11Z,2026-02-03T14:14:41Z,149.46,35.30,PASS,TRUE,,/mnt/nurvai-data/03/batch_07/SKILL_023_20260203_141211/SKILL_023_20260203_141211_0.mcap
SKILL_023_20260203_141520,station_01_lab,SKILL_023,Built up box (Present),L_AGUILERA,2026-02-03T14:15:20Z,2026-02-03T14:16:56Z,95.64,35.35,PASS,TRUE,,/mnt/nurvai-data/03/batch_07/SKILL_023_20260203_141520/SKILL_023_20260203_141520_0.mcap
SKILL_023_20260203_141744,station_01_lab,SKILL_023,Built up box (Present),L_AGUILERA,2026-02-03T14:17:44Z,2026-02-03T14:19:21Z,97.37,35.92,PASS,TRUE,,/mnt/nurvai-data/03/batch_07/SKILL_023_20260203_141744/SKILL_023_20260203_141744_0.mcap
SKILL_001_20260112_092805,station_01_lab,SKILL_001,Pick & Place (Rápido),JUAN,2026-01-12T09:28:05Z,2026-01-12T09:29:58Z,113.00,5.20,PASS,TRUE,,/mnt/nurvai-data/04/batch_01/SKILL_001_20260112_092805/SKILL_001_20260112_092805_0.mcap
SKILL_001_20260121_133326,station_01_lab,SKILL_001,Organize beads per color,D_VARGAS,2026-01-21T13:33:26Z,2026-01-21T13:37:13Z,226.88,5.56,PASS,TRUE,,/mnt/nurvai-data/04/batch_01/SKILL_001_20260121_133326/SKILL_001_20260121_133326_0.mcap
SKILL_001_20260121_142233,station_01_lab,SKILL_001,Organize beads per color,D_VARGAS,2026-01-21T14:22:33Z,2026-01-21T14:36:54Z,860.88,5.24,PASS,TRUE,,/mnt/nurvai-data/04/batch_01/SKILL_001_20260121_142233/SKILL_001_20260121_142233_0.mcap
SKILL_001_20260122_072600,station_01_lab,SKILL_001,Organize beads per color,D_VARGAS,2026-01-22T07:26:00Z,2026-01-22T07:26:38Z,37.69,5.06,PASS,FALSE,TOO_SHORT (37.7s),/mnt/nurvai-data/04/batch_01/SKILL_001_20260122_072600/SKILL_001_20260122_072600_0.mcap
SKILL_001_20260122_073636,station_01_lab,SKILL_001,Organize beads per color,D_VARGAS,2026-01-22T07:36:36Z,2026-01-22T07:36:36Z,0.61,4.29,PASS,FALSE,TOO_SHORT (0.6s),/mnt/nurvai-data/04/batch_01/SKILL_001_20260122_073636/SKILL_001_20260122_073636_0.mcap
SKILL_001_20260122_072709,station_01_lab,SKILL_001,Organize beads per color,D_VARGAS,2026-01-22T07:27:09Z,2026-01-22T07:35:27Z,498.46,5.43,PASS,TRUE,,/mnt/nurvai-data/04/batch_01/SKILL_001_20260122_072709/SKILL_001_20260122_072709_0.mcap
SKILL_001_20260126_130228,station_01_lab,SKILL_001,Organize beads per color,H_ALCARAZ,2026-01-26T13:02:28Z,2026-01-26T13:13:16Z,648.21,5.31,PASS,TRUE,,/mnt/nurvai-data/04/batch_01/SKILL_001_20260126_130228/SKILL_001_20260126_130228_0.mcap
SKILL_001_20260122_123004,station_01_lab,SKILL_001,Organize beads per color,D_VARGAS,2026-01-22T12:30:04Z,2026-01-22T12:42:42Z,758.02,5.39,PASS,TRUE,,/mnt/nurvai-data/04/batch_01/SKILL_001_20260122_123004/SKILL_001_20260122_123004_0.mcap
SKILL_001_20260127_073005,station_01_lab,SKILL_001,Organize beads per color,D_VARGAS,2026-01-27T07:30:05Z,2026-01-27T07:31:18Z,72.24,4.39,PASS,FALSE,TOO_SHORT (72.2s),/mnt/nurvai-data/04/batch_01/SKILL_001_20260127_073005/SKILL_001_20260127_073005_0.mcap
SKILL_001_20260127_071706,station_01_lab,SKILL_001,Organize beads per color,D_VARGAS,2026-01-27T07:17:06Z,2026-01-27T07:28:23Z,676.94,4.90,PASS,TRUE,,/mnt/nurvai-data/04/batch_01/SKILL_001_20260127_071706/SKILL_001_20260127_071706_0.mcap
SKILL_001_20260128_071326,station_01_lab,SKILL_001,Organize beads per color,E_MARTINEZ,2026-01-28T07:13:26Z,2026-01-28T07:13:46Z,20.70,4.76,PASS,FALSE,TOO_SHORT (20.7s),/mnt/nurvai-data/04/batch_01/SKILL_001_20260128_071326/SKILL_001_20260128_071326_0.mcap
SKILL_001_20260128_071632,station_01_lab,SKILL_001,Organize beads per color,E_MARTINEZ,2026-01-28T07:16:32Z,2026-01-28T07:26:44Z,611.84,4.94,WARNING_DRIFT,TRUE,,/mnt/nurvai-data/04/batch_01/SKILL_001_20260128_071632/SKILL_001_20260128_071632_0.mcap
SKILL_001_20260128_111541,station_01_lab,SKILL_001,Organize beads per color,N_MORA,2026-01-28T11:15:41Z,2026-01-28T11:17:53Z,132.49,5.26,PASS,TRUE,,/mnt/nurvai-data/04/batch_01/SKILL_001_20260128_111541/SKILL_001_20260128_111541_0.mcap
SKILL_001_20260128_111801,station_01_lab,SKILL_001,Organize beads per color,N_MORA,2026-01-28T11:18:01Z,2026-01-28T11:26:33Z,511.47,5.23,PASS,TRUE,,/mnt/nurvai-data/04/batch_01/SKILL_001_20260128_111801/SKILL_001_20260128_111801_0.mcap
SKILL_001_20260128_144259,station_01_lab,SKILL_001,Organize beads per color,N_MORA,2026-01-28T14:42:59Z,2026-01-28T14:53:52Z,653.74,5.01,PASS,TRUE,,/mnt/nurvai-data/04/batch_01/SKILL_001_20260128_144259/SKILL_001_20260128_144259_0.mcap
SKILL_001_20260129_071325,station_01_lab,SKILL_001,Organize beads per color,L_AGUILERA,2026-01-29T07:13:25Z,2026-01-29T07:13:26Z,0.30,4.48,PASS,FALSE,TOO_SHORT (0.3s),/mnt/nurvai-data/04/batch_01/SKILL_001_20260129_071325/SKILL_001_20260129_071325_0.mcap
SKILL_001_20260129_071026,station_01_lab,SKILL_001,Organize beads per color,L_AGUILERA,2026-01-29T07:10:26Z,2026-01-29T07:13:24Z,177.94,5.08,PASS,TRUE,,/mnt/nurvai-data/04/batch_01/SKILL_001_20260129_071026/SKILL_001_20260129_071026_0.mcap
SKILL_001_20260129_071537,station_01_lab,SKILL_001,Organize beads per color,L_AGUILERA,2026-01-29T07:15:37Z,2026-01-29T07:22:30Z,412.71,5.11,PASS,TRUE,,/mnt/nurvai-data/04/batch_01/SKILL_001_20260129_071537/SKILL_001_20260129_071537_0.mcap
SKILL_003_20260112_111311,station_01_lab,SKILL_003,Soldadura Punto,JUAN,2026-01-12T11:13:11Z,2026-01-12T11:13:21Z,9.57,6.09,PASS,FALSE,TOO_SHORT (9.6s),/mnt/nurvai-data/04/batch_01/SKILL_003_20260112_111311/SKILL_003_20260112_111311_0.mcap
SKILL_002_20260121_143757,station_01_lab,SKILL_002,Organize beads per character,D_VARGAS,2026-01-21T14:37:57Z,2026-01-21T14:48:07Z,610.00,4.83,PASS,TRUE,,/mnt/nurvai-data/04/batch_01/SKILL_002_20260121_143757/SKILL_002_20260121_143757_0.mcap
SKILL_003_20260121_074915,station_01_lab,SKILL_003,Organize screwdriver bits,D_VARGAS,2026-01-21T07:49:15Z,2026-01-21T07:50:29Z,74.33,4.64,PASS,FALSE,TOO_SHORT (74.3s),/mnt/nurvai-data/04/batch_01/SKILL_003_20260121_074915/SKILL_003_20260121_074915_0.mcap
SKILL_003_20260121_074228,station_01_lab,SKILL_003,Organize screwdriver bits,D_VARGAS,2026-01-21T07:42:28Z,2026-01-21T07:47:54Z,326.57,4.87,PASS,TRUE,,/mnt/nurvai-data/04/batch_01/SKILL_003_20260121_074228/SKILL_003_20260121_074228_0.mcap
SKILL_003_20260122_073641,station_01_lab,SKILL_003,Organize screwdriver bits,D_VARGAS,2026-01-22T07:36:41Z,2026-01-22T07:42:28Z,346.45,4.42,PASS,TRUE,,/mnt/nurvai-data/04/batch_01/SKILL_003_20260122_073641/SKILL_003_20260122_073641_0.mcap
SKILL_003_20260122_074407,station_01_lab,SKILL_003,Organize screwdriver bits,D_VARGAS,2026-01-22T07:44:07Z,2026-01-22T07:47:31Z,204.49,4.69,PASS,TRUE,,/mnt/nurvai-data/04/batch_01/SKILL_003_20260122_074407/SKILL_003_20260122_074407_0.mcap
SKILL_003_20260122_124721,station_01_lab,SKILL_003,Organize screwdriver bits,D_VARGAS,2026-01-22T12:47:21Z,2026-01-22T12:55:32Z,491.18,4.55,PASS,TRUE,,/mnt/nurvai-data/04/batch_01/SKILL_003_20260122_124721/SKILL_003_20260122_124721_0.mcap
SKILL_003_20260122_132829,station_01_lab,SKILL_003,Organize screwdriver bits,D_VARGAS,2026-01-22T13:28:29Z,2026-01-22T13:32:42Z,253.47,4.91,PASS,TRUE,,/mnt/nurvai-data/04/batch_01/SKILL_003_20260122_132829/SKILL_003_20260122_132829_0.mcap
SKILL_003_20260123_070516,station_01_lab,SKILL_003,Organize screwdriver bits,D_VARGAS,2026-01-23T07:05:16Z,2026-01-23T07:11:32Z,375.23,4.33,PASS,TRUE,,/mnt/nurvai-data/04/batch_01/SKILL_003_20260123_070516/SKILL_003_20260123_070516_0.mcap
SKILL_003_20260123_071242,station_01_lab,SKILL_003,Organize screwdriver bits,D_VARGAS,2026-01-23T07:12:42Z,2026-01-23T07:15:37Z,174.58,4.66,PASS,TRUE,,/mnt/nurvai-data/04/batch_01/SKILL_003_20260123_071242/SKILL_003_20260123_071242_0.mcap
SKILL_003_20260123_121353,station_01_lab,SKILL_003,Organize screwdriver bits,D_VARGAS,2026-01-23T12:13:53Z,2026-01-23T12:18:30Z,276.87,4.37,PASS,TRUE,,/mnt/nurvai-data/04/batch_01/SKILL_003_20260123_121353/SKILL_003_20260123_121353_0.mcap
SKILL_003_20260123_121926,station_01_lab,SKILL_003,Organize screwdriver bits,D_VARGAS,2026-01-23T12:19:26Z,2026-01-23T12:24:54Z,327.20,4.47,PASS,TRUE,,/mnt/nurvai-data/04/batch_01/SKILL_003_20260123_121926/SKILL_003_20260123_121926_0.mcap
SKILL_003_20260124_071215,station_01_lab,SKILL_003,Organize screwdriver bits,D_VARGAS,2026-01-24T07:12:15Z,2026-01-24T07:13:34Z,78.59,4.32,PASS,FALSE,TOO_SHORT (78.6s),/mnt/nurvai-data/04/batch_01/SKILL_003_20260124_071215/SKILL_003_20260124_071215_0.mcap
SKILL_003_20260124_071417,station_01_lab,SKILL_003,Organize screwdriver bits,D_VARGAS,2026-01-24T07:14:17Z,2026-01-24T07:15:07Z,50.32,4.41,PASS,FALSE,TOO_SHORT (50.3s),/mnt/nurvai-data/04/batch_01/SKILL_003_20260124_071417/SKILL_003_20260124_071417_0.mcap
SKILL_003_20260124_071801,station_01_lab,SKILL_003,Organize screwdriver bits,D_VARGAS,2026-01-24T07:18:01Z,2026-01-24T07:23:05Z,304.16,4.38,PASS,TRUE,,/mnt/nurvai-data/04/batch_01/SKILL_003_20260124_071801/SKILL_003_20260124_071801_0.mcap
SKILL_003_20260124_112741,station_01_lab,SKILL_003,Organize screwdriver bits,N_MORA,2026-01-24T11:27:41Z,2026-01-24T11:30:25Z,163.99,4.27,PASS,TRUE,,/mnt/nurvai-data/04/batch_01/SKILL_003_20260124_112741/SKILL_003_20260124_112741_0.mcap
SKILL_003_20260124_112133,station_01_lab,SKILL_003,Organize screwdriver bits,N_MORA,2026-01-24T11:21:33Z,2026-01-24T11:24:27Z,174.49,4.20,PASS,TRUE,,/mnt/nurvai-data/04/batch_01/SKILL_003_20260124_112133/SKILL_003_20260124_112133_0.mcap
SKILL_003_20260126_072028,station_01_lab,SKILL_003,Organize screwdriver bits,D_VARGAS,2026-01-26T07:20:28Z,2026-01-26T07:26:33Z,365.59,4.47,PASS,TRUE,,/mnt/nurvai-data/04/batch_01/SKILL_003_20260126_072028/SKILL_003_20260126_072028_0.mcap
SKILL_003_20260126_072759,station_01_lab,SKILL_003,Organize screwdriver bits,D_VARGAS,2026-01-26T07:27:59Z,2026-01-26T07:30:28Z,149.18,4.44,PASS,TRUE,,/mnt/nurvai-data/04/batch_01/SKILL_003_20260126_072759/SKILL_003_20260126_072759_0.mcap
SKILL_003_20260126_073204,station_01_lab,SKILL_003,Organize screwdriver bits,D_VARGAS,2026-01-26T07:32:04Z,2026-01-26T07:32:22Z,18.79,4.45,PASS,FALSE,TOO_SHORT (18.8s),/mnt/nurvai-data/04/batch_01/SKILL_003_20260126_073204/SKILL_003_20260126_073204_0.mcap
SKILL_003_20260127_073148,station_01_lab,SKILL_003,Organize screwdriver bits,D_VARGAS,2026-01-27T07:31:48Z,2026-01-27T07:36:55Z,306.81,4.34,PASS,TRUE,,/mnt/nurvai-data/04/batch_01/SKILL_003_20260127_073148/SKILL_003_20260127_073148_0.mcap
SKILL_003_20260127_073818,station_01_lab,SKILL_003,Organize screwdriver bits,D_VARGAS,2026-01-27T07:38:18Z,2026-01-27T07:40:12Z,114.13,4.21,PASS,TRUE,,/mnt/nurvai-data/04/batch_01/SKILL_003_20260127_073818/SKILL_003_20260127_073818_0.mcap
SKILL_003_20260128_073406,station_01_lab,SKILL_003,Organize screwdriver bits,E_MARTINEZ,2026-01-28T07:34:06Z,2026-01-28T07:36:42Z,155.97,4.55,PASS,TRUE,,/mnt/nurvai-data/04/batch_01/SKILL_003_20260128_073406/SKILL_003_20260128_073406_0.mcap
SKILL_003_20260128_072820,station_01_lab,SKILL_003,Organize screwdriver bits,E_MARTINEZ,2026-01-28T07:28:20Z,2026-01-28T07:33:10Z,290.74,4.30,PASS,TRUE,,/mnt/nurvai-data/04/batch_01/SKILL_003_20260128_072820/SKILL_003_20260128_072820_0.mcap
SKILL_003_20260129_072612,station_01_lab,SKILL_003,Organize screwdriver bits,L_AGUILERA,2026-01-29T07:26:12Z,2026-01-29T07:29:46Z,213.67,4.52,PASS,TRUE,,/mnt/nurvai-data/04/batch_01/SKILL_003_20260129_072612/SKILL_003_20260129_072612_0.mcap
SKILL_003_20260129_073035,station_01_lab,SKILL_003,Organize screwdriver bits,L_AGUILERA,2026-01-29T07:30:35Z,2026-01-29T07:31:34Z,59.41,4.35,PASS,FALSE,TOO_SHORT (59.4s),/mnt/nurvai-data/04/batch_01/SKILL_003_20260129_073035/SKILL_003_20260129_073035_0.mcap
SKILL_004_20260121_145518,station_01_lab,SKILL_004,Set Screwdriver package,D_VARGAS,2026-01-21T14:55:18Z,2026-01-21T14:55:20Z,2.07,5.84,PASS,FALSE,TOO_SHORT (2.1s),/mnt/nurvai-data/04/batch_01/SKILL_004_20260121_145518/SKILL_004_20260121_145518_0.mcap
SKILL_004_20260121_145005,station_01_lab,SKILL_004,Set Screwdriver package,D_VARGAS,2026-01-21T14:50:05Z,2026-01-21T14:55:17Z,312.82,4.72,PASS,TRUE,,/mnt/nurvai-data/04/batch_01/SKILL_004_20260121_145005/SKILL_004_20260121_145005_0.mcap
SKILL_004_20260121_145521,station_01_lab,SKILL_004,Set Screwdriver package,D_VARGAS,2026-01-21T14:55:21Z,2026-01-21T14:55:22Z,1.03,4.81,PASS,FALSE,TOO_SHORT (1.0s),/mnt/nurvai-data/04/batch_01/SKILL_004_20260121_145521/SKILL_004_20260121_145521_0.mcap
SKILL_004_20260121_145523,station_01_lab,SKILL_004,Set Screwdriver package,D_VARGAS,2026-01-21T14:55:23Z,2026-01-21T14:55:24Z,0.81,5.90,PASS,FALSE,TOO_SHORT (0.8s),/mnt/nurvai-data/04/batch_01/SKILL_004_20260121_145523/SKILL_004_20260121_145523_0.mcap
SKILL_004_20260121_145528,station_01_lab,SKILL_004,Set Screwdriver package,D_VARGAS,2026-01-21T14:55:28Z,2026-01-21T14:55:29Z,1.42,3.36,PASS,FALSE,TOO_SHORT (1.4s),/mnt/nurvai-data/04/batch_01/SKILL_004_20260121_145528/SKILL_004_20260121_145528_0.mcap
SKILL_004_20260121_145524,station_01_lab,SKILL_004,Set Screwdriver package,D_VARGAS,2026-01-21T14:55:24Z,2026-01-21T14:55:27Z,3.35,4.73,PASS,FALSE,TOO_SHORT (3.3s),/mnt/nurvai-data/04/batch_01/SKILL_004_20260121_145524/SKILL_004_20260121_145524_0.mcap
SKILL_004_20260122_075842,station_01_lab,SKILL_004,Set Screwdriver package,D_VARGAS,2026-01-22T07:58:42Z,2026-01-22T08:04:51Z,368.45,5.17,PASS,TRUE,,/mnt/nurvai-data/04/batch_01/SKILL_004_20260122_075842/SKILL_004_20260122_075842_0.mcap
SKILL_004_20260122_074958,station_01_lab,SKILL_004,Set Screwdriver package,D_VARGAS,2026-01-22T07:49:58Z,2026-01-22T07:53:36Z,218.10,5.42,PASS,TRUE,,/mnt/nurvai-data/04/batch_01/SKILL_004_20260122_074958/SKILL_004_20260122_074958_0.mcap
SKILL_004_20260123_071713,station_01_lab,SKILL_004,Set Screwdriver package,D_VARGAS,2026-01-23T07:17:13Z,2026-01-23T07:19:44Z,151.83,5.24,PASS,TRUE,,/mnt/nurvai-data/04/batch_01/SKILL_004_20260123_071713/SKILL_004_20260123_071713_0.mcap
SKILL_004_20260123_072151,station_01_lab,SKILL_004,Set Screwdriver package,D_VARGAS,2026-01-23T07:21:51Z,2026-01-23T07:26:00Z,249.03,5.16,PASS,TRUE,,/mnt/nurvai-data/04/batch_01/SKILL_004_20260123_072151/SKILL_004_20260123_072151_0.mcap
SKILL_004_20260124_072615,station_01_lab,SKILL_004,Set Screwdriver package,D_VARGAS,2026-01-24T07:26:15Z,2026-01-24T07:31:41Z,325.57,5.14,PASS,TRUE,,/mnt/nurvai-data/04/batch_01/SKILL_004_20260124_072615/SKILL_004_20260124_072615_0.mcap
SKILL_004_20260124_073233,station_01_lab,SKILL_004,Set Screwdriver package,D_VARGAS,2026-01-24T07:32:33Z,2026-01-24T07:38:41Z,367.60,5.55,WARNING_DRIFT,TRUE,,/mnt/nurvai-data/04/batch_01/SKILL_004_20260124_073233/SKILL_004_20260124_073233_0.mcap
SKILL_004_20260127_083723,station_01_lab,SKILL_004,Set Screwdriver package,E_MARTINEZ,2026-01-27T08:37:23Z,2026-01-27T08:40:39Z,196.31,5.23,PASS,TRUE,,/mnt/nurvai-data/04/batch_01/SKILL_004_20260127_083723/SKILL_004_20260127_083723_0.mcap
SKILL_004_20260124_122016,station_01_lab,SKILL_004,Set Screwdriver package,N_MORA,2026-01-24T12:20:16Z,2026-01-24T12:23:04Z,167.68,5.31,PASS,TRUE,,/mnt/nurvai-data/04/batch_01/SKILL_004_20260124_122016/SKILL_004_20260124_122016_0.mcap
SKILL_004_20260127_084342,station_01_lab,SKILL_004,Set Screwdriver package,E_MARTINEZ,2026-01-27T08:43:42Z,2026-01-27T08:45:03Z,81.17,5.23,PASS,FALSE,TOO_SHORT (81.2s),/mnt/nurvai-data/04/batch_01/SKILL_004_20260127_084342/SKILL_004_20260127_084342_0.mcap
SKILL_004_20260128_075524,station_01_lab,SKILL_004,Set Screwdriver package,E_MARTINEZ,2026-01-28T07:55:24Z,2026-01-28T07:58:33Z,189.08,5.21,WARNING_DRIFT,TRUE,,/mnt/nurvai-data/04/batch_01/SKILL_004_20260128_075524/SKILL_004_20260128_075524_0.mcap
SKILL_004_20260128_075004,station_01_lab,SKILL_004,Set Screwdriver package,E_MARTINEZ,2026-01-28T07:50:04Z,2026-01-28T07:52:53Z,168.90,4.94,PASS,TRUE,,/mnt/nurvai-data/04/batch_01/SKILL_004_20260128_075004/SKILL_004_20260128_075004_0.mcap
SKILL_004_20260129_074704,station_01_lab,SKILL_004,Set Screwdriver package,L_AGUILERA,2026-01-29T07:47:04Z,2026-01-29T07:47:25Z,20.50,5.34,PASS,FALSE,TOO_SHORT (20.5s),/mnt/nurvai-data/04/batch_01/SKILL_004_20260129_074704/SKILL_004_20260129_074704_0.mcap
SKILL_004_20260129_074039,station_01_lab,SKILL_004,Set Screwdriver package,L_AGUILERA,2026-01-29T07:40:39Z,2026-01-29T07:41:16Z,36.92,5.11,WARNING_DRIFT,FALSE,TOO_SHORT (36.9s),/mnt/nurvai-data/04/batch_01/SKILL_004_20260129_074039/SKILL_004_20260129_074039_0.mcap
SKILL_004_20260129_075704,station_01_lab,SKILL_004,Set Screwdriver package,L_AGUILERA,2026-01-29T07:57:04Z,2026-01-29T07:58:59Z,115.06,5.06,PASS,TRUE,,/mnt/nurvai-data/04/batch_01/SKILL_004_20260129_075704/SKILL_004_20260129_075704_0.mcap
SKILL_004_20260129_074953,station_01_lab,SKILL_004,Set Screwdriver package,L_AGUILERA,2026-01-29T07:49:53Z,2026-01-29T07:50:05Z,11.74,4.81,PASS,FALSE,TOO_SHORT (11.7s),/mnt/nurvai-data/04/batch_01/SKILL_004_20260129_074953/SKILL_004_20260129_074953_0.mcap
SKILL_004_20260129_080137,station_01_lab,SKILL_004,Set Screwdriver package,L_AGUILERA,2026-01-29T08:01:37Z,2026-01-29T08:02:42Z,65.49,5.02,PASS,FALSE,TOO_SHORT (65.5s),/mnt/nurvai-data/04/batch_01/SKILL_004_20260129_080137/SKILL_004_20260129_080137_0.mcap
SKILL_004_20260129_075922,station_01_lab,SKILL_004,Set Screwdriver package,L_AGUILERA,2026-01-29T07:59:22Z,2026-01-29T08:00:17Z,55.57,4.75,WARNING_DRIFT,FALSE,TOO_SHORT (55.6s),/mnt/nurvai-data/04/batch_01/SKILL_004_20260129_075922/SKILL_004_20260129_075922_0.mcap
SKILL_005_20260120_151747,station_01_lab,SKILL_005,Insert allen keys in package,D_VARGAS,2026-01-20T15:17:47Z,2026-01-20T15:22:18Z,270.55,4.77,PASS,TRUE,,/mnt/nurvai-data/04/batch_01/SKILL_005_20260120_151747/SKILL_005_20260120_151747_0.mcap
SKILL_005_20260121_073233,station_01_lab,SKILL_005,Insert allen keys in package,D_VARGAS,2026-01-21T07:32:33Z,2026-01-21T07:36:58Z,265.74,4.74,PASS,TRUE,,/mnt/nurvai-data/04/batch_01/SKILL_005_20260121_073233/SKILL_005_20260121_073233_0.mcap
SKILL_005_20260121_075142,station_01_lab,SKILL_005,Insert allen keys in package,D_VARGAS,2026-01-21T07:51:42Z,2026-01-21T07:55:33Z,231.21,4.49,PASS,TRUE,,/mnt/nurvai-data/04/batch_01/SKILL_005_20260121_075142/SKILL_005_20260121_075142_0.mcap
SKILL_005_20260121_075623,station_01_lab,SKILL_005,Insert allen keys in package,D_VARGAS,2026-01-21T07:56:23Z,2026-01-21T07:59:30Z,187.33,4.44,PASS,TRUE,,/mnt/nurvai-data/04/batch_01/SKILL_005_20260121_075623/SKILL_005_20260121_075623_0.mcap
SKILL_005_20260122_082159,station_01_lab,SKILL_005,Insert allen keys in package,D_VARGAS,2026-01-22T08:21:59Z,2026-01-22T08:26:09Z,250.26,4.52,PASS,TRUE,,/mnt/nurvai-data/04/batch_01/SKILL_005_20260122_082159/SKILL_005_20260122_082159_0.mcap
SKILL_005_20260122_081627,station_01_lab,SKILL_005,Insert allen keys in package,D_VARGAS,2026-01-22T08:16:27Z,2026-01-22T08:20:46Z,258.78,4.26,PASS,TRUE,,/mnt/nurvai-data/04/batch_01/SKILL_005_20260122_081627/SKILL_005_20260122_081627_0.mcap
SKILL_005_20260123_073213,station_01_lab,SKILL_005,Insert allen keys in package,D_VARGAS,2026-01-23T07:32:13Z,2026-01-23T07:35:49Z,216.37,4.32,PASS,TRUE,,/mnt/nurvai-data/04/batch_01/SKILL_005_20260123_073213/SKILL_005_20260123_073213_0.mcap
SKILL_005_20260123_072832,station_01_lab,SKILL_005,Insert allen keys in package,D_VARGAS,2026-01-23T07:28:32Z,2026-01-23T07:31:35Z,182.56,4.28,PASS,TRUE,,/mnt/nurvai-data/04/batch_01/SKILL_005_20260123_072832/SKILL_005_20260123_072832_0.mcap
SKILL_005_20260123_073609,station_01_lab,SKILL_005,Insert allen keys in package,D_VARGAS,2026-01-23T07:36:09Z,2026-01-23T07:38:05Z,115.55,4.18,PASS,TRUE,,/mnt/nurvai-data/04/batch_01/SKILL_005_20260123_073609/SKILL_005_20260123_073609_0.mcap
SKILL_005_20260123_122645,station_01_lab,SKILL_005,Insert allen keys in package,D_VARGAS,2026-01-23T12:26:45Z,2026-01-23T12:31:26Z,281.80,5.27,PASS,TRUE,,/mnt/nurvai-data/04/batch_01/SKILL_005_20260123_122645/SKILL_005_20260123_122645_0.mcap
SKILL_005_20260123_123218,station_01_lab,SKILL_005,Insert allen keys in package,D_VARGAS,2026-01-23T12:32:18Z,2026-01-23T12:35:26Z,187.35,5.38,PASS,TRUE,,/mnt/nurvai-data/04/batch_01/SKILL_005_20260123_123218/SKILL_005_20260123_123218_0.mcap
SKILL_005_20260123_123640,station_01_lab,SKILL_005,Insert allen keys in package,D_VARGAS,2026-01-23T12:36:40Z,2026-01-23T12:45:01Z,500.93,4.52,PASS,TRUE,,/mnt/nurvai-data/04/batch_01/SKILL_005_20260123_123640/SKILL_005_20260123_123640_0.mcap
SKILL_005_20260124_074405,station_01_lab,SKILL_005,Insert allen keys in package,D_VARGAS,2026-01-24T07:44:05Z,2026-01-24T07:46:55Z,170.35,4.42,PASS,TRUE,,/mnt/nurvai-data/04/batch_01/SKILL_005_20260124_074405/SKILL_005_20260124_074405_0.mcap
SKILL_005_20260124_074726,station_01_lab,SKILL_005,Insert allen keys in package,D_VARGAS,2026-01-24T07:47:26Z,2026-01-24T07:50:11Z,164.86,4.34,PASS,TRUE,,/mnt/nurvai-data/04/batch_01/SKILL_005_20260124_074726/SKILL_005_20260124_074726_0.mcap
SKILL_005_20260124_075040,station_01_lab,SKILL_005,Insert allen keys in package,D_VARGAS,2026-01-24T07:50:40Z,2026-01-24T07:53:18Z,157.90,4.39,PASS,TRUE,,/mnt/nurvai-data/04/batch_01/SKILL_005_20260124_075040/SKILL_005_20260124_075040_0.mcap
SKILL_005_20260124_123154,station_01_lab,SKILL_005,Insert allen keys in package,N_MORA,2026-01-24T12:31:54Z,2026-01-24T12:33:09Z,74.52,7.46,WARNING_DRIFT,FALSE,TOO_SHORT (74.5s),/mnt/nurvai-data/04/batch_01/SKILL_005_20260124_123154/SKILL_005_20260124_123154_0.mcap
SKILL_005_20260124_123336,station_01_lab,SKILL_005,Insert allen keys in package,N_MORA,2026-01-24T12:33:36Z,2026-01-24T12:33:37Z,1.65,4.57,PASS,FALSE,TOO_SHORT (1.6s),/mnt/nurvai-data/04/batch_01/SKILL_005_20260124_123336/SKILL_005_20260124_123336_0.mcap
SKILL_005_20260126_073228,station_01_lab,SKILL_005,Insert allen keys in package,D_VARGAS,2026-01-26T07:32:28Z,2026-01-26T07:36:22Z,234.50,4.49,PASS,TRUE,,/mnt/nurvai-data/04/batch_01/SKILL_005_20260126_073228/SKILL_005_20260126_073228_0.mcap
SKILL_005_20260126_073739,station_01_lab,SKILL_005,Insert allen keys in package,D_VARGAS,2026-01-26T07:37:39Z,2026-01-26T07:41:01Z,202.20,4.81,WARNING_DRIFT,TRUE,,/mnt/nurvai-data/04/batch_01/SKILL_005_20260126_073739/SKILL_005_20260126_073739_0.mcap
SKILL_005_20260126_142450,station_01_lab,SKILL_005,Insert allen keys in package,C_BECERRA,2026-01-26T14:24:50Z,2026-01-26T14:29:01Z,251.75,4.36,PASS,TRUE,,/mnt/nurvai-data/04/batch_01/SKILL_005_20260126_142450/SKILL_005_20260126_142450_0.mcap
SKILL_005_20260126_143043,station_01_lab,SKILL_005,Insert allen keys in package,C_BECERRA,2026-01-26T14:30:43Z,2026-01-26T14:34:41Z,238.34,4.19,WARNING_DRIFT,TRUE,,/mnt/nurvai-data/04/batch_01/SKILL_005_20260126_143043/SKILL_005_20260126_143043_0.mcap
SKILL_005_20260128_073840,station_01_lab,SKILL_005,Insert allen keys in package,E_MARTINEZ,2026-01-28T07:38:40Z,2026-01-28T07:41:35Z,175.07,4.58,PASS,TRUE,,/mnt/nurvai-data/04/batch_01/SKILL_005_20260128_073840/SKILL_005_20260128_073840_0.mcap
SKILL_005_20260129_080914,station_01_lab,SKILL_005,Insert allen keys in package,L_AGUILERA,2026-01-29T08:09:14Z,2026-01-29T08:11:41Z,146.36,4.34,PASS,TRUE,,/mnt/nurvai-data/04/batch_01/SKILL_005_20260129_080914/SKILL_005_20260129_080914_0.mcap
SKILL_005_20260128_074155,station_01_lab,SKILL_005,Insert allen keys in package,E_MARTINEZ,2026-01-28T07:41:55Z,2026-01-28T07:44:40Z,164.74,4.62,WARNING_DRIFT,TRUE,,/mnt/nurvai-data/04/batch_01/SKILL_005_20260128_074155/SKILL_005_20260128_074155_0.mcap
SKILL_005_20260129_081540,station_01_lab,SKILL_005,Insert allen keys in package,L_AGUILERA,2026-01-29T08:15:40Z,2026-01-29T08:18:04Z,143.41,4.42,PASS,TRUE,,/mnt/nurvai-data/04/batch_01/SKILL_005_20260129_081540/SKILL_005_20260129_081540_0.mcap
SKILL_005_20260129_081220,station_01_lab,SKILL_005,Insert allen keys in package,L_AGUILERA,2026-01-29T08:12:20Z,2026-01-29T08:15:16Z,175.72,4.39,PASS,TRUE,,/mnt/nurvai-data/04/batch_01/SKILL_005_20260129_081220/SKILL_005_20260129_081220_0.mcap
SKILL_005_20260129_082215,station_01_lab,SKILL_005,Insert allen keys in package,L_AGUILERA,2026-01-29T08:22:15Z,2026-01-29T08:24:02Z,106.54,4.56,PASS,TRUE,,/mnt/nurvai-data/04/batch_01/SKILL_005_20260129_082215/SKILL_005_20260129_082215_0.mcap
SKILL_006_20260127_074213,station_01_lab,SKILL_006,Separate tongue depressors by size,D_VARGAS,2026-01-27T07:42:13Z,2026-01-27T07:46:04Z,231.16,4.40,PASS,TRUE,,/mnt/nurvai-data/04/batch_01/SKILL_006_20260127_074213/SKILL_006_20260127_074213_0.mcap
SKILL_006_20260127_074640,station_01_lab,SKILL_006,Separate tongue depressors by size,D_VARGAS,2026-01-27T07:46:40Z,2026-01-27T07:49:31Z,170.40,4.48,PASS,TRUE,,/mnt/nurvai-data/04/batch_01/SKILL_006_20260127_074640/SKILL_006_20260127_074640_0.mcap
SKILL_006_20260128_080212,station_01_lab,SKILL_006,Separate tongue depressors by size,E_MARTINEZ,2026-01-28T08:02:12Z,2026-01-28T08:08:57Z,405.64,4.74,WARNING_DRIFT,TRUE,,/mnt/nurvai-data/04/batch_01/SKILL_006_20260128_080212/SKILL_006_20260128_080212_0.mcap
SKILL_006_20260128_081528,station_01_lab,SKILL_006,Separate tongue depressors by size,E_MARTINEZ,2026-01-28T08:15:28Z,2026-01-28T08:16:03Z,34.73,4.79,PASS,FALSE,TOO_SHORT (34.7s),/mnt/nurvai-data/04/batch_01/SKILL_006_20260128_081528/SKILL_006_20260128_081528_0.mcap
SKILL_007_20260121_082522,station_01_lab,SKILL_007,Separate tongue depressors by color,D_VARGAS,2026-01-21T08:25:22Z,2026-01-21T08:33:26Z,484.75,5.38,PASS,TRUE,,/mnt/nurvai-data/04/batch_01/SKILL_007_20260121_082522/SKILL_007_20260121_082522_0.mcap
SKILL_007_20260122_082800,station_01_lab,SKILL_007,Separate tongue depressors by color,D_VARGAS,2026-01-22T08:28:00Z,2026-01-22T08:35:28Z,448.02,5.13,PASS,TRUE,,/mnt/nurvai-data/04/batch_01/SKILL_007_20260122_082800/SKILL_007_20260122_082800_0.mcap
SKILL_007_20260123_074621,station_01_lab,SKILL_007,Separate tongue depressors by color,D_VARGAS,2026-01-23T07:46:21Z,2026-01-23T07:48:59Z,158.04,5.43,WARNING_DRIFT,TRUE,,/mnt/nurvai-data/04/batch_01/SKILL_007_20260123_074621/SKILL_007_20260123_074621_0.mcap
SKILL_007_20260123_073924,station_01_lab,SKILL_007,Separate tongue depressors by color,D_VARGAS,2026-01-23T07:39:24Z,2026-01-23T07:45:09Z,344.72,5.12,PASS,TRUE,,/mnt/nurvai-data/04/batch_01/SKILL_007_20260123_073924/SKILL_007_20260123_073924_0.mcap
SKILL_007_20260123_125842,station_01_lab,SKILL_007,Separate tongue depressors by color,H_ALCARAZ,2026-01-23T12:58:42Z,2026-01-23T13:02:24Z,221.57,5.49,PASS,TRUE,,/mnt/nurvai-data/04/batch_01/SKILL_007_20260123_125842/SKILL_007_20260123_125842_0.mcap
SKILL_007_20260123_124907,station_01_lab,SKILL_007,Separate tongue depressors by color,H_ALCARAZ,2026-01-23T12:49:07Z,2026-01-23T12:57:37Z,509.97,5.27,PASS,TRUE,,/mnt/nurvai-data/04/batch_01/SKILL_007_20260123_124907/SKILL_007_20260123_124907_0.mcap
SKILL_007_20260126_074207,station_01_lab,SKILL_007,Separate tongue depressors by color,D_VARGAS,2026-01-26T07:42:07Z,2026-01-26T07:50:26Z,499.67,5.42,PASS,TRUE,,/mnt/nurvai-data/04/batch_01/SKILL_007_20260126_074207/SKILL_007_20260126_074207_0.mcap
SKILL_007_20260124_075536,station_01_lab,SKILL_007,Separate tongue depressors by color,D_VARGAS,2026-01-24T07:55:36Z,2026-01-24T08:03:20Z,464.20,5.26,PASS,TRUE,,/mnt/nurvai-data/04/batch_01/SKILL_007_20260124_075536/SKILL_007_20260124_075536_0.mcap
SKILL_007_20260127_090004,station_01_lab,SKILL_007,Separate tongue depressors by color,E_MARTINEZ,2026-01-27T09:00:04Z,2026-01-27T09:01:58Z,114.45,4.79,PASS,TRUE,,/mnt/nurvai-data/04/batch_01/SKILL_007_20260127_090004/SKILL_007_20260127_090004_0.mcap
SKILL_007_20260127_085303,station_01_lab,SKILL_007,Separate tongue depressors by color,E_MARTINEZ,2026-01-27T08:53:03Z,2026-01-27T08:58:44Z,341.71,4.93,PASS,TRUE,,/mnt/nurvai-data/04/batch_01/SKILL_007_20260127_085303/SKILL_007_20260127_085303_0.mcap
SKILL_007_20260128_121215,station_01_lab,SKILL_007,Separate tongue depressors by color,D_VARGAS,2026-01-28T12:12:15Z,2026-01-28T12:19:18Z,423.42,5.57,PASS,TRUE,,/mnt/nurvai-data/04/batch_01/SKILL_007_20260128_121215/SKILL_007_20260128_121215_0.mcap
SKILL_007_20260129_082649,station_01_lab,SKILL_007,Separate tongue depressors by color,L_AGUILERA,2026-01-29T08:26:49Z,2026-01-29T08:30:56Z,246.45,5.42,PASS,TRUE,,/mnt/nurvai-data/04/batch_01/SKILL_007_20260129_082649/SKILL_007_20260129_082649_0.mcap
SKILL_009_20260121_073808,station_01_lab,SKILL_009,Package Cotton set,D_VARGAS,2026-01-21T07:38:08Z,2026-01-21T07:39:36Z,87.94,4.86,PASS,FALSE,TOO_SHORT (87.9s),/mnt/nurvai-data/04/batch_01/SKILL_009_20260121_073808/SKILL_009_20260121_073808_0.mcap
SKILL_009_20260121_083739,station_01_lab,SKILL_009,Package Cotton set,D_VARGAS,2026-01-21T08:37:39Z,2026-01-21T08:41:38Z,239.08,4.83,WARNING_DRIFT,TRUE,,/mnt/nurvai-data/04/batch_01/SKILL_009_20260121_083739/SKILL_009_20260121_083739_0.mcap
SKILL_009_20260121_084230,station_01_lab,SKILL_009,Package Cotton set,D_VARGAS,2026-01-21T08:42:30Z,2026-01-21T08:46:52Z,262.26,4.78,PASS,TRUE,,/mnt/nurvai-data/04/batch_01/SKILL_009_20260121_084230/SKILL_009_20260121_084230_0.mcap
SKILL_009_20260122_084455,station_01_lab,SKILL_009,Package Cotton set,D_VARGAS,2026-01-22T08:44:55Z,2026-01-22T08:47:51Z,176.09,4.72,PASS,TRUE,,/mnt/nurvai-data/04/batch_01/SKILL_009_20260122_084455/SKILL_009_20260122_084455_0.mcap
SKILL_009_20260122_083820,station_01_lab,SKILL_009,Package Cotton set,D_VARGAS,2026-01-22T08:38:20Z,2026-01-22T08:44:10Z,349.29,4.53,PASS,TRUE,,/mnt/nurvai-data/04/batch_01/SKILL_009_20260122_083820/SKILL_009_20260122_083820_0.mcap
SKILL_009_20260123_075037,station_01_lab,SKILL_009,Package Cotton set,D_VARGAS,2026-01-23T07:50:37Z,2026-01-23T07:55:48Z,311.13,4.39,PASS,TRUE,,/mnt/nurvai-data/04/batch_01/SKILL_009_20260123_075037/SKILL_009_20260123_075037_0.mcap
SKILL_009_20260123_075641,station_01_lab,SKILL_009,Package Cotton set,D_VARGAS,2026-01-23T07:56:41Z,2026-01-23T08:00:40Z,238.45,4.33,PASS,TRUE,,/mnt/nurvai-data/04/batch_01/SKILL_009_20260123_075641/SKILL_009_20260123_075641_0.mcap
SKILL_009_20260123_130514,station_01_lab,SKILL_009,Package Cotton set,H_ALCARAZ,2026-01-23T13:05:14Z,2026-01-23T13:13:27Z,492.19,4.97,PASS,TRUE,,/mnt/nurvai-data/04/batch_01/SKILL_009_20260123_130514/SKILL_009_20260123_130514_0.mcap
SKILL_009_20260124_082039,station_01_lab,SKILL_009,Package Cotton set,D_VARGAS,2026-01-24T08:20:39Z,2026-01-24T08:30:08Z,568.49,5.02,WARNING_DRIFT,TRUE,,/mnt/nurvai-data/04/batch_01/SKILL_009_20260124_082039/SKILL_009_20260124_082039_0.mcap
SKILL_009_20260126_075945,station_01_lab,SKILL_009,Package Cotton set,D_VARGAS,2026-01-26T07:59:45Z,2026-01-26T08:01:18Z,93.25,4.99,PASS,TRUE,,/mnt/nurvai-data/04/batch_01/SKILL_009_20260126_075945/SKILL_009_20260126_075945_0.mcap
SKILL_009_20260126_075244,station_01_lab,SKILL_009,Package Cotton set,D_VARGAS,2026-01-26T07:52:44Z,2026-01-26T07:58:25Z,341.05,4.53,PASS,TRUE,,/mnt/nurvai-data/04/batch_01/SKILL_009_20260126_075244/SKILL_009_20260126_075244_0.mcap
SKILL_009_20260127_081407,station_01_lab,SKILL_009,Package Cotton set,D_VARGAS,2026-01-27T08:14:07Z,2026-01-27T08:17:00Z,172.94,4.48,PASS,TRUE,,/mnt/nurvai-data/04/batch_01/SKILL_009_20260127_081407/SKILL_009_20260127_081407_0.mcap
SKILL_009_20260127_082243,station_01_lab,SKILL_009,Package Cotton set,E_MARTINEZ,2026-01-27T08:22:43Z,2026-01-27T08:30:10Z,447.69,4.37,PASS,TRUE,,/mnt/nurvai-data/04/batch_01/SKILL_009_20260127_082243/SKILL_009_20260127_082243_0.mcap
SKILL_009_20260127_083040,station_01_lab,SKILL_009,Package Cotton set,E_MARTINEZ,2026-01-27T08:30:40Z,2026-01-27T08:34:42Z,241.61,4.39,WARNING_DRIFT,TRUE,,/mnt/nurvai-data/04/batch_01/SKILL_009_20260127_083040/SKILL_009_20260127_083040_0.mcap
SKILL_009_20260128_081846,station_01_lab,SKILL_009,Package Cotton set,E_MARTINEZ,2026-01-28T08:18:46Z,2026-01-28T08:25:09Z,382.52,4.42,PASS,TRUE,,/mnt/nurvai-data/04/batch_01/SKILL_009_20260128_081846/SKILL_009_20260128_081846_0.mcap
SKILL_009_20260128_122201,station_01_lab,SKILL_009,Package Cotton set,D_VARGAS,2026-01-28T12:22:01Z,2026-01-28T12:26:34Z,272.65,4.62,PASS,TRUE,,/mnt/nurvai-data/04/batch_01/SKILL_009_20260128_122201/SKILL_009_20260128_122201_0.mcap
SKILL_009_20260128_122726,station_01_lab,SKILL_009,Package Cotton set,D_VARGAS,2026-01-28T12:27:26Z,2026-01-28T12:30:16Z,170.27,4.54,PASS,TRUE,,/mnt/nurvai-data/04/batch_01/SKILL_009_20260128_122726/SKILL_009_20260128_122726_0.mcap
SKILL_009_20260129_083521,station_01_lab,SKILL_009,Package Cotton set,C_BECERRA,2026-01-29T08:35:21Z,2026-01-29T08:45:17Z,596.69,4.61,PASS,TRUE,,/mnt/nurvai-data/04/batch_01/SKILL_009_20260129_083521/SKILL_009_20260129_083521_0.mcap
SKILL_010_20260121_084804,station_01_lab,SKILL_010,Package earphones,D_VARGAS,2026-01-21T08:48:04Z,2026-01-21T08:58:55Z,650.22,4.67,PASS,TRUE,,/mnt/nurvai-data/04/batch_01/SKILL_010_20260121_084804/SKILL_010_20260121_084804_0.mcap
SKILL_010_20260122_084933,station_01_lab,SKILL_010,Package earphones,D_VARGAS,2026-01-22T08:49:33Z,2026-01-22T08:55:10Z,336.31,4.79,PASS,TRUE,,/mnt/nurvai-data/04/batch_01/SKILL_010_20260122_084933/SKILL_010_20260122_084933_0.mcap
SKILL_010_20260122_085605,station_01_lab,SKILL_010,Package earphones,D_VARGAS,2026-01-22T08:56:05Z,2026-01-22T09:00:01Z,235.92,4.47,PASS,TRUE,,/mnt/nurvai-data/04/batch_01/SKILL_010_20260122_085605/SKILL_010_20260122_085605_0.mcap
SKILL_010_20260123_080541,station_01_lab,SKILL_010,Package earphones,D_VARGAS,2026-01-23T08:05:41Z,2026-01-23T08:06:11Z,29.36,4.77,PASS,FALSE,TOO_SHORT (29.4s),/mnt/nurvai-data/04/batch_01/SKILL_010_20260123_080541/SKILL_010_20260123_080541_0.mcap
SKILL_010_20260123_080815,station_01_lab,SKILL_010,Package earphones,D_VARGAS,2026-01-23T08:08:15Z,2026-01-23T08:12:29Z,254.41,4.46,PASS,TRUE,,/mnt/nurvai-data/04/batch_01/SKILL_010_20260123_080815/SKILL_010_20260123_080815_0.mcap
SKILL_010_20260123_081338,station_01_lab,SKILL_010,Package earphones,D_VARGAS,2026-01-23T08:13:38Z,2026-01-23T08:15:21Z,103.58,4.85,PASS,TRUE,,/mnt/nurvai-data/04/batch_01/SKILL_010_20260123_081338/SKILL_010_20260123_081338_0.mcap
SKILL_010_20260123_132544,station_01_lab,SKILL_010,Package earphones,H_ALCARAZ,2026-01-23T13:25:44Z,2026-01-23T13:25:51Z,6.80,5.19,PASS,FALSE,TOO_SHORT (6.8s),/mnt/nurvai-data/04/batch_01/SKILL_010_20260123_132544/SKILL_010_20260123_132544_0.mcap
SKILL_010_20260123_132003,station_01_lab,SKILL_010,Package earphones,H_ALCARAZ,2026-01-23T13:20:03Z,2026-01-23T13:20:13Z,10.77,4.99,PASS,FALSE,TOO_SHORT (10.8s),/mnt/nurvai-data/04/batch_01/SKILL_010_20260123_132003/SKILL_010_20260123_132003_0.mcap
SKILL_010_20260124_083337,station_01_lab,SKILL_010,Package earphones,D_VARGAS,2026-01-24T08:33:37Z,2026-01-24T08:33:49Z,11.55,4.51,PASS,FALSE,TOO_SHORT (11.5s),/mnt/nurvai-data/04/batch_01/SKILL_010_20260124_083337/SKILL_010_20260124_083337_0.mcap
SKILL_010_20260123_132636,station_01_lab,SKILL_010,Package earphones,H_ALCARAZ,2026-01-23T13:26:36Z,2026-01-23T13:30:55Z,259.72,4.73,PASS,TRUE,,/mnt/nurvai-data/04/batch_01/SKILL_010_20260123_132636/SKILL_010_20260123_132636_0.mcap
SKILL_010_20260124_083350,station_01_lab,SKILL_010,Package earphones,D_VARGAS,2026-01-24T08:33:50Z,2026-01-24T08:35:43Z,112.66,4.39,PASS,TRUE,,/mnt/nurvai-data/04/batch_01/SKILL_010_20260124_083350/SKILL_010_20260124_083350_0.mcap
SKILL_010_20260124_083706,station_01_lab,SKILL_010,Package earphones,D_VARGAS,2026-01-24T08:37:06Z,2026-01-24T08:44:17Z,431.05,4.75,WARNING_DRIFT,TRUE,,/mnt/nurvai-data/04/batch_01/SKILL_010_20260124_083706/SKILL_010_20260124_083706_0.mcap
SKILL_010_20260126_081655,station_01_lab,SKILL_010,Package earphones,D_VARGAS,2026-01-26T08:16:55Z,2026-01-26T08:23:14Z,379.25,5.02,PASS,TRUE,,/mnt/nurvai-data/04/batch_01/SKILL_010_20260126_081655/SKILL_010_20260126_081655_0.mcap
SKILL_010_20260126_143528,station_01_lab,SKILL_010,Package earphones,C_BECERRA,2026-01-26T14:35:28Z,2026-01-26T14:38:34Z,185.37,4.44,PASS,TRUE,,/mnt/nurvai-data/04/batch_01/SKILL_010_20260126_143528/SKILL_010_20260126_143528_0.mcap
SKILL_010_20260126_144239,station_01_lab,SKILL_010,Package earphones,C_BECERRA,2026-01-26T14:42:39Z,2026-01-26T14:48:36Z,357.26,4.39,PASS,TRUE,,/mnt/nurvai-data/04/batch_01/SKILL_010_20260126_144239/SKILL_010_20260126_144239_0.mcap
SKILL_010_20260128_082749,station_01_lab,SKILL_010,Package earphones,N_MORA,2026-01-28T08:27:49Z,2026-01-28T08:33:18Z,329.44,4.47,PASS,TRUE,,/mnt/nurvai-data/04/batch_01/SKILL_010_20260128_082749/SKILL_010_20260128_082749_0.mcap
SKILL_010_20260126_144936,station_01_lab,SKILL_010,Package earphones,C_BECERRA,2026-01-26T14:49:36Z,2026-01-26T14:53:28Z,232.78,4.86,PASS,TRUE,,/mnt/nurvai-data/04/batch_01/SKILL_010_20260126_144936/SKILL_010_20260126_144936_0.mcap
SKILL_010_20260128_083417,station_01_lab,SKILL_010,Package earphones,N_MORA,2026-01-28T08:34:17Z,2026-01-28T08:40:50Z,392.70,4.67,PASS,TRUE,,/mnt/nurvai-data/04/batch_01/SKILL_010_20260128_083417/SKILL_010_20260128_083417_0.mcap
SKILL_010_20260128_123145,station_01_lab,SKILL_010,Package earphones,D_VARGAS,2026-01-28T12:31:45Z,2026-01-28T12:37:18Z,332.86,4.70,PASS,TRUE,,/mnt/nurvai-data/04/batch_01/SKILL_010_20260128_123145/SKILL_010_20260128_123145_0.mcap
SKILL_010_20260128_123821,station_01_lab,SKILL_010,Package earphones,D_VARGAS,2026-01-28T12:38:21Z,2026-01-28T12:40:21Z,119.97,4.45,PASS,TRUE,,/mnt/nurvai-data/04/batch_01/SKILL_010_20260128_123821/SKILL_010_20260128_123821_0.mcap
SKILL_012_20260121_090055,station_01_lab,SKILL_012,Put pasta in jars,D_VARGAS,2026-01-21T09:00:55Z,2026-01-21T09:02:49Z,114.36,4.79,PASS,TRUE,,/mnt/nurvai-data/04/batch_01/SKILL_012_20260121_090055/SKILL_012_20260121_090055_0.mcap
SKILL_010_20260129_084723,station_01_lab,SKILL_010,Package earphones,C_BECERRA,2026-01-29T08:47:23Z,2026-01-29T08:53:03Z,340.12,4.75,PASS,TRUE,,/mnt/nurvai-data/04/batch_01/SKILL_010_20260129_084723/SKILL_010_20260129_084723_0.mcap
SKILL_012_20260121_090817,station_01_lab,SKILL_012,Put pasta in jars,D_VARGAS,2026-01-21T09:08:17Z,2026-01-21T09:11:03Z,166.21,4.80,PASS,TRUE,,/mnt/nurvai-data/04/batch_01/SKILL_012_20260121_090817/SKILL_012_20260121_090817_0.mcap
SKILL_012_20260122_090539,station_01_lab,SKILL_012,Put pasta in jars,D_VARGAS,2026-01-22T09:05:39Z,2026-01-22T09:09:24Z,225.01,5.00,PASS,TRUE,,/mnt/nurvai-data/04/batch_01/SKILL_012_20260122_090539/SKILL_012_20260122_090539_0.mcap
SKILL_012_20260122_090938,station_01_lab,SKILL_012,Put pasta in jars,D_VARGAS,2026-01-22T09:09:38Z,2026-01-22T09:12:38Z,179.92,4.77,PASS,TRUE,,/mnt/nurvai-data/04/batch_01/SKILL_012_20260122_090938/SKILL_012_20260122_090938_0.mcap
SKILL_012_20260123_081757,station_01_lab,SKILL_012,Put pasta in jars,D_VARGAS,2026-01-23T08:17:57Z,2026-01-23T08:21:43Z,225.48,4.68,PASS,TRUE,,/mnt/nurvai-data/04/batch_01/SKILL_012_20260123_081757/SKILL_012_20260123_081757_0.mcap
SKILL_012_20260122_091342,station_01_lab,SKILL_012,Put pasta in jars,D_VARGAS,2026-01-22T09:13:42Z,2026-01-22T09:16:06Z,144.24,5.61,WARNING_DRIFT,TRUE,,/mnt/nurvai-data/04/batch_01/SKILL_012_20260122_091342/SKILL_012_20260122_091342_0.mcap
SKILL_012_20260123_082221,station_01_lab,SKILL_012,Put pasta in jars,D_VARGAS,2026-01-23T08:22:21Z,2026-01-23T08:22:47Z,26.20,4.60,PASS,FALSE,TOO_SHORT (26.2s),/mnt/nurvai-data/04/batch_01/SKILL_012_20260123_082221/SKILL_012_20260123_082221_0.mcap
SKILL_012_20260123_082412,station_01_lab,SKILL_012,Put pasta in jars,D_VARGAS,2026-01-23T08:24:12Z,2026-01-23T08:25:42Z,89.98,4.69,PASS,FALSE,TOO_SHORT (90.0s),/mnt/nurvai-data/04/batch_01/SKILL_012_20260123_082412/SKILL_012_20260123_082412_0.mcap
SKILL_012_20260123_133236,station_01_lab,SKILL_012,Put pasta in jars,H_ALCARAZ,2026-01-23T13:32:36Z,2026-01-23T13:36:51Z,254.86,4.96,PASS,TRUE,,/mnt/nurvai-data/04/batch_01/SKILL_012_20260123_133236/SKILL_012_20260123_133236_0.mcap
SKILL_012_20260123_133741,station_01_lab,SKILL_012,Put pasta in jars,H_ALCARAZ,2026-01-23T13:37:41Z,2026-01-23T13:40:40Z,179.44,4.93,PASS,TRUE,,/mnt/nurvai-data/04/batch_01/SKILL_012_20260123_133741/SKILL_012_20260123_133741_0.mcap
SKILL_012_20260124_084646,station_01_lab,SKILL_012,Put pasta in jars,C_BECERRA,2026-01-24T08:46:46Z,2026-01-24T08:50:22Z,216.12,4.75,PASS,TRUE,,/mnt/nurvai-data/04/batch_01/SKILL_012_20260124_084646/SKILL_012_20260124_084646_0.mcap
SKILL_012_20260124_085108,station_01_lab,SKILL_012,Put pasta in jars,C_BECERRA,2026-01-24T08:51:08Z,2026-01-24T08:53:41Z,152.60,4.65,WARNING_DRIFT,TRUE,,/mnt/nurvai-data/04/batch_01/SKILL_012_20260124_085108/SKILL_012_20260124_085108_0.mcap
SKILL_012_20260126_083007,station_01_lab,SKILL_012,Put pasta in jars,D_VARGAS,2026-01-26T08:30:07Z,2026-01-26T08:32:57Z,170.22,4.86,PASS,TRUE,,/mnt/nurvai-data/04/batch_01/SKILL_012_20260126_083007/SKILL_012_20260126_083007_0.mcap
SKILL_012_20260126_083604,station_01_lab,SKILL_012,Put pasta in jars,D_VARGAS,2026-01-26T08:36:04Z,2026-01-26T08:36:05Z,1.11,0.35,PASS,FALSE,TOO_SHORT (1.1s),/mnt/nurvai-data/04/batch_01/SKILL_012_20260126_083604/SKILL_012_20260126_083604_0.mcap
SKILL_012_20260126_083648,station_01_lab,SKILL_012,Put pasta in jars,D_VARGAS,2026-01-26T08:36:48Z,2026-01-26T08:40:13Z,204.46,4.86,PASS,TRUE,,/mnt/nurvai-data/04/batch_01/SKILL_012_20260126_083648/SKILL_012_20260126_083648_0.mcap
SKILL_012_20260126_083340,station_01_lab,SKILL_012,Put pasta in jars,D_VARGAS,2026-01-26T08:33:40Z,2026-01-26T08:35:28Z,107.90,4.84,PASS,TRUE,,/mnt/nurvai-data/04/batch_01/SKILL_012_20260126_083340/SKILL_012_20260126_083340_0.mcap
SKILL_012_20260126_084014,station_01_lab,SKILL_012,Put pasta in jars,D_VARGAS,2026-01-26T08:40:14Z,2026-01-26T08:40:14Z,0.52,3.04,PASS,FALSE,TOO_SHORT (0.5s),/mnt/nurvai-data/04/batch_01/SKILL_012_20260126_084014/SKILL_012_20260126_084014_0.mcap
SKILL_012_20260126_101524,station_01_lab,SKILL_012,Put pasta in jars,D_VARGAS,2026-01-26T10:15:24Z,2026-01-26T10:15:52Z,28.29,2.80,PASS,FALSE,TOO_SHORT (28.3s),/mnt/nurvai-data/04/batch_01/SKILL_012_20260126_101524/SKILL_012_20260126_101524_0.mcap
SKILL_012_20260126_101147,station_01_lab,SKILL_012,Put pasta in jars,D_VARGAS,2026-01-26T10:11:47Z,2026-01-26T10:14:15Z,148.68,4.83,PASS,TRUE,,/mnt/nurvai-data/04/batch_01/SKILL_012_20260126_101147/SKILL_012_20260126_101147_0.mcap
SKILL_012_20260126_101657,station_01_lab,SKILL_012,Put pasta in jars,D_VARGAS,2026-01-26T10:16:57Z,2026-01-26T10:19:06Z,129.30,4.58,PASS,TRUE,,/mnt/nurvai-data/04/batch_01/SKILL_012_20260126_101657/SKILL_012_20260126_101657_0.mcap
SKILL_012_20260127_090243,station_01_lab,SKILL_012,Put pasta in jars,E_MARTINEZ,2026-01-27T09:02:43Z,2026-01-27T09:04:55Z,131.42,4.60,PASS,TRUE,,/mnt/nurvai-data/04/batch_01/SKILL_012_20260127_090243/SKILL_012_20260127_090243_0.mcap
SKILL_012_20260127_090931,station_01_lab,SKILL_012,Put pasta in jars,E_MARTINEZ,2026-01-27T09:09:31Z,2026-01-27T09:12:18Z,167.31,4.57,PASS,TRUE,,/mnt/nurvai-data/04/batch_01/SKILL_012_20260127_090931/SKILL_012_20260127_090931_0.mcap
SKILL_012_20260127_090555,station_01_lab,SKILL_012,Put pasta in jars,E_MARTINEZ,2026-01-27T09:05:55Z,2026-01-27T09:08:34Z,159.44,4.63,PASS,TRUE,,/mnt/nurvai-data/04/batch_01/SKILL_012_20260127_090555/SKILL_012_20260127_090555_0.mcap
SKILL_012_20260128_084523,station_01_lab,SKILL_012,Put pasta in jars,N_MORA,2026-01-28T08:45:23Z,2026-01-28T08:48:08Z,165.45,4.79,PASS,TRUE,,/mnt/nurvai-data/04/batch_01/SKILL_012_20260128_084523/SKILL_012_20260128_084523_0.mcap
SKILL_012_20260128_084904,station_01_lab,SKILL_012,Put pasta in jars,N_MORA,2026-01-28T08:49:04Z,2026-01-28T08:51:48Z,164.67,4.72,PASS,TRUE,,/mnt/nurvai-data/04/batch_01/SKILL_012_20260128_084904/SKILL_012_20260128_084904_0.mcap
SKILL_012_20260128_124250,station_01_lab,SKILL_012,Put pasta in jars,D_VARGAS,2026-01-28T12:42:50Z,2026-01-28T12:43:15Z,25.78,4.35,PASS,FALSE,TOO_SHORT (25.8s),/mnt/nurvai-data/04/batch_01/SKILL_012_20260128_124250/SKILL_012_20260128_124250_0.mcap
SKILL_012_20260128_085327,station_01_lab,SKILL_012,Put pasta in jars,N_MORA,2026-01-28T08:53:27Z,2026-01-28T08:55:27Z,119.17,4.98,PASS,TRUE,,/mnt/nurvai-data/04/batch_01/SKILL_012_20260128_085327/SKILL_012_20260128_085327_0.mcap
SKILL_012_20260128_124326,station_01_lab,SKILL_012,Put pasta in jars,D_VARGAS,2026-01-28T12:43:26Z,2026-01-28T12:45:33Z,127.01,4.65,PASS,TRUE,,/mnt/nurvai-data/04/batch_01/SKILL_012_20260128_124326/SKILL_012_20260128_124326_0.mcap
SKILL_012_20260128_124622,station_01_lab,SKILL_012,Put pasta in jars,D_VARGAS,2026-01-28T12:46:22Z,2026-01-28T12:48:50Z,147.81,4.81,PASS,TRUE,,/mnt/nurvai-data/04/batch_01/SKILL_012_20260128_124622/SKILL_012_20260128_124622_0.mcap
SKILL_012_20260129_090028,station_01_lab,SKILL_012,Put pasta in jars,C_BECERRA,2026-01-29T09:00:28Z,2026-01-29T09:01:58Z,89.93,4.61,PASS,FALSE,TOO_SHORT (89.9s),/mnt/nurvai-data/04/batch_01/SKILL_012_20260129_090028/SKILL_012_20260129_090028_0.mcap
SKILL_012_20260129_090250,station_01_lab,SKILL_012,Put pasta in jars,C_BECERRA,2026-01-29T09:02:50Z,2026-01-29T09:05:11Z,141.31,4.59,PASS,TRUE,,/mnt/nurvai-data/04/batch_01/SKILL_012_20260129_090250/SKILL_012_20260129_090250_0.mcap
SKILL_012_20260129_090901,station_01_lab,SKILL_012,Put pasta in jars,C_BECERRA,2026-01-29T09:09:01Z,2026-01-29T09:11:11Z,130.27,4.34,PASS,TRUE,,/mnt/nurvai-data/04/batch_01/SKILL_012_20260129_090901/SKILL_012_20260129_090901_0.mcap
SKILL_012_20260129_090551,station_01_lab,SKILL_012,Put pasta in jars,C_BECERRA,2026-01-29T09:05:51Z,2026-01-29T09:08:29Z,158.26,4.47,PASS,TRUE,,/mnt/nurvai-data/04/batch_01/SKILL_012_20260129_090551/SKILL_012_20260129_090551_0.mcap
SKILL_013_20260121_091920,station_01_lab,SKILL_013,Set up a hand lamp,D_VARGAS,2026-01-21T09:19:20Z,2026-01-21T09:23:12Z,232.41,4.90,PASS,TRUE,,/mnt/nurvai-data/04/batch_01/SKILL_013_20260121_091920/SKILL_013_20260121_091920_0.mcap
SKILL_013_20260121_092351,station_01_lab,SKILL_013,Set up a hand lamp,D_VARGAS,2026-01-21T09:23:51Z,2026-01-21T09:26:59Z,188.16,4.90,PASS,TRUE,,/mnt/nurvai-data/04/batch_01/SKILL_013_20260121_092351/SKILL_013_20260121_092351_0.mcap
SKILL_013_20260121_092746,station_01_lab,SKILL_013,Set up a hand lamp,D_VARGAS,2026-01-21T09:27:46Z,2026-01-21T09:28:51Z,64.76,4.68,PASS,FALSE,TOO_SHORT (64.8s),/mnt/nurvai-data/04/batch_01/SKILL_013_20260121_092746/SKILL_013_20260121_092746_0.mcap
SKILL_013_20260121_093036,station_01_lab,SKILL_013,Set up a hand lamp,D_VARGAS,2026-01-21T09:30:36Z,2026-01-21T09:38:02Z,445.64,5.00,PASS,TRUE,,/mnt/nurvai-data/04/batch_01/SKILL_013_20260121_093036/SKILL_013_20260121_093036_0.mcap
SKILL_013_20260121_093847,station_01_lab,SKILL_013,Set up a hand lamp,D_VARGAS,2026-01-21T09:38:47Z,2026-01-21T09:40:09Z,82.49,5.09,PASS,FALSE,TOO_SHORT (82.5s),/mnt/nurvai-data/04/batch_01/SKILL_013_20260121_093847/SKILL_013_20260121_093847_0.mcap
SKILL_013_20260121_094239,station_01_lab,SKILL_013,Set up a hand lamp,D_VARGAS,2026-01-21T09:42:39Z,2026-01-21T09:42:59Z,20.05,3.91,PASS,FALSE,TOO_SHORT (20.0s),/mnt/nurvai-data/04/batch_01/SKILL_013_20260121_094239/SKILL_013_20260121_094239_0.mcap
SKILL_013_20260122_091729,station_01_lab,SKILL_013,Set up a hand lamp,D_VARGAS,2026-01-22T09:17:29Z,2026-01-22T09:19:50Z,140.11,4.68,PASS,TRUE,,/mnt/nurvai-data/04/batch_01/SKILL_013_20260122_091729/SKILL_013_20260122_091729_0.mcap
SKILL_013_20260123_082732,station_01_lab,SKILL_013,Set up a hand lamp,D_VARGAS,2026-01-23T08:27:32Z,2026-01-23T08:29:54Z,141.83,4.61,PASS,TRUE,,/mnt/nurvai-data/04/batch_01/SKILL_013_20260123_082732/SKILL_013_20260123_082732_0.mcap
SKILL_013_20260123_083035,station_01_lab,SKILL_013,Set up a hand lamp,D_VARGAS,2026-01-23T08:30:35Z,2026-01-23T08:32:35Z,119.41,4.53,PASS,TRUE,,/mnt/nurvai-data/04/batch_01/SKILL_013_20260123_083035/SKILL_013_20260123_083035_0.mcap
SKILL_013_20260123_083435,station_01_lab,SKILL_013,Set up a hand lamp,D_VARGAS,2026-01-23T08:34:35Z,2026-01-23T08:35:13Z,38.17,4.78,PASS,FALSE,TOO_SHORT (38.2s),/mnt/nurvai-data/04/batch_01/SKILL_013_20260123_083435/SKILL_013_20260123_083435_0.mcap
SKILL_013_20260123_134452,station_01_lab,SKILL_013,Set up a hand lamp,H_ALCARAZ,2026-01-23T13:44:52Z,2026-01-23T13:48:20Z,207.94,4.78,WARNING_DRIFT,TRUE,,/mnt/nurvai-data/04/batch_01/SKILL_013_20260123_134452/SKILL_013_20260123_134452_0.mcap
SKILL_013_20260123_135151,station_01_lab,SKILL_013,Set up a hand lamp,E_MARTINEZ,2026-01-23T13:51:51Z,2026-01-23T13:53:46Z,114.61,4.77,PASS,TRUE,,/mnt/nurvai-data/04/batch_01/SKILL_013_20260123_135151/SKILL_013_20260123_135151_0.mcap
SKILL_013_20260124_090006,station_01_lab,SKILL_013,Set up a hand lamp,C_BECERRA,2026-01-24T09:00:06Z,2026-01-24T09:03:04Z,177.16,4.84,PASS,TRUE,,/mnt/nurvai-data/04/batch_01/SKILL_013_20260124_090006/SKILL_013_20260124_090006_0.mcap
SKILL_013_20260124_090404,station_01_lab,SKILL_013,Set up a hand lamp,C_BECERRA,2026-01-24T09:04:04Z,2026-01-24T09:07:09Z,184.33,4.88,PASS,TRUE,,/mnt/nurvai-data/04/batch_01/SKILL_013_20260124_090404/SKILL_013_20260124_090404_0.mcap
SKILL_013_20260127_075637,station_01_lab,SKILL_013,Set up a hand lamp,D_VARGAS,2026-01-27T07:56:37Z,2026-01-27T07:57:20Z,43.05,4.30,PASS,FALSE,TOO_SHORT (43.1s),/mnt/nurvai-data/04/batch_01/SKILL_013_20260127_075637/SKILL_013_20260127_075637_0.mcap
SKILL_013_20260127_075123,station_01_lab,SKILL_013,Set up a hand lamp,D_VARGAS,2026-01-27T07:51:23Z,2026-01-27T07:53:45Z,141.69,4.60,PASS,TRUE,,/mnt/nurvai-data/04/batch_01/SKILL_013_20260127_075123/SKILL_013_20260127_075123_0.mcap
SKILL_013_20260128_085622,station_01_lab,SKILL_013,Set up a hand lamp,N_MORA,2026-01-28T08:56:22Z,2026-01-28T08:58:29Z,127.09,4.59,PASS,TRUE,,/mnt/nurvai-data/04/batch_01/SKILL_013_20260128_085622/SKILL_013_20260128_085622_0.mcap
SKILL_013_20260128_090307,station_01_lab,SKILL_013,Set up a hand lamp,N_MORA,2026-01-28T09:03:07Z,2026-01-28T09:04:07Z,59.53,4.57,WARNING_DRIFT,FALSE,TOO_SHORT (59.5s),/mnt/nurvai-data/04/batch_01/SKILL_013_20260128_090307/SKILL_013_20260128_090307_0.mcap
SKILL_013_20260128_085901,station_01_lab,SKILL_013,Set up a hand lamp,N_MORA,2026-01-28T08:59:01Z,2026-01-28T09:02:05Z,184.30,4.59,PASS,TRUE,,/mnt/nurvai-data/04/batch_01/SKILL_013_20260128_085901/SKILL_013_20260128_085901_0.mcap
SKILL_013_20260128_090428,station_01_lab,SKILL_013,Set up a hand lamp,N_MORA,2026-01-28T09:04:28Z,2026-01-28T09:05:13Z,44.95,4.51,PASS,FALSE,TOO_SHORT (44.9s),/mnt/nurvai-data/04/batch_01/SKILL_013_20260128_090428/SKILL_013_20260128_090428_0.mcap
SKILL_013_20260128_125112,station_01_lab,SKILL_013,Set up a hand lamp,D_VARGAS,2026-01-28T12:51:12Z,2026-01-28T12:53:54Z,162.65,4.58,PASS,TRUE,,/mnt/nurvai-data/04/batch_01/SKILL_013_20260128_125112/SKILL_013_20260128_125112_0.mcap
SKILL_013_20260128_125435,station_01_lab,SKILL_013,Set up a hand lamp,D_VARGAS,2026-01-28T12:54:35Z,2026-01-28T12:56:31Z,115.32,4.58,PASS,TRUE,,/mnt/nurvai-data/04/batch_01/SKILL_013_20260128_125435/SKILL_013_20260128_125435_0.mcap
SKILL_013_20260128_125845,station_01_lab,SKILL_013,Set up a hand lamp,D_VARGAS,2026-01-28T12:58:45Z,2026-01-28T13:00:12Z,87.39,4.65,PASS,FALSE,TOO_SHORT (87.4s),/mnt/nurvai-data/04/batch_01/SKILL_013_20260128_125845/SKILL_013_20260128_125845_0.mcap
SKILL_013_20260128_130026,station_01_lab,SKILL_013,Set up a hand lamp,D_VARGAS,2026-01-28T13:00:26Z,2026-01-28T13:00:31Z,5.38,6.58,PASS,FALSE,TOO_SHORT (5.4s),/mnt/nurvai-data/04/batch_01/SKILL_013_20260128_130026/SKILL_013_20260128_130026_0.mcap
SKILL_013_20260128_130033,station_01_lab,SKILL_013,Set up a hand lamp,D_VARGAS,2026-01-28T13:00:33Z,2026-01-28T13:01:17Z,44.02,4.49,PASS,FALSE,TOO_SHORT (44.0s),/mnt/nurvai-data/04/batch_01/SKILL_013_20260128_130033/SKILL_013_20260128_130033_0.mcap
SKILL_013_20260129_092036,station_01_lab,SKILL_013,Set up a hand lamp,C_BECERRA,2026-01-29T09:20:36Z,2026-01-29T09:22:12Z,95.75,4.63,PASS,TRUE,,/mnt/nurvai-data/04/batch_01/SKILL_013_20260129_092036/SKILL_013_20260129_092036_0.mcap
SKILL_013_20260129_091235,station_01_lab,SKILL_013,Set up a hand lamp,C_BECERRA,2026-01-29T09:12:35Z,2026-01-29T09:15:34Z,179.24,4.67,PASS,TRUE,,/mnt/nurvai-data/04/batch_01/SKILL_013_20260129_091235/SKILL_013_20260129_091235_0.mcap
SKILL_014_20260122_093343,station_01_lab,SKILL_014,Fasten nuts onto bolts,D_VARGAS,2026-01-22T09:33:44Z,2026-01-22T09:41:08Z,444.01,4.80,PASS,TRUE,,/mnt/nurvai-data/04/batch_01/SKILL_014_20260122_093343/SKILL_014_20260122_093343_0.mcap
SKILL_014_20260123_083938,station_01_lab,SKILL_014,Fasten nuts onto bolts,D_VARGAS,2026-01-23T08:39:38Z,2026-01-23T08:47:22Z,464.15,4.76,PASS,TRUE,,/mnt/nurvai-data/04/batch_01/SKILL_014_20260123_083938/SKILL_014_20260123_083938_0.mcap
SKILL_014_20260124_090918,station_01_lab,SKILL_014,Fasten nuts onto bolts,C_BECERRA,2026-01-24T09:09:18Z,2026-01-24T09:12:42Z,203.67,4.80,PASS,TRUE,,/mnt/nurvai-data/04/batch_01/SKILL_014_20260124_090918/SKILL_014_20260124_090918_0.mcap
SKILL_014_20260123_140159,station_01_lab,SKILL_014,Fasten nuts onto bolts,E_MARTINEZ,2026-01-23T14:01:59Z,2026-01-23T14:11:10Z,551.23,4.92,WARNING_DRIFT,TRUE,,/mnt/nurvai-data/04/batch_01/SKILL_014_20260123_140159/SKILL_014_20260123_140159_0.mcap
SKILL_014_20260124_092227,station_01_lab,SKILL_014,Fasten nuts onto bolts,C_BECERRA,2026-01-24T09:22:27Z,2026-01-24T09:22:46Z,18.68,6.62,WARNING_DRIFT,FALSE,TOO_SHORT (18.7s),/mnt/nurvai-data/04/batch_01/SKILL_014_20260124_092227/SKILL_014_20260124_092227_0.mcap
SKILL_014_20260124_091925,station_01_lab,SKILL_014,Fasten nuts onto bolts,C_BECERRA,2026-01-24T09:19:25Z,2026-01-24T09:22:26Z,180.30,4.79,PASS,TRUE,,/mnt/nurvai-data/04/batch_01/SKILL_014_20260124_091925/SKILL_014_20260124_091925_0.mcap
SKILL_014_20260124_092427,station_01_lab,SKILL_014,Fasten nuts onto bolts,C_BECERRA,2026-01-24T09:24:27Z,2026-01-24T09:26:29Z,122.81,2.92,PASS,TRUE,,/mnt/nurvai-data/04/batch_01/SKILL_014_20260124_092427/SKILL_014_20260124_092427_0.mcap
SKILL_014_20260126_084946,station_01_lab,SKILL_014,Fasten nuts onto bolts,N_MORA,2026-01-26T08:49:46Z,2026-01-26T08:56:02Z,375.61,4.63,PASS,TRUE,,/mnt/nurvai-data/04/batch_01/SKILL_014_20260126_084946/SKILL_014_20260126_084946_0.mcap
SKILL_014_20260126_085714,station_01_lab,SKILL_014,Fasten nuts onto bolts,N_MORA,2026-01-26T08:57:14Z,2026-01-26T09:02:40Z,325.60,4.56,PASS,TRUE,,/mnt/nurvai-data/04/batch_01/SKILL_014_20260126_085714/SKILL_014_20260126_085714_0.mcap
SKILL_014_20260127_092912,station_01_lab,SKILL_014,Fasten nuts onto bolts,E_MARTINEZ,2026-01-27T09:29:12Z,2026-01-27T09:37:12Z,480.51,4.72,PASS,TRUE,,/mnt/nurvai-data/04/batch_01/SKILL_014_20260127_092912/SKILL_014_20260127_092912_0.mcap
SKILL_014_20260127_091505,station_01_lab,SKILL_014,Fasten nuts onto bolts,E_MARTINEZ,2026-01-27T09:15:05Z,2026-01-27T09:24:56Z,591.77,4.70,PASS,TRUE,,/mnt/nurvai-data/04/batch_01/SKILL_014_20260127_091505/SKILL_014_20260127_091505_0.mcap
SKILL_014_20260128_091202,station_01_lab,SKILL_014,Fasten nuts onto bolts,N_MORA,2026-01-28T09:12:02Z,2026-01-28T09:18:37Z,395.34,4.59,PASS,TRUE,,/mnt/nurvai-data/04/batch_01/SKILL_014_20260128_091202/SKILL_014_20260128_091202_0.mcap
SKILL_014_20260128_130331,station_01_lab,SKILL_014,Fasten nuts onto bolts,D_VARGAS,2026-01-28T13:03:31Z,2026-01-28T13:10:27Z,416.08,4.64,PASS,TRUE,,/mnt/nurvai-data/04/batch_01/SKILL_014_20260128_130331/SKILL_014_20260128_130331_0.mcap
SKILL_014_20260129_092612,station_01_lab,SKILL_014,Fasten nuts onto bolts,C_BECERRA,2026-01-29T09:26:12Z,2026-01-29T09:30:27Z,255.51,4.59,PASS,TRUE,,/mnt/nurvai-data/04/batch_01/SKILL_014_20260129_092612/SKILL_014_20260129_092612_0.mcap
SKILL_015_20260121_094304,station_01_lab,SKILL_015,Thread a needle,D_VARGAS,2026-01-21T09:43:04Z,2026-01-21T09:48:05Z,301.50,4.83,PASS,TRUE,,/mnt/nurvai-data/04/batch_01/SKILL_015_20260121_094304/SKILL_015_20260121_094304_0.mcap
SKILL_015_20260121_094904,station_01_lab,SKILL_015,Thread a needle,D_VARGAS,2026-01-21T09:49:04Z,2026-01-21T09:52:31Z,206.71,4.98,PASS,TRUE,,/mnt/nurvai-data/04/batch_01/SKILL_015_20260121_094904/SKILL_015_20260121_094904_0.mcap
SKILL_015_20260122_094956,station_01_lab,SKILL_015,Thread a needle,D_VARGAS,2026-01-22T09:49:56Z,2026-01-22T09:50:31Z,34.76,7.04,WARNING_DRIFT,FALSE,TOO_SHORT (34.8s),/mnt/nurvai-data/04/batch_01/SKILL_015_20260122_094956/SKILL_015_20260122_094956_0.mcap
SKILL_015_20260122_094424,station_01_lab,SKILL_015,Thread a needle,D_VARGAS,2026-01-22T09:44:24Z,2026-01-22T09:49:47Z,323.01,4.82,PASS,TRUE,,/mnt/nurvai-data/04/batch_01/SKILL_015_20260122_094424/SKILL_015_20260122_094424_0.mcap
SKILL_015_20260122_095035,station_01_lab,SKILL_015,Thread a needle,D_VARGAS,2026-01-22T09:50:35Z,2026-01-22T09:50:36Z,1.02,7.21,PASS,FALSE,TOO_SHORT (1.0s),/mnt/nurvai-data/04/batch_01/SKILL_015_20260122_095035/SKILL_015_20260122_095035_0.mcap
SKILL_015_20260123_085154,station_01_lab,SKILL_015,Thread a needle,D_VARGAS,2026-01-23T08:51:54Z,2026-01-23T08:59:03Z,428.64,5.72,WARNING_DRIFT,TRUE,,/mnt/nurvai-data/04/batch_01/SKILL_015_20260123_085154/SKILL_015_20260123_085154_0.mcap
SKILL_015_20260123_141519,station_01_lab,SKILL_015,Thread a needle,E_MARTINEZ,2026-01-23T14:15:20Z,2026-01-23T14:21:31Z,371.32,4.87,WARNING_DRIFT,TRUE,,/mnt/nurvai-data/04/batch_01/SKILL_015_20260123_141519/SKILL_015_20260123_141519_0.mcap
SKILL_015_20260126_092458,station_01_lab,SKILL_015,Thread a needle,N_MORA,2026-01-26T09:24:58Z,2026-01-26T09:29:13Z,254.66,5.19,PASS,TRUE,,/mnt/nurvai-data/04/batch_01/SKILL_015_20260126_092458/SKILL_015_20260126_092458_0.mcap
SKILL_015_20260126_100406,station_01_lab,SKILL_015,Thread a needle,D_VARGAS,2026-01-26T10:04:06Z,2026-01-26T10:06:49Z,162.83,4.40,PASS,TRUE,,/mnt/nurvai-data/04/batch_01/SKILL_015_20260126_100406/SKILL_015_20260126_100406_0.mcap
SKILL_015_20260126_095901,station_01_lab,SKILL_015,Thread a needle,D_VARGAS,2026-01-26T09:59:01Z,2026-01-26T10:02:37Z,215.64,4.51,PASS,TRUE,,/mnt/nurvai-data/04/batch_01/SKILL_015_20260126_095901/SKILL_015_20260126_095901_0.mcap
SKILL_015_20260126_100748,station_01_lab,SKILL_015,Thread a needle,D_VARGAS,2026-01-26T10:07:48Z,2026-01-26T10:10:18Z,150.48,4.14,PASS,TRUE,,/mnt/nurvai-data/04/batch_01/SKILL_015_20260126_100748/SKILL_015_20260126_100748_0.mcap
SKILL_015_20260127_094456,station_01_lab,SKILL_015,Thread a needle,E_MARTINEZ,2026-01-27T09:44:56Z,2026-01-27T09:48:44Z,227.95,4.72,WARNING_DRIFT,TRUE,,/mnt/nurvai-data/04/batch_01/SKILL_015_20260127_094456/SKILL_015_20260127_094456_0.mcap
SKILL_015_20260128_092815,station_01_lab,SKILL_015,Thread a needle,N_MORA,2026-01-28T09:28:15Z,2026-01-28T09:31:11Z,175.88,4.86,PASS,TRUE,,/mnt/nurvai-data/04/batch_01/SKILL_015_20260128_092815/SKILL_015_20260128_092815_0.mcap
SKILL_015_20260128_092113,station_01_lab,SKILL_015,Thread a needle,N_MORA,2026-01-28T09:21:13Z,2026-01-28T09:25:19Z,245.98,4.97,PASS,TRUE,,/mnt/nurvai-data/04/batch_01/SKILL_015_20260128_092113/SKILL_015_20260128_092113_0.mcap
SKILL_015_20260129_093254,station_01_lab,SKILL_015,Thread a needle,L_AGUILERA,2026-01-29T09:32:54Z,2026-01-29T09:36:14Z,199.18,4.65,PASS,TRUE,,/mnt/nurvai-data/04/batch_01/SKILL_015_20260129_093254/SKILL_015_20260129_093254_0.mcap
SKILL_016_20260121_095824,station_01_lab,SKILL_016,Package a sewing set,D_VARGAS,2026-01-21T09:58:24Z,2026-01-21T09:58:52Z,28.06,4.97,PASS,FALSE,TOO_SHORT (28.1s),/mnt/nurvai-data/04/batch_01/SKILL_016_20260121_095824/SKILL_016_20260121_095824_0.mcap
SKILL_016_20260121_095409,station_01_lab,SKILL_016,Package a sewing set,D_VARGAS,2026-01-21T09:54:09Z,2026-01-21T09:56:32Z,142.76,4.76,PASS,TRUE,,/mnt/nurvai-data/04/batch_01/SKILL_016_20260121_095409/SKILL_016_20260121_095409_0.mcap
SKILL_016_20260121_100231,station_01_lab,SKILL_016,Package a sewing set,D_VARGAS,2026-01-21T10:02:31Z,2026-01-21T10:03:33Z,61.93,4.80,PASS,FALSE,TOO_SHORT (61.9s),/mnt/nurvai-data/04/batch_01/SKILL_016_20260121_100231/SKILL_016_20260121_100231_0.mcap
SKILL_016_20260122_095244,station_01_lab,SKILL_016,Package a sewing set,D_VARGAS,2026-01-22T09:52:44Z,2026-01-22T09:55:25Z,160.90,4.99,PASS,TRUE,,/mnt/nurvai-data/04/batch_01/SKILL_016_20260122_095244/SKILL_016_20260122_095244_0.mcap
SKILL_016_20260122_095608,station_01_lab,SKILL_016,Package a sewing set,D_VARGAS,2026-01-22T09:56:08Z,2026-01-22T09:58:16Z,127.47,4.84,PASS,TRUE,,/mnt/nurvai-data/04/batch_01/SKILL_016_20260122_095608/SKILL_016_20260122_095608_0.mcap
SKILL_016_20260122_095849,station_01_lab,SKILL_016,Package a sewing set,D_VARGAS,2026-01-22T09:58:49Z,2026-01-22T10:00:37Z,107.49,4.88,PASS,TRUE,,/mnt/nurvai-data/04/batch_01/SKILL_016_20260122_095849/SKILL_016_20260122_095849_0.mcap
SKILL_016_20260123_090809,station_01_lab,SKILL_016,Package a sewing set,D_VARGAS,2026-01-23T09:08:09Z,2026-01-23T09:10:05Z,116.84,5.02,PASS,TRUE,,/mnt/nurvai-data/04/batch_01/SKILL_016_20260123_090809/SKILL_016_20260123_090809_0.mcap
SKILL_016_20260123_090512,station_01_lab,SKILL_016,Package a sewing set,D_VARGAS,2026-01-23T09:05:12Z,2026-01-23T09:07:21Z,128.85,4.90,PASS,TRUE,,/mnt/nurvai-data/04/batch_01/SKILL_016_20260123_090512/SKILL_016_20260123_090512_0.mcap
SKILL_016_20260123_091125,station_01_lab,SKILL_016,Package a sewing set,D_VARGAS,2026-01-23T09:11:25Z,2026-01-23T09:13:40Z,135.14,5.08,PASS,TRUE,,/mnt/nurvai-data/04/batch_01/SKILL_016_20260123_091125/SKILL_016_20260123_091125_0.mcap
SKILL_016_20260123_143124,station_01_lab,SKILL_016,Package a sewing set,E_MARTINEZ,2026-01-23T14:31:24Z,2026-01-23T14:33:28Z,123.96,4.35,PASS,TRUE,,/mnt/nurvai-data/04/batch_01/SKILL_016_20260123_143124/SKILL_016_20260123_143124_0.mcap
SKILL_016_20260123_142815,station_01_lab,SKILL_016,Package a sewing set,E_MARTINEZ,2026-01-23T14:28:15Z,2026-01-23T14:30:05Z,110.57,4.74,PASS,TRUE,,/mnt/nurvai-data/04/batch_01/SKILL_016_20260123_142815/SKILL_016_20260123_142815_0.mcap
SKILL_016_20260123_143657,station_01_lab,SKILL_016,Package a sewing set,E_MARTINEZ,2026-01-23T14:36:57Z,2026-01-23T14:38:55Z,118.18,4.42,PASS,TRUE,,/mnt/nurvai-data/04/batch_01/SKILL_016_20260123_143657/SKILL_016_20260123_143657_0.mcap
SKILL_016_20260128_093759,station_01_lab,SKILL_016,Package a sewing set,N_MORA,2026-01-28T09:37:59Z,2026-01-28T09:39:37Z,98.18,4.74,PASS,TRUE,,/mnt/nurvai-data/04/batch_01/SKILL_016_20260128_093759/SKILL_016_20260128_093759_0.mcap
SKILL_016_20260128_094100,station_01_lab,SKILL_016,Package a sewing set,N_MORA,2026-01-28T09:41:00Z,2026-01-28T09:43:27Z,147.68,4.87,PASS,TRUE,,/mnt/nurvai-data/04/batch_01/SKILL_016_20260128_094100/SKILL_016_20260128_094100_0.mcap
SKILL_016_20260128_094410,station_01_lab,SKILL_016,Package a sewing set,N_MORA,2026-01-28T09:44:10Z,2026-01-28T09:45:46Z,96.44,4.89,PASS,TRUE,,/mnt/nurvai-data/04/batch_01/SKILL_016_20260128_094410/SKILL_016_20260128_094410_0.mcap
SKILL_017_20260121_100519,station_01_lab,SKILL_017,Put pasta in ziploc bags,D_VARGAS,2026-01-21T10:05:19Z,2026-01-21T10:08:46Z,207.39,4.87,PASS,TRUE,,/mnt/nurvai-data/04/batch_01/SKILL_017_20260121_100519/SKILL_017_20260121_100519_0.mcap
SKILL_017_20260121_101036,station_01_lab,SKILL_017,Put pasta in ziploc bags,D_VARGAS,2026-01-21T10:10:36Z,2026-01-21T10:14:09Z,213.54,4.86,WARNING_DRIFT,TRUE,,/mnt/nurvai-data/04/batch_01/SKILL_017_20260121_101036/SKILL_017_20260121_101036_0.mcap
SKILL_017_20260122_101410,station_01_lab,SKILL_017,Put pasta in ziploc bags,D_VARGAS,2026-01-22T10:14:10Z,2026-01-22T10:15:25Z,75.48,4.68,PASS,FALSE,TOO_SHORT (75.5s),/mnt/nurvai-data/04/batch_01/SKILL_017_20260122_101410/SKILL_017_20260122_101410_0.mcap
SKILL_017_20260122_100608,station_01_lab,SKILL_017,Put pasta in ziploc bags,D_VARGAS,2026-01-22T10:06:08Z,2026-01-22T10:11:59Z,351.87,5.17,PASS,TRUE,,/mnt/nurvai-data/04/batch_01/SKILL_017_20260122_100608/SKILL_017_20260122_100608_0.mcap
SKILL_017_20260123_091659,station_01_lab,SKILL_017,Put pasta in ziploc bags,D_VARGAS,2026-01-23T09:16:59Z,2026-01-23T09:19:28Z,148.92,4.72,PASS,TRUE,,/mnt/nurvai-data/04/batch_01/SKILL_017_20260123_091659/SKILL_017_20260123_091659_0.mcap
SKILL_017_20260123_091950,station_01_lab,SKILL_017,Put pasta in ziploc bags,D_VARGAS,2026-01-23T09:19:50Z,2026-01-23T09:23:43Z,233.44,4.13,PASS,TRUE,,/mnt/nurvai-data/04/batch_01/SKILL_017_20260123_091950/SKILL_017_20260123_091950_0.mcap
SKILL_017_20260123_145043,station_01_lab,SKILL_017,Put pasta in ziploc bags,E_MARTINEZ,2026-01-23T14:50:43Z,2026-01-23T14:50:45Z,2.44,4.22,PASS,FALSE,TOO_SHORT (2.4s),/mnt/nurvai-data/04/batch_01/SKILL_017_20260123_145043/SKILL_017_20260123_145043_0.mcap
SKILL_017_20260123_144111,station_01_lab,SKILL_017,Put pasta in ziploc bags,E_MARTINEZ,2026-01-23T14:41:11Z,2026-01-23T14:49:18Z,487.32,4.57,PASS,TRUE,,/mnt/nurvai-data/04/batch_01/SKILL_017_20260123_144111/SKILL_017_20260123_144111_0.mcap
SKILL_017_20260124_092958,station_01_lab,SKILL_017,Put pasta in ziploc bags,C_BECERRA,2026-01-24T09:29:58Z,2026-01-24T09:34:54Z,295.99,4.73,PASS,TRUE,,/mnt/nurvai-data/04/batch_01/SKILL_017_20260124_092958/SKILL_017_20260124_092958_0.mcap
SKILL_017_20260124_093654,station_01_lab,SKILL_017,Put pasta in ziploc bags,C_BECERRA,2026-01-24T09:36:54Z,2026-01-24T09:41:50Z,296.10,4.78,PASS,TRUE,,/mnt/nurvai-data/04/batch_01/SKILL_017_20260124_093654/SKILL_017_20260124_093654_0.mcap
SKILL_017_20260126_102156,station_01_lab,SKILL_017,Put pasta in ziploc bags,D_VARGAS,2026-01-26T10:21:56Z,2026-01-26T10:25:40Z,224.46,4.87,PASS,TRUE,,/mnt/nurvai-data/04/batch_01/SKILL_017_20260126_102156/SKILL_017_20260126_102156_0.mcap
SKILL_017_20260128_095058,station_01_lab,SKILL_017,Put pasta in ziploc bags,C_BECERRA,2026-01-28T09:50:58Z,2026-01-28T09:56:23Z,324.29,4.77,PASS,TRUE,,/mnt/nurvai-data/04/batch_01/SKILL_017_20260128_095058/SKILL_017_20260128_095058_0.mcap
SKILL_017_20260128_095733,station_01_lab,SKILL_017,Put pasta in ziploc bags,C_BECERRA,2026-01-28T09:57:33Z,2026-01-28T10:02:37Z,303.89,5.06,PASS,TRUE,,/mnt/nurvai-data/04/batch_01/SKILL_017_20260128_095733/SKILL_017_20260128_095733_0.mcap
SKILL_017_20260128_132601,station_01_lab,SKILL_017,Put pasta in ziploc bags,L_AGUILERA,2026-01-28T13:26:01Z,2026-01-28T13:31:03Z,302.43,5.10,PASS,TRUE,,/mnt/nurvai-data/04/batch_01/SKILL_017_20260128_132601/SKILL_017_20260128_132601_0.mcap
SKILL_018_20260121_101916,station_01_lab,SKILL_018,Close bags with twist ties,D_VARGAS,2026-01-21T10:19:16Z,2026-01-21T10:20:41Z,84.61,4.74,PASS,FALSE,TOO_SHORT (84.6s),/mnt/nurvai-data/04/batch_01/SKILL_018_20260121_101916/SKILL_018_20260121_101916_0.mcap
SKILL_017_20260128_133155,station_01_lab,SKILL_017,Put pasta in ziploc bags,L_AGUILERA,2026-01-28T13:31:55Z,2026-01-28T13:35:53Z,237.43,4.85,PASS,TRUE,,/mnt/nurvai-data/04/batch_01/SKILL_017_20260128_133155/SKILL_017_20260128_133155_0.mcap
SKILL_018_20260121_102124,station_01_lab,SKILL_018,Close bags with twist ties,D_VARGAS,2026-01-21T10:21:24Z,2026-01-21T10:25:40Z,255.34,4.69,PASS,TRUE,,/mnt/nurvai-data/04/batch_01/SKILL_018_20260121_102124/SKILL_018_20260121_102124_0.mcap
SKILL_018_20260121_102623,station_01_lab,SKILL_018,Close bags with twist ties,D_VARGAS,2026-01-21T10:26:23Z,2026-01-21T10:27:30Z,66.44,4.63,PASS,FALSE,TOO_SHORT (66.4s),/mnt/nurvai-data/04/batch_01/SKILL_018_20260121_102623/SKILL_018_20260121_102623_0.mcap
SKILL_018_20260121_102833,station_01_lab,SKILL_018,Close bags with twist ties,D_VARGAS,2026-01-21T10:28:33Z,2026-01-21T10:29:30Z,56.30,4.89,PASS,FALSE,TOO_SHORT (56.3s),/mnt/nurvai-data/04/batch_01/SKILL_018_20260121_102833/SKILL_018_20260121_102833_0.mcap
SKILL_018_20260122_101704,station_01_lab,SKILL_018,Close bags with twist ties,D_VARGAS,2026-01-22T10:17:04Z,2026-01-22T10:22:30Z,325.19,4.68,PASS,TRUE,,/mnt/nurvai-data/04/batch_01/SKILL_018_20260122_101704/SKILL_018_20260122_101704_0.mcap
SKILL_018_20260122_102315,station_01_lab,SKILL_018,Close bags with twist ties,D_VARGAS,2026-01-22T10:23:15Z,2026-01-22T10:27:30Z,255.82,4.56,PASS,TRUE,,/mnt/nurvai-data/04/batch_01/SKILL_018_20260122_102315/SKILL_018_20260122_102315_0.mcap
SKILL_018_20260123_094001,station_01_lab,SKILL_018,Close bags with twist ties,D_VARGAS,2026-01-23T09:40:01Z,2026-01-23T09:43:27Z,206.00,4.64,PASS,TRUE,,/mnt/nurvai-data/04/batch_01/SKILL_018_20260123_094001/SKILL_018_20260123_094001_0.mcap
SKILL_018_20260123_093349,station_01_lab,SKILL_018,Close bags with twist ties,D_VARGAS,2026-01-23T09:33:49Z,2026-01-23T09:37:50Z,240.83,4.85,WARNING_DRIFT,TRUE,,/mnt/nurvai-data/04/batch_01/SKILL_018_20260123_093349/SKILL_018_20260123_093349_0.mcap
SKILL_018_20260123_145054,station_01_lab,SKILL_018,Close bags with twist ties,E_MARTINEZ,2026-01-23T14:50:54Z,2026-01-23T14:55:57Z,302.51,4.43,PASS,TRUE,,/mnt/nurvai-data/04/batch_01/SKILL_018_20260123_145054/SKILL_018_20260123_145054_0.mcap
SKILL_018_20260124_094434,station_01_lab,SKILL_018,Close bags with twist ties,C_BECERRA,2026-01-24T09:44:34Z,2026-01-24T09:47:40Z,185.75,4.83,PASS,TRUE,,/mnt/nurvai-data/04/batch_01/SKILL_018_20260124_094434/SKILL_018_20260124_094434_0.mcap
SKILL_018_20260127_100737,station_01_lab,SKILL_018,Close bags with twist ties,E_MARTINEZ,2026-01-27T10:07:37Z,2026-01-27T10:14:18Z,400.30,4.62,PASS,TRUE,,/mnt/nurvai-data/04/batch_01/SKILL_018_20260127_100737/SKILL_018_20260127_100737_0.mcap
SKILL_018_20260127_101558,station_01_lab,SKILL_018,Close bags with twist ties,E_MARTINEZ,2026-01-27T10:15:58Z,2026-01-27T10:21:29Z,330.59,4.73,WARNING_DRIFT,TRUE,,/mnt/nurvai-data/04/batch_01/SKILL_018_20260127_101558/SKILL_018_20260127_101558_0.mcap
SKILL_018_20260127_103430,station_01_lab,SKILL_018,Close bags with twist ties,E_MARTINEZ,2026-01-27T10:34:30Z,2026-01-27T10:35:59Z,89.55,4.98,WARNING_DRIFT,FALSE,TOO_SHORT (89.6s),/mnt/nurvai-data/04/batch_01/SKILL_018_20260127_103430/SKILL_018_20260127_103430_0.mcap
SKILL_018_20260127_102555,station_01_lab,SKILL_018,Close bags with twist ties,E_MARTINEZ,2026-01-27T10:25:55Z,2026-01-27T10:30:48Z,293.68,4.64,WARNING_DRIFT,TRUE,,/mnt/nurvai-data/04/batch_01/SKILL_018_20260127_102555/SKILL_018_20260127_102555_0.mcap
SKILL_018_20260128_100843,station_01_lab,SKILL_018,Close bags with twist ties,C_BECERRA,2026-01-28T10:08:43Z,2026-01-28T10:14:31Z,347.98,4.58,PASS,TRUE,,/mnt/nurvai-data/04/batch_01/SKILL_018_20260128_100843/SKILL_018_20260128_100843_0.mcap
SKILL_018_20260128_134501,station_01_lab,SKILL_018,Close bags with twist ties,L_AGUILERA,2026-01-28T13:45:01Z,2026-01-28T13:52:22Z,441.12,4.57,PASS,TRUE,,/mnt/nurvai-data/04/batch_01/SKILL_018_20260128_134501/SKILL_018_20260128_134501_0.mcap
SKILL_018_20260128_135341,station_01_lab,SKILL_018,Close bags with twist ties,L_AGUILERA,2026-01-28T13:53:41Z,2026-01-28T13:54:09Z,27.62,5.36,PASS,FALSE,TOO_SHORT (27.6s),/mnt/nurvai-data/04/batch_01/SKILL_018_20260128_135341/SKILL_018_20260128_135341_0.mcap
SKILL_019_20260121_103133,station_01_lab,SKILL_019,Put pasta in plastic containers,D_VARGAS,2026-01-21T10:31:33Z,2026-01-21T10:36:27Z,293.91,4.81,PASS,TRUE,,/mnt/nurvai-data/04/batch_01/SKILL_019_20260121_103133/SKILL_019_20260121_103133_0.mcap
SKILL_019_20260121_103705,station_01_lab,SKILL_019,Put pasta in plastic containers,D_VARGAS,2026-01-21T10:37:05Z,2026-01-21T10:40:34Z,208.23,4.75,PASS,TRUE,,/mnt/nurvai-data/04/batch_01/SKILL_019_20260121_103705/SKILL_019_20260121_103705_0.mcap
SKILL_019_20260122_102945,station_01_lab,SKILL_019,Put pasta in plastic containers,D_VARGAS,2026-01-22T10:29:45Z,2026-01-22T10:33:42Z,237.03,4.66,PASS,TRUE,,/mnt/nurvai-data/04/batch_01/SKILL_019_20260122_102945/SKILL_019_20260122_102945_0.mcap
SKILL_019_20260122_103452,station_01_lab,SKILL_019,Put pasta in plastic containers,D_VARGAS,2026-01-22T10:34:52Z,2026-01-22T10:38:48Z,236.50,4.83,WARNING_DRIFT,TRUE,,/mnt/nurvai-data/04/batch_01/SKILL_019_20260122_103452/SKILL_019_20260122_103452_0.mcap
SKILL_019_20260122_133528,station_01_lab,SKILL_019,Put pasta in plastic containers,D_VARGAS,2026-01-22T13:35:28Z,2026-01-22T13:35:31Z,3.14,3.99,PASS,FALSE,TOO_SHORT (3.1s),/mnt/nurvai-data/04/batch_01/SKILL_019_20260122_133528/SKILL_019_20260122_133528_0.mcap
SKILL_019_20260122_133544,station_01_lab,SKILL_019,Put pasta in plastic containers,D_VARGAS,2026-01-22T13:35:44Z,2026-01-22T13:37:05Z,80.45,4.78,PASS,FALSE,TOO_SHORT (80.5s),/mnt/nurvai-data/04/batch_01/SKILL_019_20260122_133544/SKILL_019_20260122_133544_0.mcap
SKILL_019_20260123_094624,station_01_lab,SKILL_019,Put pasta in plastic containers,D_VARGAS,2026-01-23T09:46:24Z,2026-01-23T09:50:54Z,269.73,4.76,PASS,TRUE,,/mnt/nurvai-data/04/batch_01/SKILL_019_20260123_094624/SKILL_019_20260123_094624_0.mcap
SKILL_019_20260123_095317,station_01_lab,SKILL_019,Put pasta in plastic containers,D_VARGAS,2026-01-23T09:53:17Z,2026-01-23T09:56:51Z,213.76,4.54,PASS,TRUE,,/mnt/nurvai-data/04/batch_01/SKILL_019_20260123_095317/SKILL_019_20260123_095317_0.mcap
SKILL_019_20260124_095152,station_01_lab,SKILL_019,Put pasta in plastic containers,E_MARTINEZ,2026-01-24T09:51:52Z,2026-01-24T09:52:59Z,66.66,4.56,PASS,FALSE,TOO_SHORT (66.7s),/mnt/nurvai-data/04/batch_01/SKILL_019_20260124_095152/SKILL_019_20260124_095152_0.mcap
SKILL_019_20260124_100033,station_01_lab,SKILL_019,Put pasta in plastic containers,E_MARTINEZ,2026-01-24T10:00:33Z,2026-01-24T10:02:32Z,119.72,4.85,PASS,TRUE,,/mnt/nurvai-data/04/batch_01/SKILL_019_20260124_100033/SKILL_019_20260124_100033_0.mcap
SKILL_019_20260124_095418,station_01_lab,SKILL_019,Put pasta in plastic containers,E_MARTINEZ,2026-01-24T09:54:18Z,2026-01-24T09:56:35Z,136.51,4.57,PASS,TRUE,,/mnt/nurvai-data/04/batch_01/SKILL_019_20260124_095418/SKILL_019_20260124_095418_0.mcap
SKILL_019_20260127_104147,station_01_lab,SKILL_019,Put pasta in plastic containers,E_MARTINEZ,2026-01-27T10:41:47Z,2026-01-27T10:45:13Z,206.09,4.52,PASS,TRUE,,/mnt/nurvai-data/04/batch_01/SKILL_019_20260127_104147/SKILL_019_20260127_104147_0.mcap
SKILL_019_20260128_102203,station_01_lab,SKILL_019,Put pasta in plastic containers,C_BECERRA,2026-01-28T10:22:03Z,2026-01-28T10:25:45Z,221.86,4.86,PASS,TRUE,,/mnt/nurvai-data/04/batch_01/SKILL_019_20260128_102203/SKILL_019_20260128_102203_0.mcap
SKILL_019_20260128_101727,station_01_lab,SKILL_019,Put pasta in plastic containers,C_BECERRA,2026-01-28T10:17:27Z,2026-01-28T10:21:05Z,217.36,4.95,PASS,TRUE,,/mnt/nurvai-data/04/batch_01/SKILL_019_20260128_101727/SKILL_019_20260128_101727_0.mcap
SKILL_019_20260128_131918,station_01_lab,SKILL_019,Put pasta in plastic containers,L_AGUILERA,2026-01-28T13:19:18Z,2026-01-28T13:22:33Z,195.71,5.12,PASS,TRUE,,/mnt/nurvai-data/04/batch_01/SKILL_019_20260128_131918/SKILL_019_20260128_131918_0.mcap
SKILL_019_20260128_131430,station_01_lab,SKILL_019,Put pasta in plastic containers,L_AGUILERA,2026-01-28T13:14:30Z,2026-01-28T13:18:20Z,230.25,5.01,PASS,TRUE,,/mnt/nurvai-data/04/batch_01/SKILL_019_20260128_131430/SKILL_019_20260128_131430_0.mcap
SKILL_020_20260121_105212,station_01_lab,SKILL_020,Open locks with their keys,D_VARGAS,2026-01-21T10:52:12Z,2026-01-21T10:52:27Z,15.73,4.97,PASS,FALSE,TOO_SHORT (15.7s),/mnt/nurvai-data/04/batch_01/SKILL_020_20260121_105212/SKILL_020_20260121_105212_0.mcap
SKILL_020_20260121_104326,station_01_lab,SKILL_020,Open locks with their keys,D_VARGAS,2026-01-21T10:43:26Z,2026-01-21T10:50:41Z,435.15,4.96,WARNING_DRIFT,TRUE,,/mnt/nurvai-data/04/batch_01/SKILL_020_20260121_104326/SKILL_020_20260121_104326_0.mcap
SKILL_020_20260122_104051,station_01_lab,SKILL_020,Open locks with their keys,D_VARGAS,2026-01-22T10:40:51Z,2026-01-22T10:43:18Z,147.05,4.59,PASS,TRUE,,/mnt/nurvai-data/04/batch_01/SKILL_020_20260122_104051/SKILL_020_20260122_104051_0.mcap
SKILL_020_20260122_134519,station_01_lab,SKILL_020,Open locks with their keys,D_VARGAS,2026-01-22T13:45:19Z,2026-01-22T13:47:48Z,149.29,3.22,PASS,TRUE,,/mnt/nurvai-data/04/batch_01/SKILL_020_20260122_134519/SKILL_020_20260122_134519_0.mcap
SKILL_020_20260122_134031,station_01_lab,SKILL_020,Open locks with their keys,D_VARGAS,2026-01-22T13:40:31Z,2026-01-22T13:44:13Z,221.76,4.39,PASS,TRUE,,/mnt/nurvai-data/04/batch_01/SKILL_020_20260122_134031/SKILL_020_20260122_134031_0.mcap
SKILL_020_20260123_095926,station_01_lab,SKILL_020,Open locks with their keys,D_VARGAS,2026-01-23T09:59:26Z,2026-01-23T10:02:14Z,167.53,4.53,PASS,TRUE,,/mnt/nurvai-data/04/batch_01/SKILL_020_20260123_095926/SKILL_020_20260123_095926_0.mcap
SKILL_020_20260123_100519,station_01_lab,SKILL_020,Open locks with their keys,D_VARGAS,2026-01-23T10:05:19Z,2026-01-23T10:07:41Z,142.75,4.43,PASS,TRUE,,/mnt/nurvai-data/04/batch_01/SKILL_020_20260123_100519/SKILL_020_20260123_100519_0.mcap
SKILL_020_20260124_100400,station_01_lab,SKILL_020,Open locks with their keys,E_MARTINEZ,2026-01-24T10:04:00Z,2026-01-24T10:04:01Z,0.51,4.11,PASS,FALSE,TOO_SHORT (0.5s),/mnt/nurvai-data/04/batch_01/SKILL_020_20260124_100400/SKILL_020_20260124_100400_0.mcap
SKILL_020_20260124_100647,station_01_lab,SKILL_020,Open locks with their keys,E_MARTINEZ,2026-01-24T10:06:47Z,2026-01-24T10:08:37Z,110.25,4.63,WARNING_DRIFT,TRUE,,/mnt/nurvai-data/04/batch_01/SKILL_020_20260124_100647/SKILL_020_20260124_100647_0.mcap
SKILL_020_20260123_100909,station_01_lab,SKILL_020,Open locks with their keys,D_VARGAS,2026-01-23T10:09:09Z,2026-01-23T10:10:25Z,75.45,4.30,WARNING_DRIFT,FALSE,TOO_SHORT (75.5s),/mnt/nurvai-data/04/batch_01/SKILL_020_20260123_100909/SKILL_020_20260123_100909_0.mcap
SKILL_020_20260126_122620,station_01_lab,SKILL_020,Open locks with their keys,C_BECERRA,2026-01-26T12:26:20Z,2026-01-26T12:26:21Z,1.62,4.36,PASS,FALSE,TOO_SHORT (1.6s),/mnt/nurvai-data/04/batch_01/SKILL_020_20260126_122620/SKILL_020_20260126_122620_0.mcap
SKILL_020_20260126_122459,station_01_lab,SKILL_020,Open locks with their keys,C_BECERRA,2026-01-26T12:24:59Z,2026-01-26T12:26:19Z,79.93,4.54,PASS,FALSE,TOO_SHORT (79.9s),/mnt/nurvai-data/04/batch_01/SKILL_020_20260126_122459/SKILL_020_20260126_122459_0.mcap
SKILL_020_20260126_122734,station_01_lab,SKILL_020,Open locks with their keys,C_BECERRA,2026-01-26T12:27:34Z,2026-01-26T12:29:14Z,100.19,4.66,PASS,TRUE,,/mnt/nurvai-data/04/batch_01/SKILL_020_20260126_122734/SKILL_020_20260126_122734_0.mcap
SKILL_020_20260127_105457,station_01_lab,SKILL_020,Open locks with their keys,E_MARTINEZ,2026-01-27T10:54:57Z,2026-01-27T10:57:30Z,153.32,4.74,PASS,TRUE,,/mnt/nurvai-data/04/batch_01/SKILL_020_20260127_105457/SKILL_020_20260127_105457_0.mcap
SKILL_020_20260127_105823,station_01_lab,SKILL_020,Open locks with their keys,E_MARTINEZ,2026-01-27T10:58:23Z,2026-01-27T11:00:46Z,142.93,5.03,WARNING_DRIFT,TRUE,,/mnt/nurvai-data/04/batch_01/SKILL_020_20260127_105823/SKILL_020_20260127_105823_0.mcap
SKILL_020_20260128_103029,station_01_lab,SKILL_020,Open locks with their keys,C_BECERRA,2026-01-28T10:30:29Z,2026-01-28T10:30:39Z,10.72,5.60,PASS,FALSE,TOO_SHORT (10.7s),/mnt/nurvai-data/04/batch_01/SKILL_020_20260128_103029/SKILL_020_20260128_103029_0.mcap
SKILL_020_20260128_103215,station_01_lab,SKILL_020,Open locks with their keys,C_BECERRA,2026-01-28T10:32:15Z,2026-01-28T10:32:37Z,22.36,4.25,PASS,FALSE,TOO_SHORT (22.4s),/mnt/nurvai-data/04/batch_01/SKILL_020_20260128_103215/SKILL_020_20260128_103215_0.mcap
SKILL_020_20260128_103728,station_01_lab,SKILL_020,Open locks with their keys,C_BECERRA,2026-01-28T10:37:28Z,2026-01-28T10:39:32Z,124.22,4.61,PASS,TRUE,,/mnt/nurvai-data/04/batch_01/SKILL_020_20260128_103728/SKILL_020_20260128_103728_0.mcap
SKILL_020_20260128_104102,station_01_lab,SKILL_020,Open locks with their keys,C_BECERRA,2026-01-28T10:41:02Z,2026-01-28T10:42:26Z,83.09,4.64,PASS,FALSE,TOO_SHORT (83.1s),/mnt/nurvai-data/04/batch_01/SKILL_020_20260128_104102/SKILL_020_20260128_104102_0.mcap
SKILL_021_20260121_111442,station_01_lab,SKILL_021,Build Up Box (Mailer),D_VARGAS,2026-01-21T11:14:42Z,2026-01-21T11:17:02Z,140.74,4.44,PASS,TRUE,,/mnt/nurvai-data/04/batch_01/SKILL_021_20260121_111442/SKILL_021_20260121_111442_0.mcap
SKILL_021_20260121_111934,station_01_lab,SKILL_021,Build Up Box (Mailer),D_VARGAS,2026-01-21T11:19:34Z,2026-01-21T11:19:38Z,3.50,4.34,PASS,FALSE,TOO_SHORT (3.5s),/mnt/nurvai-data/04/batch_01/SKILL_021_20260121_111934/SKILL_021_20260121_111934_0.mcap
SKILL_021_20260122_105150,station_01_lab,SKILL_021,Build Up Box (Mailer),D_VARGAS,2026-01-22T10:51:50Z,2026-01-22T10:53:18Z,87.50,4.45,PASS,FALSE,TOO_SHORT (87.5s),/mnt/nurvai-data/04/batch_01/SKILL_021_20260122_105150/SKILL_021_20260122_105150_0.mcap
SKILL_021_20260121_112413,station_01_lab,SKILL_021,Build Up Box (Mailer),D_VARGAS,2026-01-21T11:24:13Z,2026-01-21T11:27:20Z,187.22,4.65,PASS,TRUE,,/mnt/nurvai-data/04/batch_01/SKILL_021_20260121_112413/SKILL_021_20260121_112413_0.mcap
SKILL_021_20260123_102452,station_01_lab,SKILL_021,Build Up Box (Mailer),D_VARGAS,2026-01-23T10:24:52Z,2026-01-23T10:27:47Z,174.89,4.36,PASS,TRUE,,/mnt/nurvai-data/04/batch_01/SKILL_021_20260123_102452/SKILL_021_20260123_102452_0.mcap
SKILL_021_20260122_105615,station_01_lab,SKILL_021,Build Up Box (Mailer),D_VARGAS,2026-01-22T10:56:15Z,2026-01-22T11:03:45Z,450.12,4.48,PASS,TRUE,,/mnt/nurvai-data/04/batch_01/SKILL_021_20260122_105615/SKILL_021_20260122_105615_0.mcap
SKILL_021_20260123_102839,station_01_lab,SKILL_021,Build Up Box (Mailer),D_VARGAS,2026-01-23T10:28:39Z,2026-01-23T10:32:46Z,247.51,4.37,PASS,TRUE,,/mnt/nurvai-data/04/batch_01/SKILL_021_20260123_102839/SKILL_021_20260123_102839_0.mcap
SKILL_021_20260123_103316,station_01_lab,SKILL_021,Build Up Box (Mailer),D_VARGAS,2026-01-23T10:33:16Z,2026-01-23T10:34:53Z,96.74,4.56,PASS,TRUE,,/mnt/nurvai-data/04/batch_01/SKILL_021_20260123_103316/SKILL_021_20260123_103316_0.mcap
SKILL_021_20260124_101441,station_01_lab,SKILL_021,Build Up Box (Mailer),E_MARTINEZ,2026-01-24T10:14:41Z,2026-01-24T10:14:47Z,5.61,4.15,PASS,FALSE,TOO_SHORT (5.6s),/mnt/nurvai-data/04/batch_01/SKILL_021_20260124_101441/SKILL_021_20260124_101441_0.mcap
SKILL_021_20260124_101644,station_01_lab,SKILL_021,Build Up Box (Mailer),E_MARTINEZ,2026-01-24T10:16:44Z,2026-01-24T10:17:35Z,50.42,5.25,WARNING_DRIFT,FALSE,TOO_SHORT (50.4s),/mnt/nurvai-data/04/batch_01/SKILL_021_20260124_101644/SKILL_021_20260124_101644_0.mcap
SKILL_021_20260124_101738,station_01_lab,SKILL_021,Build Up Box (Mailer),E_MARTINEZ,2026-01-24T10:17:38Z,2026-01-24T10:17:40Z,1.51,4.77,PASS,FALSE,TOO_SHORT (1.5s),/mnt/nurvai-data/04/batch_01/SKILL_021_20260124_101738/SKILL_021_20260124_101738_0.mcap
SKILL_021_20260124_101741,station_01_lab,SKILL_021,Build Up Box (Mailer),E_MARTINEZ,2026-01-24T10:17:41Z,2026-01-24T10:17:47Z,5.09,4.44,PASS,FALSE,TOO_SHORT (5.1s),/mnt/nurvai-data/04/batch_01/SKILL_021_20260124_101741/SKILL_021_20260124_101741_0.mcap
SKILL_021_20260126_124235,station_01_lab,SKILL_021,Build Up Box (Mailer),C_BECERRA,2026-01-26T12:42:35Z,2026-01-26T12:46:21Z,225.62,4.50,PASS,TRUE,,/mnt/nurvai-data/04/batch_01/SKILL_021_20260126_124235/SKILL_021_20260126_124235_0.mcap
SKILL_021_20260127_110253,station_01_lab,SKILL_021,Build Up Box (Mailer),E_MARTINEZ,2026-01-27T11:02:53Z,2026-01-27T11:05:24Z,151.52,4.51,PASS,TRUE,,/mnt/nurvai-data/04/batch_01/SKILL_021_20260127_110253/SKILL_021_20260127_110253_0.mcap
SKILL_021_20260127_110208,station_01_lab,SKILL_021,Build Up Box (Mailer),E_MARTINEZ,2026-01-27T11:02:08Z,2026-01-27T11:02:35Z,27.71,4.80,WARNING_DRIFT,FALSE,TOO_SHORT (27.7s),/mnt/nurvai-data/04/batch_01/SKILL_021_20260127_110208/SKILL_021_20260127_110208_0.mcap
SKILL_021_20260128_104603,station_01_lab,SKILL_021,Build Up Box (Mailer),N_MORA,2026-01-28T10:46:03Z,2026-01-28T10:50:02Z,239.00,4.49,PASS,TRUE,,/mnt/nurvai-data/04/batch_01/SKILL_021_20260128_104603/SKILL_021_20260128_104603_0.mcap
SKILL_021_20260128_110035,station_01_lab,SKILL_021,Build Up Box (Mailer),N_MORA,2026-01-28T11:00:35Z,2026-01-28T11:03:18Z,163.41,4.37,PASS,TRUE,,/mnt/nurvai-data/04/batch_01/SKILL_021_20260128_110035/SKILL_021_20260128_110035_0.mcap
SKILL_021_20260128_140102,station_01_lab,SKILL_021,Build Up Box (Mailer),L_AGUILERA,2026-01-28T14:01:02Z,2026-01-28T14:02:58Z,116.17,4.65,PASS,TRUE,,/mnt/nurvai-data/04/batch_01/SKILL_021_20260128_140102/SKILL_021_20260128_140102_0.mcap
SKILL_021_20260128_135631,station_01_lab,SKILL_021,Build Up Box (Mailer),L_AGUILERA,2026-01-28T13:56:31Z,2026-01-28T13:59:24Z,173.28,4.64,PASS,TRUE,,/mnt/nurvai-data/04/batch_01/SKILL_021_20260128_135631/SKILL_021_20260128_135631_0.mcap
SKILL_022_20260121_124302,station_01_lab,SKILL_022,Build Up Box (Regular ECT),D_VARGAS,2026-01-21T12:43:02Z,2026-01-21T12:44:10Z,67.79,4.44,PASS,FALSE,TOO_SHORT (67.8s),/mnt/nurvai-data/04/batch_01/SKILL_022_20260121_124302/SKILL_022_20260121_124302_0.mcap
SKILL_021_20260128_140441,station_01_lab,SKILL_021,Build Up Box (Mailer),L_AGUILERA,2026-01-28T14:04:41Z,2026-01-28T14:05:53Z,72.41,4.43,PASS,FALSE,TOO_SHORT (72.4s),/mnt/nurvai-data/04/batch_01/SKILL_021_20260128_140441/SKILL_021_20260128_140441_0.mcap
SKILL_022_20260122_110703,station_01_lab,SKILL_022,Build Up Box (Regular ECT),D_VARGAS,2026-01-22T11:07:03Z,2026-01-22T11:07:38Z,35.45,4.21,WARNING_DRIFT,FALSE,TOO_SHORT (35.5s),/mnt/nurvai-data/04/batch_01/SKILL_022_20260122_110703/SKILL_022_20260122_110703_0.mcap
SKILL_022_20260122_111210,station_01_lab,SKILL_022,Build Up Box (Regular ECT),D_VARGAS,2026-01-22T11:12:10Z,2026-01-22T11:13:45Z,94.72,4.24,PASS,TRUE,,/mnt/nurvai-data/04/batch_01/SKILL_022_20260122_111210/SKILL_022_20260122_111210_0.mcap
SKILL_022_20260122_111021,station_01_lab,SKILL_022,Build Up Box (Regular ECT),D_VARGAS,2026-01-22T11:10:21Z,2026-01-22T11:11:41Z,80.40,4.41,PASS,FALSE,TOO_SHORT (80.4s),/mnt/nurvai-data/04/batch_01/SKILL_022_20260122_111021/SKILL_022_20260122_111021_0.mcap
SKILL_022_20260122_111616,station_01_lab,SKILL_022,Build Up Box (Regular ECT),D_VARGAS,2026-01-22T11:16:16Z,2026-01-22T11:17:42Z,85.72,4.31,PASS,FALSE,TOO_SHORT (85.7s),/mnt/nurvai-data/04/batch_01/SKILL_022_20260122_111616/SKILL_022_20260122_111616_0.mcap
SKILL_022_20260122_111413,station_01_lab,SKILL_022,Build Up Box (Regular ECT),D_VARGAS,2026-01-22T11:14:13Z,2026-01-22T11:15:50Z,96.72,4.17,PASS,TRUE,,/mnt/nurvai-data/04/batch_01/SKILL_022_20260122_111413/SKILL_022_20260122_111413_0.mcap
SKILL_022_20260122_111833,station_01_lab,SKILL_022,Build Up Box (Regular ECT),D_VARGAS,2026-01-22T11:18:33Z,2026-01-22T11:19:48Z,74.73,4.25,PASS,FALSE,TOO_SHORT (74.7s),/mnt/nurvai-data/04/batch_01/SKILL_022_20260122_111833/SKILL_022_20260122_111833_0.mcap
SKILL_022_20260123_103624,station_01_lab,SKILL_022,Build Up Box (Regular ECT),D_VARGAS,2026-01-23T10:36:24Z,2026-01-23T10:37:44Z,80.49,4.25,PASS,FALSE,TOO_SHORT (80.5s),/mnt/nurvai-data/04/batch_01/SKILL_022_20260123_103624/SKILL_022_20260123_103624_0.mcap
SKILL_022_20260123_103814,station_01_lab,SKILL_022,Build Up Box (Regular ECT),D_VARGAS,2026-01-23T10:38:14Z,2026-01-23T10:39:17Z,62.85,4.35,PASS,FALSE,TOO_SHORT (62.8s),/mnt/nurvai-data/04/batch_01/SKILL_022_20260123_103814/SKILL_022_20260123_103814_0.mcap
SKILL_022_20260123_104331,station_01_lab,SKILL_022,Build Up Box (Regular ECT),D_VARGAS,2026-01-23T10:43:31Z,2026-01-23T10:45:14Z,103.07,4.35,PASS,TRUE,,/mnt/nurvai-data/04/batch_01/SKILL_022_20260123_104331/SKILL_022_20260123_104331_0.mcap
SKILL_022_20260123_103958,station_01_lab,SKILL_022,Build Up Box (Regular ECT),D_VARGAS,2026-01-23T10:39:58Z,2026-01-23T10:43:04Z,185.38,4.75,PASS,TRUE,,/mnt/nurvai-data/04/batch_01/SKILL_022_20260123_103958/SKILL_022_20260123_103958_0.mcap
SKILL_022_20260123_104603,station_01_lab,SKILL_022,Build Up Box (Regular ECT),D_VARGAS,2026-01-23T10:46:03Z,2026-01-23T10:47:24Z,80.62,4.33,PASS,FALSE,TOO_SHORT (80.6s),/mnt/nurvai-data/04/batch_01/SKILL_022_20260123_104603/SKILL_022_20260123_104603_0.mcap
SKILL_022_20260124_102636,station_01_lab,SKILL_022,Build Up Box (Regular ECT),E_MARTINEZ,2026-01-24T10:26:36Z,2026-01-24T10:27:45Z,68.48,4.74,WARNING_DRIFT,FALSE,TOO_SHORT (68.5s),/mnt/nurvai-data/04/batch_01/SKILL_022_20260124_102636/SKILL_022_20260124_102636_0.mcap
SKILL_023_20260121_130941,station_01_lab,SKILL_023,Built up box (Present),D_VARGAS,2026-01-21T13:09:41Z,2026-01-21T13:12:16Z,155.57,4.54,PASS,TRUE,,/mnt/nurvai-data/04/batch_01/SKILL_023_20260121_130941/SKILL_023_20260121_130941_0.mcap
SKILL_023_20260121_130603,station_01_lab,SKILL_023,Built up box (Present),D_VARGAS,2026-01-21T13:06:03Z,2026-01-21T13:08:51Z,167.96,4.50,PASS,TRUE,,/mnt/nurvai-data/04/batch_01/SKILL_023_20260121_130603/SKILL_023_20260121_130603_0.mcap
SKILL_023_20260121_131317,station_01_lab,SKILL_023,Built up box (Present),D_VARGAS,2026-01-21T13:13:17Z,2026-01-21T13:14:49Z,92.07,4.65,PASS,TRUE,,/mnt/nurvai-data/04/batch_01/SKILL_023_20260121_131317/SKILL_023_20260121_131317_0.mcap
SKILL_023_20260122_070656,station_01_lab,SKILL_023,Built up box (Present),D_VARGAS,2026-01-22T07:06:56Z,2026-01-22T07:07:02Z,5.83,3.03,PASS,FALSE,TOO_SHORT (5.8s),/mnt/nurvai-data/04/batch_01/SKILL_023_20260122_070656/SKILL_023_20260122_070656_0.mcap
SKILL_023_20260122_070910,station_01_lab,SKILL_023,Built up box (Present),D_VARGAS,2026-01-22T07:09:10Z,2026-01-22T07:09:34Z,24.50,4.35,PASS,FALSE,TOO_SHORT (24.5s),/mnt/nurvai-data/04/batch_01/SKILL_023_20260122_070910/SKILL_023_20260122_070910_0.mcap
SKILL_023_20260122_071832,station_01_lab,SKILL_023,Built up box (Present),D_VARGAS,2026-01-22T07:18:32Z,2026-01-22T07:21:05Z,153.01,4.53,PASS,TRUE,,/mnt/nurvai-data/04/batch_01/SKILL_023_20260122_071832/SKILL_023_20260122_071832_0.mcap
SKILL_023_20260122_071411,station_01_lab,SKILL_023,Built up box (Present),D_VARGAS,2026-01-22T07:14:11Z,2026-01-22T07:17:16Z,184.65,4.42,PASS,TRUE,,/mnt/nurvai-data/04/batch_01/SKILL_023_20260122_071411/SKILL_023_20260122_071411_0.mcap
SKILL_023_20260122_120520,station_01_lab,SKILL_023,Built up box (Present),D_VARGAS,2026-01-22T12:05:20Z,2026-01-22T12:07:32Z,131.73,4.71,PASS,TRUE,,/mnt/nurvai-data/04/batch_01/SKILL_023_20260122_120520/SKILL_023_20260122_120520_0.mcap
SKILL_023_20260122_072228,station_01_lab,SKILL_023,Built up box (Present),D_VARGAS,2026-01-22T07:22:28Z,2026-01-22T07:24:47Z,139.38,4.50,PASS,TRUE,,/mnt/nurvai-data/04/batch_01/SKILL_023_20260122_072228/SKILL_023_20260122_072228_0.mcap
SKILL_023_20260122_120828,station_01_lab,SKILL_023,Built up box (Present),D_VARGAS,2026-01-22T12:08:28Z,2026-01-22T12:11:18Z,170.03,4.59,PASS,TRUE,,/mnt/nurvai-data/04/batch_01/SKILL_023_20260122_120828/SKILL_023_20260122_120828_0.mcap
SKILL_023_20260122_121231,station_01_lab,SKILL_023,Built up box (Present),D_VARGAS,2026-01-22T12:12:31Z,2026-01-22T12:15:08Z,157.35,4.69,PASS,TRUE,,/mnt/nurvai-data/04/batch_01/SKILL_023_20260122_121231/SKILL_023_20260122_121231_0.mcap
SKILL_023_20260123_104918,station_01_lab,SKILL_023,Built up box (Present),D_VARGAS,2026-01-23T10:49:18Z,2026-01-23T10:52:05Z,167.67,4.82,PASS,TRUE,,/mnt/nurvai-data/04/batch_01/SKILL_023_20260123_104918/SKILL_023_20260123_104918_0.mcap
SKILL_023_20260123_105316,station_01_lab,SKILL_023,Built up box (Present),D_VARGAS,2026-01-23T10:53:16Z,2026-01-23T10:56:16Z,180.10,4.64,PASS,TRUE,,/mnt/nurvai-data/04/batch_01/SKILL_023_20260123_105316/SKILL_023_20260123_105316_0.mcap
SKILL_023_20260123_105741,station_01_lab,SKILL_023,Built up box (Present),D_VARGAS,2026-01-23T10:57:41Z,2026-01-23T11:00:42Z,180.57,4.63,PASS,TRUE,,/mnt/nurvai-data/04/batch_01/SKILL_023_20260123_105741/SKILL_023_20260123_105741_0.mcap
SKILL_023_20260124_103511,station_01_lab,SKILL_023,Built up box (Present),N_MORA,2026-01-24T10:35:11Z,2026-01-24T10:36:40Z,88.41,4.56,PASS,FALSE,TOO_SHORT (88.4s),/mnt/nurvai-data/04/batch_01/SKILL_023_20260124_103511/SKILL_023_20260124_103511_0.mcap
SKILL_023_20260128_141333,station_01_lab,SKILL_023,Built up box (Present),N_MORA,2026-01-28T14:13:33Z,2026-01-28T14:15:39Z,126.07,4.71,PASS,TRUE,,/mnt/nurvai-data/04/batch_01/SKILL_023_20260128_141333/SKILL_023_20260128_141333_0.mcap
SKILL_023_20260128_141605,station_01_lab,SKILL_023,Built up box (Present),N_MORA,2026-01-28T14:16:05Z,2026-01-28T14:17:39Z,93.70,4.74,PASS,TRUE,,/mnt/nurvai-data/04/batch_01/SKILL_023_20260128_141605/SKILL_023_20260128_141605_0.mcap
SKILL_023_20260128_142202,station_01_lab,SKILL_023,Built up box (Present),N_MORA,2026-01-28T14:22:02Z,2026-01-28T14:24:02Z,119.34,4.80,PASS,TRUE,,/mnt/nurvai-data/04/batch_01/SKILL_023_20260128_142202/SKILL_023_20260128_142202_0.mcap
SKILL_024_20260121_131736,station_01_lab,SKILL_024,Put hooks on shower courtain,D_VARGAS,2026-01-21T13:17:36Z,2026-01-21T13:21:09Z,213.24,4.76,PASS,TRUE,,/mnt/nurvai-data/04/batch_01/SKILL_024_20260121_131736/SKILL_024_20260121_131736_0.mcap
SKILL_024_20260121_132904,station_01_lab,SKILL_024,Put hooks on shower courtain,D_VARGAS,2026-01-21T13:29:04Z,2026-01-21T13:29:36Z,31.90,5.08,PASS,FALSE,TOO_SHORT (31.9s),/mnt/nurvai-data/04/batch_01/SKILL_024_20260121_132904/SKILL_024_20260121_132904_0.mcap
SKILL_024_20260121_132216,station_01_lab,SKILL_024,Put hooks on shower courtain,D_VARGAS,2026-01-21T13:22:16Z,2026-01-21T13:25:43Z,206.74,4.69,PASS,TRUE,,/mnt/nurvai-data/04/batch_01/SKILL_024_20260121_132216/SKILL_024_20260121_132216_0.mcap
SKILL_024_20260122_122405,station_01_lab,SKILL_024,Put hooks on shower courtain,D_VARGAS,2026-01-22T12:24:05Z,2026-01-22T12:27:42Z,216.94,4.87,PASS,TRUE,,/mnt/nurvai-data/04/batch_01/SKILL_024_20260122_122405/SKILL_024_20260122_122405_0.mcap
SKILL_024_20260122_121855,station_01_lab,SKILL_024,Put hooks on shower courtain,D_VARGAS,2026-01-22T12:18:55Z,2026-01-22T12:22:18Z,202.88,4.82,PASS,TRUE,,/mnt/nurvai-data/04/batch_01/SKILL_024_20260122_121855/SKILL_024_20260122_121855_0.mcap
SKILL_024_20260123_110407,station_01_lab,SKILL_024,Put hooks on shower courtain,D_VARGAS,2026-01-23T11:04:07Z,2026-01-23T11:08:00Z,232.94,4.53,PASS,TRUE,,/mnt/nurvai-data/04/batch_01/SKILL_024_20260123_110407/SKILL_024_20260123_110407_0.mcap
SKILL_024_20260123_110959,station_01_lab,SKILL_024,Put hooks on shower courtain,D_VARGAS,2026-01-23T11:09:59Z,2026-01-23T11:12:06Z,127.39,4.62,PASS,TRUE,,/mnt/nurvai-data/04/batch_01/SKILL_024_20260123_110959/SKILL_024_20260123_110959_0.mcap
SKILL_024_20260123_111504,station_01_lab,SKILL_024,Put hooks on shower courtain,D_VARGAS,2026-01-23T11:15:04Z,2026-01-23T11:20:10Z,306.53,5.61,PASS,TRUE,,/mnt/nurvai-data/04/batch_01/SKILL_024_20260123_111504/SKILL_024_20260123_111504_0.mcap
SKILL_024_20260126_124808,station_01_lab,SKILL_024,Put hooks on shower courtain,C_BECERRA,2026-01-26T12:48:08Z,2026-01-26T12:52:29Z,261.83,4.73,PASS,TRUE,,/mnt/nurvai-data/04/batch_01/SKILL_024_20260126_124808/SKILL_024_20260126_124808_0.mcap
SKILL_024_20260126_125340,station_01_lab,SKILL_024,Put hooks on shower courtain,C_BECERRA,2026-01-26T12:53:40Z,2026-01-26T12:56:29Z,169.12,4.67,PASS,TRUE,,/mnt/nurvai-data/04/batch_01/SKILL_024_20260126_125340/SKILL_024_20260126_125340_0.mcap
SKILL_024_20260128_111139,station_01_lab,SKILL_024,Put hooks on shower courtain,N_MORA,2026-01-28T11:11:39Z,2026-01-28T11:14:30Z,171.03,4.74,PASS,TRUE,,/mnt/nurvai-data/04/batch_01/SKILL_024_20260128_111139/SKILL_024_20260128_111139_0.mcap
SKILL_024_20260128_110731,station_01_lab,SKILL_024,Put hooks on shower courtain,N_MORA,2026-01-28T11:07:31Z,2026-01-28T11:09:49Z,137.80,4.77,PASS,TRUE,,/mnt/nurvai-data/04/batch_01/SKILL_024_20260128_110731/SKILL_024_20260128_110731_0.mcap
SKILL_024_20260128_143015,station_01_lab,SKILL_024,Put hooks on shower courtain,N_MORA,2026-01-28T14:30:15Z,2026-01-28T14:32:44Z,148.77,4.52,PASS,TRUE,,/mnt/nurvai-data/04/batch_01/SKILL_024_20260128_143015/SKILL_024_20260128_143015_0.mcap
SKILL_024_20260128_143603,station_01_lab,SKILL_024,Put hooks on shower courtain,N_MORA,2026-01-28T14:36:03Z,2026-01-28T14:38:13Z,130.37,4.53,PASS,TRUE,,/mnt/nurvai-data/04/batch_01/SKILL_024_20260128_143603/SKILL_024_20260128_143603_0.mcap
SKILL_001_20260131_104336,station_01_lab,SKILL_001,Organize beads per color,E_MARTINEZ,2026-01-31T10:43:36Z,2026-01-31T10:52:12Z,515.31,36.55,PASS,TRUE,,/mnt/nurvai-data/04/batch_02/SKILL_001_20260131_104336/SKILL_001_20260131_104336_0.mcap
SKILL_001_20260202_071250,station_01_lab,SKILL_001,Organize beads per color,N_MORA,2026-02-02T07:12:50Z,2026-02-02T07:25:05Z,734.67,37.11,PASS,TRUE,,/mnt/nurvai-data/04/batch_02/SKILL_001_20260202_071250/SKILL_001_20260202_071250_0.mcap
SKILL_002_20260131_143326,station_01_lab,SKILL_002,Organize beads per character,E_MARTINEZ,2026-01-31T14:33:26Z,2026-01-31T14:33:55Z,28.29,36.58,PASS,FALSE,TOO_SHORT (28.3s),/mnt/nurvai-data/04/batch_02/SKILL_002_20260131_143326/SKILL_002_20260131_143326_0.mcap
SKILL_002_20260202_073345,station_01_lab,SKILL_002,Organize beads per character,N_MORA,2026-02-02T07:33:45Z,2026-02-02T07:34:33Z,47.16,36.66,PASS,FALSE,TOO_SHORT (47.2s),/mnt/nurvai-data/04/batch_02/SKILL_002_20260202_073345/SKILL_002_20260202_073345_0.mcap
SKILL_002_20260202_073129,station_01_lab,SKILL_002,Organize beads per character,N_MORA,2026-02-02T07:31:29Z,2026-02-02T07:32:59Z,89.21,36.73,PASS,FALSE,TOO_SHORT (89.2s),/mnt/nurvai-data/04/batch_02/SKILL_002_20260202_073129/SKILL_002_20260202_073129_0.mcap
SKILL_002_20260202_073454,station_01_lab,SKILL_002,Organize beads per character,N_MORA,2026-02-02T07:34:54Z,2026-02-02T07:35:57Z,62.79,36.80,PASS,FALSE,TOO_SHORT (62.8s),/mnt/nurvai-data/04/batch_02/SKILL_002_20260202_073454/SKILL_002_20260202_073454_0.mcap
SKILL_002_20260202_073612,station_01_lab,SKILL_002,Organize beads per character,N_MORA,2026-02-02T07:36:12Z,2026-02-02T07:36:50Z,37.80,41.78,PASS,FALSE,TOO_SHORT (37.8s),/mnt/nurvai-data/04/batch_02/SKILL_002_20260202_073612/SKILL_002_20260202_073612_0.mcap
SKILL_002_20260202_073710,station_01_lab,SKILL_002,Organize beads per character,N_MORA,2026-02-02T07:37:10Z,2026-02-02T07:38:09Z,58.99,36.78,PASS,FALSE,TOO_SHORT (59.0s),/mnt/nurvai-data/04/batch_02/SKILL_002_20260202_073710/SKILL_002_20260202_073710_0.mcap
SKILL_002_20260202_073934,station_01_lab,SKILL_002,Organize beads per character,N_MORA,2026-02-02T07:39:34Z,2026-02-02T07:40:03Z,28.86,37.01,PASS,FALSE,TOO_SHORT (28.9s),/mnt/nurvai-data/04/batch_02/SKILL_002_20260202_073934/SKILL_002_20260202_073934_0.mcap
SKILL_002_20260202_074026,station_01_lab,SKILL_002,Organize beads per character,N_MORA,2026-02-02T07:40:26Z,2026-02-02T07:42:53Z,147.26,36.93,PASS,TRUE,,/mnt/nurvai-data/04/batch_02/SKILL_002_20260202_074026/SKILL_002_20260202_074026_0.mcap
SKILL_002_20260202_074337,station_01_lab,SKILL_002,Organize beads per character,N_MORA,2026-02-02T07:43:37Z,2026-02-02T07:45:46Z,128.96,36.79,PASS,TRUE,,/mnt/nurvai-data/04/batch_02/SKILL_002_20260202_074337/SKILL_002_20260202_074337_0.mcap
SKILL_003_20260131_071310,station_01_lab,SKILL_003,Organize screwdriver bits,C_BECERRA,2026-01-31T07:13:10Z,2026-01-31T07:16:28Z,197.65,36.80,PASS,TRUE,,/mnt/nurvai-data/04/batch_02/SKILL_003_20260131_071310/SKILL_003_20260131_071310_0.mcap
SKILL_003_20260131_071735,station_01_lab,SKILL_003,Organize screwdriver bits,C_BECERRA,2026-01-31T07:17:36Z,2026-01-31T07:20:42Z,186.39,36.94,PASS,TRUE,,/mnt/nurvai-data/04/batch_02/SKILL_003_20260131_071735/SKILL_003_20260131_071735_0.mcap
SKILL_003_20260131_105726,station_01_lab,SKILL_003,Organize screwdriver bits,E_MARTINEZ,2026-01-31T10:57:27Z,2026-01-31T11:01:16Z,229.61,31.10,PASS,TRUE,,/mnt/nurvai-data/04/batch_02/SKILL_003_20260131_105726/SKILL_003_20260131_105726_0.mcap
SKILL_003_20260131_110313,station_01_lab,SKILL_003,Organize screwdriver bits,E_MARTINEZ,2026-01-31T11:03:13Z,2026-01-31T11:06:37Z,203.61,36.62,PASS,TRUE,,/mnt/nurvai-data/04/batch_02/SKILL_003_20260131_110313/SKILL_003_20260131_110313_0.mcap
SKILL_003_20260202_075708,station_01_lab,SKILL_003,Organize screwdriver bits,N_MORA,2026-02-02T07:57:08Z,2026-02-02T08:01:49Z,280.56,36.97,PASS,TRUE,,/mnt/nurvai-data/04/batch_02/SKILL_003_20260202_075708/SKILL_003_20260202_075708_0.mcap
SKILL_003_20260202_074847,station_01_lab,SKILL_003,Organize screwdriver bits,N_MORA,2026-02-02T07:48:47Z,2026-02-02T07:54:58Z,371.37,36.98,PASS,TRUE,,/mnt/nurvai-data/04/batch_02/SKILL_003_20260202_074847/SKILL_003_20260202_074847_0.mcap
SKILL_004_20260130_145447,station_01_lab,SKILL_004,Set Screwdriver package,C_BECERRA,2026-01-30T14:54:48Z,2026-01-30T14:56:38Z,110.61,36.09,PASS,TRUE,,/mnt/nurvai-data/04/batch_02/SKILL_004_20260130_145447/SKILL_004_20260130_145447_0.mcap
SKILL_004_20260131_074003,station_01_lab,SKILL_004,Set Screwdriver package,C_BECERRA,2026-01-31T07:40:03Z,2026-01-31T07:40:15Z,11.90,36.61,PASS,FALSE,TOO_SHORT (11.9s),/mnt/nurvai-data/04/batch_02/SKILL_004_20260131_074003/SKILL_004_20260131_074003_0.mcap
SKILL_004_20260131_073651,station_01_lab,SKILL_004,Set Screwdriver package,C_BECERRA,2026-01-31T07:36:52Z,2026-01-31T07:37:29Z,37.00,36.96,PASS,FALSE,TOO_SHORT (37.0s),/mnt/nurvai-data/04/batch_02/SKILL_004_20260131_073651/SKILL_004_20260131_073651_0.mcap
SKILL_004_20260131_074301,station_01_lab,SKILL_004,Set Screwdriver package,C_BECERRA,2026-01-31T07:43:02Z,2026-01-31T07:43:55Z,53.04,35.24,PASS,FALSE,TOO_SHORT (53.0s),/mnt/nurvai-data/04/batch_02/SKILL_004_20260131_074301/SKILL_004_20260131_074301_0.mcap
SKILL_004_20260131_074830,station_01_lab,SKILL_004,Set Screwdriver package,C_BECERRA,2026-01-31T07:48:30Z,2026-01-31T07:49:53Z,83.37,36.68,PASS,FALSE,TOO_SHORT (83.4s),/mnt/nurvai-data/04/batch_02/SKILL_004_20260131_074830/SKILL_004_20260131_074830_0.mcap
SKILL_004_20260131_111250,station_01_lab,SKILL_004,Set Screwdriver package,E_MARTINEZ,2026-01-31T11:12:51Z,2026-01-31T11:15:40Z,168.99,36.91,PASS,TRUE,,/mnt/nurvai-data/04/batch_02/SKILL_004_20260131_111250/SKILL_004_20260131_111250_0.mcap
SKILL_004_20260202_081315,station_01_lab,SKILL_004,Set Screwdriver package,N_MORA,2026-02-02T08:13:15Z,2026-02-02T08:18:15Z,299.90,37.09,PASS,TRUE,,/mnt/nurvai-data/04/batch_02/SKILL_004_20260202_081315/SKILL_004_20260202_081315_0.mcap
SKILL_004_20260202_082203,station_01_lab,SKILL_004,Set Screwdriver package,N_MORA,2026-02-02T08:22:03Z,2026-02-02T08:25:32Z,209.33,37.09,PASS,TRUE,,/mnt/nurvai-data/04/batch_02/SKILL_004_20260202_082203/SKILL_004_20260202_082203_0.mcap
SKILL_004_20260202_083906,station_01_lab,SKILL_004,Set Screwdriver package,N_MORA,2026-02-02T08:39:06Z,2026-02-02T08:43:20Z,253.27,36.87,PASS,TRUE,,/mnt/nurvai-data/04/batch_02/SKILL_004_20260202_083906/SKILL_004_20260202_083906_0.mcap
SKILL_005_20260131_085353,station_01_lab,SKILL_005,Insert allen keys in package,N_MORA,2026-01-31T08:53:54Z,2026-01-31T08:56:24Z,150.38,37.11,PASS,TRUE,,/mnt/nurvai-data/04/batch_02/SKILL_005_20260131_085353/SKILL_005_20260131_085353_0.mcap
SKILL_005_20260131_120627,station_01_lab,SKILL_005,Insert allen keys in package,N_MORA,2026-01-31T12:06:28Z,2026-01-31T12:08:49Z,141.68,36.88,PASS,TRUE,,/mnt/nurvai-data/04/batch_02/SKILL_005_20260131_120627/SKILL_005_20260131_120627_0.mcap
SKILL_005_20260131_120908,station_01_lab,SKILL_005,Insert allen keys in package,N_MORA,2026-01-31T12:09:08Z,2026-01-31T12:11:14Z,126.10,37.03,PASS,TRUE,,/mnt/nurvai-data/04/batch_02/SKILL_005_20260131_120908/SKILL_005_20260131_120908_0.mcap
SKILL_005_20260131_121135,station_01_lab,SKILL_005,Insert allen keys in package,N_MORA,2026-01-31T12:11:35Z,2026-01-31T12:13:48Z,133.40,36.41,PASS,TRUE,,/mnt/nurvai-data/04/batch_02/SKILL_005_20260131_121135/SKILL_005_20260131_121135_0.mcap
SKILL_005_20260131_121440,station_01_lab,SKILL_005,Insert allen keys in package,N_MORA,2026-01-31T12:14:40Z,2026-01-31T12:17:33Z,172.48,29.33,PASS,TRUE,,/mnt/nurvai-data/04/batch_02/SKILL_005_20260131_121440/SKILL_005_20260131_121440_0.mcap
SKILL_005_20260202_084945,station_01_lab,SKILL_005,Insert allen keys in package,N_MORA,2026-02-02T08:49:45Z,2026-02-02T08:51:41Z,115.31,37.04,PASS,TRUE,,/mnt/nurvai-data/04/batch_02/SKILL_005_20260202_084945/SKILL_005_20260202_084945_0.mcap
SKILL_005_20260202_085436,station_01_lab,SKILL_005,Insert allen keys in package,N_MORA,2026-02-02T08:54:36Z,2026-02-02T08:56:35Z,119.72,34.04,PASS,TRUE,,/mnt/nurvai-data/04/batch_02/SKILL_005_20260202_085436/SKILL_005_20260202_085436_0.mcap
SKILL_005_20260202_085209,station_01_lab,SKILL_005,Insert allen keys in package,N_MORA,2026-02-02T08:52:09Z,2026-02-02T08:54:11Z,121.84,37.01,PASS,TRUE,,/mnt/nurvai-data/04/batch_02/SKILL_005_20260202_085209/SKILL_005_20260202_085209_0.mcap
SKILL_005_20260202_085651,station_01_lab,SKILL_005,Insert allen keys in package,N_MORA,2026-02-02T08:56:52Z,2026-02-02T08:58:40Z,108.89,36.93,PASS,TRUE,,/mnt/nurvai-data/04/batch_02/SKILL_005_20260202_085651/SKILL_005_20260202_085651_0.mcap
SKILL_007_20260131_121917,station_01_lab,SKILL_007,Separate tongue depressors by color,N_MORA,2026-01-31T12:19:17Z,2026-01-31T12:20:02Z,44.77,37.45,PASS,FALSE,TOO_SHORT (44.8s),/mnt/nurvai-data/04/batch_02/SKILL_007_20260131_121917/SKILL_007_20260131_121917_0.mcap
SKILL_007_20260131_085744,station_01_lab,SKILL_007,Separate tongue depressors by color,N_MORA,2026-01-31T08:57:44Z,2026-01-31T09:04:44Z,419.81,37.65,PASS,TRUE,,/mnt/nurvai-data/04/batch_02/SKILL_007_20260131_085744/SKILL_007_20260131_085744_0.mcap
SKILL_009_20260131_123129,station_01_lab,SKILL_009,Package Cotton set,N_MORA,2026-01-31T12:31:29Z,2026-01-31T12:36:42Z,312.90,36.95,PASS,TRUE,,/mnt/nurvai-data/04/batch_02/SKILL_009_20260131_123129/SKILL_009_20260131_123129_0.mcap
SKILL_007_20260131_122027,station_01_lab,SKILL_007,Separate tongue depressors by color,N_MORA,2026-01-31T12:20:27Z,2026-01-31T12:27:14Z,406.86,37.59,PASS,TRUE,,/mnt/nurvai-data/04/batch_02/SKILL_007_20260131_122027/SKILL_007_20260131_122027_0.mcap
SKILL_009_20260131_123747,station_01_lab,SKILL_009,Package Cotton set,N_MORA,2026-01-31T12:37:47Z,2026-01-31T12:40:30Z,162.52,36.99,PASS,TRUE,,/mnt/nurvai-data/04/batch_02/SKILL_009_20260131_123747/SKILL_009_20260131_123747_0.mcap
SKILL_010_20260131_094255,station_01_lab,SKILL_010,Package earphones,D_VARGAS,2026-01-31T09:42:55Z,2026-01-31T09:46:49Z,233.86,35.59,PASS,TRUE,,/mnt/nurvai-data/04/batch_02/SKILL_010_20260131_094255/SKILL_010_20260131_094255_0.mcap
SKILL_010_20260131_094907,station_01_lab,SKILL_010,Package earphones,D_VARGAS,2026-01-31T09:49:08Z,2026-01-31T09:49:38Z,29.72,36.65,PASS,FALSE,TOO_SHORT (29.7s),/mnt/nurvai-data/04/batch_02/SKILL_010_20260131_094907/SKILL_010_20260131_094907_0.mcap
SKILL_010_20260131_095153,station_01_lab,SKILL_010,Package earphones,D_VARGAS,2026-01-31T09:51:54Z,2026-01-31T09:52:41Z,46.58,30.43,PASS,FALSE,TOO_SHORT (46.6s),/mnt/nurvai-data/04/batch_02/SKILL_010_20260131_095153/SKILL_010_20260131_095153_0.mcap
SKILL_010_20260131_100213,station_01_lab,SKILL_010,Package earphones,D_VARGAS,2026-01-31T10:02:13Z,2026-01-31T10:02:22Z,9.05,31.48,PASS,FALSE,TOO_SHORT (9.1s),/mnt/nurvai-data/04/batch_02/SKILL_010_20260131_100213/SKILL_010_20260131_100213_0.mcap
SKILL_010_20260131_095744,station_01_lab,SKILL_010,Package earphones,D_VARGAS,2026-01-31T09:57:45Z,2026-01-31T09:59:27Z,102.50,37.07,PASS,TRUE,,/mnt/nurvai-data/04/batch_02/SKILL_010_20260131_095744/SKILL_010_20260131_095744_0.mcap
SKILL_010_20260131_100524,station_01_lab,SKILL_010,Package earphones,D_VARGAS,2026-01-31T10:05:25Z,2026-01-31T10:09:25Z,240.16,36.76,PASS,TRUE,,/mnt/nurvai-data/04/batch_02/SKILL_010_20260131_100524/SKILL_010_20260131_100524_0.mcap
SKILL_010_20260131_124504,station_01_lab,SKILL_010,Package earphones,N_MORA,2026-01-31T12:45:04Z,2026-01-31T12:50:01Z,297.06,37.15,PASS,TRUE,,/mnt/nurvai-data/04/batch_02/SKILL_010_20260131_124504/SKILL_010_20260131_124504_0.mcap
SKILL_011_20260131_130027,station_01_lab,SKILL_011,Package plastic ice cubes,N_MORA,2026-01-31T13:00:27Z,2026-01-31T13:03:24Z,176.24,37.13,PASS,TRUE,,/mnt/nurvai-data/04/batch_02/SKILL_011_20260131_130027/SKILL_011_20260131_130027_0.mcap
SKILL_010_20260131_125209,station_01_lab,SKILL_010,Package earphones,N_MORA,2026-01-31T12:52:09Z,2026-01-31T12:57:13Z,304.71,37.07,PASS,TRUE,,/mnt/nurvai-data/04/batch_02/SKILL_010_20260131_125209/SKILL_010_20260131_125209_0.mcap
SKILL_011_20260131_130502,station_01_lab,SKILL_011,Package plastic ice cubes,N_MORA,2026-01-31T13:05:02Z,2026-01-31T13:06:52Z,109.96,37.07,PASS,TRUE,,/mnt/nurvai-data/04/batch_02/SKILL_011_20260131_130502/SKILL_011_20260131_130502_0.mcap
SKILL_011_20260131_130757,station_01_lab,SKILL_011,Package plastic ice cubes,N_MORA,2026-01-31T13:07:57Z,2026-01-31T13:09:53Z,116.00,37.21,PASS,TRUE,,/mnt/nurvai-data/04/batch_02/SKILL_011_20260131_130757/SKILL_011_20260131_130757_0.mcap
SKILL_012_20260131_101210,station_01_lab,SKILL_012,Put pasta in jars,D_VARGAS,2026-01-31T10:12:10Z,2026-01-31T10:14:33Z,142.53,36.83,PASS,TRUE,,/mnt/nurvai-data/04/batch_02/SKILL_012_20260131_101210/SKILL_012_20260131_101210_0.mcap
SKILL_012_20260131_101509,station_01_lab,SKILL_012,Put pasta in jars,D_VARGAS,2026-01-31T10:15:09Z,2026-01-31T10:18:28Z,198.76,36.62,PASS,TRUE,,/mnt/nurvai-data/04/batch_02/SKILL_012_20260131_101509/SKILL_012_20260131_101509_0.mcap
SKILL_012_20260131_101833,station_01_lab,SKILL_012,Put pasta in jars,D_VARGAS,2026-01-31T10:18:33Z,2026-01-31T10:21:13Z,160.08,37.02,PASS,TRUE,,/mnt/nurvai-data/04/batch_02/SKILL_012_20260131_101833/SKILL_012_20260131_101833_0.mcap
SKILL_013_20260131_091649,station_01_lab,SKILL_013,Set up a hand lamp,C_BECERRA,2026-01-31T09:16:49Z,2026-01-31T09:20:15Z,206.21,36.66,PASS,TRUE,,/mnt/nurvai-data/04/batch_02/SKILL_013_20260131_091649/SKILL_013_20260131_091649_0.mcap
SKILL_013_20260131_092933,station_01_lab,SKILL_013,Set up a hand lamp,D_VARGAS,2026-01-31T09:29:33Z,2026-01-31T09:32:26Z,173.45,33.51,PASS,TRUE,,/mnt/nurvai-data/04/batch_02/SKILL_013_20260131_092933/SKILL_013_20260131_092933_0.mcap
SKILL_013_20260131_093305,station_01_lab,SKILL_013,Set up a hand lamp,D_VARGAS,2026-01-31T09:33:05Z,2026-01-31T09:36:10Z,185.42,36.59,PASS,TRUE,,/mnt/nurvai-data/04/batch_02/SKILL_013_20260131_093305/SKILL_013_20260131_093305_0.mcap
SKILL_013_20260131_093705,station_01_lab,SKILL_013,Set up a hand lamp,D_VARGAS,2026-01-31T09:37:05Z,2026-01-31T09:39:32Z,146.80,36.85,PASS,TRUE,,/mnt/nurvai-data/04/batch_02/SKILL_013_20260131_093705/SKILL_013_20260131_093705_0.mcap
SKILL_013_20260131_131210,station_01_lab,SKILL_013,Set up a hand lamp,N_MORA,2026-01-31T13:12:10Z,2026-01-31T13:14:57Z,167.24,36.98,PASS,TRUE,,/mnt/nurvai-data/04/batch_02/SKILL_013_20260131_131210/SKILL_013_20260131_131210_0.mcap
SKILL_013_20260131_131532,station_01_lab,SKILL_013,Set up a hand lamp,N_MORA,2026-01-31T13:15:32Z,2026-01-31T13:17:17Z,105.75,36.95,PASS,TRUE,,/mnt/nurvai-data/04/batch_02/SKILL_013_20260131_131532/SKILL_013_20260131_131532_0.mcap
SKILL_014_20260131_102217,station_01_lab,SKILL_014,Fasten nuts onto bolts,D_VARGAS,2026-01-31T10:22:18Z,2026-01-31T10:22:19Z,1.66,36.31,PASS,FALSE,TOO_SHORT (1.7s),/mnt/nurvai-data/04/batch_02/SKILL_014_20260131_102217/SKILL_014_20260131_102217_0.mcap
SKILL_014_20260131_102220,station_01_lab,SKILL_014,Fasten nuts onto bolts,D_VARGAS,2026-01-31T10:22:20Z,2026-01-31T10:22:21Z,1.00,36.61,PASS,FALSE,TOO_SHORT (1.0s),/mnt/nurvai-data/04/batch_02/SKILL_014_20260131_102220/SKILL_014_20260131_102220_0.mcap
SKILL_013_20260131_131757,station_01_lab,SKILL_013,Set up a hand lamp,N_MORA,2026-01-31T13:17:57Z,2026-01-31T13:19:59Z,122.02,36.88,PASS,TRUE,,/mnt/nurvai-data/04/batch_02/SKILL_013_20260131_131757/SKILL_013_20260131_131757_0.mcap
SKILL_014_20260131_133224,station_01_lab,SKILL_014,Fasten nuts onto bolts,N_MORA,2026-01-31T13:32:24Z,2026-01-31T13:34:03Z,98.46,36.90,PASS,TRUE,,/mnt/nurvai-data/04/batch_02/SKILL_014_20260131_133224/SKILL_014_20260131_133224_0.mcap
SKILL_014_20260131_132340,station_01_lab,SKILL_014,Fasten nuts onto bolts,N_MORA,2026-01-31T13:23:40Z,2026-01-31T13:30:07Z,387.42,36.83,PASS,TRUE,,/mnt/nurvai-data/04/batch_02/SKILL_014_20260131_132340/SKILL_014_20260131_132340_0.mcap
SKILL_015_20260131_133601,station_01_lab,SKILL_015,Thread a needle,N_MORA,2026-01-31T13:36:01Z,2026-01-31T13:39:19Z,197.67,37.04,PASS,TRUE,,/mnt/nurvai-data/04/batch_02/SKILL_015_20260131_133601/SKILL_015_20260131_133601_0.mcap
SKILL_015_20260131_134003,station_01_lab,SKILL_015,Thread a needle,N_MORA,2026-01-31T13:40:03Z,2026-01-31T13:42:42Z,159.51,37.01,PASS,TRUE,,/mnt/nurvai-data/04/batch_02/SKILL_015_20260131_134003/SKILL_015_20260131_134003_0.mcap
SKILL_015_20260131_134318,station_01_lab,SKILL_015,Thread a needle,N_MORA,2026-01-31T13:43:18Z,2026-01-31T13:46:05Z,167.21,36.62,WARNING_DRIFT,TRUE,,/mnt/nurvai-data/04/batch_02/SKILL_015_20260131_134318/SKILL_015_20260131_134318_0.mcap
SKILL_017_20260131_135239,station_01_lab,SKILL_017,Put pasta in ziploc bags,N_MORA,2026-01-31T13:52:39Z,2026-01-31T13:54:36Z,117.22,36.75,PASS,TRUE,,/mnt/nurvai-data/04/batch_02/SKILL_017_20260131_135239/SKILL_017_20260131_135239_0.mcap
SKILL_001_20260202_120430,station_01_lab,SKILL_001,Organize beads per color,E_MARTINEZ,2026-02-02T12:04:30Z,2026-02-02T12:14:10Z,579.42,37.02,PASS,TRUE,,/mnt/nurvai-data/04/batch_03/SKILL_001_20260202_120430/SKILL_001_20260202_120430_0.mcap
SKILL_003_20260202_121525,station_01_lab,SKILL_003,Organize screwdriver bits,E_MARTINEZ,2026-02-02T12:15:25Z,2026-02-02T12:18:49Z,204.75,36.81,PASS,TRUE,,/mnt/nurvai-data/04/batch_03/SKILL_003_20260202_121525/SKILL_003_20260202_121525_0.mcap
SKILL_003_20260202_121938,station_01_lab,SKILL_003,Organize screwdriver bits,E_MARTINEZ,2026-02-02T12:19:38Z,2026-02-02T12:19:44Z,5.54,35.62,PASS,FALSE,TOO_SHORT (5.5s),/mnt/nurvai-data/04/batch_03/SKILL_003_20260202_121938/SKILL_003_20260202_121938_0.mcap
SKILL_003_20260202_122140,station_01_lab,SKILL_003,Organize screwdriver bits,E_MARTINEZ,2026-02-02T12:21:41Z,2026-02-02T12:23:45Z,124.26,28.02,PASS,TRUE,,/mnt/nurvai-data/04/batch_03/SKILL_003_20260202_122140/SKILL_003_20260202_122140_0.mcap
SKILL_003_20260202_122614,station_01_lab,SKILL_003,Organize screwdriver bits,E_MARTINEZ,2026-02-02T12:26:14Z,2026-02-02T12:29:45Z,211.30,36.64,PASS,TRUE,,/mnt/nurvai-data/04/batch_03/SKILL_003_20260202_122614/SKILL_003_20260202_122614_0.mcap
SKILL_003_20260203_070152,station_01_lab,SKILL_003,Organize screwdriver bits,L_AGUILERA,2026-02-03T07:01:52Z,2026-02-03T07:05:12Z,200.33,36.65,PASS,TRUE,,/mnt/nurvai-data/04/batch_03/SKILL_003_20260203_070152/SKILL_003_20260203_070152_0.mcap
SKILL_003_20260203_070549,station_01_lab,SKILL_003,Organize screwdriver bits,L_AGUILERA,2026-02-03T07:05:49Z,2026-02-03T07:08:51Z,181.30,36.80,PASS,TRUE,,/mnt/nurvai-data/04/batch_03/SKILL_003_20260203_070549/SKILL_003_20260203_070549_0.mcap
SKILL_003_20260203_070928,station_01_lab,SKILL_003,Organize screwdriver bits,L_AGUILERA,2026-02-03T07:09:28Z,2026-02-03T07:12:24Z,176.20,36.86,PASS,TRUE,,/mnt/nurvai-data/04/batch_03/SKILL_003_20260203_070928/SKILL_003_20260203_070928_0.mcap
SKILL_003_20260203_071311,station_01_lab,SKILL_003,Organize screwdriver bits,L_AGUILERA,2026-02-03T07:13:11Z,2026-02-03T07:16:04Z,173.51,36.69,PASS,TRUE,,/mnt/nurvai-data/04/batch_03/SKILL_003_20260203_071311/SKILL_003_20260203_071311_0.mcap
SKILL_004_20260202_123304,station_01_lab,SKILL_004,Set Screwdriver package,E_MARTINEZ,2026-02-02T12:33:04Z,2026-02-02T12:36:30Z,205.83,36.94,PASS,TRUE,,/mnt/nurvai-data/04/batch_03/SKILL_004_20260202_123304/SKILL_004_20260202_123304_0.mcap
SKILL_004_20260202_123858,station_01_lab,SKILL_004,Set Screwdriver package,E_MARTINEZ,2026-02-02T12:38:58Z,2026-02-02T12:42:08Z,189.45,37.16,PASS,TRUE,,/mnt/nurvai-data/04/batch_03/SKILL_004_20260202_123858/SKILL_004_20260202_123858_0.mcap
SKILL_004_20260203_071746,station_01_lab,SKILL_004,Set Screwdriver package,L_AGUILERA,2026-02-03T07:17:46Z,2026-02-03T07:19:15Z,88.23,37.04,PASS,FALSE,TOO_SHORT (88.2s),/mnt/nurvai-data/04/batch_03/SKILL_004_20260203_071746/SKILL_004_20260203_071746_0.mcap
SKILL_004_20260203_072115,station_01_lab,SKILL_004,Set Screwdriver package,L_AGUILERA,2026-02-03T07:21:16Z,2026-02-03T07:24:51Z,215.51,31.96,PASS,TRUE,,/mnt/nurvai-data/04/batch_03/SKILL_004_20260203_072115/SKILL_004_20260203_072115_0.mcap
SKILL_004_20260203_072650,station_01_lab,SKILL_004,Set Screwdriver package,L_AGUILERA,2026-02-03T07:26:51Z,2026-02-03T07:30:14Z,203.48,30.64,PASS,TRUE,,/mnt/nurvai-data/04/batch_03/SKILL_004_20260203_072650/SKILL_004_20260203_072650_0.mcap
SKILL_005_20260202_130804,station_01_lab,SKILL_005,Insert allen keys in package,E_MARTINEZ,2026-02-02T13:08:04Z,2026-02-02T13:10:51Z,167.11,36.18,PASS,TRUE,,/mnt/nurvai-data/04/batch_03/SKILL_005_20260202_130804/SKILL_005_20260202_130804_0.mcap
SKILL_005_20260202_125736,station_01_lab,SKILL_005,Insert allen keys in package,E_MARTINEZ,2026-02-02T12:57:36Z,2026-02-02T13:00:31Z,174.80,36.87,PASS,TRUE,,/mnt/nurvai-data/04/batch_03/SKILL_005_20260202_125736/SKILL_005_20260202_125736_0.mcap
SKILL_005_20260203_073429,station_01_lab,SKILL_005,Insert allen keys in package,L_AGUILERA,2026-02-03T07:34:29Z,2026-02-03T07:36:54Z,144.60,36.65,PASS,TRUE,,/mnt/nurvai-data/04/batch_03/SKILL_005_20260203_073429/SKILL_005_20260203_073429_0.mcap
SKILL_005_20260203_073121,station_01_lab,SKILL_005,Insert allen keys in package,L_AGUILERA,2026-02-03T07:31:21Z,2026-02-03T07:34:08Z,166.27,36.84,PASS,TRUE,,/mnt/nurvai-data/04/batch_03/SKILL_005_20260203_073121/SKILL_005_20260203_073121_0.mcap
SKILL_005_20260203_074002,station_01_lab,SKILL_005,Insert allen keys in package,L_AGUILERA,2026-02-03T07:40:02Z,2026-02-03T07:40:07Z,5.08,36.61,PASS,FALSE,TOO_SHORT (5.1s),/mnt/nurvai-data/04/batch_03/SKILL_005_20260203_074002/SKILL_005_20260203_074002_0.mcap
SKILL_005_20260203_073725,station_01_lab,SKILL_005,Insert allen keys in package,L_AGUILERA,2026-02-03T07:37:25Z,2026-02-03T07:39:41Z,135.31,36.76,PASS,TRUE,,/mnt/nurvai-data/04/batch_03/SKILL_005_20260203_073725/SKILL_005_20260203_073725_0.mcap
SKILL_005_20260203_074213,station_01_lab,SKILL_005,Insert allen keys in package,L_AGUILERA,2026-02-03T07:42:13Z,2026-02-03T07:44:40Z,146.71,31.02,PASS,TRUE,,/mnt/nurvai-data/04/batch_03/SKILL_005_20260203_074213/SKILL_005_20260203_074213_0.mcap
SKILL_007_20260202_131246,station_01_lab,SKILL_007,Separate tongue depressors by color,E_MARTINEZ,2026-02-02T13:12:46Z,2026-02-02T13:20:01Z,435.21,37.24,PASS,TRUE,,/mnt/nurvai-data/04/batch_03/SKILL_007_20260202_131246/SKILL_007_20260202_131246_0.mcap
SKILL_007_20260203_074549,station_01_lab,SKILL_007,Separate tongue depressors by color,L_AGUILERA,2026-02-03T07:45:49Z,2026-02-03T07:51:11Z,322.21,35.27,PASS,TRUE,,/mnt/nurvai-data/04/batch_03/SKILL_007_20260203_074549/SKILL_007_20260203_074549_0.mcap
SKILL_007_20260203_075217,station_01_lab,SKILL_007,Separate tongue depressors by color,L_AGUILERA,2026-02-03T07:52:17Z,2026-02-03T07:58:03Z,345.99,37.19,PASS,TRUE,,/mnt/nurvai-data/04/batch_03/SKILL_007_20260203_075217/SKILL_007_20260203_075217_0.mcap
SKILL_009_20260202_091700,station_01_lab,SKILL_009,Package Cotton set,N_MORA,2026-02-02T09:17:00Z,2026-02-02T09:22:06Z,305.92,36.58,PASS,TRUE,,/mnt/nurvai-data/04/batch_03/SKILL_009_20260202_091700/SKILL_009_20260202_091700_0.mcap
SKILL_009_20260202_092309,station_01_lab,SKILL_009,Package Cotton set,N_MORA,2026-02-02T09:23:09Z,2026-02-02T09:28:03Z,294.40,36.92,PASS,TRUE,,/mnt/nurvai-data/04/batch_03/SKILL_009_20260202_092309/SKILL_009_20260202_092309_0.mcap
SKILL_009_20260202_093022,station_01_lab,SKILL_009,Package Cotton set,N_MORA,2026-02-02T09:30:22Z,2026-02-02T09:35:09Z,287.71,33.71,PASS,TRUE,,/mnt/nurvai-data/04/batch_03/SKILL_009_20260202_093022/SKILL_009_20260202_093022_0.mcap
SKILL_009_20260202_133416,station_01_lab,SKILL_009,Package Cotton set,E_MARTINEZ,2026-02-02T13:34:16Z,2026-02-02T13:37:11Z,174.53,36.63,PASS,TRUE,,/mnt/nurvai-data/04/batch_03/SKILL_009_20260202_133416/SKILL_009_20260202_133416_0.mcap
SKILL_009_20260202_132605,station_01_lab,SKILL_009,Package Cotton set,E_MARTINEZ,2026-02-02T13:26:05Z,2026-02-02T13:33:43Z,458.53,37.02,PASS,TRUE,,/mnt/nurvai-data/04/batch_03/SKILL_009_20260202_132605/SKILL_009_20260202_132605_0.mcap
SKILL_009_20260203_081514,station_01_lab,SKILL_009,Package Cotton set,E_MARTINEZ,2026-02-03T08:15:15Z,2026-02-03T08:22:44Z,449.65,33.51,PASS,TRUE,,/mnt/nurvai-data/04/batch_03/SKILL_009_20260203_081514/SKILL_009_20260203_081514_0.mcap
SKILL_010_20260202_094331,station_01_lab,SKILL_010,Package earphones,N_MORA,2026-02-02T09:43:31Z,2026-02-02T09:51:22Z,470.77,33.22,PASS,TRUE,,/mnt/nurvai-data/04/batch_03/SKILL_010_20260202_094331/SKILL_010_20260202_094331_0.mcap
SKILL_010_20260202_133934,station_01_lab,SKILL_010,Package earphones,E_MARTINEZ,2026-02-02T13:39:34Z,2026-02-02T13:44:05Z,271.45,36.94,PASS,TRUE,,/mnt/nurvai-data/04/batch_03/SKILL_010_20260202_133934/SKILL_010_20260202_133934_0.mcap
SKILL_010_20260203_082449,station_01_lab,SKILL_010,Package earphones,E_MARTINEZ,2026-02-03T08:24:49Z,2026-02-03T08:28:44Z,235.32,37.07,PASS,TRUE,,/mnt/nurvai-data/04/batch_03/SKILL_010_20260203_082449/SKILL_010_20260203_082449_0.mcap
SKILL_013_20260202_095250,station_01_lab,SKILL_013,Set up a hand lamp,N_MORA,2026-02-02T09:52:50Z,2026-02-02T09:55:00Z,130.40,36.61,PASS,TRUE,,/mnt/nurvai-data/04/batch_03/SKILL_013_20260202_095250/SKILL_013_20260202_095250_0.mcap
SKILL_013_20260202_095917,station_01_lab,SKILL_013,Set up a hand lamp," N_MORA",2026-02-02T09:59:17Z,2026-02-02T10:02:13Z,175.25,36.58,PASS,TRUE,,/mnt/nurvai-data/04/batch_03/SKILL_013_20260202_095917/SKILL_013_20260202_095917_0.mcap
SKILL_013_20260202_100251,station_01_lab,SKILL_013,Set up a hand lamp," N_MORA",2026-02-02T10:02:52Z,2026-02-02T10:04:30Z,97.56,36.90,PASS,TRUE,,/mnt/nurvai-data/04/batch_03/SKILL_013_20260202_100251/SKILL_013_20260202_100251_0.mcap
SKILL_013_20260202_100507,station_01_lab,SKILL_013,Set up a hand lamp," N_MORA",2026-02-02T10:05:07Z,2026-02-02T10:07:00Z,112.48,36.56,PASS,TRUE,,/mnt/nurvai-data/04/batch_03/SKILL_013_20260202_100507/SKILL_013_20260202_100507_0.mcap
SKILL_013_20260202_135636,station_01_lab,SKILL_013,Set up a hand lamp,E_MARTINEZ,2026-02-02T13:56:36Z,2026-02-02T13:59:11Z,154.07,36.58,PASS,TRUE,,/mnt/nurvai-data/04/batch_03/SKILL_013_20260202_135636/SKILL_013_20260202_135636_0.mcap
SKILL_013_20260202_140050,station_01_lab,SKILL_013,Set up a hand lamp,E_MARTINEZ,2026-02-02T14:00:50Z,2026-02-02T14:03:00Z,129.74,36.88,PASS,TRUE,,/mnt/nurvai-data/04/batch_03/SKILL_013_20260202_140050/SKILL_013_20260202_140050_0.mcap
SKILL_014_20260202_101059,station_01_lab,SKILL_014,Fasten nuts onto bolts," N_MORA",2026-02-02T10:10:59Z,2026-02-02T10:17:50Z,410.72,36.88,PASS,TRUE,,/mnt/nurvai-data/04/batch_03/SKILL_014_20260202_101059/SKILL_014_20260202_101059_0.mcap
SKILL_014_20260202_101944,station_01_lab,SKILL_014,Fasten nuts onto bolts," N_MORA",2026-02-02T10:19:44Z,2026-02-02T10:24:19Z,274.77,36.93,PASS,TRUE,,/mnt/nurvai-data/04/batch_03/SKILL_014_20260202_101944/SKILL_014_20260202_101944_0.mcap
SKILL_015_20260202_102853,station_01_lab,SKILL_015,Thread a needle," N_MORA",2026-02-02T10:28:53Z,2026-02-02T10:33:17Z,263.97,36.88,PASS,TRUE,,/mnt/nurvai-data/04/batch_03/SKILL_015_20260202_102853/SKILL_015_20260202_102853_0.mcap
SKILL_014_20260202_140828,station_01_lab,SKILL_014,Fasten nuts onto bolts,E_MARTINEZ,2026-02-02T14:08:28Z,2026-02-02T14:16:24Z,475.92,35.43,PASS,TRUE,,/mnt/nurvai-data/04/batch_03/SKILL_014_20260202_140828/SKILL_014_20260202_140828_0.mcap
SKILL_015_20260202_103925,station_01_lab,SKILL_015,Thread a needle," N_MORA",2026-02-02T10:39:25Z,2026-02-02T10:42:30Z,185.05,36.84,PASS,TRUE,,/mnt/nurvai-data/04/batch_03/SKILL_015_20260202_103925/SKILL_015_20260202_103925_0.mcap
SKILL_015_20260202_104316,station_01_lab,SKILL_015,Thread a needle," N_MORA",2026-02-02T10:43:16Z,2026-02-02T10:46:35Z,198.97,36.96,PASS,TRUE,,/mnt/nurvai-data/04/batch_03/SKILL_015_20260202_104316/SKILL_015_20260202_104316_0.mcap
SKILL_015_20260202_143208,station_01_lab,SKILL_015,Thread a needle,E_MARTINEZ,2026-02-02T14:32:08Z,2026-02-02T14:34:56Z,168.05,36.78,PASS,TRUE,,/mnt/nurvai-data/04/batch_03/SKILL_015_20260202_143208/SKILL_015_20260202_143208_0.mcap
SKILL_015_20260202_142535,station_01_lab,SKILL_015,Thread a needle,E_MARTINEZ,2026-02-02T14:25:36Z,2026-02-02T14:29:14Z,218.22,36.87,PASS,TRUE,,/mnt/nurvai-data/04/batch_03/SKILL_015_20260202_142535/SKILL_015_20260202_142535_0.mcap
SKILL_016_20260202_144134,station_01_lab,SKILL_016,Package a sewing set,E_MARTINEZ,2026-02-02T14:41:34Z,2026-02-02T14:44:14Z,159.76,32.43,PASS,TRUE,,/mnt/nurvai-data/04/batch_03/SKILL_016_20260202_144134/SKILL_016_20260202_144134_0.mcap
SKILL_017_20260202_105003,station_01_lab,SKILL_017,Put pasta in ziploc bags," N_MORA",2026-02-02T10:50:03Z,2026-02-02T10:52:55Z,172.21,35.32,PASS,TRUE,,/mnt/nurvai-data/04/batch_03/SKILL_017_20260202_105003/SKILL_017_20260202_105003_0.mcap
SKILL_017_20260202_105420,station_01_lab,SKILL_017,Put pasta in ziploc bags," N_MORA",2026-02-02T10:54:20Z,2026-02-02T10:58:06Z,225.96,36.65,PASS,TRUE,,/mnt/nurvai-data/04/batch_03/SKILL_017_20260202_105420/SKILL_017_20260202_105420_0.mcap
SKILL_018_20260202_110835,station_01_lab,SKILL_018,Close bags with twist ties," N_MORA",2026-02-02T11:08:35Z,2026-02-02T11:12:59Z,264.01,37.04,PASS,TRUE,,/mnt/nurvai-data/04/batch_03/SKILL_018_20260202_110835/SKILL_018_20260202_110835_0.mcap
SKILL_018_20260202_111419,station_01_lab,SKILL_018,Close bags with twist ties," N_MORA",2026-02-02T11:14:19Z,2026-02-02T11:17:11Z,171.68,35.93,PASS,TRUE,,/mnt/nurvai-data/04/batch_03/SKILL_018_20260202_111419/SKILL_018_20260202_111419_0.mcap
SKILL_018_20260202_111817,station_01_lab,SKILL_018,Close bags with twist ties," N_MORA",2026-02-02T11:18:17Z,2026-02-02T11:21:12Z,174.52,36.95,PASS,TRUE,,/mnt/nurvai-data/04/batch_03/SKILL_018_20260202_111817/SKILL_018_20260202_111817_0.mcap
SKILL_001_20260203_140659,station_01_lab,SKILL_001,Organize beads per color,E_MARTINEZ,2026-02-03T14:06:59Z,2026-02-03T14:14:11Z,431.62,33.44,PASS,TRUE,,/mnt/nurvai-data/04/batch_04/SKILL_001_20260203_140659/SKILL_001_20260203_140659_0.mcap
SKILL_001_20260204_090712,station_01_lab,SKILL_001,Organize beads per color,E_MARTINEZ,2026-02-04T09:07:12Z,2026-02-04T09:09:14Z,121.38,35.96,PASS,TRUE,,/mnt/nurvai-data/04/batch_04/SKILL_001_20260204_090712/SKILL_001_20260204_090712_0.mcap
SKILL_002_20260204_091222,station_01_lab,SKILL_002,Organize beads per character,E_MARTINEZ,2026-02-04T09:12:22Z,2026-02-04T09:12:26Z,3.79,35.62,PASS,FALSE,TOO_SHORT (3.8s),/mnt/nurvai-data/04/batch_04/SKILL_002_20260204_091222/SKILL_002_20260204_091222_0.mcap
SKILL_002_20260204_091232,station_01_lab,SKILL_002,Organize beads per character,E_MARTINEZ,2026-02-04T09:12:32Z,2026-02-04T09:24:10Z,698.16,34.70,PASS,TRUE,,/mnt/nurvai-data/04/batch_04/SKILL_002_20260204_091232/SKILL_002_20260204_091232_0.mcap
SKILL_003_20260203_141806,station_01_lab,SKILL_003,Organize screwdriver bits,E_MARTINEZ,2026-02-03T14:18:06Z,2026-02-03T14:23:54Z,347.95,36.70,PASS,TRUE,,/mnt/nurvai-data/04/batch_04/SKILL_003_20260203_141806/SKILL_003_20260203_141806_0.mcap
SKILL_003_20260204_070713,station_01_lab,SKILL_003,Organize screwdriver bits,C_BECERRA,2026-02-04T07:07:13Z,2026-02-04T07:08:56Z,103.27,36.74,PASS,TRUE,,/mnt/nurvai-data/04/batch_04/SKILL_003_20260204_070713/SKILL_003_20260204_070713_0.mcap
SKILL_003_20260204_071152,station_01_lab,SKILL_003,Organize screwdriver bits,C_BECERRA,2026-02-04T07:11:52Z,2026-02-04T07:16:22Z,269.98,36.94,PASS,TRUE,,/mnt/nurvai-data/04/batch_04/SKILL_003_20260204_071152/SKILL_003_20260204_071152_0.mcap
SKILL_003_20260204_071800,station_01_lab,SKILL_003,Organize screwdriver bits,C_BECERRA,2026-02-04T07:18:00Z,2026-02-04T07:21:42Z,222.01,37.08,PASS,TRUE,,/mnt/nurvai-data/04/batch_04/SKILL_003_20260204_071800/SKILL_003_20260204_071800_0.mcap
SKILL_004_20260203_100812,station_01_lab,SKILL_004,Set Screwdriver package,E_MARTINEZ,2026-02-03T10:08:13Z,2026-02-03T10:08:26Z,12.81,30.16,PASS,FALSE,TOO_SHORT (12.8s),/mnt/nurvai-data/04/batch_04/SKILL_004_20260203_100812/SKILL_004_20260203_100812_0.mcap
SKILL_004_20260203_101037,station_01_lab,SKILL_004,Set Screwdriver package,E_MARTINEZ,2026-02-03T10:10:38Z,2026-02-03T10:11:07Z,29.25,35.81,PASS,FALSE,TOO_SHORT (29.2s),/mnt/nurvai-data/04/batch_04/SKILL_004_20260203_101037/SKILL_004_20260203_101037_0.mcap
SKILL_004_20260203_143103,station_01_lab,SKILL_004,Set Screwdriver package,E_MARTINEZ,2026-02-03T14:31:03Z,2026-02-03T14:33:12Z,128.91,29.25,PASS,TRUE,,/mnt/nurvai-data/04/batch_04/SKILL_004_20260203_143103/SKILL_004_20260203_143103_0.mcap
SKILL_004_20260203_144533,station_01_lab,SKILL_004,Set Screwdriver package,E_MARTINEZ,2026-02-03T14:45:33Z,2026-02-03T14:46:09Z,35.14,36.47,PASS,FALSE,TOO_SHORT (35.1s),/mnt/nurvai-data/04/batch_04/SKILL_004_20260203_144533/SKILL_004_20260203_144533_0.mcap
SKILL_004_20260204_072523,station_01_lab,SKILL_004,Set Screwdriver package,C_BECERRA,2026-02-04T07:25:23Z,2026-02-04T07:28:51Z,208.11,33.87,PASS,TRUE,,/mnt/nurvai-data/04/batch_04/SKILL_004_20260204_072523/SKILL_004_20260204_072523_0.mcap
SKILL_004_20260204_073537,station_01_lab,SKILL_004,Set Screwdriver package,C_BECERRA,2026-02-04T07:35:38Z,2026-02-04T07:39:15Z,217.68,35.13,PASS,TRUE,,/mnt/nurvai-data/04/batch_04/SKILL_004_20260204_073537/SKILL_004_20260204_073537_0.mcap
SKILL_004_20260204_073951,station_01_lab,SKILL_004,Set Screwdriver package,C_BECERRA,2026-02-04T07:39:51Z,2026-02-04T07:41:31Z,100.45,35.15,PASS,TRUE,,/mnt/nurvai-data/04/batch_04/SKILL_004_20260204_073951/SKILL_004_20260204_073951_0.mcap
SKILL_005_20260203_102858,station_01_lab,SKILL_005,Insert allen keys in package,E_MARTINEZ,2026-02-03T10:28:58Z,2026-02-03T10:32:02Z,184.48,35.20,PASS,TRUE,,/mnt/nurvai-data/04/batch_04/SKILL_005_20260203_102858/SKILL_005_20260203_102858_0.mcap
SKILL_005_20260203_103433,station_01_lab,SKILL_005,Insert allen keys in package,E_MARTINEZ,2026-02-03T10:34:33Z,2026-02-03T10:37:26Z,172.86,36.53,PASS,TRUE,,/mnt/nurvai-data/04/batch_04/SKILL_005_20260203_103433/SKILL_005_20260203_103433_0.mcap
SKILL_005_20260204_074302,station_01_lab,SKILL_005,Insert allen keys in package,C_BECERRA,2026-02-04T07:43:02Z,2026-02-04T07:45:55Z,173.59,35.00,PASS,TRUE,,/mnt/nurvai-data/04/batch_04/SKILL_005_20260204_074302/SKILL_005_20260204_074302_0.mcap
SKILL_005_20260204_074620,station_01_lab,SKILL_005,Insert allen keys in package,C_BECERRA,2026-02-04T07:46:20Z,2026-02-04T07:49:04Z,163.09,34.95,PASS,TRUE,,/mnt/nurvai-data/04/batch_04/SKILL_005_20260204_074620/SKILL_005_20260204_074620_0.mcap
SKILL_005_20260204_074934,station_01_lab,SKILL_005,Insert allen keys in package,C_BECERRA,2026-02-04T07:49:34Z,2026-02-04T07:52:11Z,156.68,34.96,PASS,TRUE,,/mnt/nurvai-data/04/batch_04/SKILL_005_20260204_074934/SKILL_005_20260204_074934_0.mcap
SKILL_005_20260204_075236,station_01_lab,SKILL_005,Insert allen keys in package,C_BECERRA,2026-02-04T07:52:36Z,2026-02-04T07:55:21Z,164.59,35.04,PASS,TRUE,,/mnt/nurvai-data/04/batch_04/SKILL_005_20260204_075236/SKILL_005_20260204_075236_0.mcap
SKILL_005_20260204_075546,station_01_lab,SKILL_005,Insert allen keys in package,C_BECERRA,2026-02-04T07:55:46Z,2026-02-04T07:58:46Z,179.73,34.98,PASS,TRUE,,/mnt/nurvai-data/04/batch_04/SKILL_005_20260204_075546/SKILL_005_20260204_075546_0.mcap
SKILL_007_20260203_104809,station_01_lab,SKILL_007,Separate tongue depressors by color,E_MARTINEZ,2026-02-03T10:48:09Z,2026-02-03T10:53:18Z,308.66,36.91,PASS,TRUE,,/mnt/nurvai-data/04/batch_04/SKILL_007_20260203_104809/SKILL_007_20260203_104809_0.mcap
SKILL_007_20260203_110738,station_01_lab,SKILL_007,Separate tongue depressors by color,N_MORA,2026-02-03T11:07:38Z,2026-02-03T11:13:49Z,371.09,37.08,PASS,TRUE,,/mnt/nurvai-data/04/batch_04/SKILL_007_20260203_110738/SKILL_007_20260203_110738_0.mcap
SKILL_007_20260203_112106,station_01_lab,SKILL_007,Separate tongue depressors by color,N_MORA,2026-02-03T11:21:07Z,2026-02-03T11:28:54Z,467.62,36.40,PASS,TRUE,,/mnt/nurvai-data/04/batch_04/SKILL_007_20260203_112106/SKILL_007_20260203_112106_0.mcap
SKILL_007_20260204_081351,station_01_lab,SKILL_007,Separate tongue depressors by color,C_BECERRA,2026-02-04T08:13:51Z,2026-02-04T08:20:34Z,403.18,34.91,PASS,TRUE,,/mnt/nurvai-data/04/batch_04/SKILL_007_20260204_081351/SKILL_007_20260204_081351_0.mcap
SKILL_009_20260203_120439,station_01_lab,SKILL_009,Package Cotton set,N_MORA,2026-02-03T12:04:40Z,2026-02-03T12:04:41Z,1.84,35.77,PASS,FALSE,TOO_SHORT (1.8s),/mnt/nurvai-data/04/batch_04/SKILL_009_20260203_120439/SKILL_009_20260203_120439_0.mcap
SKILL_009_20260203_105638,station_01_lab,SKILL_009,Package Cotton set,E_MARTINEZ,2026-02-03T10:56:38Z,2026-02-03T11:02:51Z,372.60,36.34,PASS,TRUE,,/mnt/nurvai-data/04/batch_04/SKILL_009_20260203_105638/SKILL_009_20260203_105638_0.mcap
SKILL_009_20260203_120527,station_01_lab,SKILL_009,Package Cotton set,N_MORA,2026-02-03T12:05:27Z,2026-02-03T12:06:29Z,61.97,36.60,PASS,FALSE,TOO_SHORT (62.0s),/mnt/nurvai-data/04/batch_04/SKILL_009_20260203_120527/SKILL_009_20260203_120527_0.mcap
SKILL_009_20260203_120900,station_01_lab,SKILL_009,Package Cotton set,N_MORA,2026-02-03T12:09:01Z,2026-02-03T12:11:47Z,166.59,36.43,PASS,TRUE,,/mnt/nurvai-data/04/batch_04/SKILL_009_20260203_120900/SKILL_009_20260203_120900_0.mcap
SKILL_009_20260203_121548,station_01_lab,SKILL_009,Package Cotton set,N_MORA,2026-02-03T12:15:49Z,2026-02-03T12:20:35Z,285.82,35.98,PASS,TRUE,,/mnt/nurvai-data/04/batch_04/SKILL_009_20260203_121548/SKILL_009_20260203_121548_0.mcap
SKILL_009_20260204_082318,station_01_lab,SKILL_009,Package Cotton set,C_BECERRA,2026-02-04T08:23:18Z,2026-02-04T08:32:37Z,558.50,34.81,PASS,TRUE,,/mnt/nurvai-data/04/batch_04/SKILL_009_20260204_082318/SKILL_009_20260204_082318_0.mcap
SKILL_010_20260203_122732,station_01_lab,SKILL_010,Package earphones,N_MORA,2026-02-03T12:27:32Z,2026-02-03T12:32:55Z,322.80,33.71,PASS,TRUE,,/mnt/nurvai-data/04/batch_04/SKILL_010_20260203_122732/SKILL_010_20260203_122732_0.mcap
SKILL_010_20260204_083431,station_01_lab,SKILL_010,Package earphones,C_BECERRA,2026-02-04T08:34:31Z,2026-02-04T08:40:53Z,381.53,34.92,PASS,TRUE,,/mnt/nurvai-data/04/batch_04/SKILL_010_20260204_083431/SKILL_010_20260204_083431_0.mcap
SKILL_011_20260203_134724,station_01_lab,SKILL_011,Package plastic ice cubes,C_BECERRA,2026-02-03T13:47:24Z,2026-02-03T13:47:47Z,22.71,34.76,PASS,FALSE,TOO_SHORT (22.7s),/mnt/nurvai-data/04/batch_04/SKILL_011_20260203_134724/SKILL_011_20260203_134724_0.mcap
SKILL_011_20260203_134037,station_01_lab,SKILL_011,Package plastic ice cubes,C_BECERRA,2026-02-03T13:40:38Z,2026-02-03T13:43:52Z,194.88,36.94,PASS,TRUE,,/mnt/nurvai-data/04/batch_04/SKILL_011_20260203_134037/SKILL_011_20260203_134037_0.mcap
SKILL_011_20260203_134801,station_01_lab,SKILL_011,Package plastic ice cubes,C_BECERRA,2026-02-03T13:48:01Z,2026-02-03T13:51:05Z,183.88,29.77,PASS,TRUE,,/mnt/nurvai-data/04/batch_04/SKILL_011_20260203_134801/SKILL_011_20260203_134801_0.mcap
SKILL_011_20260204_084225,station_01_lab,SKILL_011,Package plastic ice cubes,C_BECERRA,2026-02-04T08:42:25Z,2026-02-04T08:45:25Z,180.03,35.04,PASS,TRUE,,/mnt/nurvai-data/04/batch_04/SKILL_011_20260204_084225/SKILL_011_20260204_084225_0.mcap
SKILL_011_20260204_084557,station_01_lab,SKILL_011,Package plastic ice cubes,C_BECERRA,2026-02-04T08:45:57Z,2026-02-04T08:48:48Z,171.49,34.94,PASS,TRUE,,/mnt/nurvai-data/04/batch_04/SKILL_011_20260204_084557/SKILL_011_20260204_084557_0.mcap
SKILL_013_20260203_123657,station_01_lab,SKILL_013,Set up a hand lamp,N_MORA,2026-02-03T12:36:58Z,2026-02-03T12:39:20Z,142.59,35.69,PASS,TRUE,,/mnt/nurvai-data/04/batch_04/SKILL_013_20260203_123657/SKILL_013_20260203_123657_0.mcap
SKILL_011_20260204_084930,station_01_lab,SKILL_011,Package plastic ice cubes,C_BECERRA,2026-02-04T08:49:30Z,2026-02-04T08:51:33Z,123.22,34.96,PASS,TRUE,,/mnt/nurvai-data/04/batch_04/SKILL_011_20260204_084930/SKILL_011_20260204_084930_0.mcap
SKILL_013_20260203_124445,station_01_lab,SKILL_013,Set up a hand lamp,N_MORA,2026-02-03T12:44:45Z,2026-02-03T12:47:16Z,151.46,36.76,PASS,TRUE,,/mnt/nurvai-data/04/batch_04/SKILL_013_20260203_124445/SKILL_013_20260203_124445_0.mcap
SKILL_013_20260203_124752,station_01_lab,SKILL_013,Set up a hand lamp,N_MORA,2026-02-03T12:47:52Z,2026-02-03T12:49:34Z,102.50,36.67,PASS,TRUE,,/mnt/nurvai-data/04/batch_04/SKILL_013_20260203_124752/SKILL_013_20260203_124752_0.mcap
SKILL_013_20260204_085355,station_01_lab,SKILL_013,Set up a hand lamp,C_BECERRA,2026-02-04T08:53:55Z,2026-02-04T08:57:42Z,226.81,34.99,PASS,TRUE,,/mnt/nurvai-data/04/batch_04/SKILL_013_20260204_085355/SKILL_013_20260204_085355_0.mcap
SKILL_013_20260204_085855,station_01_lab,SKILL_013,Set up a hand lamp,C_BECERRA,2026-02-04T08:58:55Z,2026-02-04T09:02:06Z,190.70,35.01,PASS,TRUE,,/mnt/nurvai-data/04/batch_04/SKILL_013_20260204_085855/SKILL_013_20260204_085855_0.mcap
SKILL_015_20260203_093220,station_01_lab,SKILL_015,Thread a needle,L_AGUILERA,2026-02-03T09:32:21Z,2026-02-03T09:36:16Z,235.51,32.55,PASS,TRUE,,/mnt/nurvai-data/04/batch_04/SKILL_015_20260203_093220/SKILL_015_20260203_093220_0.mcap
SKILL_015_20260203_093644,station_01_lab,SKILL_015,Thread a needle,L_AGUILERA,2026-02-03T09:36:44Z,2026-02-03T09:39:47Z,182.77,36.57,PASS,TRUE,,/mnt/nurvai-data/04/batch_04/SKILL_015_20260203_093644/SKILL_015_20260203_093644_0.mcap
SKILL_015_20260203_094019,station_01_lab,SKILL_015,Thread a needle,L_AGUILERA,2026-02-03T09:40:19Z,2026-02-03T09:43:29Z,190.71,36.90,PASS,TRUE,,/mnt/nurvai-data/04/batch_04/SKILL_015_20260203_094019/SKILL_015_20260203_094019_0.mcap
SKILL_015_20260203_125125,station_01_lab,SKILL_015,Thread a needle,N_MORA,2026-02-03T12:51:25Z,2026-02-03T12:52:13Z,47.98,36.91,PASS,FALSE,TOO_SHORT (48.0s),/mnt/nurvai-data/04/batch_04/SKILL_015_20260203_125125/SKILL_015_20260203_125125_0.mcap
SKILL_016_20260203_094523,station_01_lab,SKILL_016,Package a sewing set,L_AGUILERA,2026-02-03T09:45:23Z,2026-02-03T09:47:46Z,142.70,37.10,PASS,TRUE,,/mnt/nurvai-data/04/batch_04/SKILL_016_20260203_094523/SKILL_016_20260203_094523_0.mcap
SKILL_016_20260203_094842,station_01_lab,SKILL_016,Package a sewing set,L_AGUILERA,2026-02-03T09:48:42Z,2026-02-03T09:50:54Z,131.98,36.71,PASS,TRUE,,/mnt/nurvai-data/04/batch_04/SKILL_016_20260203_094842/SKILL_016_20260203_094842_0.mcap
SKILL_017_20260203_095139,station_01_lab,SKILL_017,Put pasta in ziploc bags,L_AGUILERA,2026-02-03T09:51:40Z,2026-02-03T09:56:39Z,299.56,36.94,PASS,TRUE,,/mnt/nurvai-data/04/batch_04/SKILL_017_20260203_095139/SKILL_017_20260203_095139_0.mcap
SKILL_017_20260203_125633,station_01_lab,SKILL_017,Put pasta in ziploc bags,N_MORA,2026-02-03T12:56:33Z,2026-02-03T12:58:19Z,106.12,36.66,PASS,TRUE,,/mnt/nurvai-data/04/batch_04/SKILL_017_20260203_125633/SKILL_017_20260203_125633_0.mcap
SKILL_017_20260203_130130,station_01_lab,SKILL_017,Put pasta in ziploc bags,C_BECERRA,2026-02-03T13:01:30Z,2026-02-03T13:07:36Z,365.69,35.93,PASS,TRUE,,/mnt/nurvai-data/04/batch_04/SKILL_017_20260203_130130/SKILL_017_20260203_130130_0.mcap
SKILL_017_20260203_130848,station_01_lab,SKILL_017,Put pasta in ziploc bags,C_BECERRA,2026-02-03T13:08:48Z,2026-02-03T13:12:31Z,222.50,36.21,PASS,TRUE,,/mnt/nurvai-data/04/batch_04/SKILL_017_20260203_130848/SKILL_017_20260203_130848_0.mcap
SKILL_018_20260203_132243,station_01_lab,SKILL_018,Close bags with twist ties,C_BECERRA,2026-02-03T13:22:43Z,2026-02-03T13:26:32Z,228.55,36.41,PASS,TRUE,,/mnt/nurvai-data/04/batch_04/SKILL_018_20260203_132243/SKILL_018_20260203_132243_0.mcap
SKILL_018_20260203_132957,station_01_lab,SKILL_018,Close bags with twist ties,C_BECERRA,2026-02-03T13:29:57Z,2026-02-03T13:32:40Z,162.53,36.09,PASS,TRUE,,/mnt/nurvai-data/04/batch_04/SKILL_018_20260203_132957/SKILL_018_20260203_132957_0.mcap
SKILL_001_20260108_181501,station_01_lab,SKILL_001,Pick & Place (Rápido),JUAN,2026-01-08T18:15:01Z,2026-01-08T18:15:52Z,50.93,4.04,PASS,FALSE,TOO_SHORT (50.9s),/mnt/nurvai-data/05/batch_01/SKILL_001_20260108_181501/SKILL_001_20260108_181501_0.mcap
SKILL_018_20260203_133354,station_01_lab,SKILL_018,Close bags with twist ties,C_BECERRA,2026-02-03T13:33:54Z,2026-02-03T13:36:24Z,149.38,37.02,PASS,TRUE,,/mnt/nurvai-data/04/batch_04/SKILL_018_20260203_133354/SKILL_018_20260203_133354_0.mcap
SKILL_001_20260108_182736,station_01_lab,SKILL_001,Pick & Place (Rápido),JUAN,2026-01-08T18:27:36Z,2026-01-08T18:28:10Z,33.53,5.06,PASS,FALSE,TOO_SHORT (33.5s),/mnt/nurvai-data/05/batch_01/SKILL_001_20260108_182736/SKILL_001_20260108_182736_0.mcap
SKILL_001_20260128_134622,station_01_lab,SKILL_001,Organize beads per color,D_VARGAS,2026-01-28T13:46:22Z,2026-01-28T13:47:09Z,46.46,4.27,PASS,FALSE,TOO_SHORT (46.5s),/mnt/nurvai-data/05/batch_01/SKILL_001_20260128_134622/SKILL_001_20260128_134622_0.mcap
SKILL_001_20260128_073946,station_01_lab,SKILL_001,Organize beads per color,N_MORA,2026-01-28T07:39:46Z,2026-01-28T07:48:55Z,548.59,4.37,PASS,TRUE,,/mnt/nurvai-data/05/batch_01/SKILL_001_20260128_073946/SKILL_001_20260128_073946_0.mcap
SKILL_001_20260128_134826,station_01_lab,SKILL_001,Organize beads per color,D_VARGAS,2026-01-28T13:48:26Z,2026-01-28T13:50:42Z,135.46,4.90,WARNING_DRIFT,TRUE,,/mnt/nurvai-data/05/batch_01/SKILL_001_20260128_134826/SKILL_001_20260128_134826_0.mcap
SKILL_001_20260129_081400,station_01_lab,SKILL_001,Organize beads per color,C_BECERRA,2026-01-29T08:14:00Z,2026-01-29T08:23:40Z,580.71,4.42,WARNING_DRIFT,TRUE,,/mnt/nurvai-data/05/batch_01/SKILL_001_20260129_081400/SKILL_001_20260129_081400_0.mcap
SKILL_003_20260126_074802,station_01_lab,SKILL_003,Organize screwdriver bits,E_MARTINEZ,2026-01-26T07:48:02Z,2026-01-26T07:55:50Z,468.59,3.44,PASS,TRUE,,/mnt/nurvai-data/05/batch_01/SKILL_003_20260126_074802/SKILL_003_20260126_074802_0.mcap
SKILL_003_20260126_081835,station_01_lab,SKILL_003,Organize screwdriver bits,E_MARTINEZ,2026-01-26T08:18:35Z,2026-01-26T08:20:54Z,139.47,4.18,PASS,TRUE,,/mnt/nurvai-data/05/batch_01/SKILL_003_20260126_081835/SKILL_003_20260126_081835_0.mcap
SKILL_003_20260126_075842,station_01_lab,SKILL_003,Organize screwdriver bits,E_MARTINEZ,2026-01-26T07:58:42Z,2026-01-26T08:05:27Z,404.76,3.99,PASS,TRUE,,/mnt/nurvai-data/05/batch_01/SKILL_003_20260126_075842/SKILL_003_20260126_075842_0.mcap
SKILL_003_20260126_082155,station_01_lab,SKILL_003,Organize screwdriver bits,E_MARTINEZ,2026-01-26T08:21:55Z,2026-01-26T08:24:10Z,134.64,3.95,PASS,TRUE,,/mnt/nurvai-data/05/batch_01/SKILL_003_20260126_082155/SKILL_003_20260126_082155_0.mcap
SKILL_003_20260126_082533,station_01_lab,SKILL_003,Organize screwdriver bits,E_MARTINEZ,2026-01-26T08:25:33Z,2026-01-26T08:32:30Z,417.10,4.02,WARNING_DRIFT,TRUE,,/mnt/nurvai-data/05/batch_01/SKILL_003_20260126_082533/SKILL_003_20260126_082533_0.mcap
SKILL_003_20260126_083232,station_01_lab,SKILL_003,Organize screwdriver bits,E_MARTINEZ,2026-01-26T08:32:32Z,2026-01-26T08:32:33Z,1.46,8.42,WARNING_DRIFT,FALSE,TOO_SHORT (1.5s),/mnt/nurvai-data/05/batch_01/SKILL_003_20260126_083232/SKILL_003_20260126_083232_0.mcap
SKILL_003_20260126_105157,station_01_lab,SKILL_003,Organize screwdriver bits,C_BECERRA,2026-01-26T10:51:57Z,2026-01-26T10:55:47Z,230.07,4.18,PASS,TRUE,,/mnt/nurvai-data/05/batch_01/SKILL_003_20260126_105157/SKILL_003_20260126_105157_0.mcap
SKILL_003_20260126_105853,station_01_lab,SKILL_003,Organize screwdriver bits,C_BECERRA,2026-01-26T10:58:53Z,2026-01-26T11:02:16Z,203.60,4.02,PASS,TRUE,,/mnt/nurvai-data/05/batch_01/SKILL_003_20260126_105853/SKILL_003_20260126_105853_0.mcap
SKILL_003_20260126_131735,station_01_lab,SKILL_003,Organize screwdriver bits,D_VARGAS,2026-01-26T13:17:35Z,2026-01-26T13:21:33Z,237.73,2.10,PASS,TRUE,,/mnt/nurvai-data/05/batch_01/SKILL_003_20260126_131735/SKILL_003_20260126_131735_0.mcap
SKILL_003_20260126_131148,station_01_lab,SKILL_003,Organize screwdriver bits,D_VARGAS,2026-01-26T13:11:48Z,2026-01-26T13:16:20Z,272.63,2.43,PASS,TRUE,,/mnt/nurvai-data/05/batch_01/SKILL_003_20260126_131148/SKILL_003_20260126_131148_0.mcap
SKILL_003_20260126_143750,station_01_lab,SKILL_003,Organize screwdriver bits,H_ALCARAZ,2026-01-26T14:37:50Z,2026-01-26T14:43:22Z,331.70,3.83,WARNING_DRIFT,TRUE,,/mnt/nurvai-data/05/batch_01/SKILL_003_20260126_143750/SKILL_003_20260126_143750_0.mcap
SKILL_003_20260126_144600,station_01_lab,SKILL_003,Organize screwdriver bits,H_ALCARAZ,2026-01-26T14:46:00Z,2026-01-26T14:49:57Z,237.01,3.68,PASS,TRUE,,/mnt/nurvai-data/05/batch_01/SKILL_003_20260126_144600/SKILL_003_20260126_144600_0.mcap
SKILL_003_20260127_073742,station_01_lab,SKILL_003,Organize screwdriver bits,C_BECERRA,2026-01-27T07:37:42Z,2026-01-27T07:41:43Z,241.41,4.86,PASS,TRUE,,/mnt/nurvai-data/05/batch_01/SKILL_003_20260127_073742/SKILL_003_20260127_073742_0.mcap
SKILL_003_20260127_073148,station_01_lab,SKILL_003,Organize screwdriver bits,C_BECERRA,2026-01-27T07:31:48Z,2026-01-27T07:35:05Z,196.93,4.57,PASS,TRUE,,/mnt/nurvai-data/05/batch_01/SKILL_003_20260127_073148/SKILL_003_20260127_073148_0.mcap
SKILL_003_20260127_083104,station_01_lab,SKILL_003,Organize screwdriver bits,D_VARGAS,2026-01-27T08:31:04Z,2026-01-27T08:35:57Z,293.28,4.25,PASS,TRUE,,/mnt/nurvai-data/05/batch_01/SKILL_003_20260127_083104/SKILL_003_20260127_083104_0.mcap
SKILL_003_20260127_082445,station_01_lab,SKILL_003,Organize screwdriver bits,D_VARGAS,2026-01-27T08:24:45Z,2026-01-27T08:29:31Z,285.71,4.22,PASS,TRUE,,/mnt/nurvai-data/05/batch_01/SKILL_003_20260127_082445/SKILL_003_20260127_082445_0.mcap
SKILL_003_20260127_095313,station_01_lab,SKILL_003,Organize screwdriver bits,N_MORA,2026-01-27T09:53:13Z,2026-01-27T09:58:39Z,326.12,5.15,PASS,TRUE,,/mnt/nurvai-data/05/batch_01/SKILL_003_20260127_095313/SKILL_003_20260127_095313_0.mcap
SKILL_003_20260127_095955,station_01_lab,SKILL_003,Organize screwdriver bits,N_MORA,2026-01-27T09:59:55Z,2026-01-27T10:04:16Z,260.74,4.62,PASS,TRUE,,/mnt/nurvai-data/05/batch_01/SKILL_003_20260127_095955/SKILL_003_20260127_095955_0.mcap
SKILL_003_20260127_100546,station_01_lab,SKILL_003,Organize screwdriver bits,N_MORA,2026-01-27T10:05:46Z,2026-01-27T10:09:49Z,243.03,4.83,PASS,TRUE,,/mnt/nurvai-data/05/batch_01/SKILL_003_20260127_100546/SKILL_003_20260127_100546_0.mcap
SKILL_003_20260127_122235,station_01_lab,SKILL_003,Organize screwdriver bits,C_BECERRA,2026-01-27T12:22:35Z,2026-01-27T12:26:50Z,254.75,4.11,WARNING_DRIFT,TRUE,,/mnt/nurvai-data/05/batch_01/SKILL_003_20260127_122235/SKILL_003_20260127_122235_0.mcap
SKILL_003_20260127_122842,station_01_lab,SKILL_003,Organize screwdriver bits,C_BECERRA,2026-01-27T12:28:42Z,2026-01-27T12:32:05Z,203.69,4.06,PASS,TRUE,,/mnt/nurvai-data/05/batch_01/SKILL_003_20260127_122842/SKILL_003_20260127_122842_0.mcap
SKILL_003_20260127_144550,station_01_lab,SKILL_003,Organize screwdriver bits,C_BECERRA,2026-01-27T14:45:50Z,2026-01-27T14:49:49Z,238.30,3.84,PASS,TRUE,,/mnt/nurvai-data/05/batch_01/SKILL_003_20260127_144550/SKILL_003_20260127_144550_0.mcap
SKILL_003_20260128_090356,station_01_lab,SKILL_003,Organize screwdriver bits,C_BECERRA,2026-01-28T09:03:56Z,2026-01-28T09:08:22Z,266.00,3.45,WARNING_DRIFT,TRUE,,/mnt/nurvai-data/05/batch_01/SKILL_003_20260128_090356/SKILL_003_20260128_090356_0.mcap
SKILL_003_20260127_145202,station_01_lab,SKILL_003,Organize screwdriver bits,C_BECERRA,2026-01-27T14:52:02Z,2026-01-27T14:55:33Z,210.75,4.15,PASS,TRUE,,/mnt/nurvai-data/05/batch_01/SKILL_003_20260127_145202/SKILL_003_20260127_145202_0.mcap
SKILL_003_20260128_090930,station_01_lab,SKILL_003,Organize screwdriver bits,C_BECERRA,2026-01-28T09:09:30Z,2026-01-28T09:12:55Z,205.62,2.23,PASS,TRUE,,/mnt/nurvai-data/05/batch_01/SKILL_003_20260128_090930/SKILL_003_20260128_090930_0.mcap
SKILL_003_20260128_125058,station_01_lab,SKILL_003,Organize screwdriver bits,E_MARTINEZ,2026-01-28T12:50:58Z,2026-01-28T12:54:55Z,236.93,4.34,PASS,TRUE,,/mnt/nurvai-data/05/batch_01/SKILL_003_20260128_125058/SKILL_003_20260128_125058_0.mcap
SKILL_003_20260129_074551,station_01_lab,SKILL_003,Organize screwdriver bits,C_BECERRA,2026-01-29T07:45:51Z,2026-01-29T07:49:15Z,204.18,4.46,WARNING_DRIFT,TRUE,,/mnt/nurvai-data/05/batch_01/SKILL_003_20260129_074551/SKILL_003_20260129_074551_0.mcap
SKILL_003_20260129_075323,station_01_lab,SKILL_003,Organize screwdriver bits,C_BECERRA,2026-01-29T07:53:23Z,2026-01-29T07:56:21Z,177.70,4.60,WARNING_DRIFT,TRUE,,/mnt/nurvai-data/05/batch_01/SKILL_003_20260129_075323/SKILL_003_20260129_075323_0.mcap
SKILL_003_20260129_075647,station_01_lab,SKILL_003,Organize screwdriver bits,C_BECERRA,2026-01-29T07:56:47Z,2026-01-29T07:56:50Z,3.16,4.21,WARNING_DRIFT,FALSE,TOO_SHORT (3.2s),/mnt/nurvai-data/05/batch_01/SKILL_003_20260129_075647/SKILL_003_20260129_075647_0.mcap
SKILL_003_20260129_075814,station_01_lab,SKILL_003,Organize screwdriver bits,C_BECERRA,2026-01-29T07:58:14Z,2026-01-29T08:00:46Z,152.08,4.75,WARNING_DRIFT,TRUE,,/mnt/nurvai-data/05/batch_01/SKILL_003_20260129_075814/SKILL_003_20260129_075814_0.mcap
SKILL_003_20260129_094526,station_01_lab,SKILL_003,Organize screwdriver bits,E_MARTINEZ,2026-01-29T09:45:26Z,2026-01-29T09:46:08Z,41.96,5.77,WARNING_DRIFT,FALSE,TOO_SHORT (42.0s),/mnt/nurvai-data/05/batch_01/SKILL_003_20260129_094526/SKILL_003_20260129_094526_0.mcap
SKILL_003_20260129_094011,station_01_lab,SKILL_003,Organize screwdriver bits,E_MARTINEZ,2026-01-29T09:40:11Z,2026-01-29T09:45:07Z,296.18,5.38,WARNING_DRIFT,TRUE,,/mnt/nurvai-data/05/batch_01/SKILL_003_20260129_094011/SKILL_003_20260129_094011_0.mcap
SKILL_003_20260129_094614,station_01_lab,SKILL_003,Organize screwdriver bits,E_MARTINEZ,2026-01-29T09:46:14Z,2026-01-29T09:46:28Z,14.61,5.40,WARNING_DRIFT,FALSE,TOO_SHORT (14.6s),/mnt/nurvai-data/05/batch_01/SKILL_003_20260129_094614/SKILL_003_20260129_094614_0.mcap
SKILL_003_20260129_095920,station_01_lab,SKILL_003,Organize screwdriver bits,E_MARTINEZ,2026-01-29T09:59:20Z,2026-01-29T09:59:42Z,22.59,4.19,PASS,FALSE,TOO_SHORT (22.6s),/mnt/nurvai-data/05/batch_01/SKILL_003_20260129_095920/SKILL_003_20260129_095920_0.mcap
SKILL_003_20260129_095334,station_01_lab,SKILL_003,Organize screwdriver bits,E_MARTINEZ,2026-01-29T09:53:34Z,2026-01-29T09:54:17Z,42.84,4.48,PASS,FALSE,TOO_SHORT (42.8s),/mnt/nurvai-data/05/batch_01/SKILL_003_20260129_095334/SKILL_003_20260129_095334_0.mcap
SKILL_003_20260129_100122,station_01_lab,SKILL_003,Organize screwdriver bits,E_MARTINEZ,2026-01-29T10:01:22Z,2026-01-29T10:05:33Z,250.61,4.86,PASS,TRUE,,/mnt/nurvai-data/05/batch_01/SKILL_003_20260129_100122/SKILL_003_20260129_100122_0.mcap
SKILL_004_20260128_105400,station_01_lab,SKILL_004,Set Screwdriver package,C_BECERRA,2026-01-28T10:54:00Z,2026-01-28T10:58:00Z,240.81,4.68,PASS,TRUE,,/mnt/nurvai-data/05/batch_01/SKILL_004_20260128_105400/SKILL_004_20260128_105400_0.mcap
SKILL_004_20260128_104828,station_01_lab,SKILL_004,Set Screwdriver package,C_BECERRA,2026-01-28T10:48:28Z,2026-01-28T10:52:26Z,238.23,4.43,PASS,TRUE,,/mnt/nurvai-data/05/batch_01/SKILL_004_20260128_104828/SKILL_004_20260128_104828_0.mcap
SKILL_005_20260128_105907,station_01_lab,SKILL_005,Insert allen keys in package,C_BECERRA,2026-01-28T10:59:07Z,2026-01-28T11:03:00Z,233.03,4.63,WARNING_DRIFT,TRUE,,/mnt/nurvai-data/05/batch_01/SKILL_005_20260128_105907/SKILL_005_20260128_105907_0.mcap
SKILL_005_20260128_110344,station_01_lab,SKILL_005,Insert allen keys in package,C_BECERRA,2026-01-28T11:03:44Z,2026-01-28T11:07:14Z,210.31,2.70,PASS,TRUE,,/mnt/nurvai-data/05/batch_01/SKILL_005_20260128_110344/SKILL_005_20260128_110344_0.mcap
SKILL_005_20260128_111252,station_01_lab,SKILL_005,Insert allen keys in package,C_BECERRA,2026-01-28T11:12:52Z,2026-01-28T11:16:06Z,194.70,4.35,PASS,TRUE,,/mnt/nurvai-data/05/batch_01/SKILL_005_20260128_111252/SKILL_005_20260128_111252_0.mcap
SKILL_005_20260128_122706,station_01_lab,SKILL_005,Insert allen keys in package,E_MARTINEZ,2026-01-28T12:27:06Z,2026-01-28T12:29:43Z,156.30,4.00,PASS,TRUE,,/mnt/nurvai-data/05/batch_01/SKILL_005_20260128_122706/SKILL_005_20260128_122706_0.mcap
SKILL_005_20260128_123018,station_01_lab,SKILL_005,Insert allen keys in package,E_MARTINEZ,2026-01-28T12:30:18Z,2026-01-28T12:33:06Z,167.55,4.00,PASS,TRUE,,/mnt/nurvai-data/05/batch_01/SKILL_005_20260128_123018/SKILL_005_20260128_123018_0.mcap
SKILL_005_20260128_123419,station_01_lab,SKILL_005,Insert allen keys in package,E_MARTINEZ,2026-01-28T12:34:19Z,2026-01-28T12:35:13Z,54.03,4.39,WARNING_DRIFT,FALSE,TOO_SHORT (54.0s),/mnt/nurvai-data/05/batch_01/SKILL_005_20260128_123419/SKILL_005_20260128_123419_0.mcap
SKILL_005_20260128_123622,station_01_lab,SKILL_005,Insert allen keys in package,E_MARTINEZ,2026-01-28T12:36:22Z,2026-01-28T12:37:16Z,54.46,4.46,PASS,FALSE,TOO_SHORT (54.5s),/mnt/nurvai-data/05/batch_01/SKILL_005_20260128_123622/SKILL_005_20260128_123622_0.mcap
SKILL_005_20260128_123807,station_01_lab,SKILL_005,Insert allen keys in package,E_MARTINEZ,2026-01-28T12:38:07Z,2026-01-28T12:38:43Z,36.32,4.42,PASS,FALSE,TOO_SHORT (36.3s),/mnt/nurvai-data/05/batch_01/SKILL_005_20260128_123807/SKILL_005_20260128_123807_0.mcap
SKILL_005_20260128_135726,station_01_lab,SKILL_005,Insert allen keys in package,D_VARGAS,2026-01-28T13:57:26Z,2026-01-28T14:00:32Z,186.35,5.13,PASS,TRUE,,/mnt/nurvai-data/05/batch_01/SKILL_005_20260128_135726/SKILL_005_20260128_135726_0.mcap
SKILL_005_20260129_100855,station_01_lab,SKILL_005,Insert allen keys in package,E_MARTINEZ,2026-01-29T10:08:55Z,2026-01-29T10:10:32Z,96.42,4.75,WARNING_DRIFT,TRUE,,/mnt/nurvai-data/05/batch_01/SKILL_005_20260129_100855/SKILL_005_20260129_100855_0.mcap
SKILL_005_20260129_101424,station_01_lab,SKILL_005,Insert allen keys in package,E_MARTINEZ,2026-01-29T10:14:24Z,2026-01-29T10:17:09Z,164.38,4.59,PASS,TRUE,,/mnt/nurvai-data/05/batch_01/SKILL_005_20260129_101424/SKILL_005_20260129_101424_0.mcap
SKILL_005_20260129_101141,station_01_lab,SKILL_005,Insert allen keys in package,E_MARTINEZ,2026-01-29T10:11:41Z,2026-01-29T10:12:32Z,50.27,4.53,PASS,FALSE,TOO_SHORT (50.3s),/mnt/nurvai-data/05/batch_01/SKILL_005_20260129_101141/SKILL_005_20260129_101141_0.mcap
SKILL_005_20260129_124621,station_01_lab,SKILL_005,Insert allen keys in package,N_MORA,2026-01-29T12:46:21Z,2026-01-29T12:47:19Z,58.66,4.58,WARNING_DRIFT,FALSE,TOO_SHORT (58.7s),/mnt/nurvai-data/05/batch_01/SKILL_005_20260129_124621/SKILL_005_20260129_124621_0.mcap
SKILL_005_20260129_124901,station_01_lab,SKILL_005,Insert allen keys in package,N_MORA,2026-01-29T12:49:01Z,2026-01-29T12:51:47Z,165.62,4.11,PASS,TRUE,,/mnt/nurvai-data/05/batch_01/SKILL_005_20260129_124901/SKILL_005_20260129_124901_0.mcap
SKILL_009_20260120_155106,station_01_lab,SKILL_009,Package Cotton set,H_ALCARAZ,2026-01-20T15:51:06Z,2026-01-20T15:51:08Z,2.66,6.29,WARNING_DRIFT,FALSE,TOO_SHORT (2.7s),/mnt/nurvai-data/05/batch_01/SKILL_009_20260120_155106/SKILL_009_20260120_155106_0.mcap
SKILL_009_20260126_083607,station_01_lab,SKILL_009,Package Cotton set,E_MARTINEZ,2026-01-26T08:36:07Z,2026-01-26T08:43:54Z,467.29,3.74,WARNING_DRIFT,TRUE,,/mnt/nurvai-data/05/batch_01/SKILL_009_20260126_083607/SKILL_009_20260126_083607_0.mcap
SKILL_009_20260120_155112,station_01_lab,SKILL_009,Package Cotton set,H_ALCARAZ,2026-01-20T15:51:12Z,2026-01-20T15:56:39Z,327.46,5.16,WARNING_DRIFT,TRUE,,/mnt/nurvai-data/05/batch_01/SKILL_009_20260120_155112/SKILL_009_20260120_155112_0.mcap
SKILL_009_20260127_135816,station_01_lab,SKILL_009,Package Cotton set,D_VARGAS,2026-01-27T13:58:16Z,2026-01-27T13:59:25Z,69.11,2.08,PASS,FALSE,TOO_SHORT (69.1s),/mnt/nurvai-data/05/batch_01/SKILL_009_20260127_135816/SKILL_009_20260127_135816_0.mcap
SKILL_009_20260127_135142,station_01_lab,SKILL_009,Package Cotton set,D_VARGAS,2026-01-27T13:51:42Z,2026-01-27T13:55:38Z,236.20,4.26,PASS,TRUE,,/mnt/nurvai-data/05/batch_01/SKILL_009_20260127_135142/SKILL_009_20260127_135142_0.mcap
SKILL_009_20260127_141215,station_01_lab,SKILL_009,Package Cotton set,C_BECERRA,2026-01-27T14:12:15Z,2026-01-27T14:16:33Z,257.51,3.95,PASS,TRUE,,/mnt/nurvai-data/05/batch_01/SKILL_009_20260127_141215/SKILL_009_20260127_141215_0.mcap
SKILL_009_20260127_143901,station_01_lab,SKILL_009,Package Cotton set,C_BECERRA,2026-01-27T14:39:01Z,2026-01-27T14:44:18Z,316.64,3.80,WARNING_DRIFT,TRUE,,/mnt/nurvai-data/05/batch_01/SKILL_009_20260127_143901/SKILL_009_20260127_143901_0.mcap
SKILL_009_20260128_072642,station_01_lab,SKILL_009,Package Cotton set,N_MORA,2026-01-28T07:26:42Z,2026-01-28T07:29:53Z,190.28,3.76,PASS,TRUE,,/mnt/nurvai-data/05/batch_01/SKILL_009_20260128_072642/SKILL_009_20260128_072642_0.mcap
SKILL_009_20260128_073124,station_01_lab,SKILL_009,Package Cotton set,N_MORA,2026-01-28T07:31:24Z,2026-01-28T07:34:13Z,168.40,3.95,PASS,TRUE,,/mnt/nurvai-data/05/batch_01/SKILL_009_20260128_073124/SKILL_009_20260128_073124_0.mcap
SKILL_009_20260128_073502,station_01_lab,SKILL_009,Package Cotton set,N_MORA,2026-01-28T07:35:02Z,2026-01-28T07:38:46Z,224.35,3.47,PASS,TRUE,,/mnt/nurvai-data/05/batch_01/SKILL_009_20260128_073502/SKILL_009_20260128_073502_0.mcap
SKILL_009_20260128_085835,station_01_lab,SKILL_009,Package Cotton set,C_BECERRA,2026-01-28T08:58:35Z,2026-01-28T09:03:24Z,288.73,3.47,PASS,TRUE,,/mnt/nurvai-data/05/batch_01/SKILL_009_20260128_085835/SKILL_009_20260128_085835_0.mcap
SKILL_009_20260128_085244,station_01_lab,SKILL_009,Package Cotton set,C_BECERRA,2026-01-28T08:52:44Z,2026-01-28T08:57:42Z,298.07,3.41,WARNING_DRIFT,TRUE,,/mnt/nurvai-data/05/batch_01/SKILL_009_20260128_085244/SKILL_009_20260128_085244_0.mcap
SKILL_009_20260128_102640,station_01_lab,SKILL_009,Package Cotton set,N_MORA,2026-01-28T10:26:40Z,2026-01-28T10:27:06Z,26.15,4.30,PASS,FALSE,TOO_SHORT (26.1s),/mnt/nurvai-data/05/batch_01/SKILL_009_20260128_102640/SKILL_009_20260128_102640_0.mcap
SKILL_009_20260128_103025,station_01_lab,SKILL_009,Package Cotton set,N_MORA,2026-01-28T10:30:25Z,2026-01-28T10:34:00Z,214.90,3.64,PASS,TRUE,,/mnt/nurvai-data/05/batch_01/SKILL_009_20260128_103025/SKILL_009_20260128_103025_0.mcap
SKILL_009_20260128_125839,station_01_lab,SKILL_009,Package Cotton set,E_MARTINEZ,2026-01-28T12:58:39Z,2026-01-28T13:02:14Z,214.96,4.56,PASS,TRUE,,/mnt/nurvai-data/05/batch_01/SKILL_009_20260128_125839/SKILL_009_20260128_125839_0.mcap
SKILL_009_20260128_131501,station_01_lab,SKILL_009,Package Cotton set,D_VARGAS,2026-01-28T13:15:01Z,2026-01-28T13:17:19Z,137.55,1.94,PASS,TRUE,,/mnt/nurvai-data/05/batch_01/SKILL_009_20260128_131501/SKILL_009_20260128_131501_0.mcap
SKILL_009_20260128_131836,station_01_lab,SKILL_009,Package Cotton set,D_VARGAS,2026-01-28T13:18:36Z,2026-01-28T13:19:02Z,26.66,1.91,PASS,FALSE,TOO_SHORT (26.7s),/mnt/nurvai-data/05/batch_01/SKILL_009_20260128_131836/SKILL_009_20260128_131836_0.mcap
SKILL_009_20260128_132138,station_01_lab,SKILL_009,Package Cotton set,D_VARGAS,2026-01-28T13:21:38Z,2026-01-28T13:24:19Z,160.39,4.67,WARNING_DRIFT,TRUE,,/mnt/nurvai-data/05/batch_01/SKILL_009_20260128_132138/SKILL_009_20260128_132138_0.mcap
SKILL_009_20260129_073501,station_01_lab,SKILL_009,Package Cotton set,C_BECERRA,2026-01-29T07:35:01Z,2026-01-29T07:39:37Z,276.25,3.96,PASS,TRUE,,/mnt/nurvai-data/05/batch_01/SKILL_009_20260129_073501/SKILL_009_20260129_073501_0.mcap
SKILL_009_20260129_074024,station_01_lab,SKILL_009,Package Cotton set,C_BECERRA,2026-01-29T07:40:24Z,2026-01-29T07:44:45Z,260.79,4.00,PASS,TRUE,,/mnt/nurvai-data/05/batch_01/SKILL_009_20260129_074024/SKILL_009_20260129_074024_0.mcap
SKILL_009_20260129_111418,station_01_lab,SKILL_009,Package Cotton set,N_MORA,2026-01-29T11:14:18Z,2026-01-29T11:18:22Z,243.94,3.84,PASS,TRUE,,/mnt/nurvai-data/05/batch_01/SKILL_009_20260129_111418/SKILL_009_20260129_111418_0.mcap
SKILL_009_20260129_105617,station_01_lab,SKILL_009,Package Cotton set,E_MARTINEZ,2026-01-29T10:56:17Z,2026-01-29T10:59:35Z,197.89,3.55,PASS,TRUE,,/mnt/nurvai-data/05/batch_01/SKILL_009_20260129_105617/SKILL_009_20260129_105617_0.mcap
SKILL_009_20260129_111929,station_01_lab,SKILL_009,Package Cotton set,N_MORA,2026-01-29T11:19:29Z,2026-01-29T11:22:50Z,201.01,4.15,WARNING_DRIFT,TRUE,,/mnt/nurvai-data/05/batch_01/SKILL_009_20260129_111929/SKILL_009_20260129_111929_0.mcap
SKILL_009_20260129_112418,station_01_lab,SKILL_009,Package Cotton set,N_MORA,2026-01-29T11:24:18Z,2026-01-29T11:26:35Z,136.59,3.93,PASS,TRUE,,/mnt/nurvai-data/05/batch_01/SKILL_009_20260129_112418/SKILL_009_20260129_112418_0.mcap
SKILL_009_20260129_120557,station_01_lab,SKILL_009,Package Cotton set,N_MORA,2026-01-29T12:05:57Z,2026-01-29T12:09:01Z,183.46,3.87,PASS,TRUE,,/mnt/nurvai-data/05/batch_01/SKILL_009_20260129_120557/SKILL_009_20260129_120557_0.mcap
SKILL_009_20260129_132019,station_01_lab,SKILL_009,Package Cotton set,C_BECERRA,2026-01-29T13:20:19Z,2026-01-29T13:24:29Z,250.31,3.41,PASS,TRUE,,/mnt/nurvai-data/05/batch_01/SKILL_009_20260129_132019/SKILL_009_20260129_132019_0.mcap
SKILL_009_20260129_133206,station_01_lab,SKILL_009,Package Cotton set,C_BECERRA,2026-01-29T13:32:06Z,2026-01-29T13:35:52Z,226.49,3.39,WARNING_DRIFT,TRUE,,/mnt/nurvai-data/05/batch_01/SKILL_009_20260129_133206/SKILL_009_20260129_133206_0.mcap
SKILL_010_20260124_075123,station_01_lab,SKILL_010,Package earphones,N_MORA,2026-01-24T07:51:23Z,2026-01-24T07:55:43Z,260.26,4.13,PASS,TRUE,,/mnt/nurvai-data/05/batch_01/SKILL_010_20260124_075123/SKILL_010_20260124_075123_0.mcap
SKILL_010_20260124_125622,station_01_lab,SKILL_010,Package earphones,C_BECERRA,2026-01-24T12:56:22Z,2026-01-24T13:02:07Z,345.02,4.26,WARNING_DRIFT,TRUE,,/mnt/nurvai-data/05/batch_01/SKILL_010_20260124_125622/SKILL_010_20260124_125622_0.mcap
SKILL_010_20260124_130208,station_01_lab,SKILL_010,Package earphones,C_BECERRA,2026-01-24T13:02:08Z,2026-01-24T13:02:09Z,0.62,6.41,PASS,FALSE,TOO_SHORT (0.6s),/mnt/nurvai-data/05/batch_01/SKILL_010_20260124_130208/SKILL_010_20260124_130208_0.mcap
SKILL_010_20260124_132715,station_01_lab,SKILL_010,Package earphones,C_BECERRA,2026-01-24T13:27:15Z,2026-01-24T13:32:05Z,289.37,3.89,PASS,TRUE,,/mnt/nurvai-data/05/batch_01/SKILL_010_20260124_132715/SKILL_010_20260124_132715_0.mcap
SKILL_010_20260124_133325,station_01_lab,SKILL_010,Package earphones,C_BECERRA,2026-01-24T13:33:25Z,2026-01-24T13:36:53Z,207.67,3.67,PASS,TRUE,,/mnt/nurvai-data/05/batch_01/SKILL_010_20260124_133325/SKILL_010_20260124_133325_0.mcap
SKILL_010_20260127_134339,station_01_lab,SKILL_010,Package earphones,D_VARGAS,2026-01-27T13:43:39Z,2026-01-27T13:48:35Z,296.48,4.65,PASS,TRUE,,/mnt/nurvai-data/05/batch_01/SKILL_010_20260127_134339/SKILL_010_20260127_134339_0.mcap
SKILL_010_20260127_133642,station_01_lab,SKILL_010,Package earphones,D_VARGAS,2026-01-27T13:36:42Z,2026-01-27T13:41:50Z,307.98,4.61,PASS,TRUE,,/mnt/nurvai-data/05/batch_01/SKILL_010_20260127_133642/SKILL_010_20260127_133642_0.mcap
SKILL_010_20260128_103508,station_01_lab,SKILL_010,Package earphones,N_MORA,2026-01-28T10:35:08Z,2026-01-28T10:39:17Z,248.90,4.58,WARNING_DRIFT,TRUE,,/mnt/nurvai-data/05/batch_01/SKILL_010_20260128_103508/SKILL_010_20260128_103508_0.mcap
SKILL_010_20260128_141659,station_01_lab,SKILL_010,Package earphones,E_MARTINEZ,2026-01-28T14:16:59Z,2026-01-28T14:21:13Z,253.77,4.47,PASS,TRUE,,/mnt/nurvai-data/05/batch_01/SKILL_010_20260128_141659/SKILL_010_20260128_141659_0.mcap
SKILL_010_20260128_142439,station_01_lab,SKILL_010,Package earphones,E_MARTINEZ,2026-01-28T14:24:39Z,2026-01-28T14:28:56Z,257.68,4.58,PASS,TRUE,,/mnt/nurvai-data/05/batch_01/SKILL_010_20260128_142439/SKILL_010_20260128_142439_0.mcap
SKILL_010_20260129_101823,station_01_lab,SKILL_010,Package earphones,E_MARTINEZ,2026-01-29T10:18:23Z,2026-01-29T10:21:16Z,173.07,5.43,PASS,TRUE,,/mnt/nurvai-data/05/batch_01/SKILL_010_20260129_101823/SKILL_010_20260129_101823_0.mcap
SKILL_010_20260129_102946,station_01_lab,SKILL_010,Package earphones,E_MARTINEZ,2026-01-29T10:29:46Z,2026-01-29T10:29:48Z,1.49,5.80,PASS,FALSE,TOO_SHORT (1.5s),/mnt/nurvai-data/05/batch_01/SKILL_010_20260129_102946/SKILL_010_20260129_102946_0.mcap
SKILL_010_20260129_102517,station_01_lab,SKILL_010,Package earphones,E_MARTINEZ,2026-01-29T10:25:17Z,2026-01-29T10:29:35Z,257.75,5.58,WARNING_DRIFT,TRUE,,/mnt/nurvai-data/05/batch_01/SKILL_010_20260129_102517/SKILL_010_20260129_102517_0.mcap
SKILL_013_20260124_082202,station_01_lab,SKILL_013,Set up a hand lamp,N_MORA,2026-01-24T08:22:02Z,2026-01-24T08:22:37Z,35.18,4.10,PASS,FALSE,TOO_SHORT (35.2s),/mnt/nurvai-data/05/batch_01/SKILL_013_20260124_082202/SKILL_013_20260124_082202_0.mcap
SKILL_013_20260124_133800,station_01_lab,SKILL_013,Set up a hand lamp,C_BECERRA,2026-01-24T13:38:00Z,2026-01-24T13:40:31Z,151.55,3.38,PASS,TRUE,,/mnt/nurvai-data/05/batch_01/SKILL_013_20260124_133800/SKILL_013_20260124_133800_0.mcap
SKILL_013_20260126_073439,station_01_lab,SKILL_013,Set up a hand lamp,E_MARTINEZ,2026-01-26T07:34:39Z,2026-01-26T07:38:49Z,250.27,3.79,PASS,TRUE,,/mnt/nurvai-data/05/batch_01/SKILL_013_20260126_073439/SKILL_013_20260126_073439_0.mcap
SKILL_013_20260126_103514,station_01_lab,SKILL_013,Set up a hand lamp,C_BECERRA,2026-01-26T10:35:14Z,2026-01-26T10:39:45Z,271.13,4.54,PASS,TRUE,,/mnt/nurvai-data/05/batch_01/SKILL_013_20260126_103514/SKILL_013_20260126_103514_0.mcap
SKILL_013_20260126_074030,station_01_lab,SKILL_013,Set up a hand lamp,E_MARTINEZ,2026-01-26T07:40:30Z,2026-01-26T07:45:24Z,294.36,3.74,WARNING_DRIFT,TRUE,,/mnt/nurvai-data/05/batch_01/SKILL_013_20260126_074030/SKILL_013_20260126_074030_0.mcap
SKILL_013_20260126_124904,station_01_lab,SKILL_013,Set up a hand lamp,D_VARGAS,2026-01-26T12:49:04Z,2026-01-26T12:51:13Z,129.57,3.84,WARNING_DRIFT,TRUE,,/mnt/nurvai-data/05/batch_01/SKILL_013_20260126_124904/SKILL_013_20260126_124904_0.mcap
SKILL_013_20260126_104043,station_01_lab,SKILL_013,Set up a hand lamp,C_BECERRA,2026-01-26T10:40:43Z,2026-01-26T10:44:02Z,198.84,4.38,PASS,TRUE,,/mnt/nurvai-data/05/batch_01/SKILL_013_20260126_104043/SKILL_013_20260126_104043_0.mcap
SKILL_013_20260126_125209,station_01_lab,SKILL_013,Set up a hand lamp,D_VARGAS,2026-01-26T12:52:09Z,2026-01-26T12:52:15Z,5.78,2.76,WARNING_DRIFT,FALSE,TOO_SHORT (5.8s),/mnt/nurvai-data/05/batch_01/SKILL_013_20260126_125209/SKILL_013_20260126_125209_0.mcap
SKILL_013_20260126_125231,station_01_lab,SKILL_013,Set up a hand lamp,D_VARGAS,2026-01-26T12:52:31Z,2026-01-26T12:52:36Z,5.58,4.31,PASS,FALSE,TOO_SHORT (5.6s),/mnt/nurvai-data/05/batch_01/SKILL_013_20260126_125231/SKILL_013_20260126_125231_0.mcap
SKILL_013_20260126_125255,station_01_lab,SKILL_013,Set up a hand lamp,D_VARGAS,2026-01-26T12:52:55Z,2026-01-26T12:54:56Z,121.08,3.73,PASS,TRUE,,/mnt/nurvai-data/05/batch_01/SKILL_013_20260126_125255/SKILL_013_20260126_125255_0.mcap
SKILL_013_20260126_125237,station_01_lab,SKILL_013,Set up a hand lamp,D_VARGAS,2026-01-26T12:52:37Z,2026-01-26T12:52:38Z,0.61,2.45,PASS,FALSE,TOO_SHORT (0.6s),/mnt/nurvai-data/05/batch_01/SKILL_013_20260126_125237/SKILL_013_20260126_125237_0.mcap
SKILL_013_20260126_125606,station_01_lab,SKILL_013,Set up a hand lamp,D_VARGAS,2026-01-26T12:56:06Z,2026-01-26T12:58:48Z,162.33,3.81,PASS,TRUE,,/mnt/nurvai-data/05/batch_01/SKILL_013_20260126_125606/SKILL_013_20260126_125606_0.mcap
SKILL_013_20260126_135348,station_01_lab,SKILL_013,Set up a hand lamp,N_MORA,2026-01-26T13:53:48Z,2026-01-26T13:57:15Z,207.41,3.76,PASS,TRUE,,/mnt/nurvai-data/05/batch_01/SKILL_013_20260126_135348/SKILL_013_20260126_135348_0.mcap
SKILL_013_20260126_135021,station_01_lab,SKILL_013,Set up a hand lamp,N_MORA,2026-01-26T13:50:21Z,2026-01-26T13:53:08Z,167.95,3.70,PASS,TRUE,,/mnt/nurvai-data/05/batch_01/SKILL_013_20260126_135021/SKILL_013_20260126_135021_0.mcap
SKILL_013_20260127_071932,station_01_lab,SKILL_013,Set up a hand lamp,C_BECERRA,2026-01-27T07:19:32Z,2026-01-27T07:23:51Z,258.64,4.51,PASS,TRUE,,/mnt/nurvai-data/05/batch_01/SKILL_013_20260127_071932/SKILL_013_20260127_071932_0.mcap
SKILL_013_20260127_071501,station_01_lab,SKILL_013,Set up a hand lamp,C_BECERRA,2026-01-27T07:15:01Z,2026-01-27T07:18:31Z,210.24,4.43,PASS,TRUE,,/mnt/nurvai-data/05/batch_01/SKILL_013_20260127_071501/SKILL_013_20260127_071501_0.mcap
SKILL_013_20260127_083920,station_01_lab,SKILL_013,Set up a hand lamp,D_VARGAS,2026-01-27T08:39:20Z,2026-01-27T08:41:23Z,122.81,4.96,PASS,TRUE,,/mnt/nurvai-data/05/batch_01/SKILL_013_20260127_083920/SKILL_013_20260127_083920_0.mcap
SKILL_013_20260127_084538,station_01_lab,SKILL_013,Set up a hand lamp,D_VARGAS,2026-01-27T08:45:38Z,2026-01-27T08:47:10Z,92.30,4.03,PASS,TRUE,,/mnt/nurvai-data/05/batch_01/SKILL_013_20260127_084538/SKILL_013_20260127_084538_0.mcap
SKILL_013_20260127_084154,station_01_lab,SKILL_013,Set up a hand lamp,D_VARGAS,2026-01-27T08:41:54Z,2026-01-27T08:43:44Z,109.52,4.44,WARNING_DRIFT,TRUE,,/mnt/nurvai-data/05/batch_01/SKILL_013_20260127_084154/SKILL_013_20260127_084154_0.mcap
SKILL_013_20260127_084853,station_01_lab,SKILL_013,Set up a hand lamp,D_VARGAS,2026-01-27T08:48:53Z,2026-01-27T08:49:56Z,62.35,4.26,WARNING_DRIFT,FALSE,TOO_SHORT (62.4s),/mnt/nurvai-data/05/batch_01/SKILL_013_20260127_084853/SKILL_013_20260127_084853_0.mcap
SKILL_013_20260127_084729,station_01_lab,SKILL_013,Set up a hand lamp,D_VARGAS,2026-01-27T08:47:29Z,2026-01-27T08:48:32Z,63.46,4.59,WARNING_DRIFT,FALSE,TOO_SHORT (63.5s),/mnt/nurvai-data/05/batch_01/SKILL_013_20260127_084729/SKILL_013_20260127_084729_0.mcap
SKILL_013_20260127_094456,station_01_lab,SKILL_013,Set up a hand lamp,N_MORA,2026-01-27T09:44:56Z,2026-01-27T09:46:47Z,111.61,4.31,WARNING_DRIFT,TRUE,,/mnt/nurvai-data/05/batch_01/SKILL_013_20260127_094456/SKILL_013_20260127_094456_0.mcap
SKILL_013_20260127_101810,station_01_lab,SKILL_013,Set up a hand lamp,N_MORA,2026-01-27T10:18:10Z,2026-01-27T10:19:24Z,74.17,4.11,PASS,FALSE,TOO_SHORT (74.2s),/mnt/nurvai-data/05/batch_01/SKILL_013_20260127_101810/SKILL_013_20260127_101810_0.mcap
SKILL_013_20260127_094812,station_01_lab,SKILL_013,Set up a hand lamp,N_MORA,2026-01-27T09:48:12Z,2026-01-27T09:51:12Z,179.78,4.76,WARNING_DRIFT,TRUE,,/mnt/nurvai-data/05/batch_01/SKILL_013_20260127_094812/SKILL_013_20260127_094812_0.mcap
SKILL_013_20260127_102509,station_01_lab,SKILL_013,Set up a hand lamp,L_AGUILERA,2026-01-27T10:25:09Z,2026-01-27T10:28:22Z,193.15,3.95,PASS,TRUE,,/mnt/nurvai-data/05/batch_01/SKILL_013_20260127_102509/SKILL_013_20260127_102509_0.mcap
SKILL_013_20260127_103252,station_01_lab,SKILL_013,Set up a hand lamp,L_AGUILERA,2026-01-27T10:32:52Z,2026-01-27T10:35:57Z,184.72,4.00,WARNING_DRIFT,TRUE,,/mnt/nurvai-data/05/batch_01/SKILL_013_20260127_103252/SKILL_013_20260127_103252_0.mcap
SKILL_013_20260127_102915,station_01_lab,SKILL_013,Set up a hand lamp,L_AGUILERA,2026-01-27T10:29:15Z,2026-01-27T10:32:04Z,168.76,4.05,PASS,TRUE,,/mnt/nurvai-data/05/batch_01/SKILL_013_20260127_102915/SKILL_013_20260127_102915_0.mcap
SKILL_013_20260127_121133,station_01_lab,SKILL_013,Set up a hand lamp,C_BECERRA,2026-01-27T12:11:33Z,2026-01-27T12:15:59Z,266.22,4.28,PASS,TRUE,,/mnt/nurvai-data/05/batch_01/SKILL_013_20260127_121133/SKILL_013_20260127_121133_0.mcap
SKILL_013_20260127_132701,station_01_lab,SKILL_013,Set up a hand lamp,D_VARGAS,2026-01-27T13:27:01Z,2026-01-27T13:27:07Z,5.75,4.09,PASS,FALSE,TOO_SHORT (5.8s),/mnt/nurvai-data/05/batch_01/SKILL_013_20260127_132701/SKILL_013_20260127_132701_0.mcap
SKILL_013_20260127_121807,station_01_lab,SKILL_013,Set up a hand lamp,C_BECERRA,2026-01-27T12:18:07Z,2026-01-27T12:20:40Z,153.24,4.22,WARNING_DRIFT,TRUE,,/mnt/nurvai-data/05/batch_01/SKILL_013_20260127_121807/SKILL_013_20260127_121807_0.mcap
SKILL_013_20260127_132726,station_01_lab,SKILL_013,Set up a hand lamp,D_VARGAS,2026-01-27T13:27:26Z,2026-01-27T13:28:19Z,52.36,4.21,PASS,FALSE,TOO_SHORT (52.4s),/mnt/nurvai-data/05/batch_01/SKILL_013_20260127_132726/SKILL_013_20260127_132726_0.mcap
SKILL_013_20260127_132856,station_01_lab,SKILL_013,Set up a hand lamp,D_VARGAS,2026-01-27T13:28:56Z,2026-01-27T13:30:40Z,104.80,4.18,PASS,TRUE,,/mnt/nurvai-data/05/batch_01/SKILL_013_20260127_132856/SKILL_013_20260127_132856_0.mcap
SKILL_013_20260127_133101,station_01_lab,SKILL_013,Set up a hand lamp,D_VARGAS,2026-01-27T13:31:01Z,2026-01-27T13:31:45Z,44.59,3.98,PASS,FALSE,TOO_SHORT (44.6s),/mnt/nurvai-data/05/batch_01/SKILL_013_20260127_133101/SKILL_013_20260127_133101_0.mcap
SKILL_013_20260127_133229,station_01_lab,SKILL_013,Set up a hand lamp,D_VARGAS,2026-01-27T13:32:29Z,2026-01-27T13:34:22Z,112.58,4.44,PASS,TRUE,,/mnt/nurvai-data/05/batch_01/SKILL_013_20260127_133229/SKILL_013_20260127_133229_0.mcap
SKILL_013_20260128_075111,station_01_lab,SKILL_013,Set up a hand lamp,N_MORA,2026-01-28T07:51:11Z,2026-01-28T07:51:21Z,9.97,4.60,PASS,FALSE,TOO_SHORT (10.0s),/mnt/nurvai-data/05/batch_01/SKILL_013_20260128_075111/SKILL_013_20260128_075111_0.mcap
SKILL_013_20260128_075525,station_01_lab,SKILL_013,Set up a hand lamp,N_MORA,2026-01-28T07:55:25Z,2026-01-28T07:56:40Z,74.76,3.71,PASS,FALSE,TOO_SHORT (74.8s),/mnt/nurvai-data/05/batch_01/SKILL_013_20260128_075525/SKILL_013_20260128_075525_0.mcap
SKILL_013_20260128_075142,station_01_lab,SKILL_013,Set up a hand lamp,N_MORA,2026-01-28T07:51:42Z,2026-01-28T07:52:36Z,54.62,3.46,PASS,FALSE,TOO_SHORT (54.6s),/mnt/nurvai-data/05/batch_01/SKILL_013_20260128_075142/SKILL_013_20260128_075142_0.mcap
SKILL_013_20260128_080208,station_01_lab,SKILL_013,Set up a hand lamp,N_MORA,2026-01-28T08:02:08Z,2026-01-28T08:05:29Z,201.36,4.55,WARNING_DRIFT,TRUE,,/mnt/nurvai-data/05/batch_01/SKILL_013_20260128_080208/SKILL_013_20260128_080208_0.mcap
SKILL_013_20260128_080633,station_01_lab,SKILL_013,Set up a hand lamp,N_MORA,2026-01-28T08:06:33Z,2026-01-28T08:07:12Z,39.51,3.93,PASS,FALSE,TOO_SHORT (39.5s),/mnt/nurvai-data/05/batch_01/SKILL_013_20260128_080633/SKILL_013_20260128_080633_0.mcap
SKILL_013_20260128_081759,station_01_lab,SKILL_013,Set up a hand lamp,N_MORA,2026-01-28T08:17:59Z,2026-01-28T08:18:38Z,39.65,4.10,WARNING_DRIFT,FALSE,TOO_SHORT (39.7s),/mnt/nurvai-data/05/batch_01/SKILL_013_20260128_081759/SKILL_013_20260128_081759_0.mcap
SKILL_013_20260128_083740,station_01_lab,SKILL_013,Set up a hand lamp,C_BECERRA,2026-01-28T08:37:40Z,2026-01-28T08:40:44Z,183.97,4.29,PASS,TRUE,,/mnt/nurvai-data/05/batch_01/SKILL_013_20260128_083740/SKILL_013_20260128_083740_0.mcap
SKILL_013_20260128_084148,station_01_lab,SKILL_013,Set up a hand lamp,C_BECERRA,2026-01-28T08:41:48Z,2026-01-28T08:43:26Z,98.01,4.18,PASS,TRUE,,/mnt/nurvai-data/05/batch_01/SKILL_013_20260128_084148/SKILL_013_20260128_084148_0.mcap
SKILL_013_20260128_084354,station_01_lab,SKILL_013,Set up a hand lamp,C_BECERRA,2026-01-28T08:43:54Z,2026-01-28T08:46:54Z,180.14,4.59,WARNING_DRIFT,TRUE,,/mnt/nurvai-data/05/batch_01/SKILL_013_20260128_084354/SKILL_013_20260128_084354_0.mcap
SKILL_013_20260128_084731,station_01_lab,SKILL_013,Set up a hand lamp,C_BECERRA,2026-01-28T08:47:31Z,2026-01-28T08:50:41Z,189.62,4.23,PASS,TRUE,,/mnt/nurvai-data/05/batch_01/SKILL_013_20260128_084731/SKILL_013_20260128_084731_0.mcap
SKILL_013_20260128_095510,station_01_lab,SKILL_013,Set up a hand lamp,N_MORA,2026-01-28T09:55:10Z,2026-01-28T09:55:40Z,29.63,3.77,PASS,FALSE,TOO_SHORT (29.6s),/mnt/nurvai-data/05/batch_01/SKILL_013_20260128_095510/SKILL_013_20260128_095510_0.mcap
SKILL_013_20260128_095219,station_01_lab,SKILL_013,Set up a hand lamp,N_MORA,2026-01-28T09:52:19Z,2026-01-28T09:54:24Z,124.39,4.32,PASS,TRUE,,/mnt/nurvai-data/05/batch_01/SKILL_013_20260128_095219/SKILL_013_20260128_095219_0.mcap
SKILL_013_20260128_124028,station_01_lab,SKILL_013,Set up a hand lamp,E_MARTINEZ,2026-01-28T12:40:28Z,2026-01-28T12:43:21Z,172.30,3.90,PASS,TRUE,,/mnt/nurvai-data/05/batch_01/SKILL_013_20260128_124028/SKILL_013_20260128_124028_0.mcap
SKILL_013_20260128_124433,station_01_lab,SKILL_013,Set up a hand lamp,E_MARTINEZ,2026-01-28T12:44:33Z,2026-01-28T12:47:35Z,182.08,4.10,PASS,TRUE,,/mnt/nurvai-data/05/batch_01/SKILL_013_20260128_124433/SKILL_013_20260128_124433_0.mcap
SKILL_013_20260129_080516,station_01_lab,SKILL_013,Set up a hand lamp,C_BECERRA,2026-01-29T08:05:16Z,2026-01-29T08:08:57Z,221.13,5.02,WARNING_DRIFT,TRUE,,/mnt/nurvai-data/05/batch_01/SKILL_013_20260129_080516/SKILL_013_20260129_080516_0.mcap
SKILL_013_20260129_081012,station_01_lab,SKILL_013,Set up a hand lamp,C_BECERRA,2026-01-29T08:10:12Z,2026-01-29T08:12:59Z,166.89,5.09,PASS,TRUE,,/mnt/nurvai-data/05/batch_01/SKILL_013_20260129_081012/SKILL_013_20260129_081012_0.mcap
SKILL_013_20260129_090207,station_01_lab,SKILL_013,Set up a hand lamp,L_AGUILERA,2026-01-29T09:02:07Z,2026-01-29T09:05:43Z,215.85,3.90,PASS,TRUE,,/mnt/nurvai-data/05/batch_01/SKILL_013_20260129_090207/SKILL_013_20260129_090207_0.mcap
SKILL_013_20260129_121107,station_01_lab,SKILL_013,Set up a hand lamp,N_MORA,2026-01-29T12:11:07Z,2026-01-29T12:13:05Z,117.72,4.41,PASS,TRUE,,/mnt/nurvai-data/05/batch_01/SKILL_013_20260129_121107/SKILL_013_20260129_121107_0.mcap
SKILL_013_20260129_090851,station_01_lab,SKILL_013,Set up a hand lamp,L_AGUILERA,2026-01-29T09:08:51Z,2026-01-29T09:12:22Z,210.98,3.88,WARNING_DRIFT,TRUE,,/mnt/nurvai-data/05/batch_01/SKILL_013_20260129_090851/SKILL_013_20260129_090851_0.mcap
SKILL_013_20260129_121418,station_01_lab,SKILL_013,Set up a hand lamp,N_MORA,2026-01-29T12:14:18Z,2026-01-29T12:16:27Z,128.93,4.47,WARNING_DRIFT,TRUE,,/mnt/nurvai-data/05/batch_01/SKILL_013_20260129_121418/SKILL_013_20260129_121418_0.mcap
SKILL_013_20260129_121803,station_01_lab,SKILL_013,Set up a hand lamp,N_MORA,2026-01-29T12:18:03Z,2026-01-29T12:21:33Z,210.31,5.11,WARNING_DRIFT,TRUE,,/mnt/nurvai-data/05/batch_01/SKILL_013_20260129_121803/SKILL_013_20260129_121803_0.mcap
SKILL_013_20260129_122239,station_01_lab,SKILL_013,Set up a hand lamp,N_MORA,2026-01-29T12:22:39Z,2026-01-29T12:25:27Z,167.55,4.74,PASS,TRUE,,/mnt/nurvai-data/05/batch_01/SKILL_013_20260129_122239/SKILL_013_20260129_122239_0.mcap
SKILL_013_20260129_125243,station_01_lab,SKILL_013,Set up a hand lamp,N_MORA,2026-01-29T12:52:43Z,2026-01-29T12:55:17Z,154.34,4.02,WARNING_DRIFT,TRUE,,/mnt/nurvai-data/05/batch_01/SKILL_013_20260129_125243/SKILL_013_20260129_125243_0.mcap
SKILL_013_20260129_125600,station_01_lab,SKILL_013,Set up a hand lamp,N_MORA,2026-01-29T12:56:00Z,2026-01-29T12:56:55Z,54.93,4.47,WARNING_DRIFT,FALSE,TOO_SHORT (54.9s),/mnt/nurvai-data/05/batch_01/SKILL_013_20260129_125600/SKILL_013_20260129_125600_0.mcap
SKILL_014_20260124_134633,station_01_lab,SKILL_014,Fasten nuts onto bolts,C_BECERRA,2026-01-24T13:46:33Z,2026-01-24T13:55:40Z,547.23,2.27,PASS,TRUE,,/mnt/nurvai-data/05/batch_01/SKILL_014_20260124_134633/SKILL_014_20260124_134633_0.mcap
SKILL_014_20260126_072129,station_01_lab,SKILL_014,Fasten nuts onto bolts,E_MARTINEZ,2026-01-26T07:21:29Z,2026-01-26T07:32:27Z,657.80,3.48,WARNING_DRIFT,TRUE,,/mnt/nurvai-data/05/batch_01/SKILL_014_20260126_072129/SKILL_014_20260126_072129_0.mcap
SKILL_014_20260126_110351,station_01_lab,SKILL_014,Fasten nuts onto bolts,C_BECERRA,2026-01-26T11:03:51Z,2026-01-26T11:13:19Z,567.18,5.59,WARNING_DRIFT,TRUE,,/mnt/nurvai-data/05/batch_01/SKILL_014_20260126_110351/SKILL_014_20260126_110351_0.mcap
SKILL_014_20260126_112354,station_01_lab,SKILL_014,Fasten nuts onto bolts,C_BECERRA,2026-01-26T11:23:54Z,2026-01-26T11:30:26Z,391.42,3.46,PASS,TRUE,,/mnt/nurvai-data/05/batch_01/SKILL_014_20260126_112354/SKILL_014_20260126_112354_0.mcap
SKILL_014_20260126_111451,station_01_lab,SKILL_014,Fasten nuts onto bolts,C_BECERRA,2026-01-26T11:14:51Z,2026-01-26T11:22:21Z,449.87,3.59,PASS,TRUE,,/mnt/nurvai-data/05/batch_01/SKILL_014_20260126_111451/SKILL_014_20260126_111451_0.mcap
SKILL_014_20260126_122518,station_01_lab,SKILL_014,Fasten nuts onto bolts,D_VARGAS,2026-01-26T12:25:18Z,2026-01-26T12:25:25Z,6.44,2.28,PASS,FALSE,TOO_SHORT (6.4s),/mnt/nurvai-data/05/batch_01/SKILL_014_20260126_122518/SKILL_014_20260126_122518_0.mcap
SKILL_014_20260126_123534,station_01_lab,SKILL_014,Fasten nuts onto bolts,D_VARGAS,2026-01-26T12:35:34Z,2026-01-26T12:36:39Z,64.68,3.71,PASS,FALSE,TOO_SHORT (64.7s),/mnt/nurvai-data/05/batch_01/SKILL_014_20260126_123534/SKILL_014_20260126_123534_0.mcap
SKILL_014_20260126_122812,station_01_lab,SKILL_014,Fasten nuts onto bolts,D_VARGAS,2026-01-26T12:28:12Z,2026-01-26T12:33:42Z,329.45,3.42,PASS,TRUE,,/mnt/nurvai-data/05/batch_01/SKILL_014_20260126_122812/SKILL_014_20260126_122812_0.mcap
SKILL_014_20260126_124048,station_01_lab,SKILL_014,Fasten nuts onto bolts,D_VARGAS,2026-01-26T12:40:48Z,2026-01-26T12:46:17Z,328.89,3.58,PASS,TRUE,,/mnt/nurvai-data/05/batch_01/SKILL_014_20260126_124048/SKILL_014_20260126_124048_0.mcap
SKILL_014_20260126_140418,station_01_lab,SKILL_014,Fasten nuts onto bolts,N_MORA,2026-01-26T14:04:18Z,2026-01-26T14:08:12Z,233.18,3.47,WARNING_DRIFT,TRUE,,/mnt/nurvai-data/05/batch_01/SKILL_014_20260126_140418/SKILL_014_20260126_140418_0.mcap
SKILL_014_20260126_132340,station_01_lab,SKILL_014,Fasten nuts onto bolts,D_VARGAS,2026-01-26T13:23:40Z,2026-01-26T13:28:53Z,313.08,3.88,PASS,TRUE,,/mnt/nurvai-data/05/batch_01/SKILL_014_20260126_132340/SKILL_014_20260126_132340_0.mcap
SKILL_014_20260127_072548,station_01_lab,SKILL_014,Fasten nuts onto bolts,C_BECERRA,2026-01-27T07:25:48Z,2026-01-27T07:29:49Z,240.58,4.64,PASS,TRUE,,/mnt/nurvai-data/05/batch_01/SKILL_014_20260127_072548/SKILL_014_20260127_072548_0.mcap
SKILL_014_20260126_141008,station_01_lab,SKILL_014,Fasten nuts onto bolts,N_MORA,2026-01-26T14:10:08Z,2026-01-26T14:15:47Z,339.63,3.58,PASS,TRUE,,/mnt/nurvai-data/05/batch_01/SKILL_014_20260126_141008/SKILL_014_20260126_141008_0.mcap
SKILL_014_20260127_075450,station_01_lab,SKILL_014,Fasten nuts onto bolts,C_BECERRA,2026-01-27T07:54:50Z,2026-01-27T08:02:42Z,472.27,5.08,PASS,TRUE,,/mnt/nurvai-data/05/batch_01/SKILL_014_20260127_075450/SKILL_014_20260127_075450_0.mcap
SKILL_014_20260127_080610,station_01_lab,SKILL_014,Fasten nuts onto bolts,C_BECERRA,2026-01-27T08:06:10Z,2026-01-27T08:08:22Z,132.44,5.33,PASS,TRUE,,/mnt/nurvai-data/05/batch_01/SKILL_014_20260127_080610/SKILL_014_20260127_080610_0.mcap
SKILL_014_20260127_080922,station_01_lab,SKILL_014,Fasten nuts onto bolts,C_BECERRA,2026-01-27T08:09:22Z,2026-01-27T08:11:25Z,123.31,5.14,PASS,TRUE,,/mnt/nurvai-data/05/batch_01/SKILL_014_20260127_080922/SKILL_014_20260127_080922_0.mcap
SKILL_014_20260127_081231,station_01_lab,SKILL_014,Fasten nuts onto bolts,C_BECERRA,2026-01-27T08:12:31Z,2026-01-27T08:14:54Z,142.79,5.13,PASS,TRUE,,/mnt/nurvai-data/05/batch_01/SKILL_014_20260127_081231/SKILL_014_20260127_081231_0.mcap
SKILL_014_20260127_085119,station_01_lab,SKILL_014,Fasten nuts onto bolts,D_VARGAS,2026-01-27T08:51:19Z,2026-01-27T08:58:05Z,406.89,4.62,PASS,TRUE,,/mnt/nurvai-data/05/batch_01/SKILL_014_20260127_085119/SKILL_014_20260127_085119_0.mcap
SKILL_014_20260127_092832,station_01_lab,SKILL_014,Fasten nuts onto bolts,N_MORA,2026-01-27T09:28:32Z,2026-01-27T09:31:59Z,207.25,4.70,PASS,TRUE,,/mnt/nurvai-data/05/batch_01/SKILL_014_20260127_092832/SKILL_014_20260127_092832_0.mcap
SKILL_014_20260127_101052,station_01_lab,SKILL_014,Fasten nuts onto bolts,N_MORA,2026-01-27T10:10:52Z,2026-01-27T10:15:18Z,266.15,4.28,PASS,TRUE,,/mnt/nurvai-data/05/batch_01/SKILL_014_20260127_101052/SKILL_014_20260127_101052_0.mcap
SKILL_014_20260127_103744,station_01_lab,SKILL_014,Fasten nuts onto bolts,L_AGUILERA,2026-01-27T10:37:44Z,2026-01-27T10:40:29Z,165.45,3.85,PASS,TRUE,,/mnt/nurvai-data/05/batch_01/SKILL_014_20260127_103744/SKILL_014_20260127_103744_0.mcap
SKILL_014_20260127_110648,station_01_lab,SKILL_014,Fasten nuts onto bolts,L_AGUILERA,2026-01-27T11:06:48Z,2026-01-27T11:12:33Z,344.41,3.66,PASS,TRUE,,/mnt/nurvai-data/05/batch_01/SKILL_014_20260127_110648/SKILL_014_20260127_110648_0.mcap
SKILL_014_20260127_110128,station_01_lab,SKILL_014,Fasten nuts onto bolts,L_AGUILERA,2026-01-27T11:01:28Z,2026-01-27T11:04:01Z,153.42,3.82,PASS,TRUE,,/mnt/nurvai-data/05/batch_01/SKILL_014_20260127_110128/SKILL_014_20260127_110128_0.mcap
SKILL_014_20260127_124429,station_01_lab,SKILL_014,Fasten nuts onto bolts,C_BECERRA,2026-01-27T12:44:29Z,2026-01-27T12:50:26Z,356.88,4.57,PASS,TRUE,,/mnt/nurvai-data/05/batch_01/SKILL_014_20260127_124429/SKILL_014_20260127_124429_0.mcap
SKILL_014_20260127_111419,station_01_lab,SKILL_014,Fasten nuts onto bolts,L_AGUILERA,2026-01-27T11:14:19Z,2026-01-27T11:19:30Z,311.64,3.79,PASS,TRUE,,/mnt/nurvai-data/05/batch_01/SKILL_014_20260127_111419/SKILL_014_20260127_111419_0.mcap
SKILL_014_20260127_130144,station_01_lab,SKILL_014,Fasten nuts onto bolts,C_BECERRA,2026-01-27T13:01:44Z,2026-01-27T13:04:35Z,171.76,2.14,PASS,TRUE,,/mnt/nurvai-data/05/batch_01/SKILL_014_20260127_130144/SKILL_014_20260127_130144_0.mcap
SKILL_014_20260127_125347,station_01_lab,SKILL_014,Fasten nuts onto bolts,C_BECERRA,2026-01-27T12:53:47Z,2026-01-27T12:59:55Z,368.78,2.28,PASS,TRUE,,/mnt/nurvai-data/05/batch_01/SKILL_014_20260127_125347/SKILL_014_20260127_125347_0.mcap
SKILL_014_20260127_131552,station_01_lab,SKILL_014,Fasten nuts onto bolts,D_VARGAS,2026-01-27T13:15:52Z,2026-01-27T13:22:43Z,410.57,4.64,PASS,TRUE,,/mnt/nurvai-data/05/batch_01/SKILL_014_20260127_131552/SKILL_014_20260127_131552_0.mcap
SKILL_014_20260128_100230,station_01_lab,SKILL_014,Fasten nuts onto bolts,N_MORA,2026-01-28T10:02:30Z,2026-01-28T10:07:58Z,327.70,4.58,PASS,TRUE,,/mnt/nurvai-data/05/batch_01/SKILL_014_20260128_100230/SKILL_014_20260128_100230_0.mcap
SKILL_014_20260128_100954,station_01_lab,SKILL_014,Fasten nuts onto bolts,N_MORA,2026-01-28T10:09:54Z,2026-01-28T10:15:01Z,306.89,4.31,PASS,TRUE,,/mnt/nurvai-data/05/batch_01/SKILL_014_20260128_100954/SKILL_014_20260128_100954_0.mcap
SKILL_014_20260128_101614,station_01_lab,SKILL_014,Fasten nuts onto bolts,N_MORA,2026-01-28T10:16:14Z,2026-01-28T10:21:49Z,334.92,4.21,PASS,TRUE,,/mnt/nurvai-data/05/batch_01/SKILL_014_20260128_101614/SKILL_014_20260128_101614_0.mcap
SKILL_015_20260126_130111,station_01_lab,SKILL_015,Thread a needle,D_VARGAS,2026-01-26T13:01:11Z,2026-01-26T13:01:13Z,2.66,5.78,PASS,FALSE,TOO_SHORT (2.7s),/mnt/nurvai-data/05/batch_01/SKILL_015_20260126_130111/SKILL_015_20260126_130111_0.mcap
SKILL_014_20260128_111749,station_01_lab,SKILL_014,Fasten nuts onto bolts,C_BECERRA,2026-01-28T11:17:49Z,2026-01-28T11:23:54Z,364.66,4.12,WARNING_DRIFT,TRUE,,/mnt/nurvai-data/05/batch_01/SKILL_014_20260128_111749/SKILL_014_20260128_111749_0.mcap
SKILL_016_20260121_092752,station_01_lab,SKILL_016,Package a sewing set,N_MORA,2026-01-21T09:27:52Z,2026-01-21T09:27:53Z,0.81,3.74,PASS,FALSE,TOO_SHORT (0.8s),/mnt/nurvai-data/05/batch_01/SKILL_016_20260121_092752/SKILL_016_20260121_092752_0.mcap
SKILL_016_20260121_092543,station_01_lab,SKILL_016,Package a sewing set,N_MORA,2026-01-21T09:25:43Z,2026-01-21T09:27:50Z,126.35,5.11,WARNING_DRIFT,TRUE,,/mnt/nurvai-data/05/batch_01/SKILL_016_20260121_092543/SKILL_016_20260121_092543_0.mcap
SKILL_016_20260124_134301,station_01_lab,SKILL_016,Package a sewing set,C_BECERRA,2026-01-24T13:43:01Z,2026-01-24T13:44:07Z,65.44,4.18,WARNING_DRIFT,FALSE,TOO_SHORT (65.4s),/mnt/nurvai-data/05/batch_01/SKILL_016_20260124_134301/SKILL_016_20260124_134301_0.mcap
SKILL_016_20260124_134448,station_01_lab,SKILL_016,Package a sewing set,C_BECERRA,2026-01-24T13:44:48Z,2026-01-24T13:45:48Z,59.46,3.89,PASS,FALSE,TOO_SHORT (59.5s),/mnt/nurvai-data/05/batch_01/SKILL_016_20260124_134448/SKILL_016_20260124_134448_0.mcap
SKILL_016_20260121_092815,station_01_lab,SKILL_016,Package a sewing set,N_MORA,2026-01-21T09:28:15Z,2026-01-21T09:29:16Z,60.63,5.00,WARNING_DRIFT,FALSE,TOO_SHORT (60.6s),/mnt/nurvai-data/05/batch_01/SKILL_016_20260121_092815/SKILL_016_20260121_092815_0.mcap
SKILL_016_20260124_144144,station_01_lab,SKILL_016,Package a sewing set,H_ALCARAZ,2026-01-24T14:41:44Z,2026-01-24T14:41:49Z,4.93,4.04,PASS,FALSE,TOO_SHORT (4.9s),/mnt/nurvai-data/05/batch_01/SKILL_016_20260124_144144/SKILL_016_20260124_144144_0.mcap
SKILL_016_20260124_144213,station_01_lab,SKILL_016,Package a sewing set,H_ALCARAZ,2026-01-24T14:42:13Z,2026-01-24T14:43:30Z,76.20,4.09,PASS,FALSE,TOO_SHORT (76.2s),/mnt/nurvai-data/05/batch_01/SKILL_016_20260124_144213/SKILL_016_20260124_144213_0.mcap
SKILL_016_20260124_144537,station_01_lab,SKILL_016,Package a sewing set,H_ALCARAZ,2026-01-24T14:45:37Z,2026-01-24T14:45:37Z,0.31,5.92,PASS,FALSE,TOO_SHORT (0.3s),/mnt/nurvai-data/05/batch_01/SKILL_016_20260124_144537/SKILL_016_20260124_144537_0.mcap
SKILL_016_20260124_144358,station_01_lab,SKILL_016,Package a sewing set,H_ALCARAZ,2026-01-24T14:43:58Z,2026-01-24T14:45:35Z,97.89,4.34,PASS,TRUE,,/mnt/nurvai-data/05/batch_01/SKILL_016_20260124_144358/SKILL_016_20260124_144358_0.mcap
SKILL_016_20260126_104521,station_01_lab,SKILL_016,Package a sewing set,C_BECERRA,2026-01-26T10:45:21Z,2026-01-26T10:46:40Z,79.07,4.34,PASS,FALSE,TOO_SHORT (79.1s),/mnt/nurvai-data/05/batch_01/SKILL_016_20260126_104521/SKILL_016_20260126_104521_0.mcap
SKILL_016_20260126_104727,station_01_lab,SKILL_016,Package a sewing set,C_BECERRA,2026-01-26T10:47:27Z,2026-01-26T10:48:43Z,76.58,4.62,PASS,FALSE,TOO_SHORT (76.6s),/mnt/nurvai-data/05/batch_01/SKILL_016_20260126_104727/SKILL_016_20260126_104727_0.mcap
SKILL_016_20260126_104932,station_01_lab,SKILL_016,Package a sewing set,C_BECERRA,2026-01-26T10:49:32Z,2026-01-26T10:50:34Z,61.92,4.08,PASS,FALSE,TOO_SHORT (61.9s),/mnt/nurvai-data/05/batch_01/SKILL_016_20260126_104932/SKILL_016_20260126_104932_0.mcap
SKILL_016_20260126_130255,station_01_lab,SKILL_016,Package a sewing set,D_VARGAS,2026-01-26T13:02:55Z,2026-01-26T13:03:30Z,34.50,4.50,PASS,FALSE,TOO_SHORT (34.5s),/mnt/nurvai-data/05/batch_01/SKILL_016_20260126_130255/SKILL_016_20260126_130255_0.mcap
SKILL_016_20260126_130346,station_01_lab,SKILL_016,Package a sewing set,D_VARGAS,2026-01-26T13:03:46Z,2026-01-26T13:04:29Z,43.07,4.24,PASS,FALSE,TOO_SHORT (43.1s),/mnt/nurvai-data/05/batch_01/SKILL_016_20260126_130346/SKILL_016_20260126_130346_0.mcap
SKILL_016_20260126_130816,station_01_lab,SKILL_016,Package a sewing set,D_VARGAS,2026-01-26T13:08:16Z,2026-01-26T13:09:43Z,86.86,3.90,PASS,FALSE,TOO_SHORT (86.9s),/mnt/nurvai-data/05/batch_01/SKILL_016_20260126_130816/SKILL_016_20260126_130816_0.mcap
SKILL_016_20260126_131005,station_01_lab,SKILL_016,Package a sewing set,D_VARGAS,2026-01-26T13:10:05Z,2026-01-26T13:10:45Z,39.53,4.11,PASS,FALSE,TOO_SHORT (39.5s),/mnt/nurvai-data/05/batch_01/SKILL_016_20260126_131005/SKILL_016_20260126_131005_0.mcap
SKILL_016_20260126_140155,station_01_lab,SKILL_016,Package a sewing set,N_MORA,2026-01-26T14:01:55Z,2026-01-26T14:02:57Z,61.69,3.71,PASS,FALSE,TOO_SHORT (61.7s),/mnt/nurvai-data/05/batch_01/SKILL_016_20260126_140155/SKILL_016_20260126_140155_0.mcap
SKILL_016_20260126_141837,station_01_lab,SKILL_016,Package a sewing set,N_MORA,2026-01-26T14:18:37Z,2026-01-26T14:19:34Z,57.09,1.98,PASS,FALSE,TOO_SHORT (57.1s),/mnt/nurvai-data/05/batch_01/SKILL_016_20260126_141837/SKILL_016_20260126_141837_0.mcap
SKILL_016_20260126_143003,station_01_lab,SKILL_016,Package a sewing set,H_ALCARAZ,2026-01-26T14:30:03Z,2026-01-26T14:30:42Z,39.14,3.88,PASS,FALSE,TOO_SHORT (39.1s),/mnt/nurvai-data/05/batch_01/SKILL_016_20260126_143003/SKILL_016_20260126_143003_0.mcap
SKILL_016_20260126_143110,station_01_lab,SKILL_016,Package a sewing set,H_ALCARAZ,2026-01-26T14:31:10Z,2026-01-26T14:32:04Z,54.19,3.88,PASS,FALSE,TOO_SHORT (54.2s),/mnt/nurvai-data/05/batch_01/SKILL_016_20260126_143110/SKILL_016_20260126_143110_0.mcap
SKILL_016_20260127_074358,station_01_lab,SKILL_016,Package a sewing set,C_BECERRA,2026-01-27T07:43:58Z,2026-01-27T07:45:37Z,99.03,3.59,PASS,TRUE,,/mnt/nurvai-data/05/batch_01/SKILL_016_20260127_074358/SKILL_016_20260127_074358_0.mcap
SKILL_016_20260126_143256,station_01_lab,SKILL_016,Package a sewing set,H_ALCARAZ,2026-01-26T14:32:56Z,2026-01-26T14:33:52Z,55.86,3.96,PASS,FALSE,TOO_SHORT (55.9s),/mnt/nurvai-data/05/batch_01/SKILL_016_20260126_143256/SKILL_016_20260126_143256_0.mcap
SKILL_016_20260127_074636,station_01_lab,SKILL_016,Package a sewing set,C_BECERRA,2026-01-27T07:46:36Z,2026-01-27T07:48:00Z,84.39,4.92,WARNING_DRIFT,FALSE,TOO_SHORT (84.4s),/mnt/nurvai-data/05/batch_01/SKILL_016_20260127_074636/SKILL_016_20260127_074636_0.mcap
SKILL_016_20260127_074848,station_01_lab,SKILL_016,Package a sewing set,C_BECERRA,2026-01-27T07:48:48Z,2026-01-27T07:49:52Z,64.39,4.80,PASS,FALSE,TOO_SHORT (64.4s),/mnt/nurvai-data/05/batch_01/SKILL_016_20260127_074848/SKILL_016_20260127_074848_0.mcap
SKILL_016_20260127_075039,station_01_lab,SKILL_016,Package a sewing set,C_BECERRA,2026-01-27T07:50:39Z,2026-01-27T07:51:36Z,56.36,4.64,WARNING_DRIFT,FALSE,TOO_SHORT (56.4s),/mnt/nurvai-data/05/batch_01/SKILL_016_20260127_075039/SKILL_016_20260127_075039_0.mcap
SKILL_016_20260127_090107,station_01_lab,SKILL_016,Package a sewing set,D_VARGAS,2026-01-27T09:01:07Z,2026-01-27T09:02:31Z,83.45,4.66,PASS,FALSE,TOO_SHORT (83.4s),/mnt/nurvai-data/05/batch_01/SKILL_016_20260127_090107/SKILL_016_20260127_090107_0.mcap
SKILL_016_20260127_090250,station_01_lab,SKILL_016,Package a sewing set,D_VARGAS,2026-01-27T09:02:50Z,2026-01-27T09:03:41Z,51.17,4.88,WARNING_DRIFT,FALSE,TOO_SHORT (51.2s),/mnt/nurvai-data/05/batch_01/SKILL_016_20260127_090250/SKILL_016_20260127_090250_0.mcap
SKILL_016_20260127_075231,station_01_lab,SKILL_016,Package a sewing set,C_BECERRA,2026-01-27T07:52:31Z,2026-01-27T07:53:31Z,59.83,5.10,WARNING_DRIFT,FALSE,TOO_SHORT (59.8s),/mnt/nurvai-data/05/batch_01/SKILL_016_20260127_075231/SKILL_016_20260127_075231_0.mcap
SKILL_016_20260127_090538,station_01_lab,SKILL_016,Package a sewing set,D_VARGAS,2026-01-27T09:05:38Z,2026-01-27T09:07:41Z,123.64,4.83,PASS,TRUE,,/mnt/nurvai-data/05/batch_01/SKILL_016_20260127_090538/SKILL_016_20260127_090538_0.mcap
SKILL_016_20260127_090401,station_01_lab,SKILL_016,Package a sewing set,D_VARGAS,2026-01-27T09:04:01Z,2026-01-27T09:05:20Z,79.05,5.07,PASS,FALSE,TOO_SHORT (79.1s),/mnt/nurvai-data/05/batch_01/SKILL_016_20260127_090401/SKILL_016_20260127_090401_0.mcap
SKILL_016_20260127_090821,station_01_lab,SKILL_016,Package a sewing set,D_VARGAS,2026-01-27T09:08:21Z,2026-01-27T09:09:44Z,82.29,4.73,WARNING_DRIFT,FALSE,TOO_SHORT (82.3s),/mnt/nurvai-data/05/batch_01/SKILL_016_20260127_090821/SKILL_016_20260127_090821_0.mcap
SKILL_016_20260127_091037,station_01_lab,SKILL_016,Package a sewing set,D_VARGAS,2026-01-27T09:10:37Z,2026-01-27T09:17:45Z,428.01,4.74,PASS,TRUE,,/mnt/nurvai-data/05/batch_01/SKILL_016_20260127_091037/SKILL_016_20260127_091037_0.mcap
SKILL_016_20260127_092505,station_01_lab,SKILL_016,Package a sewing set,N_MORA,2026-01-27T09:25:05Z,2026-01-27T09:25:47Z,41.97,4.55,PASS,FALSE,TOO_SHORT (42.0s),/mnt/nurvai-data/05/batch_01/SKILL_016_20260127_092505/SKILL_016_20260127_092505_0.mcap
SKILL_016_20260127_092632,station_01_lab,SKILL_016,Package a sewing set,N_MORA,2026-01-27T09:26:32Z,2026-01-27T09:27:35Z,63.70,4.55,PASS,FALSE,TOO_SHORT (63.7s),/mnt/nurvai-data/05/batch_01/SKILL_016_20260127_092632/SKILL_016_20260127_092632_0.mcap
SKILL_016_20260127_101642,station_01_lab,SKILL_016,Package a sewing set,N_MORA,2026-01-27T10:16:42Z,2026-01-27T10:17:25Z,43.11,3.94,PASS,FALSE,TOO_SHORT (43.1s),/mnt/nurvai-data/05/batch_01/SKILL_016_20260127_101642/SKILL_016_20260127_101642_0.mcap
SKILL_016_20260127_123745,station_01_lab,SKILL_016,Package a sewing set,C_BECERRA,2026-01-27T12:37:45Z,2026-01-27T12:39:40Z,114.62,4.72,PASS,TRUE,,/mnt/nurvai-data/05/batch_01/SKILL_016_20260127_123745/SKILL_016_20260127_123745_0.mcap
SKILL_016_20260127_123622,station_01_lab,SKILL_016,Package a sewing set,C_BECERRA,2026-01-27T12:36:22Z,2026-01-27T12:37:20Z,57.35,4.60,PASS,FALSE,TOO_SHORT (57.4s),/mnt/nurvai-data/05/batch_01/SKILL_016_20260127_123622/SKILL_016_20260127_123622_0.mcap
SKILL_016_20260127_124013,station_01_lab,SKILL_016,Package a sewing set,C_BECERRA,2026-01-27T12:40:13Z,2026-01-27T12:41:41Z,88.40,4.33,PASS,FALSE,TOO_SHORT (88.4s),/mnt/nurvai-data/05/batch_01/SKILL_016_20260127_124013/SKILL_016_20260127_124013_0.mcap
SKILL_016_20260127_130922,station_01_lab,SKILL_016,Package a sewing set,D_VARGAS,2026-01-27T13:09:22Z,2026-01-27T13:10:26Z,64.97,4.74,WARNING_DRIFT,FALSE,TOO_SHORT (65.0s),/mnt/nurvai-data/05/batch_01/SKILL_016_20260127_130922/SKILL_016_20260127_130922_0.mcap
SKILL_016_20260127_131309,station_01_lab,SKILL_016,Package a sewing set,D_VARGAS,2026-01-27T13:13:09Z,2026-01-27T13:14:48Z,99.04,4.84,PASS,TRUE,,/mnt/nurvai-data/05/batch_01/SKILL_016_20260127_131309/SKILL_016_20260127_131309_0.mcap
SKILL_016_20260127_131111,station_01_lab,SKILL_016,Package a sewing set,D_VARGAS,2026-01-27T13:11:11Z,2026-01-27T13:12:09Z,58.16,4.70,PASS,FALSE,TOO_SHORT (58.2s),/mnt/nurvai-data/05/batch_01/SKILL_016_20260127_131111/SKILL_016_20260127_131111_0.mcap
SKILL_016_20260128_091602,station_01_lab,SKILL_016,Package a sewing set,C_BECERRA,2026-01-28T09:16:02Z,2026-01-28T09:17:02Z,59.92,3.83,PASS,FALSE,TOO_SHORT (59.9s),/mnt/nurvai-data/05/batch_01/SKILL_016_20260128_091602/SKILL_016_20260128_091602_0.mcap
SKILL_016_20260128_091832,station_01_lab,SKILL_016,Package a sewing set,C_BECERRA,2026-01-28T09:18:32Z,2026-01-28T09:19:28Z,56.47,4.23,PASS,FALSE,TOO_SHORT (56.5s),/mnt/nurvai-data/05/batch_01/SKILL_016_20260128_091832/SKILL_016_20260128_091832_0.mcap
SKILL_016_20260128_132532,station_01_lab,SKILL_016,Package a sewing set,D_VARGAS,2026-01-28T13:25:32Z,2026-01-28T13:26:16Z,43.94,4.75,WARNING_DRIFT,FALSE,TOO_SHORT (43.9s),/mnt/nurvai-data/05/batch_01/SKILL_016_20260128_132532/SKILL_016_20260128_132532_0.mcap
SKILL_016_20260128_132652,station_01_lab,SKILL_016,Package a sewing set,D_VARGAS,2026-01-28T13:26:52Z,2026-01-28T13:27:49Z,56.52,4.73,WARNING_DRIFT,FALSE,TOO_SHORT (56.5s),/mnt/nurvai-data/05/batch_01/SKILL_016_20260128_132652/SKILL_016_20260128_132652_0.mcap
SKILL_016_20260128_132821,station_01_lab,SKILL_016,Package a sewing set,D_VARGAS,2026-01-28T13:28:21Z,2026-01-28T13:29:16Z,54.71,5.17,WARNING_DRIFT,FALSE,TOO_SHORT (54.7s),/mnt/nurvai-data/05/batch_01/SKILL_016_20260128_132821/SKILL_016_20260128_132821_0.mcap
SKILL_016_20260128_132922,station_01_lab,SKILL_016,Package a sewing set,D_VARGAS,2026-01-28T13:29:22Z,2026-01-28T13:29:23Z,0.20,2.16,PASS,FALSE,TOO_SHORT (0.2s),/mnt/nurvai-data/05/batch_01/SKILL_016_20260128_132922/SKILL_016_20260128_132922_0.mcap
SKILL_016_20260128_132924,station_01_lab,SKILL_016,Package a sewing set,D_VARGAS,2026-01-28T13:29:24Z,2026-01-28T13:29:24Z,0.20,1.98,WARNING_DRIFT,FALSE,TOO_SHORT (0.2s),/mnt/nurvai-data/05/batch_01/SKILL_016_20260128_132924/SKILL_016_20260128_132924_0.mcap
SKILL_016_20260129_091431,station_01_lab,SKILL_016,Package a sewing set,L_AGUILERA,2026-01-29T09:14:31Z,2026-01-29T09:15:39Z,68.63,3.46,PASS,FALSE,TOO_SHORT (68.6s),/mnt/nurvai-data/05/batch_01/SKILL_016_20260129_091431/SKILL_016_20260129_091431_0.mcap
SKILL_016_20260128_132953,station_01_lab,SKILL_016,Package a sewing set,D_VARGAS,2026-01-28T13:29:53Z,2026-01-28T13:30:46Z,53.22,5.18,WARNING_DRIFT,FALSE,TOO_SHORT (53.2s),/mnt/nurvai-data/05/batch_01/SKILL_016_20260128_132953/SKILL_016_20260128_132953_0.mcap
SKILL_016_20260129_091621,station_01_lab,SKILL_016,Package a sewing set,L_AGUILERA,2026-01-29T09:16:21Z,2026-01-29T09:17:19Z,58.73,3.66,PASS,FALSE,TOO_SHORT (58.7s),/mnt/nurvai-data/05/batch_01/SKILL_016_20260129_091621/SKILL_016_20260129_091621_0.mcap
SKILL_016_20260129_091909,station_01_lab,SKILL_016,Package a sewing set,L_AGUILERA,2026-01-29T09:19:09Z,2026-01-29T09:20:11Z,61.92,3.97,PASS,FALSE,TOO_SHORT (61.9s),/mnt/nurvai-data/05/batch_01/SKILL_016_20260129_091909/SKILL_016_20260129_091909_0.mcap
SKILL_016_20260129_092057,station_01_lab,SKILL_016,Package a sewing set,L_AGUILERA,2026-01-29T09:20:57Z,2026-01-29T09:23:55Z,177.87,3.74,WARNING_DRIFT,TRUE,,/mnt/nurvai-data/05/batch_01/SKILL_016_20260129_092057/SKILL_016_20260129_092057_0.mcap
SKILL_016_20260129_092439,station_01_lab,SKILL_016,Package a sewing set,L_AGUILERA,2026-01-29T09:24:39Z,2026-01-29T09:25:21Z,41.79,3.52,WARNING_DRIFT,FALSE,TOO_SHORT (41.8s),/mnt/nurvai-data/05/batch_01/SKILL_016_20260129_092439/SKILL_016_20260129_092439_0.mcap
SKILL_016_20260129_092612,station_01_lab,SKILL_016,Package a sewing set,L_AGUILERA,2026-01-29T09:26:12Z,2026-01-29T09:29:04Z,172.37,3.97,WARNING_DRIFT,TRUE,,/mnt/nurvai-data/05/batch_01/SKILL_016_20260129_092612/SKILL_016_20260129_092612_0.mcap
SKILL_017_20260121_093020,station_01_lab,SKILL_017,Put pasta in ziploc bags,N_MORA,2026-01-21T09:30:20Z,2026-01-21T09:35:14Z,293.89,5.44,WARNING_DRIFT,TRUE,,/mnt/nurvai-data/05/batch_01/SKILL_017_20260121_093020/SKILL_017_20260121_093020_0.mcap
SKILL_017_20260121_093606,station_01_lab,SKILL_017,Put pasta in ziploc bags,N_MORA,2026-01-21T09:36:06Z,2026-01-21T09:39:52Z,226.80,5.41,WARNING_DRIFT,TRUE,,/mnt/nurvai-data/05/batch_01/SKILL_017_20260121_093606/SKILL_017_20260121_093606_0.mcap
SKILL_018_20260121_094247,station_01_lab,SKILL_018,Close bags with twist ties,N_MORA,2026-01-21T09:42:47Z,2026-01-21T09:48:19Z,332.04,4.62,WARNING_DRIFT,TRUE,,/mnt/nurvai-data/05/batch_01/SKILL_018_20260121_094247/SKILL_018_20260121_094247_0.mcap
SKILL_018_20260121_094916,station_01_lab,SKILL_018,Close bags with twist ties,N_MORA,2026-01-21T09:49:16Z,2026-01-21T09:52:25Z,189.35,4.64,PASS,TRUE,,/mnt/nurvai-data/05/batch_01/SKILL_018_20260121_094916/SKILL_018_20260121_094916_0.mcap
SKILL_018_20260124_142358,station_01_lab,SKILL_018,Close bags with twist ties,C_BECERRA,2026-01-24T14:23:58Z,2026-01-24T14:28:54Z,296.80,3.63,WARNING_DRIFT,TRUE,,/mnt/nurvai-data/05/batch_01/SKILL_018_20260124_142358/SKILL_018_20260124_142358_0.mcap
SKILL_018_20260124_143438,station_01_lab,SKILL_018,Close bags with twist ties,C_BECERRA,2026-01-24T14:34:38Z,2026-01-24T14:39:26Z,288.20,3.76,PASS,TRUE,,/mnt/nurvai-data/05/batch_01/SKILL_018_20260124_143438/SKILL_018_20260124_143438_0.mcap
SKILL_019_20260121_095422,station_01_lab,SKILL_019,Put pasta in plastic containers,N_MORA,2026-01-21T09:54:22Z,2026-01-21T09:58:26Z,243.81,5.32,WARNING_DRIFT,TRUE,,/mnt/nurvai-data/05/batch_01/SKILL_019_20260121_095422/SKILL_019_20260121_095422_0.mcap
SKILL_019_20260121_100019,station_01_lab,SKILL_019,Put pasta in plastic containers,N_MORA,2026-01-21T10:00:19Z,2026-01-21T10:03:27Z,187.40,5.36,WARNING_DRIFT,TRUE,,/mnt/nurvai-data/05/batch_01/SKILL_019_20260121_100019/SKILL_019_20260121_100019_0.mcap
SKILL_019_20260129_083506,station_01_lab,SKILL_019,Put pasta in plastic containers,L_AGUILERA,2026-01-29T08:35:06Z,2026-01-29T08:39:24Z,258.60,4.07,PASS,TRUE,,/mnt/nurvai-data/05/batch_01/SKILL_019_20260129_083506/SKILL_019_20260129_083506_0.mcap
SKILL_019_20260128_143404,station_01_lab,SKILL_019,Put pasta in plastic containers,E_MARTINEZ,2026-01-28T14:34:04Z,2026-01-28T14:37:52Z,227.30,3.86,PASS,TRUE,,/mnt/nurvai-data/05/batch_01/SKILL_019_20260128_143404/SKILL_019_20260128_143404_0.mcap
SKILL_019_20260129_084000,station_01_lab,SKILL_019,Put pasta in plastic containers,L_AGUILERA,2026-01-29T08:40:00Z,2026-01-29T08:43:25Z,204.33,3.97,PASS,TRUE,,/mnt/nurvai-data/05/batch_01/SKILL_019_20260129_084000/SKILL_019_20260129_084000_0.mcap
SKILL_019_20260129_103212,station_01_lab,SKILL_019,Put pasta in plastic containers,E_MARTINEZ,2026-01-29T10:32:12Z,2026-01-29T10:36:30Z,258.06,4.54,PASS,TRUE,,/mnt/nurvai-data/05/batch_01/SKILL_019_20260129_103212/SKILL_019_20260129_103212_0.mcap
SKILL_019_20260129_103743,station_01_lab,SKILL_019,Put pasta in plastic containers,E_MARTINEZ,2026-01-29T10:37:43Z,2026-01-29T10:42:04Z,261.39,4.54,WARNING_DRIFT,TRUE,,/mnt/nurvai-data/05/batch_01/SKILL_019_20260129_103743/SKILL_019_20260129_103743_0.mcap
SKILL_019_20260129_133640,station_01_lab,SKILL_019,Put pasta in plastic containers,C_BECERRA,2026-01-29T13:36:40Z,2026-01-29T13:39:36Z,176.05,3.97,PASS,TRUE,,/mnt/nurvai-data/05/batch_01/SKILL_019_20260129_133640/SKILL_019_20260129_133640_0.mcap
SKILL_019_20260129_135110,station_01_lab,SKILL_019,Put pasta in plastic containers,C_BECERRA,2026-01-29T13:51:10Z,2026-01-29T13:54:28Z,197.67,3.77,WARNING_DRIFT,TRUE,,/mnt/nurvai-data/05/batch_01/SKILL_019_20260129_135110/SKILL_019_20260129_135110_0.mcap
SKILL_019_20260129_134510,station_01_lab,SKILL_019,Put pasta in plastic containers,C_BECERRA,2026-01-29T13:45:10Z,2026-01-29T13:48:42Z,211.76,4.28,WARNING_DRIFT,TRUE,,/mnt/nurvai-data/05/batch_01/SKILL_019_20260129_134510/SKILL_019_20260129_134510_0.mcap
SKILL_020_20260121_100537,station_01_lab,SKILL_020,Open locks with their keys,N_MORA,2026-01-21T10:05:37Z,2026-01-21T10:09:25Z,227.82,4.50,WARNING_DRIFT,TRUE,,/mnt/nurvai-data/05/batch_01/SKILL_020_20260121_100537/SKILL_020_20260121_100537_0.mcap
SKILL_020_20260121_100926,station_01_lab,SKILL_020,Open locks with their keys,N_MORA,2026-01-21T10:09:26Z,2026-01-21T10:09:27Z,0.42,3.68,PASS,FALSE,TOO_SHORT (0.4s),/mnt/nurvai-data/05/batch_01/SKILL_020_20260121_100926/SKILL_020_20260121_100926_0.mcap
SKILL_020_20260121_101318,station_01_lab,SKILL_020,Open locks with their keys,N_MORA,2026-01-21T10:13:18Z,2026-01-21T10:15:22Z,124.83,4.42,PASS,TRUE,,/mnt/nurvai-data/05/batch_01/SKILL_020_20260121_101318/SKILL_020_20260121_101318_0.mcap
SKILL_020_20260121_101013,station_01_lab,SKILL_020,Open locks with their keys,N_MORA,2026-01-21T10:10:13Z,2026-01-21T10:12:30Z,136.88,4.51,WARNING_DRIFT,TRUE,,/mnt/nurvai-data/05/batch_01/SKILL_020_20260121_101013/SKILL_020_20260121_101013_0.mcap
SKILL_020_20260124_141540,station_01_lab,SKILL_020,Open locks with their keys,C_BECERRA,2026-01-24T14:15:40Z,2026-01-24T14:17:37Z,116.67,3.52,PASS,TRUE,,/mnt/nurvai-data/05/batch_01/SKILL_020_20260124_141540/SKILL_020_20260124_141540_0.mcap
SKILL_020_20260124_142103,station_01_lab,SKILL_020,Open locks with their keys,C_BECERRA,2026-01-24T14:21:03Z,2026-01-24T14:22:26Z,83.21,3.31,WARNING_DRIFT,FALSE,TOO_SHORT (83.2s),/mnt/nurvai-data/05/batch_01/SKILL_020_20260124_142103/SKILL_020_20260124_142103_0.mcap
SKILL_020_20260124_141836,station_01_lab,SKILL_020,Open locks with their keys,C_BECERRA,2026-01-24T14:18:36Z,2026-01-24T14:20:00Z,84.42,3.44,WARNING_DRIFT,FALSE,TOO_SHORT (84.4s),/mnt/nurvai-data/05/batch_01/SKILL_020_20260124_141836/SKILL_020_20260124_141836_0.mcap
SKILL_020_20260128_121239,station_01_lab,SKILL_020,Open locks with their keys,E_MARTINEZ,2026-01-28T12:12:39Z,2026-01-28T12:14:47Z,128.25,3.35,WARNING_DRIFT,TRUE,,/mnt/nurvai-data/05/batch_01/SKILL_020_20260128_121239/SKILL_020_20260128_121239_0.mcap
SKILL_020_20260128_122059,station_01_lab,SKILL_020,Open locks with their keys,E_MARTINEZ,2026-01-28T12:20:59Z,2026-01-28T12:23:16Z,137.01,3.67,PASS,TRUE,,/mnt/nurvai-data/05/batch_01/SKILL_020_20260128_122059/SKILL_020_20260128_122059_0.mcap
SKILL_020_20260128_122405,station_01_lab,SKILL_020,Open locks with their keys,E_MARTINEZ,2026-01-28T12:24:05Z,2026-01-28T12:25:50Z,104.43,3.83,PASS,TRUE,,/mnt/nurvai-data/05/batch_01/SKILL_020_20260128_122405/SKILL_020_20260128_122405_0.mcap
SKILL_020_20260128_133531,station_01_lab,SKILL_020,Open locks with their keys,D_VARGAS,2026-01-28T13:35:31Z,2026-01-28T13:35:31Z,0.36,6.33,PASS,FALSE,TOO_SHORT (0.4s),/mnt/nurvai-data/05/batch_01/SKILL_020_20260128_133531/SKILL_020_20260128_133531_0.mcap
SKILL_020_20260128_133503,station_01_lab,SKILL_020,Open locks with their keys,D_VARGAS,2026-01-28T13:35:03Z,2026-01-28T13:35:29Z,26.29,4.73,WARNING_DRIFT,FALSE,TOO_SHORT (26.3s),/mnt/nurvai-data/05/batch_01/SKILL_020_20260128_133503/SKILL_020_20260128_133503_0.mcap
SKILL_020_20260128_133707,station_01_lab,SKILL_020,Open locks with their keys,D_VARGAS,2026-01-28T13:37:07Z,2026-01-28T13:38:56Z,109.03,5.21,WARNING_DRIFT,TRUE,,/mnt/nurvai-data/05/batch_01/SKILL_020_20260128_133707/SKILL_020_20260128_133707_0.mcap
SKILL_020_20260128_133906,station_01_lab,SKILL_020,Open locks with their keys,D_VARGAS,2026-01-28T13:39:06Z,2026-01-28T13:39:07Z,0.27,0.05,WARNING_DRIFT,FALSE,TOO_SHORT (0.3s),/mnt/nurvai-data/05/batch_01/SKILL_020_20260128_133906/SKILL_020_20260128_133906_0.mcap
SKILL_020_20260128_133905,station_01_lab,SKILL_020,Open locks with their keys,D_VARGAS,2026-01-28T13:39:05Z,2026-01-28T13:39:05Z,0.10,5.81,WARNING_DRIFT,FALSE,TOO_SHORT (0.1s),/mnt/nurvai-data/05/batch_01/SKILL_020_20260128_133905/SKILL_020_20260128_133905_0.mcap
SKILL_020_20260128_134013,station_01_lab,SKILL_020,Open locks with their keys,D_VARGAS,2026-01-28T13:40:13Z,2026-01-28T13:40:18Z,4.74,4.69,PASS,FALSE,TOO_SHORT (4.7s),/mnt/nurvai-data/05/batch_01/SKILL_020_20260128_134013/SKILL_020_20260128_134013_0.mcap
SKILL_020_20260128_134020,station_01_lab,SKILL_020,Open locks with their keys,D_VARGAS,2026-01-28T13:40:20Z,2026-01-28T13:41:56Z,95.91,5.37,WARNING_DRIFT,TRUE,,/mnt/nurvai-data/05/batch_01/SKILL_020_20260128_134020/SKILL_020_20260128_134020_0.mcap
SKILL_020_20260128_134203,station_01_lab,SKILL_020,Open locks with their keys,D_VARGAS,2026-01-28T13:42:03Z,2026-01-28T13:42:03Z,0.31,3.84,PASS,FALSE,TOO_SHORT (0.3s),/mnt/nurvai-data/05/batch_01/SKILL_020_20260128_134203/SKILL_020_20260128_134203_0.mcap
SKILL_020_20260128_134303,station_01_lab,SKILL_020,Open locks with their keys,D_VARGAS,2026-01-28T13:43:03Z,2026-01-28T13:44:41Z,97.33,5.08,WARNING_DRIFT,TRUE,,/mnt/nurvai-data/05/batch_01/SKILL_020_20260128_134303/SKILL_020_20260128_134303_0.mcap
SKILL_020_20260129_082554,station_01_lab,SKILL_020,Open locks with their keys,C_BECERRA,2026-01-29T08:25:54Z,2026-01-29T08:27:14Z,80.52,4.37,PASS,FALSE,TOO_SHORT (80.5s),/mnt/nurvai-data/05/batch_01/SKILL_020_20260129_082554/SKILL_020_20260129_082554_0.mcap
SKILL_020_20260129_084510,station_01_lab,SKILL_020,Open locks with their keys,L_AGUILERA,2026-01-29T08:45:10Z,2026-01-29T08:45:17Z,6.71,3.07,PASS,FALSE,TOO_SHORT (6.7s),/mnt/nurvai-data/05/batch_01/SKILL_020_20260129_084510/SKILL_020_20260129_084510_0.mcap
SKILL_020_20260129_082758,station_01_lab,SKILL_020,Open locks with their keys,C_BECERRA,2026-01-29T08:27:58Z,2026-01-29T08:29:25Z,87.15,3.60,WARNING_DRIFT,FALSE,TOO_SHORT (87.2s),/mnt/nurvai-data/05/batch_01/SKILL_020_20260129_082758/SKILL_020_20260129_082758_0.mcap
SKILL_020_20260129_084554,station_01_lab,SKILL_020,Open locks with their keys,L_AGUILERA,2026-01-29T08:45:54Z,2026-01-29T08:47:39Z,105.29,3.93,PASS,TRUE,,/mnt/nurvai-data/05/batch_01/SKILL_020_20260129_084554/SKILL_020_20260129_084554_0.mcap
SKILL_020_20260129_085729,station_01_lab,SKILL_020,Open locks with their keys,L_AGUILERA,2026-01-29T08:57:29Z,2026-01-29T08:59:26Z,116.97,3.51,PASS,TRUE,,/mnt/nurvai-data/05/batch_01/SKILL_020_20260129_085729/SKILL_020_20260129_085729_0.mcap
SKILL_020_20260129_084825,station_01_lab,SKILL_020,Open locks with their keys,L_AGUILERA,2026-01-29T08:48:25Z,2026-01-29T08:50:17Z,111.88,3.89,PASS,TRUE,,/mnt/nurvai-data/05/batch_01/SKILL_020_20260129_084825/SKILL_020_20260129_084825_0.mcap
SKILL_020_20260129_104653,station_01_lab,SKILL_020,Open locks with their keys,E_MARTINEZ,2026-01-29T10:46:53Z,2026-01-29T10:47:48Z,54.38,4.06,WARNING_DRIFT,FALSE,TOO_SHORT (54.4s),/mnt/nurvai-data/05/batch_01/SKILL_020_20260129_104653/SKILL_020_20260129_104653_0.mcap
SKILL_020_20260129_104927,station_01_lab,SKILL_020,Open locks with their keys,E_MARTINEZ,2026-01-29T10:49:27Z,2026-01-29T10:50:57Z,90.27,3.50,PASS,TRUE,,/mnt/nurvai-data/05/batch_01/SKILL_020_20260129_104927/SKILL_020_20260129_104927_0.mcap
SKILL_020_20260129_105134,station_01_lab,SKILL_020,Open locks with their keys,E_MARTINEZ,2026-01-29T10:51:34Z,2026-01-29T10:53:27Z,112.83,3.65,PASS,TRUE,,/mnt/nurvai-data/05/batch_01/SKILL_020_20260129_105134/SKILL_020_20260129_105134_0.mcap
SKILL_020_20260129_123135,station_01_lab,SKILL_020,Open locks with their keys,N_MORA,2026-01-29T12:31:35Z,2026-01-29T12:33:07Z,92.01,4.71,WARNING_DRIFT,TRUE,,/mnt/nurvai-data/05/batch_01/SKILL_020_20260129_123135/SKILL_020_20260129_123135_0.mcap
SKILL_020_20260129_123704,station_01_lab,SKILL_020,Open locks with their keys,N_MORA,2026-01-29T12:37:04Z,2026-01-29T12:39:21Z,137.08,4.83,WARNING_DRIFT,TRUE,,/mnt/nurvai-data/05/batch_01/SKILL_020_20260129_123704/SKILL_020_20260129_123704_0.mcap
SKILL_021_20260121_101857,station_01_lab,SKILL_021,Build Up Box (Mailer),N_MORA,2026-01-21T10:18:57Z,2026-01-21T10:23:34Z,277.23,4.95,WARNING_DRIFT,TRUE,,/mnt/nurvai-data/05/batch_01/SKILL_021_20260121_101857/SKILL_021_20260121_101857_0.mcap
SKILL_021_20260121_102749,station_01_lab,SKILL_021,Build Up Box (Mailer),N_MORA,2026-01-21T10:27:49Z,2026-01-21T10:29:23Z,94.34,5.26,WARNING_DRIFT,TRUE,,/mnt/nurvai-data/05/batch_01/SKILL_021_20260121_102749/SKILL_021_20260121_102749_0.mcap
SKILL_021_20260121_102406,station_01_lab,SKILL_021,Build Up Box (Mailer),N_MORA,2026-01-21T10:24:06Z,2026-01-21T10:27:23Z,196.45,5.16,WARNING_DRIFT,TRUE,,/mnt/nurvai-data/05/batch_01/SKILL_021_20260121_102406/SKILL_021_20260121_102406_0.mcap
SKILL_022_20260121_103112,station_01_lab,SKILL_022,Build Up Box (Regular ECT),N_MORA,2026-01-21T10:31:12Z,2026-01-21T10:32:20Z,67.86,5.36,WARNING_DRIFT,FALSE,TOO_SHORT (67.9s),/mnt/nurvai-data/05/batch_01/SKILL_022_20260121_103112/SKILL_022_20260121_103112_0.mcap
SKILL_022_20260121_103452,station_01_lab,SKILL_022,Build Up Box (Regular ECT),N_MORA,2026-01-21T10:34:52Z,2026-01-21T10:36:31Z,98.60,4.27,PASS,TRUE,,/mnt/nurvai-data/05/batch_01/SKILL_022_20260121_103452/SKILL_022_20260121_103452_0.mcap
SKILL_022_20260121_103238,station_01_lab,SKILL_022,Build Up Box (Regular ECT),N_MORA,2026-01-21T10:32:38Z,2026-01-21T10:34:29Z,111.26,4.39,PASS,TRUE,,/mnt/nurvai-data/05/batch_01/SKILL_022_20260121_103238/SKILL_022_20260121_103238_0.mcap
SKILL_022_20260121_103657,station_01_lab,SKILL_022,Build Up Box (Regular ECT),N_MORA,2026-01-21T10:36:57Z,2026-01-21T10:38:53Z,115.84,4.54,PASS,TRUE,,/mnt/nurvai-data/05/batch_01/SKILL_022_20260121_103657/SKILL_022_20260121_103657_0.mcap
SKILL_022_20260121_104104,station_01_lab,SKILL_022,Build Up Box (Regular ECT),N_MORA,2026-01-21T10:41:04Z,2026-01-21T10:41:22Z,17.42,5.67,WARNING_DRIFT,FALSE,TOO_SHORT (17.4s),/mnt/nurvai-data/05/batch_01/SKILL_022_20260121_104104/SKILL_022_20260121_104104_0.mcap
SKILL_023_20260121_104330,station_01_lab,SKILL_023,Built up box (Present),N_MORA,2026-01-21T10:43:30Z,2026-01-21T10:47:53Z,263.62,4.66,PASS,TRUE,,/mnt/nurvai-data/05/batch_01/SKILL_023_20260121_104330/SKILL_023_20260121_104330_0.mcap
SKILL_023_20260121_104858,station_01_lab,SKILL_023,Built up box (Present),N_MORA,2026-01-21T10:48:58Z,2026-01-21T10:49:56Z,58.35,4.45,WARNING_DRIFT,FALSE,TOO_SHORT (58.3s),/mnt/nurvai-data/05/batch_01/SKILL_023_20260121_104858/SKILL_023_20260121_104858_0.mcap
SKILL_024_20260121_111043,station_01_lab,SKILL_024,Put hooks on shower courtain,N_MORA,2026-01-21T11:10:43Z,2026-01-21T11:14:33Z,229.81,4.40,PASS,TRUE,,/mnt/nurvai-data/05/batch_01/SKILL_024_20260121_111043/SKILL_024_20260121_111043_0.mcap
SKILL_023_20260121_105015,station_01_lab,SKILL_023,Built up box (Present),N_MORA,2026-01-21T10:50:15Z,2026-01-21T10:52:30Z,134.76,4.63,WARNING_DRIFT,TRUE,,/mnt/nurvai-data/05/batch_01/SKILL_023_20260121_105015/SKILL_023_20260121_105015_0.mcap
SKILL_024_20260121_111547,station_01_lab,SKILL_024,Put hooks on shower courtain,N_MORA,2026-01-21T11:15:47Z,2026-01-21T11:19:31Z,223.95,4.31,PASS,TRUE,,/mnt/nurvai-data/05/batch_01/SKILL_024_20260121_111547/SKILL_024_20260121_111547_0.mcap
SKILL_024_20260121_112054,station_01_lab,SKILL_024,Put hooks on shower courtain,N_MORA,2026-01-21T11:20:54Z,2026-01-21T11:24:59Z,244.91,2.01,PASS,TRUE,,/mnt/nurvai-data/05/batch_01/SKILL_024_20260121_112054/SKILL_024_20260121_112054_0.mcap
SKILL_001_20260131_095005,station_01_lab,SKILL_001,Organize beads per color,C_BECERRA,2026-01-31T09:50:06Z,2026-01-31T10:00:01Z,595.14,16.31,PASS,TRUE,,/mnt/nurvai-data/05/batch_02/SKILL_001_20260131_095005/SKILL_001_20260131_095005_0.mcap
SKILL_001_20260131_123841,station_01_lab,SKILL_001,Organize beads per color,D_VARGAS,2026-01-31T12:38:42Z,2026-01-31T12:50:25Z,703.19,13.26,PASS,TRUE,,/mnt/nurvai-data/05/batch_02/SKILL_001_20260131_123841/SKILL_001_20260131_123841_0.mcap
SKILL_001_20260202_075207,station_01_lab,SKILL_001,Organize beads per color,E_MARTINEZ,2026-02-02T07:52:07Z,2026-02-02T08:00:32Z,504.80,19.79,PASS,TRUE,,/mnt/nurvai-data/05/batch_02/SKILL_001_20260202_075207/SKILL_001_20260202_075207_0.mcap
SKILL_002_20260131_143958,station_01_lab,SKILL_002,Organize beads per character,N_MORA,2026-01-31T14:39:58Z,2026-01-31T14:41:48Z,109.87,20.36,PASS,TRUE,,/mnt/nurvai-data/05/batch_02/SKILL_002_20260131_143958/SKILL_002_20260131_143958_0.mcap
SKILL_001_20260202_081114,station_01_lab,SKILL_001,Organize beads per color,E_MARTINEZ,2026-02-02T08:11:14Z,2026-02-02T08:20:28Z,554.66,19.94,PASS,TRUE,,/mnt/nurvai-data/05/batch_02/SKILL_001_20260202_081114/SKILL_001_20260202_081114_0.mcap
SKILL_002_20260131_144434,station_01_lab,SKILL_002,Organize beads per character,C_BECERRA,2026-01-31T14:44:34Z,2026-01-31T14:45:39Z,65.03,16.52,PASS,FALSE,TOO_SHORT (65.0s),/mnt/nurvai-data/05/batch_02/SKILL_002_20260131_144434/SKILL_002_20260131_144434_0.mcap
SKILL_002_20260131_144955,station_01_lab,SKILL_002,Organize beads per character,C_BECERRA,2026-01-31T14:49:56Z,2026-01-31T14:51:54Z,118.15,16.70,PASS,TRUE,,/mnt/nurvai-data/05/batch_02/SKILL_002_20260131_144955/SKILL_002_20260131_144955_0.mcap
SKILL_002_20260131_145234,station_01_lab,SKILL_002,Organize beads per character,C_BECERRA,2026-01-31T14:52:34Z,2026-01-31T14:54:00Z,85.29,16.68,PASS,FALSE,TOO_SHORT (85.3s),/mnt/nurvai-data/05/batch_02/SKILL_002_20260131_145234/SKILL_002_20260131_145234_0.mcap
SKILL_002_20260131_145431,station_01_lab,SKILL_002,Organize beads per character,N_MORA,2026-01-31T14:54:31Z,2026-01-31T14:56:03Z,91.76,17.96,PASS,TRUE,,/mnt/nurvai-data/05/batch_02/SKILL_002_20260131_145431/SKILL_002_20260131_145431_0.mcap
SKILL_003_20260130_102901,station_01_lab,SKILL_003,Organize screwdriver bits,C_BECERRA,2026-01-30T10:29:01Z,2026-01-30T10:32:00Z,179.19,3.71,PASS,TRUE,,/mnt/nurvai-data/05/batch_02/SKILL_003_20260130_102901/SKILL_003_20260130_102901_0.mcap
SKILL_003_20260130_103254,station_01_lab,SKILL_003,Organize screwdriver bits,C_BECERRA,2026-01-30T10:32:54Z,2026-01-30T10:36:40Z,226.22,4.01,PASS,TRUE,,/mnt/nurvai-data/05/batch_02/SKILL_003_20260130_103254/SKILL_003_20260130_103254_0.mcap
SKILL_003_20260130_123426,station_01_lab,SKILL_003,Organize screwdriver bits,D_VARGAS,2026-01-30T12:34:26Z,2026-01-30T12:38:27Z,240.84,12.82,PASS,TRUE,,/mnt/nurvai-data/05/batch_02/SKILL_003_20260130_123426/SKILL_003_20260130_123426_0.mcap
SKILL_003_20260130_122813,station_01_lab,SKILL_003,Organize screwdriver bits,D_VARGAS,2026-01-30T12:28:14Z,2026-01-30T12:32:49Z,274.45,13.01,PASS,TRUE,,/mnt/nurvai-data/05/batch_02/SKILL_003_20260130_122813/SKILL_003_20260130_122813_0.mcap
SKILL_003_20260131_083036,station_01_lab,SKILL_003,Organize screwdriver bits,D_VARGAS,2026-01-31T08:30:36Z,2026-01-31T08:36:14Z,338.46,19.25,PASS,TRUE,,/mnt/nurvai-data/05/batch_02/SKILL_003_20260131_083036/SKILL_003_20260131_083036_0.mcap
SKILL_003_20260131_081754,station_01_lab,SKILL_003,Organize screwdriver bits,D_VARGAS,2026-01-31T08:17:54Z,2026-01-31T08:26:47Z,533.00,18.92,PASS,TRUE,,/mnt/nurvai-data/05/batch_02/SKILL_003_20260131_081754/SKILL_003_20260131_081754_0.mcap
SKILL_003_20260131_110436,station_01_lab,SKILL_003,Organize screwdriver bits,C_BECERRA,2026-01-31T11:04:36Z,2026-01-31T11:08:48Z,251.18,15.57,PASS,TRUE,,/mnt/nurvai-data/05/batch_02/SKILL_003_20260131_110436/SKILL_003_20260131_110436_0.mcap
SKILL_003_20260131_111205,station_01_lab,SKILL_003,Organize screwdriver bits,C_BECERRA,2026-01-31T11:12:05Z,2026-01-31T11:15:34Z,208.63,15.37,PASS,TRUE,,/mnt/nurvai-data/05/batch_02/SKILL_003_20260131_111205/SKILL_003_20260131_111205_0.mcap
SKILL_003_20260131_132327,station_01_lab,SKILL_003,Organize screwdriver bits,D_VARGAS,2026-01-31T13:23:28Z,2026-01-31T13:27:40Z,252.52,18.88,PASS,TRUE,,/mnt/nurvai-data/05/batch_02/SKILL_003_20260131_132327/SKILL_003_20260131_132327_0.mcap
SKILL_003_20260202_082409,station_01_lab,SKILL_003,Organize screwdriver bits,E_MARTINEZ,2026-02-02T08:24:09Z,2026-02-02T08:29:27Z,317.98,19.56,PASS,TRUE,,/mnt/nurvai-data/05/batch_02/SKILL_003_20260202_082409/SKILL_003_20260202_082409_0.mcap
SKILL_003_20260202_083233,station_01_lab,SKILL_003,Organize screwdriver bits,E_MARTINEZ,2026-02-02T08:32:33Z,2026-02-02T08:36:47Z,254.51,17.15,PASS,TRUE,,/mnt/nurvai-data/05/batch_02/SKILL_003_20260202_083233/SKILL_003_20260202_083233_0.mcap
SKILL_003_20260202_104108,station_01_lab,SKILL_003,Organize screwdriver bits,E_MARTINEZ,2026-02-02T10:41:08Z,2026-02-02T10:44:28Z,199.38,19.71,PASS,TRUE,,/mnt/nurvai-data/05/batch_02/SKILL_003_20260202_104108/SKILL_003_20260202_104108_0.mcap
SKILL_003_20260202_103608,station_01_lab,SKILL_003,Organize screwdriver bits,E_MARTINEZ,2026-02-02T10:36:08Z,2026-02-02T10:40:02Z,234.53,20.70,PASS,TRUE,,/mnt/nurvai-data/05/batch_02/SKILL_003_20260202_103608/SKILL_003_20260202_103608_0.mcap
SKILL_003_20260202_104428,station_01_lab,SKILL_003,Organize screwdriver bits,E_MARTINEZ,2026-02-02T10:44:28Z,2026-02-02T10:44:29Z,0.98,21.14,PASS,FALSE,TOO_SHORT (1.0s),/mnt/nurvai-data/05/batch_02/SKILL_003_20260202_104428/SKILL_003_20260202_104428_0.mcap
SKILL_004_20260131_073608,station_01_lab,SKILL_004,Set Screwdriver package,D_VARGAS,2026-01-31T07:36:08Z,2026-01-31T07:38:40Z,152.23,18.32,PASS,TRUE,,/mnt/nurvai-data/05/batch_02/SKILL_004_20260131_073608/SKILL_004_20260131_073608_0.mcap
SKILL_004_20260131_073906,station_01_lab,SKILL_004,Set Screwdriver package,D_VARGAS,2026-01-31T07:39:06Z,2026-01-31T07:40:46Z,99.35,18.48,PASS,TRUE,,/mnt/nurvai-data/05/batch_02/SKILL_004_20260131_073906/SKILL_004_20260131_073906_0.mcap
SKILL_004_20260131_074213,station_01_lab,SKILL_004,Set Screwdriver package,D_VARGAS,2026-01-31T07:42:13Z,2026-01-31T07:43:54Z,101.53,18.18,PASS,TRUE,,/mnt/nurvai-data/05/batch_02/SKILL_004_20260131_074213/SKILL_004_20260131_074213_0.mcap
SKILL_004_20260131_074417,station_01_lab,SKILL_004,Set Screwdriver package,D_VARGAS,2026-01-31T07:44:17Z,2026-01-31T07:46:08Z,111.31,18.45,PASS,TRUE,,/mnt/nurvai-data/05/batch_02/SKILL_004_20260131_074417/SKILL_004_20260131_074417_0.mcap
SKILL_004_20260131_085509,station_01_lab,SKILL_004,Set Screwdriver package,D_VARGAS,2026-01-31T08:55:09Z,2026-01-31T08:55:11Z,1.35,16.78,PASS,FALSE,TOO_SHORT (1.3s),/mnt/nurvai-data/05/batch_02/SKILL_004_20260131_085509/SKILL_004_20260131_085509_0.mcap
SKILL_004_20260131_085239,station_01_lab,SKILL_004,Set Screwdriver package,D_VARGAS,2026-01-31T08:52:39Z,2026-01-31T08:54:45Z,125.82,18.32,PASS,TRUE,,/mnt/nurvai-data/05/batch_02/SKILL_004_20260131_085239/SKILL_004_20260131_085239_0.mcap
SKILL_004_20260131_085824,station_01_lab,SKILL_004,Set Screwdriver package,D_VARGAS,2026-01-31T08:58:24Z,2026-01-31T09:00:02Z,98.42,18.04,PASS,TRUE,,/mnt/nurvai-data/05/batch_02/SKILL_004_20260131_085824/SKILL_004_20260131_085824_0.mcap
SKILL_004_20260131_085547,station_01_lab,SKILL_004,Set Screwdriver package,D_VARGAS,2026-01-31T08:55:47Z,2026-01-31T08:57:49Z,122.35,17.93,PASS,TRUE,,/mnt/nurvai-data/05/batch_02/SKILL_004_20260131_085547/SKILL_004_20260131_085547_0.mcap
SKILL_004_20260131_090613,station_01_lab,SKILL_004,Set Screwdriver package,D_VARGAS,2026-01-31T09:06:13Z,2026-01-31T09:08:33Z,139.95,17.34,PASS,TRUE,,/mnt/nurvai-data/05/batch_02/SKILL_004_20260131_090613/SKILL_004_20260131_090613_0.mcap
SKILL_004_20260131_090906,station_01_lab,SKILL_004,Set Screwdriver package,D_VARGAS,2026-01-31T09:09:06Z,2026-01-31T09:10:58Z,112.51,17.78,PASS,TRUE,,/mnt/nurvai-data/05/batch_02/SKILL_004_20260131_090906/SKILL_004_20260131_090906_0.mcap
SKILL_004_20260131_101621,station_01_lab,SKILL_004,Set Screwdriver package,C_BECERRA,2026-01-31T10:16:21Z,2026-01-31T10:18:40Z,138.74,17.39,PASS,TRUE,,/mnt/nurvai-data/05/batch_02/SKILL_004_20260131_101621/SKILL_004_20260131_101621_0.mcap
SKILL_004_20260131_101319,station_01_lab,SKILL_004,Set Screwdriver package,C_BECERRA,2026-01-31T10:13:20Z,2026-01-31T10:15:38Z,137.23,18.58,WARNING_DRIFT,TRUE,,/mnt/nurvai-data/05/batch_02/SKILL_004_20260131_101319/SKILL_004_20260131_101319_0.mcap
SKILL_004_20260202_084100,station_01_lab,SKILL_004,Set Screwdriver package,E_MARTINEZ,2026-02-02T08:41:01Z,2026-02-02T08:42:34Z,93.16,19.82,PASS,TRUE,,/mnt/nurvai-data/05/batch_02/SKILL_004_20260202_084100/SKILL_004_20260202_084100_0.mcap
SKILL_004_20260131_102213,station_01_lab,SKILL_004,Set Screwdriver package,C_BECERRA,2026-01-31T10:22:15Z,2026-01-31T10:23:55Z,100.41,20.85,WARNING_DRIFT,TRUE,,/mnt/nurvai-data/05/batch_02/SKILL_004_20260131_102213/SKILL_004_20260131_102213_0.mcap
SKILL_004_20260202_084313,station_01_lab,SKILL_004,Set Screwdriver package,E_MARTINEZ,2026-02-02T08:43:13Z,2026-02-02T08:44:33Z,79.61,18.91,PASS,FALSE,TOO_SHORT (79.6s),/mnt/nurvai-data/05/batch_02/SKILL_004_20260202_084313/SKILL_004_20260202_084313_0.mcap
SKILL_005_20260130_073926,station_01_lab,SKILL_005,Insert allen keys in package,C_BECERRA,2026-01-30T07:39:26Z,2026-01-30T07:43:09Z,223.68,4.95,WARNING_DRIFT,TRUE,,/mnt/nurvai-data/05/batch_02/SKILL_005_20260130_073926/SKILL_005_20260130_073926_0.mcap
SKILL_004_20260202_084530,station_01_lab,SKILL_004,Set Screwdriver package,E_MARTINEZ,2026-02-02T08:45:30Z,2026-02-02T08:46:45Z,75.48,20.55,PASS,FALSE,TOO_SHORT (75.5s),/mnt/nurvai-data/05/batch_02/SKILL_004_20260202_084530/SKILL_004_20260202_084530_0.mcap
SKILL_005_20260130_105643,station_01_lab,SKILL_005,Insert allen keys in package,L_AGUILERA,2026-01-30T10:56:43Z,2026-01-30T10:56:50Z,6.09,2.09,PASS,FALSE,TOO_SHORT (6.1s),/mnt/nurvai-data/05/batch_02/SKILL_005_20260130_105643/SKILL_005_20260130_105643_0.mcap
SKILL_005_20260130_105715,station_01_lab,SKILL_005,Insert allen keys in package,L_AGUILERA,2026-01-30T10:57:15Z,2026-01-30T10:59:49Z,153.83,3.64,PASS,TRUE,,/mnt/nurvai-data/05/batch_02/SKILL_005_20260130_105715/SKILL_005_20260130_105715_0.mcap
SKILL_005_20260130_110340,station_01_lab,SKILL_005,Insert allen keys in package,L_AGUILERA,2026-01-30T11:03:40Z,2026-01-30T11:05:47Z,126.30,3.68,PASS,TRUE,,/mnt/nurvai-data/05/batch_02/SKILL_005_20260130_110340/SKILL_005_20260130_110340_0.mcap
SKILL_005_20260130_110013,station_01_lab,SKILL_005,Insert allen keys in package,L_AGUILERA,2026-01-30T11:00:13Z,2026-01-30T11:02:49Z,155.59,3.71,PASS,TRUE,,/mnt/nurvai-data/05/batch_02/SKILL_005_20260130_110013/SKILL_005_20260130_110013_0.mcap
SKILL_005_20260130_142815,station_01_lab,SKILL_005,Insert allen keys in package,L_AGUILERA,2026-01-30T14:28:15Z,2026-01-30T14:30:36Z,140.46,17.85,PASS,TRUE,,/mnt/nurvai-data/05/batch_02/SKILL_005_20260130_142815/SKILL_005_20260130_142815_0.mcap
SKILL_005_20260130_142451,station_01_lab,SKILL_005,Insert allen keys in package,L_AGUILERA,2026-01-30T14:24:51Z,2026-01-30T14:27:29Z,157.76,22.65,PASS,TRUE,,/mnt/nurvai-data/05/batch_02/SKILL_005_20260130_142451/SKILL_005_20260130_142451_0.mcap
SKILL_005_20260130_143549,station_01_lab,SKILL_005,Insert allen keys in package,L_AGUILERA,2026-01-30T14:35:50Z,2026-01-30T14:38:17Z,147.34,21.12,WARNING_DRIFT,TRUE,,/mnt/nurvai-data/05/batch_02/SKILL_005_20260130_143549/SKILL_005_20260130_143549_0.mcap
SKILL_005_20260131_074813,station_01_lab,SKILL_005,Insert allen keys in package,D_VARGAS,2026-01-31T07:48:13Z,2026-01-31T07:50:40Z,147.13,18.05,PASS,TRUE,,/mnt/nurvai-data/05/batch_02/SKILL_005_20260131_074813/SKILL_005_20260131_074813_0.mcap
SKILL_005_20260131_075135,station_01_lab,SKILL_005,Insert allen keys in package,D_VARGAS,2026-01-31T07:51:35Z,2026-01-31T07:54:16Z,160.39,18.56,PASS,TRUE,,/mnt/nurvai-data/05/batch_02/SKILL_005_20260131_075135/SKILL_005_20260131_075135_0.mcap
SKILL_005_20260131_075525,station_01_lab,SKILL_005,Insert allen keys in package,D_VARGAS,2026-01-31T07:55:25Z,2026-01-31T07:58:20Z,174.84,18.72,PASS,TRUE,,/mnt/nurvai-data/05/batch_02/SKILL_005_20260131_075525/SKILL_005_20260131_075525_0.mcap
SKILL_005_20260131_091734,station_01_lab,SKILL_005,Insert allen keys in package,D_VARGAS,2026-01-31T09:17:34Z,2026-01-31T09:17:43Z,8.35,16.14,PASS,FALSE,TOO_SHORT (8.3s),/mnt/nurvai-data/05/batch_02/SKILL_005_20260131_091734/SKILL_005_20260131_091734_0.mcap
SKILL_005_20260131_091311,station_01_lab,SKILL_005,Insert allen keys in package,D_VARGAS,2026-01-31T09:13:11Z,2026-01-31T09:15:51Z,159.50,16.64,PASS,TRUE,,/mnt/nurvai-data/05/batch_02/SKILL_005_20260131_091311/SKILL_005_20260131_091311_0.mcap
SKILL_005_20260131_104818,station_01_lab,SKILL_005,Insert allen keys in package,C_BECERRA,2026-01-31T10:48:19Z,2026-01-31T10:50:00Z,100.38,20.59,PASS,TRUE,,/mnt/nurvai-data/05/batch_02/SKILL_005_20260131_104818/SKILL_005_20260131_104818_0.mcap
SKILL_005_20260131_110026,station_01_lab,SKILL_005,Insert allen keys in package,C_BECERRA,2026-01-31T11:00:27Z,2026-01-31T11:04:03Z,215.59,16.29,PASS,TRUE,,/mnt/nurvai-data/05/batch_02/SKILL_005_20260131_110026/SKILL_005_20260131_110026_0.mcap
SKILL_005_20260131_133357,station_01_lab,SKILL_005,Insert allen keys in package,D_VARGAS,2026-01-31T13:33:57Z,2026-01-31T13:36:50Z,173.00,18.65,PASS,TRUE,,/mnt/nurvai-data/05/batch_02/SKILL_005_20260131_133357/SKILL_005_20260131_133357_0.mcap
SKILL_005_20260131_132943,station_01_lab,SKILL_005,Insert allen keys in package,D_VARGAS,2026-01-31T13:29:43Z,2026-01-31T13:32:49Z,185.50,19.06,PASS,TRUE,,/mnt/nurvai-data/05/batch_02/SKILL_005_20260131_132943/SKILL_005_20260131_132943_0.mcap
SKILL_005_20260131_133739,station_01_lab,SKILL_005,Insert allen keys in package,D_VARGAS,2026-01-31T13:37:39Z,2026-01-31T13:40:59Z,200.07,17.68,PASS,TRUE,,/mnt/nurvai-data/05/batch_02/SKILL_005_20260131_133739/SKILL_005_20260131_133739_0.mcap
SKILL_005_20260202_091247,station_01_lab,SKILL_005,Insert allen keys in package,E_MARTINEZ,2026-02-02T09:12:47Z,2026-02-02T09:15:33Z,166.29,18.39,PASS,TRUE,,/mnt/nurvai-data/05/batch_02/SKILL_005_20260202_091247/SKILL_005_20260202_091247_0.mcap
SKILL_005_20260202_091712,station_01_lab,SKILL_005,Insert allen keys in package,E_MARTINEZ,2026-02-02T09:17:12Z,2026-02-02T09:19:48Z,155.93,19.62,PASS,TRUE,,/mnt/nurvai-data/05/batch_02/SKILL_005_20260202_091712/SKILL_005_20260202_091712_0.mcap
SKILL_005_20260202_093334,station_01_lab,SKILL_005,Insert allen keys in package,E_MARTINEZ,2026-02-02T09:33:34Z,2026-02-02T09:36:00Z,146.30,19.17,PASS,TRUE,,/mnt/nurvai-data/05/batch_02/SKILL_005_20260202_093334/SKILL_005_20260202_093334_0.mcap
SKILL_005_20260202_092132,station_01_lab,SKILL_005,Insert allen keys in package,E_MARTINEZ,2026-02-02T09:21:32Z,2026-02-02T09:24:08Z,155.39,19.29,PASS,TRUE,,/mnt/nurvai-data/05/batch_02/SKILL_005_20260202_092132/SKILL_005_20260202_092132_0.mcap
SKILL_009_20260130_111024,station_01_lab,SKILL_009,Package Cotton set,L_AGUILERA,2026-01-30T11:10:24Z,2026-01-30T11:10:26Z,1.63,3.67,PASS,FALSE,TOO_SHORT (1.6s),/mnt/nurvai-data/05/batch_02/SKILL_009_20260130_111024/SKILL_009_20260130_111024_0.mcap
SKILL_009_20260130_111049,station_01_lab,SKILL_009,Package Cotton set,L_AGUILERA,2026-01-30T11:10:49Z,2026-01-30T11:11:49Z,60.07,3.78,PASS,FALSE,TOO_SHORT (60.1s),/mnt/nurvai-data/05/batch_02/SKILL_009_20260130_111049/SKILL_009_20260130_111049_0.mcap
SKILL_009_20260130_111652,station_01_lab,SKILL_009,Package Cotton set,L_AGUILERA,2026-01-30T11:16:52Z,2026-01-30T11:19:55Z,183.19,3.65,PASS,TRUE,,/mnt/nurvai-data/05/batch_02/SKILL_009_20260130_111652/SKILL_009_20260130_111652_0.mcap
SKILL_009_20260130_112021,station_01_lab,SKILL_009,Package Cotton set,L_AGUILERA,2026-01-30T11:20:21Z,2026-01-30T11:23:55Z,214.27,3.72,PASS,TRUE,,/mnt/nurvai-data/05/batch_02/SKILL_009_20260130_112021/SKILL_009_20260130_112021_0.mcap
SKILL_009_20260130_131504,station_01_lab,SKILL_009,Package Cotton set,C_BECERRA,2026-01-30T13:15:05Z,2026-01-30T13:17:30Z,145.04,16.43,WARNING_DRIFT,TRUE,,/mnt/nurvai-data/05/batch_02/SKILL_009_20260130_131504/SKILL_009_20260130_131504_0.mcap
SKILL_009_20260130_133951,station_01_lab,SKILL_009,Package Cotton set,C_BECERRA,2026-01-30T13:39:53Z,2026-01-30T13:43:47Z,233.89,18.29,WARNING_DRIFT,TRUE,,/mnt/nurvai-data/05/batch_02/SKILL_009_20260130_133951/SKILL_009_20260130_133951_0.mcap
SKILL_009_20260130_135050,station_01_lab,SKILL_009,Package Cotton set,C_BECERRA,2026-01-30T13:50:51Z,2026-01-30T13:54:31Z,219.98,18.63,PASS,TRUE,,/mnt/nurvai-data/05/batch_02/SKILL_009_20260130_135050/SKILL_009_20260130_135050_0.mcap
SKILL_009_20260131_072106,station_01_lab,SKILL_009,Package Cotton set,D_VARGAS,2026-01-31T07:21:08Z,2026-01-31T07:25:30Z,262.57,17.67,WARNING_DRIFT,TRUE,,/mnt/nurvai-data/05/batch_02/SKILL_009_20260131_072106/SKILL_009_20260131_072106_0.mcap
SKILL_009_20260131_072704,station_01_lab,SKILL_009,Package Cotton set,D_VARGAS,2026-01-31T07:27:04Z,2026-01-31T07:31:23Z,258.88,17.84,PASS,TRUE,,/mnt/nurvai-data/05/batch_02/SKILL_009_20260131_072704/SKILL_009_20260131_072704_0.mcap
SKILL_009_20260131_111808,station_01_lab,SKILL_009,Package Cotton set,C_BECERRA,2026-01-31T11:18:08Z,2026-01-31T11:22:40Z,271.96,12.75,PASS,TRUE,,/mnt/nurvai-data/05/batch_02/SKILL_009_20260131_111808/SKILL_009_20260131_111808_0.mcap
SKILL_009_20260202_071015,station_01_lab,SKILL_009,Package Cotton set,E_MARTINEZ,2026-02-02T07:10:16Z,2026-02-02T07:15:51Z,335.31,20.88,WARNING_DRIFT,TRUE,,/mnt/nurvai-data/05/batch_02/SKILL_009_20260202_071015/SKILL_009_20260202_071015_0.mcap
SKILL_009_20260202_071647,station_01_lab,SKILL_009,Package Cotton set,E_MARTINEZ,2026-02-02T07:16:47Z,2026-02-02T07:23:37Z,410.23,21.12,PASS,TRUE,,/mnt/nurvai-data/05/batch_02/SKILL_009_20260202_071647/SKILL_009_20260202_071647_0.mcap
SKILL_009_20260202_105731,station_01_lab,SKILL_009,Package Cotton set,E_MARTINEZ,2026-02-02T10:57:31Z,2026-02-02T11:00:18Z,166.86,19.39,PASS,TRUE,,/mnt/nurvai-data/05/batch_02/SKILL_009_20260202_105731/SKILL_009_20260202_105731_0.mcap
SKILL_010_20260131_120739,station_01_lab,SKILL_010,Package earphones,D_VARGAS,2026-01-31T12:07:39Z,2026-01-31T12:07:57Z,17.86,12.87,PASS,FALSE,TOO_SHORT (17.9s),/mnt/nurvai-data/05/batch_02/SKILL_010_20260131_120739/SKILL_010_20260131_120739_0.mcap
SKILL_009_20260202_110807,station_01_lab,SKILL_009,Package Cotton set,E_MARTINEZ,2026-02-02T11:08:07Z,2026-02-02T11:13:31Z,323.36,19.39,PASS,TRUE,,/mnt/nurvai-data/05/batch_02/SKILL_009_20260202_110807/SKILL_009_20260202_110807_0.mcap
SKILL_010_20260131_120942,station_01_lab,SKILL_010,Package earphones,D_VARGAS,2026-01-31T12:09:42Z,2026-01-31T12:10:08Z,26.03,12.82,PASS,FALSE,TOO_SHORT (26.0s),/mnt/nurvai-data/05/batch_02/SKILL_010_20260131_120942/SKILL_010_20260131_120942_0.mcap
SKILL_010_20260131_121459,station_01_lab,SKILL_010,Package earphones,D_VARGAS,2026-01-31T12:14:59Z,2026-01-31T12:15:08Z,8.96,17.18,PASS,FALSE,TOO_SHORT (9.0s),/mnt/nurvai-data/05/batch_02/SKILL_010_20260131_121459/SKILL_010_20260131_121459_0.mcap
SKILL_010_20260131_122112,station_01_lab,SKILL_010,Package earphones,D_VARGAS,2026-01-31T12:21:13Z,2026-01-31T12:25:34Z,261.01,19.10,PASS,TRUE,,/mnt/nurvai-data/05/batch_02/SKILL_010_20260131_122112/SKILL_010_20260131_122112_0.mcap
SKILL_012_20260131_135448,station_01_lab,SKILL_012,Put pasta in jars,D_VARGAS,2026-01-31T13:54:48Z,2026-01-31T13:57:11Z,142.59,19.06,PASS,TRUE,,/mnt/nurvai-data/05/batch_02/SKILL_012_20260131_135448/SKILL_012_20260131_135448_0.mcap
SKILL_012_20260131_142452,station_01_lab,SKILL_012,Put pasta in jars,N_MORA,2026-01-31T14:24:52Z,2026-01-31T14:25:36Z,43.97,20.46,PASS,FALSE,TOO_SHORT (44.0s),/mnt/nurvai-data/05/batch_02/SKILL_012_20260131_142452/SKILL_012_20260131_142452_0.mcap
SKILL_012_20260131_142542,station_01_lab,SKILL_012,Put pasta in jars,N_MORA,2026-01-31T14:25:42Z,2026-01-31T14:27:43Z,120.66,20.30,PASS,TRUE,,/mnt/nurvai-data/05/batch_02/SKILL_012_20260131_142542/SKILL_012_20260131_142542_0.mcap
SKILL_012_20260202_095404,station_01_lab,SKILL_012,Put pasta in jars,E_MARTINEZ,2026-02-02T09:54:04Z,2026-02-02T09:56:31Z,146.63,18.66,PASS,TRUE,,/mnt/nurvai-data/05/batch_02/SKILL_012_20260202_095404/SKILL_012_20260202_095404_0.mcap
SKILL_012_20260202_095936,station_01_lab,SKILL_012,Put pasta in jars,E_MARTINEZ,2026-02-02T09:59:36Z,2026-02-02T10:02:29Z,173.45,18.82,PASS,TRUE,,/mnt/nurvai-data/05/batch_02/SKILL_012_20260202_095936/SKILL_012_20260202_095936_0.mcap
SKILL_013_20260130_080645,station_01_lab,SKILL_013,Set up a hand lamp,E_MARTINEZ,2026-01-30T08:06:45Z,2026-01-30T08:09:26Z,161.52,2.39,WARNING_DRIFT,TRUE,,/mnt/nurvai-data/05/batch_02/SKILL_013_20260130_080645/SKILL_013_20260130_080645_0.mcap
SKILL_012_20260202_100932,station_01_lab,SKILL_012,Put pasta in jars,E_MARTINEZ,2026-02-02T10:09:33Z,2026-02-02T10:12:20Z,167.28,21.52,PASS,TRUE,,/mnt/nurvai-data/05/batch_02/SKILL_012_20260202_100932/SKILL_012_20260202_100932_0.mcap
SKILL_013_20260130_082516,station_01_lab,SKILL_013,Set up a hand lamp,C_BECERRA,2026-01-30T08:25:16Z,2026-01-30T08:28:31Z,194.88,4.42,PASS,TRUE,,/mnt/nurvai-data/05/batch_02/SKILL_013_20260130_082516/SKILL_013_20260130_082516_0.mcap
SKILL_013_20260130_101413,station_01_lab,SKILL_013,Set up a hand lamp,C_BECERRA,2026-01-30T10:14:13Z,2026-01-30T10:18:06Z,232.51,4.12,PASS,TRUE,,/mnt/nurvai-data/05/batch_02/SKILL_013_20260130_101413/SKILL_013_20260130_101413_0.mcap
SKILL_013_20260130_101914,station_01_lab,SKILL_013,Set up a hand lamp,C_BECERRA,2026-01-30T10:19:14Z,2026-01-30T10:21:54Z,159.78,4.17,PASS,TRUE,,/mnt/nurvai-data/05/batch_02/SKILL_013_20260130_101914/SKILL_013_20260130_101914_0.mcap
SKILL_013_20260130_102311,station_01_lab,SKILL_013,Set up a hand lamp,C_BECERRA,2026-01-30T10:23:11Z,2026-01-30T10:24:37Z,86.22,3.54,PASS,FALSE,TOO_SHORT (86.2s),/mnt/nurvai-data/05/batch_02/SKILL_013_20260130_102311/SKILL_013_20260130_102311_0.mcap
SKILL_013_20260130_102533,station_01_lab,SKILL_013,Set up a hand lamp,C_BECERRA,2026-01-30T10:25:33Z,2026-01-30T10:27:26Z,113.48,4.07,PASS,TRUE,,/mnt/nurvai-data/05/batch_02/SKILL_013_20260130_102533/SKILL_013_20260130_102533_0.mcap
SKILL_013_20260130_121058,station_01_lab,SKILL_013,Set up a hand lamp,L_AGUILERA,2026-01-30T12:10:59Z,2026-01-30T12:14:17Z,198.02,18.72,WARNING_DRIFT,TRUE,,/mnt/nurvai-data/05/batch_02/SKILL_013_20260130_121058/SKILL_013_20260130_121058_0.mcap
SKILL_013_20260130_121540,station_01_lab,SKILL_013,Set up a hand lamp,L_AGUILERA,2026-01-30T12:15:40Z,2026-01-30T12:18:02Z,142.88,18.41,PASS,TRUE,,/mnt/nurvai-data/05/batch_02/SKILL_013_20260130_121540/SKILL_013_20260130_121540_0.mcap
SKILL_013_20260130_144104,station_01_lab,SKILL_013,Set up a hand lamp,L_AGUILERA,2026-01-30T14:41:04Z,2026-01-30T14:43:26Z,141.60,20.74,PASS,TRUE,,/mnt/nurvai-data/05/batch_02/SKILL_013_20260130_144104/SKILL_013_20260130_144104_0.mcap
SKILL_013_20260130_144650,station_01_lab,SKILL_013,Set up a hand lamp,L_AGUILERA,2026-01-30T14:46:52Z,2026-01-30T14:49:22Z,150.10,20.49,WARNING_DRIFT,TRUE,,/mnt/nurvai-data/05/batch_02/SKILL_013_20260130_144650/SKILL_013_20260130_144650_0.mcap
SKILL_013_20260131_080625,station_01_lab,SKILL_013,Set up a hand lamp,D_VARGAS,2026-01-31T08:06:25Z,2026-01-31T08:09:00Z,155.68,10.45,PASS,TRUE,,/mnt/nurvai-data/05/batch_02/SKILL_013_20260131_080625/SKILL_013_20260131_080625_0.mcap
SKILL_013_20260131_081014,station_01_lab,SKILL_013,Set up a hand lamp,D_VARGAS,2026-01-31T08:10:14Z,2026-01-31T08:10:21Z,7.52,10.99,PASS,FALSE,TOO_SHORT (7.5s),/mnt/nurvai-data/05/batch_02/SKILL_013_20260131_081014/SKILL_013_20260131_081014_0.mcap
SKILL_013_20260131_081049,station_01_lab,SKILL_013,Set up a hand lamp,D_VARGAS,2026-01-31T08:10:49Z,2026-01-31T08:12:35Z,105.40,19.93,PASS,TRUE,,/mnt/nurvai-data/05/batch_02/SKILL_013_20260131_081049/SKILL_013_20260131_081049_0.mcap
SKILL_013_20260131_081337,station_01_lab,SKILL_013,Set up a hand lamp,D_VARGAS,2026-01-31T08:13:37Z,2026-01-31T08:15:41Z,124.30,19.42,PASS,TRUE,,/mnt/nurvai-data/05/batch_02/SKILL_013_20260131_081337/SKILL_013_20260131_081337_0.mcap
SKILL_013_20260131_134323,station_01_lab,SKILL_013,Set up a hand lamp,D_VARGAS,2026-01-31T13:43:23Z,2026-01-31T13:45:36Z,133.06,18.06,PASS,TRUE,,/mnt/nurvai-data/05/batch_02/SKILL_013_20260131_134323/SKILL_013_20260131_134323_0.mcap
SKILL_013_20260131_134610,station_01_lab,SKILL_013,Set up a hand lamp,D_VARGAS,2026-01-31T13:46:10Z,2026-01-31T13:48:42Z,152.61,19.06,PASS,TRUE,,/mnt/nurvai-data/05/batch_02/SKILL_013_20260131_134610/SKILL_013_20260131_134610_0.mcap
SKILL_013_20260131_134920,station_01_lab,SKILL_013,Set up a hand lamp,D_VARGAS,2026-01-31T13:49:20Z,2026-01-31T13:51:08Z,108.10,18.81,PASS,TRUE,,/mnt/nurvai-data/05/batch_02/SKILL_013_20260131_134920/SKILL_013_20260131_134920_0.mcap
SKILL_013_20260131_135409,station_01_lab,SKILL_013,Set up a hand lamp,D_VARGAS,2026-01-31T13:54:09Z,2026-01-31T13:54:15Z,5.33,22.52,PASS,FALSE,TOO_SHORT (5.3s),/mnt/nurvai-data/05/batch_02/SKILL_013_20260131_135409/SKILL_013_20260131_135409_0.mcap
SKILL_013_20260202_073602,station_01_lab,SKILL_013,Set up a hand lamp,E_MARTINEZ,2026-02-02T07:36:02Z,2026-02-02T07:39:07Z,185.49,20.64,PASS,TRUE,,/mnt/nurvai-data/05/batch_02/SKILL_013_20260202_073602/SKILL_013_20260202_073602_0.mcap
SKILL_013_20260202_074252,station_01_lab,SKILL_013,Set up a hand lamp,E_MARTINEZ,2026-02-02T07:42:53Z,2026-02-02T07:45:26Z,153.42,19.17,PASS,TRUE,,/mnt/nurvai-data/05/batch_02/SKILL_013_20260202_074252/SKILL_013_20260202_074252_0.mcap
SKILL_013_20260202_074643,station_01_lab,SKILL_013,Set up a hand lamp,E_MARTINEZ,2026-02-02T07:46:43Z,2026-02-02T07:49:12Z,149.22,18.65,PASS,TRUE,,/mnt/nurvai-data/05/batch_02/SKILL_013_20260202_074643/SKILL_013_20260202_074643_0.mcap
SKILL_014_20260130_121956,station_01_lab,SKILL_014,Fasten nuts onto bolts,L_AGUILERA,2026-01-30T12:19:56Z,2026-01-30T12:22:55Z,178.69,18.11,PASS,TRUE,,/mnt/nurvai-data/05/batch_02/SKILL_014_20260130_121956/SKILL_014_20260130_121956_0.mcap
SKILL_014_20260131_094028,station_01_lab,SKILL_014,Fasten nuts onto bolts,C_BECERRA,2026-01-31T09:40:28Z,2026-01-31T09:43:59Z,211.48,17.79,PASS,TRUE,,/mnt/nurvai-data/05/batch_02/SKILL_014_20260131_094028/SKILL_014_20260131_094028_0.mcap
SKILL_014_20260131_092921,station_01_lab,SKILL_014,Fasten nuts onto bolts,C_BECERRA,2026-01-31T09:29:22Z,2026-01-31T09:38:46Z,564.07,19.15,WARNING_DRIFT,TRUE,,/mnt/nurvai-data/05/batch_02/SKILL_014_20260131_092921/SKILL_014_20260131_092921_0.mcap
SKILL_014_20260202_084853,station_01_lab,SKILL_014,Fasten nuts onto bolts,E_MARTINEZ,2026-02-02T08:48:53Z,2026-02-02T08:56:29Z,455.54,19.80,PASS,TRUE,,/mnt/nurvai-data/05/batch_02/SKILL_014_20260202_084853/SKILL_014_20260202_084853_0.mcap
SKILL_014_20260202_085800,station_01_lab,SKILL_014,Fasten nuts onto bolts,E_MARTINEZ,2026-02-02T08:58:00Z,2026-02-02T09:04:55Z,415.29,19.06,PASS,TRUE,,/mnt/nurvai-data/05/batch_02/SKILL_014_20260202_085800/SKILL_014_20260202_085800_0.mcap
SKILL_014_20260202_111529,station_01_lab,SKILL_014,Fasten nuts onto bolts,E_MARTINEZ,2026-02-02T11:15:29Z,2026-02-02T11:21:48Z,379.26,19.39,PASS,TRUE,,/mnt/nurvai-data/05/batch_02/SKILL_014_20260202_111529/SKILL_014_20260202_111529_0.mcap
SKILL_014_20260202_112455,station_01_lab,SKILL_014,Fasten nuts onto bolts,E_MARTINEZ,2026-02-02T11:24:55Z,2026-02-02T11:28:57Z,241.58,18.69,PASS,TRUE,,/mnt/nurvai-data/05/batch_02/SKILL_014_20260202_112455/SKILL_014_20260202_112455_0.mcap
SKILL_016_20260131_084235,station_01_lab,SKILL_016,Package a sewing set,D_VARGAS,2026-01-31T08:42:35Z,2026-01-31T08:43:30Z,54.71,19.60,PASS,FALSE,TOO_SHORT (54.7s),/mnt/nurvai-data/05/batch_02/SKILL_016_20260131_084235/SKILL_016_20260131_084235_0.mcap
SKILL_016_20260131_084009,station_01_lab,SKILL_016,Package a sewing set,D_VARGAS,2026-01-31T08:40:09Z,2026-01-31T08:41:18Z,68.61,19.22,PASS,FALSE,TOO_SHORT (68.6s),/mnt/nurvai-data/05/batch_02/SKILL_016_20260131_084009/SKILL_016_20260131_084009_0.mcap
SKILL_016_20260131_084402,station_01_lab,SKILL_016,Package a sewing set,D_VARGAS,2026-01-31T08:44:02Z,2026-01-31T08:44:51Z,49.01,19.63,PASS,FALSE,TOO_SHORT (49.0s),/mnt/nurvai-data/05/batch_02/SKILL_016_20260131_084402/SKILL_016_20260131_084402_0.mcap
SKILL_016_20260131_084553,station_01_lab,SKILL_016,Package a sewing set,D_VARGAS,2026-01-31T08:45:53Z,2026-01-31T08:46:50Z,56.52,18.75,PASS,FALSE,TOO_SHORT (56.5s),/mnt/nurvai-data/05/batch_02/SKILL_016_20260131_084553/SKILL_016_20260131_084553_0.mcap
SKILL_016_20260131_084807,station_01_lab,SKILL_016,Package a sewing set,D_VARGAS,2026-01-31T08:48:07Z,2026-01-31T08:49:36Z,88.63,19.05,PASS,FALSE,TOO_SHORT (88.6s),/mnt/nurvai-data/05/batch_02/SKILL_016_20260131_084807/SKILL_016_20260131_084807_0.mcap
SKILL_016_20260131_085010,station_01_lab,SKILL_016,Package a sewing set,D_VARGAS,2026-01-31T08:50:10Z,2026-01-31T08:50:34Z,24.08,18.65,PASS,FALSE,TOO_SHORT (24.1s),/mnt/nurvai-data/05/batch_02/SKILL_016_20260131_085010/SKILL_016_20260131_085010_0.mcap
SKILL_016_20260202_101905,station_01_lab,SKILL_016,Package a sewing set,E_MARTINEZ,2026-02-02T10:19:05Z,2026-02-02T10:19:59Z,54.50,23.19,PASS,FALSE,TOO_SHORT (54.5s),/mnt/nurvai-data/05/batch_02/SKILL_016_20260202_101905/SKILL_016_20260202_101905_0.mcap
SKILL_016_20260202_101649,station_01_lab,SKILL_016,Package a sewing set,E_MARTINEZ,2026-02-02T10:16:50Z,2026-02-02T10:17:37Z,46.87,21.35,PASS,FALSE,TOO_SHORT (46.9s),/mnt/nurvai-data/05/batch_02/SKILL_016_20260202_101649/SKILL_016_20260202_101649_0.mcap
SKILL_016_20260202_102419,station_01_lab,SKILL_016,Package a sewing set,E_MARTINEZ,2026-02-02T10:24:19Z,2026-02-02T10:25:16Z,56.52,18.39,PASS,FALSE,TOO_SHORT (56.5s),/mnt/nurvai-data/05/batch_02/SKILL_016_20260202_102419/SKILL_016_20260202_102419_0.mcap
SKILL_018_20260202_102610,station_01_lab,SKILL_018,Close bags with twist ties,E_MARTINEZ,2026-02-02T10:26:10Z,2026-02-02T10:28:49Z,159.34,19.13,PASS,TRUE,,/mnt/nurvai-data/05/batch_02/SKILL_018_20260202_102610/SKILL_018_20260202_102610_0.mcap
SKILL_018_20260202_103001,station_01_lab,SKILL_018,Close bags with twist ties,E_MARTINEZ,2026-02-02T10:30:01Z,2026-02-02T10:34:21Z,259.57,14.23,PASS,TRUE,,/mnt/nurvai-data/05/batch_02/SKILL_018_20260202_103001/SKILL_018_20260202_103001_0.mcap
SKILL_019_20260131_123258,station_01_lab,SKILL_019,Put pasta in plastic containers,D_VARGAS,2026-01-31T12:32:58Z,2026-01-31T12:33:03Z,5.91,16.12,PASS,FALSE,TOO_SHORT (5.9s),/mnt/nurvai-data/05/batch_02/SKILL_019_20260131_123258/SKILL_019_20260131_123258_0.mcap
SKILL_019_20260131_122643,station_01_lab,SKILL_019,Put pasta in plastic containers,D_VARGAS,2026-01-31T12:26:43Z,2026-01-31T12:31:50Z,306.78,18.83,PASS,TRUE,,/mnt/nurvai-data/05/batch_02/SKILL_019_20260131_122643/SKILL_019_20260131_122643_0.mcap
SKILL_019_20260202_093727,station_01_lab,SKILL_019,Put pasta in plastic containers,E_MARTINEZ,2026-02-02T09:37:27Z,2026-02-02T09:41:00Z,212.64,19.45,PASS,TRUE,,/mnt/nurvai-data/05/batch_02/SKILL_019_20260202_093727/SKILL_019_20260202_093727_0.mcap
SKILL_019_20260202_094147,station_01_lab,SKILL_019,Put pasta in plastic containers,E_MARTINEZ,2026-02-02T09:41:47Z,2026-02-02T09:45:48Z,241.01,18.89,PASS,TRUE,,/mnt/nurvai-data/05/batch_02/SKILL_019_20260202_094147/SKILL_019_20260202_094147_0.mcap
SKILL_019_20260202_094747,station_01_lab,SKILL_019,Put pasta in plastic containers,E_MARTINEZ,2026-02-02T09:47:47Z,2026-02-02T09:51:16Z,209.26,18.39,PASS,TRUE,,/mnt/nurvai-data/05/batch_02/SKILL_019_20260202_094747/SKILL_019_20260202_094747_0.mcap
SKILL_020_20260130_075027,station_01_lab,SKILL_020,Open locks with their keys,C_BECERRA,2026-01-30T07:50:27Z,2026-01-30T07:52:11Z,104.57,4.19,PASS,TRUE,,/mnt/nurvai-data/05/batch_02/SKILL_020_20260130_075027/SKILL_020_20260130_075027_0.mcap
SKILL_020_20260130_075753,station_01_lab,SKILL_020,Open locks with their keys,E_MARTINEZ,2026-01-30T07:57:53Z,2026-01-30T07:58:02Z,8.73,4.46,PASS,FALSE,TOO_SHORT (8.7s),/mnt/nurvai-data/05/batch_02/SKILL_020_20260130_075753/SKILL_020_20260130_075753_0.mcap
SKILL_020_20260130_075841,station_01_lab,SKILL_020,Open locks with their keys,E_MARTINEZ,2026-01-30T07:58:41Z,2026-01-30T07:59:43Z,62.13,4.27,PASS,FALSE,TOO_SHORT (62.1s),/mnt/nurvai-data/05/batch_02/SKILL_020_20260130_075841/SKILL_020_20260130_075841_0.mcap
SKILL_020_20260130_080013,station_01_lab,SKILL_020,Open locks with their keys,E_MARTINEZ,2026-01-30T08:00:13Z,2026-01-30T08:00:15Z,1.96,4.82,PASS,FALSE,TOO_SHORT (2.0s),/mnt/nurvai-data/05/batch_02/SKILL_020_20260130_080013/SKILL_020_20260130_080013_0.mcap
SKILL_020_20260130_080105,station_01_lab,SKILL_020,Open locks with their keys,E_MARTINEZ,2026-01-30T08:01:05Z,2026-01-30T08:01:52Z,46.93,3.95,PASS,FALSE,TOO_SHORT (46.9s),/mnt/nurvai-data/05/batch_02/SKILL_020_20260130_080105/SKILL_020_20260130_080105_0.mcap
SKILL_020_20260130_080301,station_01_lab,SKILL_020,Open locks with their keys,E_MARTINEZ,2026-01-30T08:03:01Z,2026-01-30T08:03:50Z,48.90,3.91,PASS,FALSE,TOO_SHORT (48.9s),/mnt/nurvai-data/05/batch_02/SKILL_020_20260130_080301/SKILL_020_20260130_080301_0.mcap
SKILL_020_20260130_104236,station_01_lab,SKILL_020,Open locks with their keys,L_AGUILERA,2026-01-30T10:42:36Z,2026-01-30T10:42:45Z,9.23,4.25,PASS,FALSE,TOO_SHORT (9.2s),/mnt/nurvai-data/05/batch_02/SKILL_020_20260130_104236/SKILL_020_20260130_104236_0.mcap
SKILL_020_20260130_104859,station_01_lab,SKILL_020,Open locks with their keys,L_AGUILERA,2026-01-30T10:48:59Z,2026-01-30T10:50:29Z,90.22,3.28,PASS,TRUE,,/mnt/nurvai-data/05/batch_02/SKILL_020_20260130_104859/SKILL_020_20260130_104859_0.mcap
SKILL_020_20260130_105111,station_01_lab,SKILL_020,Open locks with their keys,L_AGUILERA,2026-01-30T10:51:11Z,2026-01-30T10:53:11Z,120.29,3.35,PASS,TRUE,,/mnt/nurvai-data/05/batch_02/SKILL_020_20260130_105111/SKILL_020_20260130_105111_0.mcap
SKILL_020_20260130_105403,station_01_lab,SKILL_020,Open locks with their keys,L_AGUILERA,2026-01-30T10:54:03Z,2026-01-30T10:55:38Z,94.59,3.45,PASS,TRUE,,/mnt/nurvai-data/05/batch_02/SKILL_020_20260130_105403/SKILL_020_20260130_105403_0.mcap
SKILL_020_20260130_124008,station_01_lab,SKILL_020,Open locks with their keys,D_VARGAS,2026-01-30T12:40:08Z,2026-01-30T12:41:36Z,88.48,13.82,PASS,FALSE,TOO_SHORT (88.5s),/mnt/nurvai-data/05/batch_02/SKILL_020_20260130_124008/SKILL_020_20260130_124008_0.mcap
SKILL_020_20260130_124233,station_01_lab,SKILL_020,Open locks with their keys,D_VARGAS,2026-01-30T12:42:33Z,2026-01-30T12:44:06Z,92.71,13.89,PASS,TRUE,,/mnt/nurvai-data/05/batch_02/SKILL_020_20260130_124233/SKILL_020_20260130_124233_0.mcap
SKILL_020_20260130_124527,station_01_lab,SKILL_020,Open locks with their keys,D_VARGAS,2026-01-30T12:45:27Z,2026-01-30T12:47:21Z,114.95,9.13,PASS,TRUE,,/mnt/nurvai-data/05/batch_02/SKILL_020_20260130_124527/SKILL_020_20260130_124527_0.mcap
SKILL_020_20260130_125202,station_01_lab,SKILL_020,Open locks with their keys,D_VARGAS,2026-01-30T12:52:03Z,2026-01-30T12:53:40Z,96.37,20.17,WARNING_DRIFT,TRUE,,/mnt/nurvai-data/05/batch_02/SKILL_020_20260130_125202/SKILL_020_20260130_125202_0.mcap
SKILL_020_20260130_125447,station_01_lab,SKILL_020,Open locks with their keys,D_VARGAS,2026-01-30T12:54:47Z,2026-01-30T12:54:55Z,7.85,20.62,PASS,FALSE,TOO_SHORT (7.8s),/mnt/nurvai-data/05/batch_02/SKILL_020_20260130_125447/SKILL_020_20260130_125447_0.mcap
SKILL_020_20260130_141156,station_01_lab,SKILL_020,Open locks with their keys,L_AGUILERA,2026-01-30T14:11:57Z,2026-01-30T14:13:22Z,84.51,18.00,WARNING_DRIFT,FALSE,TOO_SHORT (84.5s),/mnt/nurvai-data/05/batch_02/SKILL_020_20260130_141156/SKILL_020_20260130_141156_0.mcap
SKILL_020_20260130_125514,station_01_lab,SKILL_020,Open locks with their keys,D_VARGAS,2026-01-30T12:55:14Z,2026-01-30T12:56:59Z,104.77,19.60,PASS,TRUE,,/mnt/nurvai-data/05/batch_02/SKILL_020_20260130_125514/SKILL_020_20260130_125514_0.mcap
SKILL_020_20260130_141415,station_01_lab,SKILL_020,Open locks with their keys,L_AGUILERA,2026-01-30T14:14:15Z,2026-01-30T14:15:40Z,84.64,17.05,PASS,FALSE,TOO_SHORT (84.6s),/mnt/nurvai-data/05/batch_02/SKILL_020_20260130_141415/SKILL_020_20260130_141415_0.mcap
SKILL_020_20260130_141623,station_01_lab,SKILL_020,Open locks with their keys,L_AGUILERA,2026-01-30T14:16:23Z,2026-01-30T14:17:41Z,78.31,17.43,PASS,FALSE,TOO_SHORT (78.3s),/mnt/nurvai-data/05/batch_02/SKILL_020_20260130_141623/SKILL_020_20260130_141623_0.mcap
SKILL_020_20260130_142150,station_01_lab,SKILL_020,Open locks with their keys,L_AGUILERA,2026-01-30T14:21:51Z,2026-01-30T14:23:02Z,70.33,22.62,WARNING_DRIFT,FALSE,TOO_SHORT (70.3s),/mnt/nurvai-data/05/batch_02/SKILL_020_20260130_142150/SKILL_020_20260130_142150_0.mcap
SKILL_020_20260131_125445,station_01_lab,SKILL_020,Open locks with their keys,D_VARGAS,2026-01-31T12:54:45Z,2026-01-31T12:56:39Z,114.27,13.46,PASS,TRUE,,/mnt/nurvai-data/05/batch_02/SKILL_020_20260131_125445/SKILL_020_20260131_125445_0.mcap
SKILL_020_20260131_125729,station_01_lab,SKILL_020,Open locks with their keys,D_VARGAS,2026-01-31T12:57:29Z,2026-01-31T12:58:13Z,43.29,13.63,PASS,FALSE,TOO_SHORT (43.3s),/mnt/nurvai-data/05/batch_02/SKILL_020_20260131_125729/SKILL_020_20260131_125729_0.mcap
SKILL_020_20260131_125940,station_01_lab,SKILL_020,Open locks with their keys,D_VARGAS,2026-01-31T12:59:40Z,2026-01-31T13:00:19Z,38.26,13.40,PASS,FALSE,TOO_SHORT (38.3s),/mnt/nurvai-data/05/batch_02/SKILL_020_20260131_125940/SKILL_020_20260131_125940_0.mcap
SKILL_020_20260131_130146,station_01_lab,SKILL_020,Open locks with their keys,D_VARGAS,2026-01-31T13:01:46Z,2026-01-31T13:02:30Z,44.10,14.01,PASS,FALSE,TOO_SHORT (44.1s),/mnt/nurvai-data/05/batch_02/SKILL_020_20260131_130146/SKILL_020_20260131_130146_0.mcap
SKILL_020_20260202_072607,station_01_lab,SKILL_020,Open locks with their keys,E_MARTINEZ,2026-02-02T07:26:07Z,2026-02-02T07:27:46Z,99.20,20.71,PASS,TRUE,,/mnt/nurvai-data/05/batch_02/SKILL_020_20260202_072607/SKILL_020_20260202_072607_0.mcap
SKILL_020_20260202_072838,station_01_lab,SKILL_020,Open locks with their keys,E_MARTINEZ,2026-02-02T07:28:38Z,2026-02-02T07:30:51Z,133.23,20.64,PASS,TRUE,,/mnt/nurvai-data/05/batch_02/SKILL_020_20260202_072838/SKILL_020_20260202_072838_0.mcap
SKILL_020_20260202_073250,station_01_lab,SKILL_020,Open locks with their keys,E_MARTINEZ,2026-02-02T07:32:50Z,2026-02-02T07:34:35Z,105.27,20.69,PASS,TRUE,,/mnt/nurvai-data/05/batch_02/SKILL_020_20260202_073250/SKILL_020_20260202_073250_0.mcap
SKILL_020_20260202_104847,station_01_lab,SKILL_020,Open locks with their keys,E_MARTINEZ,2026-02-02T10:48:47Z,2026-02-02T10:50:07Z,79.90,20.16,PASS,FALSE,TOO_SHORT (79.9s),/mnt/nurvai-data/05/batch_02/SKILL_020_20260202_104847/SKILL_020_20260202_104847_0.mcap
SKILL_020_20260202_105058,station_01_lab,SKILL_020,Open locks with their keys,E_MARTINEZ,2026-02-02T10:50:58Z,2026-02-02T10:52:24Z,85.47,19.82,PASS,FALSE,TOO_SHORT (85.5s),/mnt/nurvai-data/05/batch_02/SKILL_020_20260202_105058/SKILL_020_20260202_105058_0.mcap
SKILL_020_20260202_105304,station_01_lab,SKILL_020,Open locks with their keys,E_MARTINEZ,2026-02-02T10:53:04Z,2026-02-02T10:54:25Z,80.71,20.19,PASS,FALSE,TOO_SHORT (80.7s),/mnt/nurvai-data/05/batch_02/SKILL_020_20260202_105304/SKILL_020_20260202_105304_0.mcap
SKILL_020_20260202_121837,station_01_lab,SKILL_020,Open locks with their keys,N_MORA,2026-02-02T12:18:38Z,2026-02-02T12:19:51Z,73.06,22.77,WARNING_DRIFT,FALSE,TOO_SHORT (73.1s),/mnt/nurvai-data/05/batch_02/SKILL_020_20260202_121837/SKILL_020_20260202_121837_0.mcap
SKILL_020_20260202_122107,station_01_lab,SKILL_020,Open locks with their keys,N_MORA,2026-02-02T12:21:07Z,2026-02-02T12:22:33Z,85.68,22.93,PASS,FALSE,TOO_SHORT (85.7s),/mnt/nurvai-data/05/batch_02/SKILL_020_20260202_122107/SKILL_020_20260202_122107_0.mcap
SKILL_001_20260202_125733,station_01_lab,SKILL_001,Organize beads per color,N_MORA,2026-02-02T12:57:33Z,2026-02-02T12:58:07Z,33.60,19.34,PASS,FALSE,TOO_SHORT (33.6s),/mnt/nurvai-data/05/batch_03/SKILL_001_20260202_125733/SKILL_001_20260202_125733_0.mcap
SKILL_020_20260202_122438,station_01_lab,SKILL_020,Open locks with their keys,N_MORA,2026-02-02T12:24:38Z,2026-02-02T12:25:55Z,77.04,21.85,PASS,FALSE,TOO_SHORT (77.0s),/mnt/nurvai-data/05/batch_02/SKILL_020_20260202_122438/SKILL_020_20260202_122438_0.mcap
SKILL_001_20260202_130023,station_01_lab,SKILL_001,Organize beads per color,N_MORA,2026-02-02T13:00:24Z,2026-02-02T13:07:50Z,446.48,18.79,WARNING_DRIFT,TRUE,,/mnt/nurvai-data/05/batch_03/SKILL_001_20260202_130023/SKILL_001_20260202_130023_0.mcap
SKILL_001_20260203_073144,station_01_lab,SKILL_001,Organize beads per color,N_MORA,2026-02-03T07:31:44Z,2026-02-03T07:40:16Z,511.78,17.90,PASS,TRUE,,/mnt/nurvai-data/05/batch_03/SKILL_001_20260203_073144/SKILL_001_20260203_073144_0.mcap
SKILL_001_20260203_102253,station_01_lab,SKILL_001,Organize beads per color,L_AGUILERA,2026-02-03T10:22:53Z,2026-02-03T10:28:09Z,315.55,17.26,PASS,TRUE,,/mnt/nurvai-data/05/batch_03/SKILL_001_20260203_102253/SKILL_001_20260203_102253_0.mcap
SKILL_001_20260203_101247,station_01_lab,SKILL_001,Organize beads per color,L_AGUILERA,2026-02-03T10:12:47Z,2026-02-03T10:21:50Z,542.84,16.77,PASS,TRUE,,/mnt/nurvai-data/05/batch_03/SKILL_001_20260203_101247/SKILL_001_20260203_101247_0.mcap
SKILL_001_20260204_103005,station_01_lab,SKILL_001,Organize beads per color,D_VARGAS,2026-02-04T10:30:05Z,2026-02-04T10:38:42Z,516.87,21.05,PASS,TRUE,,/mnt/nurvai-data/05/batch_03/SKILL_001_20260204_103005/SKILL_001_20260204_103005_0.mcap
SKILL_001_20260204_120554,station_01_lab,SKILL_001,Organize beads per color,L_AGUILERA,2026-02-04T12:05:54Z,2026-02-04T12:14:15Z,501.01,19.22,PASS,TRUE,,/mnt/nurvai-data/05/batch_03/SKILL_001_20260204_120554/SKILL_001_20260204_120554_0.mcap
SKILL_002_20260202_143244,station_01_lab,SKILL_002,Organize beads per character,N_MORA,2026-02-02T14:32:44Z,2026-02-02T14:32:49Z,4.84,9.81,PASS,FALSE,TOO_SHORT (4.8s),/mnt/nurvai-data/05/batch_03/SKILL_002_20260202_143244/SKILL_002_20260202_143244_0.mcap
SKILL_002_20260202_142722,station_01_lab,SKILL_002,Organize beads per character,N_MORA,2026-02-02T14:27:22Z,2026-02-02T14:30:39Z,196.88,20.21,PASS,TRUE,,/mnt/nurvai-data/05/batch_03/SKILL_002_20260202_142722/SKILL_002_20260202_142722_0.mcap
SKILL_002_20260203_093835,station_01_lab,SKILL_002,Organize beads per character,N_MORA,2026-02-03T09:38:35Z,2026-02-03T09:41:06Z,150.71,20.47,PASS,TRUE,,/mnt/nurvai-data/05/batch_03/SKILL_002_20260203_093835/SKILL_002_20260203_093835_0.mcap
SKILL_003_20260203_094159,station_01_lab,SKILL_003,Organize screwdriver bits,N_MORA,2026-02-03T09:41:59Z,2026-02-03T09:44:46Z,166.56,19.01,PASS,TRUE,,/mnt/nurvai-data/05/batch_03/SKILL_003_20260203_094159/SKILL_003_20260203_094159_0.mcap
SKILL_003_20260203_103127,station_01_lab,SKILL_003,Organize screwdriver bits,L_AGUILERA,2026-02-03T10:31:29Z,2026-02-03T10:31:31Z,2.06,24.96,WARNING_DRIFT,FALSE,TOO_SHORT (2.1s),/mnt/nurvai-data/05/batch_03/SKILL_003_20260203_103127/SKILL_003_20260203_103127_0.mcap
SKILL_003_20260203_094758,station_01_lab,SKILL_003,Organize screwdriver bits,N_MORA,2026-02-03T09:48:00Z,2026-02-03T09:51:48Z,228.03,17.47,WARNING_DRIFT,TRUE,,/mnt/nurvai-data/05/batch_03/SKILL_003_20260203_094758/SKILL_003_20260203_094758_0.mcap
SKILL_003_20260203_103516,station_01_lab,SKILL_003,Organize screwdriver bits,L_AGUILERA,2026-02-03T10:35:16Z,2026-02-03T10:36:26Z,69.99,15.75,PASS,FALSE,TOO_SHORT (70.0s),/mnt/nurvai-data/05/batch_03/SKILL_003_20260203_103516/SKILL_003_20260203_103516_0.mcap
SKILL_003_20260203_103324,station_01_lab,SKILL_003,Organize screwdriver bits,L_AGUILERA,2026-02-03T10:33:24Z,2026-02-03T10:34:53Z,89.37,16.87,PASS,FALSE,TOO_SHORT (89.4s),/mnt/nurvai-data/05/batch_03/SKILL_003_20260203_103324/SKILL_003_20260203_103324_0.mcap
SKILL_003_20260203_103824,station_01_lab,SKILL_003,Organize screwdriver bits,L_AGUILERA,2026-02-03T10:38:24Z,2026-02-03T10:38:30Z,5.92,16.62,PASS,FALSE,TOO_SHORT (5.9s),/mnt/nurvai-data/05/batch_03/SKILL_003_20260203_103824/SKILL_003_20260203_103824_0.mcap
SKILL_003_20260203_103650,station_01_lab,SKILL_003,Organize screwdriver bits,L_AGUILERA,2026-02-03T10:36:50Z,2026-02-03T10:38:11Z,80.98,16.29,PASS,FALSE,TOO_SHORT (81.0s),/mnt/nurvai-data/05/batch_03/SKILL_003_20260203_103650/SKILL_003_20260203_103650_0.mcap
SKILL_003_20260203_103849,station_01_lab,SKILL_003,Organize screwdriver bits,L_AGUILERA,2026-02-03T10:38:49Z,2026-02-03T10:40:01Z,72.05,16.18,PASS,FALSE,TOO_SHORT (72.1s),/mnt/nurvai-data/05/batch_03/SKILL_003_20260203_103849/SKILL_003_20260203_103849_0.mcap
SKILL_003_20260203_104649,station_01_lab,SKILL_003,Organize screwdriver bits,L_AGUILERA,2026-02-03T10:46:49Z,2026-02-03T10:49:57Z,188.23,17.31,PASS,TRUE,,/mnt/nurvai-data/05/batch_03/SKILL_003_20260203_104649/SKILL_003_20260203_104649_0.mcap
SKILL_003_20260203_104134,station_01_lab,SKILL_003,Organize screwdriver bits,L_AGUILERA,2026-02-03T10:41:34Z,2026-02-03T10:45:23Z,228.99,16.26,PASS,TRUE,,/mnt/nurvai-data/05/batch_03/SKILL_003_20260203_104134/SKILL_003_20260203_104134_0.mcap
SKILL_003_20260204_104014,station_01_lab,SKILL_003,Organize screwdriver bits,D_VARGAS,2026-02-04T10:40:14Z,2026-02-04T10:45:18Z,304.28,20.28,PASS,TRUE,,/mnt/nurvai-data/05/batch_03/SKILL_003_20260204_104014/SKILL_003_20260204_104014_0.mcap
SKILL_003_20260204_104640,station_01_lab,SKILL_003,Organize screwdriver bits,D_VARGAS,2026-02-04T10:46:40Z,2026-02-04T10:50:15Z,215.32,20.16,PASS,TRUE,,/mnt/nurvai-data/05/batch_03/SKILL_003_20260204_104640/SKILL_003_20260204_104640_0.mcap
SKILL_004_20260202_142044,station_01_lab,SKILL_004,Set Screwdriver package,N_MORA,2026-02-02T14:20:44Z,2026-02-02T14:22:19Z,94.78,18.51,PASS,TRUE,,/mnt/nurvai-data/05/batch_03/SKILL_004_20260202_142044/SKILL_004_20260202_142044_0.mcap
SKILL_004_20260202_142507,station_01_lab,SKILL_004,Set Screwdriver package,N_MORA,2026-02-02T14:25:07Z,2026-02-02T14:26:34Z,86.82,20.68,PASS,FALSE,TOO_SHORT (86.8s),/mnt/nurvai-data/05/batch_03/SKILL_004_20260202_142507/SKILL_004_20260202_142507_0.mcap
SKILL_004_20260203_090735,station_01_lab,SKILL_004,Set Screwdriver package,N_MORA,2026-02-03T09:07:35Z,2026-02-03T09:09:00Z,84.66,21.62,PASS,FALSE,TOO_SHORT (84.7s),/mnt/nurvai-data/05/batch_03/SKILL_004_20260203_090735/SKILL_004_20260203_090735_0.mcap
SKILL_004_20260203_090451,station_01_lab,SKILL_004,Set Screwdriver package,N_MORA,2026-02-03T09:04:51Z,2026-02-03T09:06:58Z,126.95,20.74,PASS,TRUE,,/mnt/nurvai-data/05/batch_03/SKILL_004_20260203_090451/SKILL_004_20260203_090451_0.mcap
SKILL_004_20260203_090951,station_01_lab,SKILL_004,Set Screwdriver package,N_MORA,2026-02-03T09:09:51Z,2026-02-03T09:11:12Z,81.11,21.80,PASS,FALSE,TOO_SHORT (81.1s),/mnt/nurvai-data/05/batch_03/SKILL_004_20260203_090951/SKILL_004_20260203_090951_0.mcap
SKILL_004_20260203_091201,station_01_lab,SKILL_004,Set Screwdriver package,N_MORA,2026-02-03T09:12:01Z,2026-02-03T09:13:21Z,80.27,21.14,PASS,FALSE,TOO_SHORT (80.3s),/mnt/nurvai-data/05/batch_03/SKILL_004_20260203_091201/SKILL_004_20260203_091201_0.mcap
SKILL_004_20260203_141702,station_01_lab,SKILL_004,Set Screwdriver package,D_VARGAS,2026-02-03T14:17:02Z,2026-02-03T14:18:31Z,88.97,15.14,PASS,FALSE,TOO_SHORT (89.0s),/mnt/nurvai-data/05/batch_03/SKILL_004_20260203_141702/SKILL_004_20260203_141702_0.mcap
SKILL_004_20260203_141400,station_01_lab,SKILL_004,Set Screwdriver package,D_VARGAS,2026-02-03T14:14:01Z,2026-02-03T14:15:54Z,112.69,16.65,WARNING_DRIFT,TRUE,,/mnt/nurvai-data/05/batch_03/SKILL_004_20260203_141400/SKILL_004_20260203_141400_0.mcap
SKILL_004_20260203_142437,station_01_lab,SKILL_004,Set Screwdriver package,D_VARGAS,2026-02-03T14:24:37Z,2026-02-03T14:26:16Z,98.76,18.62,PASS,TRUE,,/mnt/nurvai-data/05/batch_03/SKILL_004_20260203_142437/SKILL_004_20260203_142437_0.mcap
SKILL_004_20260203_142142,station_01_lab,SKILL_004,Set Screwdriver package,D_VARGAS,2026-02-03T14:21:44Z,2026-02-03T14:23:53Z,129.59,18.77,WARNING_DRIFT,TRUE,,/mnt/nurvai-data/05/batch_03/SKILL_004_20260203_142142/SKILL_004_20260203_142142_0.mcap
SKILL_004_20260203_142629,station_01_lab,SKILL_004,Set Screwdriver package,D_VARGAS,2026-02-03T14:26:29Z,2026-02-03T14:28:13Z,104.36,18.76,PASS,TRUE,,/mnt/nurvai-data/05/batch_03/SKILL_004_20260203_142629/SKILL_004_20260203_142629_0.mcap
SKILL_004_20260203_142842,station_01_lab,SKILL_004,Set Screwdriver package,D_VARGAS,2026-02-03T14:28:42Z,2026-02-03T14:30:28Z,106.35,18.57,PASS,TRUE,,/mnt/nurvai-data/05/batch_03/SKILL_004_20260203_142842/SKILL_004_20260203_142842_0.mcap
SKILL_004_20260203_143702,station_01_lab,SKILL_004,Set Screwdriver package,D_VARGAS,2026-02-03T14:37:03Z,2026-02-03T14:37:04Z,1.66,21.58,WARNING_DRIFT,FALSE,TOO_SHORT (1.7s),/mnt/nurvai-data/05/batch_03/SKILL_004_20260203_143702/SKILL_004_20260203_143702_0.mcap
SKILL_004_20260203_143727,station_01_lab,SKILL_004,Set Screwdriver package,D_VARGAS,2026-02-03T14:37:27Z,2026-02-03T14:38:54Z,86.98,15.94,PASS,FALSE,TOO_SHORT (87.0s),/mnt/nurvai-data/05/batch_03/SKILL_004_20260203_143727/SKILL_004_20260203_143727_0.mcap
SKILL_004_20260203_143940,station_01_lab,SKILL_004,Set Screwdriver package,D_VARGAS,2026-02-03T14:39:40Z,2026-02-03T14:41:00Z,80.02,15.47,PASS,FALSE,TOO_SHORT (80.0s),/mnt/nurvai-data/05/batch_03/SKILL_004_20260203_143940/SKILL_004_20260203_143940_0.mcap
SKILL_004_20260204_072751,station_01_lab,SKILL_004,Set Screwdriver package,L_AGUILERA,2026-02-04T07:27:51Z,2026-02-04T07:29:33Z,101.47,18.71,PASS,TRUE,,/mnt/nurvai-data/05/batch_03/SKILL_004_20260204_072751/SKILL_004_20260204_072751_0.mcap
SKILL_004_20260204_072556,station_01_lab,SKILL_004,Set Screwdriver package,L_AGUILERA,2026-02-04T07:25:57Z,2026-02-04T07:27:23Z,85.94,21.49,WARNING_DRIFT,FALSE,TOO_SHORT (85.9s),/mnt/nurvai-data/05/batch_03/SKILL_004_20260204_072556/SKILL_004_20260204_072556_0.mcap
SKILL_004_20260204_072953,station_01_lab,SKILL_004,Set Screwdriver package,L_AGUILERA,2026-02-04T07:29:53Z,2026-02-04T07:30:55Z,61.93,17.68,PASS,FALSE,TOO_SHORT (61.9s),/mnt/nurvai-data/05/batch_03/SKILL_004_20260204_072953/SKILL_004_20260204_072953_0.mcap
SKILL_004_20260204_073115,station_01_lab,SKILL_004,Set Screwdriver package,L_AGUILERA,2026-02-04T07:31:15Z,2026-02-04T07:32:32Z,77.78,15.85,PASS,FALSE,TOO_SHORT (77.8s),/mnt/nurvai-data/05/batch_03/SKILL_004_20260204_073115/SKILL_004_20260204_073115_0.mcap
SKILL_004_20260204_101541,station_01_lab,SKILL_004,Set Screwdriver package,D_VARGAS,2026-02-04T10:15:41Z,2026-02-04T10:17:21Z,99.91,20.44,PASS,TRUE,,/mnt/nurvai-data/05/batch_03/SKILL_004_20260204_101541/SKILL_004_20260204_101541_0.mcap
SKILL_004_20260204_101841,station_01_lab,SKILL_004,Set Screwdriver package,D_VARGAS,2026-02-04T10:18:41Z,2026-02-04T10:20:43Z,122.56,21.32,PASS,TRUE,,/mnt/nurvai-data/05/batch_03/SKILL_004_20260204_101841/SKILL_004_20260204_101841_0.mcap
SKILL_005_20260203_075542,station_01_lab,SKILL_005,Insert allen keys in package,N_MORA,2026-02-03T07:55:43Z,2026-02-03T07:56:16Z,32.05,16.95,WARNING_DRIFT,FALSE,TOO_SHORT (32.1s),/mnt/nurvai-data/05/batch_03/SKILL_005_20260203_075542/SKILL_005_20260203_075542_0.mcap
SKILL_004_20260204_102135,station_01_lab,SKILL_004,Set Screwdriver package,D_VARGAS,2026-02-04T10:21:35Z,2026-02-04T10:23:40Z,125.44,21.00,PASS,TRUE,,/mnt/nurvai-data/05/batch_03/SKILL_004_20260204_102135/SKILL_004_20260204_102135_0.mcap
SKILL_005_20260203_075615,station_01_lab,SKILL_005,Insert allen keys in package,N_MORA,2026-02-03T07:56:15Z,2026-02-03T07:56:15Z,0.45,9.20,PASS,FALSE,TOO_SHORT (0.4s),/mnt/nurvai-data/05/batch_03/SKILL_005_20260203_075615/SKILL_005_20260203_075615_0.mcap
SKILL_005_20260203_080827,station_01_lab,SKILL_005,Insert allen keys in package,N_MORA,2026-02-03T08:08:27Z,2026-02-03T08:12:13Z,226.08,10.59,PASS,TRUE,,/mnt/nurvai-data/05/batch_03/SKILL_005_20260203_080827/SKILL_005_20260203_080827_0.mcap
SKILL_005_20260203_075715,station_01_lab,SKILL_005,Insert allen keys in package,N_MORA,2026-02-03T07:57:15Z,2026-02-03T08:00:44Z,209.55,17.51,PASS,TRUE,,/mnt/nurvai-data/05/batch_03/SKILL_005_20260203_075715/SKILL_005_20260203_075715_0.mcap
SKILL_005_20260203_081325,station_01_lab,SKILL_005,Insert allen keys in package,N_MORA,2026-02-03T08:13:25Z,2026-02-03T08:17:31Z,245.76,18.26,PASS,TRUE,,/mnt/nurvai-data/05/batch_03/SKILL_005_20260203_081325/SKILL_005_20260203_081325_0.mcap
SKILL_005_20260203_120309,station_01_lab,SKILL_005,Insert allen keys in package,L_AGUILERA,2026-02-03T12:03:10Z,2026-02-03T12:06:56Z,225.76,19.06,WARNING_DRIFT,TRUE,,/mnt/nurvai-data/05/batch_03/SKILL_005_20260203_120309/SKILL_005_20260203_120309_0.mcap
SKILL_005_20260203_120739,station_01_lab,SKILL_005,Insert allen keys in package,L_AGUILERA,2026-02-03T12:07:39Z,2026-02-03T12:11:33Z,233.88,18.82,PASS,TRUE,,/mnt/nurvai-data/05/batch_03/SKILL_005_20260203_120739/SKILL_005_20260203_120739_0.mcap
SKILL_005_20260203_121216,station_01_lab,SKILL_005,Insert allen keys in package,L_AGUILERA,2026-02-03T12:12:16Z,2026-02-03T12:16:16Z,240.00,18.42,PASS,TRUE,,/mnt/nurvai-data/05/batch_03/SKILL_005_20260203_121216/SKILL_005_20260203_121216_0.mcap
SKILL_005_20260203_130416,station_01_lab,SKILL_005,Insert allen keys in package,D_VARGAS,2026-02-03T13:04:16Z,2026-02-03T13:08:41Z,264.55,16.39,PASS,TRUE,,/mnt/nurvai-data/05/batch_03/SKILL_005_20260203_130416/SKILL_005_20260203_130416_0.mcap
SKILL_005_20260203_131212,station_01_lab,SKILL_005,Insert allen keys in package,D_VARGAS,2026-02-03T13:12:12Z,2026-02-03T13:13:19Z,67.09,17.09,PASS,FALSE,TOO_SHORT (67.1s),/mnt/nurvai-data/05/batch_03/SKILL_005_20260203_131212/SKILL_005_20260203_131212_0.mcap
SKILL_005_20260203_130917,station_01_lab,SKILL_005,Insert allen keys in package,D_VARGAS,2026-02-03T13:09:17Z,2026-02-03T13:11:55Z,157.92,17.38,PASS,TRUE,,/mnt/nurvai-data/05/batch_03/SKILL_005_20260203_130917/SKILL_005_20260203_130917_0.mcap
SKILL_005_20260204_074257,station_01_lab,SKILL_005,Insert allen keys in package,L_AGUILERA,2026-02-04T07:42:59Z,2026-02-04T07:43:14Z,15.25,20.07,WARNING_DRIFT,FALSE,TOO_SHORT (15.3s),/mnt/nurvai-data/05/batch_03/SKILL_005_20260204_074257/SKILL_005_20260204_074257_0.mcap
SKILL_005_20260204_074753,station_01_lab,SKILL_005,Insert allen keys in package,L_AGUILERA,2026-02-04T07:47:54Z,2026-02-04T07:49:12Z,77.04,17.67,WARNING_DRIFT,FALSE,TOO_SHORT (77.0s),/mnt/nurvai-data/05/batch_03/SKILL_005_20260204_074753/SKILL_005_20260204_074753_0.mcap
SKILL_005_20260204_075134,station_01_lab,SKILL_005,Insert allen keys in package,L_AGUILERA,2026-02-04T07:51:36Z,2026-02-04T07:52:17Z,40.71,15.34,WARNING_DRIFT,FALSE,TOO_SHORT (40.7s),/mnt/nurvai-data/05/batch_03/SKILL_005_20260204_075134/SKILL_005_20260204_075134_0.mcap
SKILL_005_20260204_080725,station_01_lab,SKILL_005,Insert allen keys in package,L_AGUILERA,2026-02-04T08:07:26Z,2026-02-04T08:08:50Z,83.58,19.43,PASS,FALSE,TOO_SHORT (83.6s),/mnt/nurvai-data/05/batch_03/SKILL_005_20260204_080725/SKILL_005_20260204_080725_0.mcap
SKILL_005_20260204_081621,station_01_lab,SKILL_005,Insert allen keys in package,L_AGUILERA,2026-02-04T08:16:23Z,2026-02-04T08:18:05Z,102.45,14.93,WARNING_DRIFT,TRUE,,/mnt/nurvai-data/05/batch_03/SKILL_005_20260204_081621/SKILL_005_20260204_081621_0.mcap
SKILL_005_20260204_082321,station_01_lab,SKILL_005,Insert allen keys in package,L_AGUILERA,2026-02-04T08:23:22Z,2026-02-04T08:26:29Z,187.01,18.52,WARNING_DRIFT,TRUE,,/mnt/nurvai-data/05/batch_03/SKILL_005_20260204_082321/SKILL_005_20260204_082321_0.mcap
SKILL_005_20260204_083235,station_01_lab,SKILL_005,Insert allen keys in package,L_AGUILERA,2026-02-04T08:32:37Z,2026-02-04T08:36:02Z,204.88,19.32,WARNING_DRIFT,TRUE,,/mnt/nurvai-data/05/batch_03/SKILL_005_20260204_083235/SKILL_005_20260204_083235_0.mcap
SKILL_005_20260204_083753,station_01_lab,SKILL_005,Insert allen keys in package,L_AGUILERA,2026-02-04T08:37:53Z,2026-02-04T08:41:06Z,193.08,20.22,PASS,TRUE,,/mnt/nurvai-data/05/batch_03/SKILL_005_20260204_083753/SKILL_005_20260204_083753_0.mcap
SKILL_005_20260204_095001,station_01_lab,SKILL_005,Insert allen keys in package,D_VARGAS,2026-02-04T09:50:01Z,2026-02-04T09:53:19Z,198.06,20.79,PASS,TRUE,,/mnt/nurvai-data/05/batch_03/SKILL_005_20260204_095001/SKILL_005_20260204_095001_0.mcap
SKILL_005_20260204_095353,station_01_lab,SKILL_005,Insert allen keys in package,D_VARGAS,2026-02-04T09:53:53Z,2026-02-04T09:58:07Z,254.27,20.88,PASS,TRUE,,/mnt/nurvai-data/05/batch_03/SKILL_005_20260204_095353/SKILL_005_20260204_095353_0.mcap
SKILL_005_20260204_095827,station_01_lab,SKILL_005,Insert allen keys in package,D_VARGAS,2026-02-04T09:58:27Z,2026-02-04T09:59:30Z,63.54,19.22,PASS,FALSE,TOO_SHORT (63.5s),/mnt/nurvai-data/05/batch_03/SKILL_005_20260204_095827/SKILL_005_20260204_095827_0.mcap
SKILL_006_20260202_143910,station_01_lab,SKILL_006,Separate tongue depressors by size,N_MORA,2026-02-02T14:39:10Z,2026-02-02T14:43:09Z,239.22,10.77,PASS,TRUE,,/mnt/nurvai-data/05/batch_03/SKILL_006_20260202_143910/SKILL_006_20260202_143910_0.mcap
SKILL_009_20260202_133902,station_01_lab,SKILL_009,Package Cotton set,N_MORA,2026-02-02T13:39:02Z,2026-02-02T13:41:43Z,160.67,17.47,PASS,TRUE,,/mnt/nurvai-data/05/batch_03/SKILL_009_20260202_133902/SKILL_009_20260202_133902_0.mcap
SKILL_009_20260202_134308,station_01_lab,SKILL_009,Package Cotton set,N_MORA,2026-02-02T13:43:08Z,2026-02-02T13:45:09Z,121.72,18.05,PASS,TRUE,,/mnt/nurvai-data/05/batch_03/SKILL_009_20260202_134308/SKILL_009_20260202_134308_0.mcap
SKILL_009_20260203_082451,station_01_lab,SKILL_009,Package Cotton set,N_MORA,2026-02-03T08:24:51Z,2026-02-03T08:30:03Z,311.93,17.77,PASS,TRUE,,/mnt/nurvai-data/05/batch_03/SKILL_009_20260203_082451/SKILL_009_20260203_082451_0.mcap
SKILL_009_20260203_083941,station_01_lab,SKILL_009,Package Cotton set,N_MORA,2026-02-03T08:39:41Z,2026-02-03T08:45:15Z,333.97,19.11,PASS,TRUE,,/mnt/nurvai-data/05/batch_03/SKILL_009_20260203_083941/SKILL_009_20260203_083941_0.mcap
SKILL_009_20260203_083137,station_01_lab,SKILL_009,Package Cotton set,N_MORA,2026-02-03T08:31:37Z,2026-02-03T08:33:45Z,128.33,18.86,PASS,TRUE,,/mnt/nurvai-data/05/batch_03/SKILL_009_20260203_083137/SKILL_009_20260203_083137_0.mcap
SKILL_009_20260203_105138,station_01_lab,SKILL_009,Package Cotton set,L_AGUILERA,2026-02-03T10:51:38Z,2026-02-03T10:54:56Z,197.53,17.86,PASS,TRUE,,/mnt/nurvai-data/05/batch_03/SKILL_009_20260203_105138/SKILL_009_20260203_105138_0.mcap
SKILL_009_20260203_105526,station_01_lab,SKILL_009,Package Cotton set,L_AGUILERA,2026-02-03T10:55:26Z,2026-02-03T10:57:51Z,144.57,17.18,PASS,TRUE,,/mnt/nurvai-data/05/batch_03/SKILL_009_20260203_105526/SKILL_009_20260203_105526_0.mcap
SKILL_009_20260203_110758,station_01_lab,SKILL_009,Package Cotton set,L_AGUILERA,2026-02-03T11:07:59Z,2026-02-03T11:11:01Z,182.34,17.70,WARNING_DRIFT,TRUE,,/mnt/nurvai-data/05/batch_03/SKILL_009_20260203_110758/SKILL_009_20260203_110758_0.mcap
SKILL_009_20260203_111124,station_01_lab,SKILL_009,Package Cotton set,L_AGUILERA,2026-02-03T11:11:24Z,2026-02-03T11:14:28Z,184.31,17.00,PASS,TRUE,,/mnt/nurvai-data/05/batch_03/SKILL_009_20260203_111124/SKILL_009_20260203_111124_0.mcap
SKILL_010_20260204_084159,station_01_lab,SKILL_010,Package earphones,L_AGUILERA,2026-02-04T08:41:59Z,2026-02-04T08:42:52Z,53.43,20.77,PASS,FALSE,TOO_SHORT (53.4s),/mnt/nurvai-data/05/batch_03/SKILL_010_20260204_084159/SKILL_010_20260204_084159_0.mcap
SKILL_010_20260203_140030,station_01_lab,SKILL_010,Package earphones,D_VARGAS,2026-02-03T14:00:31Z,2026-02-03T14:05:12Z,281.68,18.04,PASS,TRUE,,/mnt/nurvai-data/05/batch_03/SKILL_010_20260203_140030/SKILL_010_20260203_140030_0.mcap
SKILL_010_20260204_084519,station_01_lab,SKILL_010,Package earphones,L_AGUILERA,2026-02-04T08:45:20Z,2026-02-04T08:49:07Z,227.47,17.94,WARNING_DRIFT,TRUE,,/mnt/nurvai-data/05/batch_03/SKILL_010_20260204_084519/SKILL_010_20260204_084519_0.mcap
SKILL_010_20260204_084945,station_01_lab,SKILL_010,Package earphones,L_AGUILERA,2026-02-04T08:49:45Z,2026-02-04T08:52:30Z,165.57,16.77,PASS,TRUE,,/mnt/nurvai-data/05/batch_03/SKILL_010_20260204_084945/SKILL_010_20260204_084945_0.mcap
SKILL_010_20260204_085940,station_01_lab,SKILL_010,Package earphones,L_AGUILERA,2026-02-04T08:59:41Z,2026-02-04T09:01:55Z,133.37,15.60,PASS,TRUE,,/mnt/nurvai-data/05/batch_03/SKILL_010_20260204_085940/SKILL_010_20260204_085940_0.mcap
SKILL_012_20260202_134723,station_01_lab,SKILL_012,Put pasta in jars,N_MORA,2026-02-02T13:47:23Z,2026-02-02T13:49:45Z,141.54,20.56,PASS,TRUE,,/mnt/nurvai-data/05/batch_03/SKILL_012_20260202_134723/SKILL_012_20260202_134723_0.mcap
SKILL_012_20260202_135112,station_01_lab,SKILL_012,Put pasta in jars,N_MORA,2026-02-02T13:51:12Z,2026-02-02T13:53:18Z,125.76,21.36,PASS,TRUE,,/mnt/nurvai-data/05/batch_03/SKILL_012_20260202_135112/SKILL_012_20260202_135112_0.mcap
SKILL_012_20260202_135544,station_01_lab,SKILL_012,Put pasta in jars,N_MORA,2026-02-02T13:55:44Z,2026-02-02T13:56:49Z,65.68,16.82,PASS,FALSE,TOO_SHORT (65.7s),/mnt/nurvai-data/05/batch_03/SKILL_012_20260202_135544/SKILL_012_20260202_135544_0.mcap
SKILL_012_20260203_092846,station_01_lab,SKILL_012,Put pasta in jars,N_MORA,2026-02-03T09:28:46Z,2026-02-03T09:31:28Z,161.85,20.84,PASS,TRUE,,/mnt/nurvai-data/05/batch_03/SKILL_012_20260203_092846/SKILL_012_20260203_092846_0.mcap
SKILL_012_20260203_092432,station_01_lab,SKILL_012,Put pasta in jars,N_MORA,2026-02-03T09:24:32Z,2026-02-03T09:28:03Z,210.10,20.50,PASS,TRUE,,/mnt/nurvai-data/05/batch_03/SKILL_012_20260203_092432/SKILL_012_20260203_092432_0.mcap
SKILL_012_20260203_093221,station_01_lab,SKILL_012,Put pasta in jars,N_MORA,2026-02-03T09:32:21Z,2026-02-03T09:35:10Z,169.25,20.09,PASS,TRUE,,/mnt/nurvai-data/05/batch_03/SKILL_012_20260203_093221/SKILL_012_20260203_093221_0.mcap
SKILL_013_20260202_131603,station_01_lab,SKILL_013,Set up a hand lamp,N_MORA,2026-02-02T13:16:04Z,2026-02-02T13:17:21Z,76.24,17.19,WARNING_DRIFT,FALSE,TOO_SHORT (76.2s),/mnt/nurvai-data/05/batch_03/SKILL_013_20260202_131603/SKILL_013_20260202_131603_0.mcap
SKILL_013_20260202_131847,station_01_lab,SKILL_013,Set up a hand lamp,N_MORA,2026-02-02T13:18:47Z,2026-02-02T13:21:15Z,147.91,15.56,PASS,TRUE,,/mnt/nurvai-data/05/batch_03/SKILL_013_20260202_131847/SKILL_013_20260202_131847_0.mcap
SKILL_013_20260202_133047,station_01_lab,SKILL_013,Set up a hand lamp,N_MORA,2026-02-02T13:30:48Z,2026-02-02T13:31:50Z,61.24,20.30,WARNING_DRIFT,FALSE,TOO_SHORT (61.2s),/mnt/nurvai-data/05/batch_03/SKILL_013_20260202_133047/SKILL_013_20260202_133047_0.mcap
SKILL_013_20260202_133349,station_01_lab,SKILL_013,Set up a hand lamp,N_MORA,2026-02-02T13:33:49Z,2026-02-02T13:35:55Z,126.12,16.72,PASS,TRUE,,/mnt/nurvai-data/05/batch_03/SKILL_013_20260202_133349/SKILL_013_20260202_133349_0.mcap
SKILL_013_20260202_143256,station_01_lab,SKILL_013,Set up a hand lamp,N_MORA,2026-02-02T14:32:56Z,2026-02-02T14:34:26Z,90.49,10.48,PASS,TRUE,,/mnt/nurvai-data/05/batch_03/SKILL_013_20260202_143256/SKILL_013_20260202_143256_0.mcap
SKILL_013_20260202_143532,station_01_lab,SKILL_013,Set up a hand lamp,N_MORA,2026-02-02T14:35:32Z,2026-02-02T14:37:14Z,101.42,10.36,PASS,TRUE,,/mnt/nurvai-data/05/batch_03/SKILL_013_20260202_143532/SKILL_013_20260202_143532_0.mcap
SKILL_013_20260203_070449,station_01_lab,SKILL_013,Set up a hand lamp,N_MORA,2026-02-03T07:04:51Z,2026-02-03T07:08:25Z,214.77,17.11,WARNING_DRIFT,TRUE,,/mnt/nurvai-data/05/batch_03/SKILL_013_20260203_070449/SKILL_013_20260203_070449_0.mcap
SKILL_013_20260203_121711,station_01_lab,SKILL_013,Set up a hand lamp,L_AGUILERA,2026-02-03T12:17:11Z,2026-02-03T12:18:53Z,102.22,18.14,PASS,TRUE,,/mnt/nurvai-data/05/batch_03/SKILL_013_20260203_121711/SKILL_013_20260203_121711_0.mcap
SKILL_013_20260203_071020,station_01_lab,SKILL_013,Set up a hand lamp,N_MORA,2026-02-03T07:10:21Z,2026-02-03T07:13:22Z,181.02,17.16,PASS,TRUE,,/mnt/nurvai-data/05/batch_03/SKILL_013_20260203_071020/SKILL_013_20260203_071020_0.mcap
SKILL_013_20260203_122054,station_01_lab,SKILL_013,Set up a hand lamp,L_AGUILERA,2026-02-03T12:20:54Z,2026-02-03T12:23:12Z,138.50,18.01,PASS,TRUE,,/mnt/nurvai-data/05/batch_03/SKILL_013_20260203_122054/SKILL_013_20260203_122054_0.mcap
SKILL_013_20260203_122404,station_01_lab,SKILL_013,Set up a hand lamp,L_AGUILERA,2026-02-03T12:24:04Z,2026-02-03T12:25:30Z,86.32,17.62,PASS,FALSE,TOO_SHORT (86.3s),/mnt/nurvai-data/05/batch_03/SKILL_013_20260203_122404/SKILL_013_20260203_122404_0.mcap
SKILL_013_20260203_122635,station_01_lab,SKILL_013,Set up a hand lamp,L_AGUILERA,2026-02-03T12:26:35Z,2026-02-03T12:26:37Z,1.74,18.29,PASS,FALSE,TOO_SHORT (1.7s),/mnt/nurvai-data/05/batch_03/SKILL_013_20260203_122635/SKILL_013_20260203_122635_0.mcap
SKILL_013_20260203_131434,station_01_lab,SKILL_013,Set up a hand lamp,D_VARGAS,2026-02-03T13:14:34Z,2026-02-03T13:16:53Z,138.54,18.01,PASS,TRUE,,/mnt/nurvai-data/05/batch_03/SKILL_013_20260203_131434/SKILL_013_20260203_131434_0.mcap
SKILL_013_20260203_132648,station_01_lab,SKILL_013,Set up a hand lamp,D_VARGAS,2026-02-03T13:26:50Z,2026-02-03T13:28:51Z,121.23,19.01,WARNING_DRIFT,TRUE,,/mnt/nurvai-data/05/batch_03/SKILL_013_20260203_132648/SKILL_013_20260203_132648_0.mcap
SKILL_013_20260203_133020,station_01_lab,SKILL_013,Set up a hand lamp,D_VARGAS,2026-02-03T13:30:20Z,2026-02-03T13:32:19Z,119.46,16.03,PASS,TRUE,,/mnt/nurvai-data/05/batch_03/SKILL_013_20260203_133020/SKILL_013_20260203_133020_0.mcap
SKILL_013_20260204_090311,station_01_lab,SKILL_013,Set up a hand lamp,L_AGUILERA,2026-02-04T09:03:11Z,2026-02-04T09:05:56Z,165.43,15.53,PASS,TRUE,,/mnt/nurvai-data/05/batch_03/SKILL_013_20260204_090311/SKILL_013_20260204_090311_0.mcap
SKILL_013_20260204_091803,station_01_lab,SKILL_013,Set up a hand lamp,D_VARGAS,2026-02-04T09:18:05Z,2026-02-04T09:19:47Z,101.90,18.65,WARNING_DRIFT,TRUE,,/mnt/nurvai-data/05/batch_03/SKILL_013_20260204_091803/SKILL_013_20260204_091803_0.mcap
SKILL_013_20260204_092008,station_01_lab,SKILL_013,Set up a hand lamp,D_VARGAS,2026-02-04T09:20:08Z,2026-02-04T09:21:53Z,104.15,18.52,PASS,TRUE,,/mnt/nurvai-data/05/batch_03/SKILL_013_20260204_092008/SKILL_013_20260204_092008_0.mcap
SKILL_013_20260204_092853,station_01_lab,SKILL_013,Set up a hand lamp,D_VARGAS,2026-02-04T09:28:55Z,2026-02-04T09:29:22Z,26.97,18.48,WARNING_DRIFT,FALSE,TOO_SHORT (27.0s),/mnt/nurvai-data/05/batch_03/SKILL_013_20260204_092853/SKILL_013_20260204_092853_0.mcap
SKILL_013_20260204_093359,station_01_lab,SKILL_013,Set up a hand lamp,D_VARGAS,2026-02-04T09:34:00Z,2026-02-04T09:34:56Z,55.32,19.92,PASS,FALSE,TOO_SHORT (55.3s),/mnt/nurvai-data/05/batch_03/SKILL_013_20260204_093359/SKILL_013_20260204_093359_0.mcap
SKILL_013_20260204_093756,station_01_lab,SKILL_013,Set up a hand lamp,D_VARGAS,2026-02-04T09:37:57Z,2026-02-04T09:40:10Z,132.89,19.43,PASS,TRUE,,/mnt/nurvai-data/05/batch_03/SKILL_013_20260204_093756/SKILL_013_20260204_093756_0.mcap
SKILL_013_20260204_094156,station_01_lab,SKILL_013,Set up a hand lamp,D_VARGAS,2026-02-04T09:41:56Z,2026-02-04T09:43:45Z,108.91,20.77,PASS,TRUE,,/mnt/nurvai-data/05/batch_03/SKILL_013_20260204_094156/SKILL_013_20260204_094156_0.mcap
SKILL_013_20260204_094419,station_01_lab,SKILL_013,Set up a hand lamp,D_VARGAS,2026-02-04T09:44:19Z,2026-02-04T09:45:31Z,72.15,20.90,PASS,FALSE,TOO_SHORT (72.2s),/mnt/nurvai-data/05/batch_03/SKILL_013_20260204_094419/SKILL_013_20260204_094419_0.mcap
SKILL_013_20260204_094617,station_01_lab,SKILL_013,Set up a hand lamp,D_VARGAS,2026-02-04T09:46:17Z,2026-02-04T09:48:08Z,111.17,20.69,PASS,TRUE,,/mnt/nurvai-data/05/batch_03/SKILL_013_20260204_094617/SKILL_013_20260204_094617_0.mcap
SKILL_014_20260203_071536,station_01_lab,SKILL_014,Fasten nuts onto bolts,N_MORA,2026-02-03T07:15:37Z,2026-02-03T07:22:10Z,392.18,16.08,WARNING_DRIFT,TRUE,,/mnt/nurvai-data/05/batch_03/SKILL_014_20260203_071536/SKILL_014_20260203_071536_0.mcap
SKILL_014_20260203_072409,station_01_lab,SKILL_014,Fasten nuts onto bolts,N_MORA,2026-02-03T07:24:09Z,2026-02-03T07:29:37Z,327.87,17.14,PASS,TRUE,,/mnt/nurvai-data/05/batch_03/SKILL_014_20260203_072409/SKILL_014_20260203_072409_0.mcap
SKILL_014_20260203_122645,station_01_lab,SKILL_014,Fasten nuts onto bolts,L_AGUILERA,2026-02-03T12:26:45Z,2026-02-03T12:32:12Z,326.48,17.35,PASS,TRUE,,/mnt/nurvai-data/05/batch_03/SKILL_014_20260203_122645/SKILL_014_20260203_122645_0.mcap
SKILL_014_20260203_133759,station_01_lab,SKILL_014,Fasten nuts onto bolts,D_VARGAS,2026-02-03T13:38:01Z,2026-02-03T13:42:22Z,260.86,15.99,WARNING_DRIFT,TRUE,,/mnt/nurvai-data/05/batch_03/SKILL_014_20260203_133759/SKILL_014_20260203_133759_0.mcap
SKILL_014_20260203_134349,station_01_lab,SKILL_014,Fasten nuts onto bolts,D_VARGAS,2026-02-03T13:43:49Z,2026-02-03T13:47:00Z,190.94,15.61,PASS,TRUE,,/mnt/nurvai-data/05/batch_03/SKILL_014_20260203_134349/SKILL_014_20260203_134349_0.mcap
SKILL_016_20260203_084732,station_01_lab,SKILL_016,Package a sewing set,N_MORA,2026-02-03T08:47:32Z,2026-02-03T08:49:36Z,123.66,19.05,PASS,TRUE,,/mnt/nurvai-data/05/batch_03/SKILL_016_20260203_084732/SKILL_016_20260203_084732_0.mcap
SKILL_016_20260203_085034,station_01_lab,SKILL_016,Package a sewing set,N_MORA,2026-02-03T08:50:34Z,2026-02-03T08:53:16Z,162.20,19.94,PASS,TRUE,,/mnt/nurvai-data/05/batch_03/SKILL_016_20260203_085034/SKILL_016_20260203_085034_0.mcap
SKILL_016_20260203_085547,station_01_lab,SKILL_016,Package a sewing set,N_MORA,2026-02-03T08:55:47Z,2026-02-03T08:57:49Z,122.16,20.40,PASS,TRUE,,/mnt/nurvai-data/05/batch_03/SKILL_016_20260203_085547/SKILL_016_20260203_085547_0.mcap
SKILL_018_20260202_140236,station_01_lab,SKILL_018,Close bags with twist ties,N_MORA,2026-02-02T14:02:37Z,2026-02-02T14:05:04Z,146.96,19.32,PASS,TRUE,,/mnt/nurvai-data/05/batch_03/SKILL_018_20260202_140236/SKILL_018_20260202_140236_0.mcap
SKILL_018_20260202_140918,station_01_lab,SKILL_018,Close bags with twist ties,N_MORA,2026-02-02T14:09:18Z,2026-02-02T14:11:00Z,101.67,18.66,PASS,TRUE,,/mnt/nurvai-data/05/batch_03/SKILL_018_20260202_140918/SKILL_018_20260202_140918_0.mcap
SKILL_018_20260204_110507,station_01_lab,SKILL_018,Close bags with twist ties,D_VARGAS,2026-02-04T11:05:07Z,2026-02-04T11:06:54Z,107.27,21.59,PASS,TRUE,,/mnt/nurvai-data/05/batch_03/SKILL_018_20260204_110507/SKILL_018_20260204_110507_0.mcap
SKILL_018_20260202_141547,station_01_lab,SKILL_018,Close bags with twist ties,N_MORA,2026-02-02T14:15:47Z,2026-02-02T14:18:43Z,175.81,16.31,PASS,TRUE,,/mnt/nurvai-data/05/batch_03/SKILL_018_20260202_141547/SKILL_018_20260202_141547_0.mcap
SKILL_018_20260204_111045,station_01_lab,SKILL_018,Close bags with twist ties,D_VARGAS,2026-02-04T11:10:45Z,2026-02-04T11:13:39Z,174.46,20.96,PASS,TRUE,,/mnt/nurvai-data/05/batch_03/SKILL_018_20260204_111045/SKILL_018_20260204_111045_0.mcap
SKILL_018_20260204_110714,station_01_lab,SKILL_018,Close bags with twist ties,D_VARGAS,2026-02-04T11:07:14Z,2026-02-04T11:09:14Z,120.34,21.06,PASS,TRUE,,/mnt/nurvai-data/05/batch_03/SKILL_018_20260204_110714/SKILL_018_20260204_110714_0.mcap
SKILL_018_20260204_111405,station_01_lab,SKILL_018,Close bags with twist ties,D_VARGAS,2026-02-04T11:14:05Z,2026-02-04T11:15:26Z,81.18,20.20,PASS,FALSE,TOO_SHORT (81.2s),/mnt/nurvai-data/05/batch_03/SKILL_018_20260204_111405/SKILL_018_20260204_111405_0.mcap
SKILL_019_20260203_111604,station_01_lab,SKILL_019,Put pasta in plastic containers,L_AGUILERA,2026-02-03T11:16:04Z,2026-02-03T11:19:18Z,194.21,17.27,PASS,TRUE,,/mnt/nurvai-data/05/batch_03/SKILL_019_20260203_111604/SKILL_019_20260203_111604_0.mcap
SKILL_019_20260203_112011,station_01_lab,SKILL_019,Put pasta in plastic containers,L_AGUILERA,2026-02-03T11:20:11Z,2026-02-03T11:20:14Z,3.35,16.66,PASS,FALSE,TOO_SHORT (3.3s),/mnt/nurvai-data/05/batch_03/SKILL_019_20260203_112011/SKILL_019_20260203_112011_0.mcap
SKILL_019_20260203_112041,station_01_lab,SKILL_019,Put pasta in plastic containers,L_AGUILERA,2026-02-03T11:20:41Z,2026-02-03T11:24:04Z,203.46,17.24,PASS,TRUE,,/mnt/nurvai-data/05/batch_03/SKILL_019_20260203_112041/SKILL_019_20260203_112041_0.mcap
SKILL_019_20260203_144740,station_01_lab,SKILL_019,Put pasta in plastic containers,D_VARGAS,2026-02-03T14:47:40Z,2026-02-03T14:47:58Z,17.48,15.28,PASS,FALSE,TOO_SHORT (17.5s),/mnt/nurvai-data/05/batch_03/SKILL_019_20260203_144740/SKILL_019_20260203_144740_0.mcap
SKILL_019_20260203_144303,station_01_lab,SKILL_019,Put pasta in plastic containers,D_VARGAS,2026-02-03T14:43:03Z,2026-02-03T14:46:57Z,234.29,16.13,PASS,TRUE,,/mnt/nurvai-data/05/batch_03/SKILL_019_20260203_144303/SKILL_019_20260203_144303_0.mcap
SKILL_019_20260204_100335,station_01_lab,SKILL_019,Put pasta in plastic containers,D_VARGAS,2026-02-04T10:03:35Z,2026-02-04T10:07:29Z,233.33,20.63,PASS,TRUE,,/mnt/nurvai-data/05/batch_03/SKILL_019_20260204_100335/SKILL_019_20260204_100335_0.mcap
SKILL_019_20260203_144810,station_01_lab,SKILL_019,Put pasta in plastic containers,D_VARGAS,2026-02-03T14:48:10Z,2026-02-03T14:51:48Z,218.17,17.05,PASS,TRUE,,/mnt/nurvai-data/05/batch_03/SKILL_019_20260203_144810/SKILL_019_20260203_144810_0.mcap
SKILL_019_20260204_100818,station_01_lab,SKILL_019,Put pasta in plastic containers,D_VARGAS,2026-02-04T10:08:18Z,2026-02-04T10:12:16Z,238.19,20.79,PASS,TRUE,,/mnt/nurvai-data/05/batch_03/SKILL_019_20260204_100818/SKILL_019_20260204_100818_0.mcap
SKILL_019_20260204_105118,station_01_lab,SKILL_019,Put pasta in plastic containers,D_VARGAS,2026-02-04T10:51:18Z,2026-02-04T10:54:06Z,168.25,20.65,PASS,TRUE,,/mnt/nurvai-data/05/batch_03/SKILL_019_20260204_105118/SKILL_019_20260204_105118_0.mcap
SKILL_019_20260204_105821,station_01_lab,SKILL_019,Put pasta in plastic containers,D_VARGAS,2026-02-04T10:58:21Z,2026-02-04T11:00:09Z,108.05,19.95,PASS,TRUE,,/mnt/nurvai-data/05/batch_03/SKILL_019_20260204_105821/SKILL_019_20260204_105821_0.mcap
SKILL_019_20260204_105449,station_01_lab,SKILL_019,Put pasta in plastic containers,D_VARGAS,2026-02-04T10:54:49Z,2026-02-04T10:57:38Z,168.68,21.08,PASS,TRUE,,/mnt/nurvai-data/05/batch_03/SKILL_019_20260204_105449/SKILL_019_20260204_105449_0.mcap
SKILL_020_20260203_092138,station_01_lab,SKILL_020,Open locks with their keys,N_MORA,2026-02-03T09:21:38Z,2026-02-03T09:22:58Z,80.26,19.80,PASS,FALSE,TOO_SHORT (80.3s),/mnt/nurvai-data/05/batch_03/SKILL_020_20260203_092138/SKILL_020_20260203_092138_0.mcap
SKILL_020_20260203_091835,station_01_lab,SKILL_020,Open locks with their keys,N_MORA,2026-02-03T09:18:35Z,2026-02-03T09:20:42Z,127.78,20.29,PASS,TRUE,,/mnt/nurvai-data/05/batch_03/SKILL_020_20260203_091835/SKILL_020_20260203_091835_0.mcap
SKILL_020_20260203_100147,station_01_lab,SKILL_020,Open locks with their keys,L_AGUILERA,2026-02-03T10:01:47Z,2026-02-03T10:03:11Z,83.72,14.01,PASS,FALSE,TOO_SHORT (83.7s),/mnt/nurvai-data/05/batch_03/SKILL_020_20260203_100147/SKILL_020_20260203_100147_0.mcap
SKILL_020_20260203_100643,station_01_lab,SKILL_020,Open locks with their keys,L_AGUILERA,2026-02-03T10:06:45Z,2026-02-03T10:07:12Z,27.75,16.55,WARNING_DRIFT,FALSE,TOO_SHORT (27.7s),/mnt/nurvai-data/05/batch_03/SKILL_020_20260203_100643/SKILL_020_20260203_100643_0.mcap
SKILL_020_20260203_101010,station_01_lab,SKILL_020,Open locks with their keys,L_AGUILERA,2026-02-03T10:10:12Z,2026-02-03T10:11:35Z,83.41,15.47,WARNING_DRIFT,FALSE,TOO_SHORT (83.4s),/mnt/nurvai-data/05/batch_03/SKILL_020_20260203_101010/SKILL_020_20260203_101010_0.mcap
SKILL_020_20260203_123500,station_01_lab,SKILL_020,Open locks with their keys,L_AGUILERA,2026-02-03T12:35:00Z,2026-02-03T12:36:14Z,74.06,16.46,PASS,FALSE,TOO_SHORT (74.1s),/mnt/nurvai-data/05/batch_03/SKILL_020_20260203_123500/SKILL_020_20260203_123500_0.mcap
SKILL_020_20260203_124331,station_01_lab,SKILL_020,Open locks with their keys,L_AGUILERA,2026-02-03T12:43:31Z,2026-02-03T12:44:53Z,82.26,17.55,PASS,FALSE,TOO_SHORT (82.3s),/mnt/nurvai-data/05/batch_03/SKILL_020_20260203_124331/SKILL_020_20260203_124331_0.mcap
SKILL_020_20260203_123835,station_01_lab,SKILL_020,Open locks with their keys,L_AGUILERA,2026-02-03T12:38:36Z,2026-02-03T12:40:24Z,108.01,18.15,WARNING_DRIFT,TRUE,,/mnt/nurvai-data/05/batch_03/SKILL_020_20260203_123835/SKILL_020_20260203_123835_0.mcap
SKILL_020_20260203_125205,station_01_lab,SKILL_020,Open locks with their keys,L_AGUILERA,2026-02-03T12:52:05Z,2026-02-03T12:55:09Z,183.64,15.22,PASS,TRUE,,/mnt/nurvai-data/05/batch_03/SKILL_020_20260203_125205/SKILL_020_20260203_125205_0.mcap
SKILL_020_20260203_124708,station_01_lab,SKILL_020,Open locks with their keys,L_AGUILERA,2026-02-03T12:47:08Z,2026-02-03T12:50:47Z,218.25,17.84,PASS,TRUE,,/mnt/nurvai-data/05/batch_03/SKILL_020_20260203_124708/SKILL_020_20260203_124708_0.mcap
SKILL_020_20260203_134928,station_01_lab,SKILL_020,Open locks with their keys,D_VARGAS,2026-02-03T13:49:28Z,2026-02-03T13:50:58Z,89.90,13.59,PASS,FALSE,TOO_SHORT (89.9s),/mnt/nurvai-data/05/batch_03/SKILL_020_20260203_134928/SKILL_020_20260203_134928_0.mcap
SKILL_020_20260203_135158,station_01_lab,SKILL_020,Open locks with their keys,D_VARGAS,2026-02-03T13:51:58Z,2026-02-03T13:53:23Z,84.10,17.54,PASS,FALSE,TOO_SHORT (84.1s),/mnt/nurvai-data/05/batch_03/SKILL_020_20260203_135158/SKILL_020_20260203_135158_0.mcap
SKILL_020_20260203_135411,station_01_lab,SKILL_020,Open locks with their keys,D_VARGAS,2026-02-03T13:54:11Z,2026-02-03T13:55:32Z,81.00,16.73,PASS,FALSE,TOO_SHORT (81.0s),/mnt/nurvai-data/05/batch_03/SKILL_020_20260203_135411/SKILL_020_20260203_135411_0.mcap
SKILL_020_20260203_135614,station_01_lab,SKILL_020,Open locks with their keys,D_VARGAS,2026-02-03T13:56:14Z,2026-02-03T13:57:44Z,90.10,17.53,PASS,TRUE,,/mnt/nurvai-data/05/batch_03/SKILL_020_20260203_135614/SKILL_020_20260203_135614_0.mcap
SKILL_020_20260203_135825,station_01_lab,SKILL_020,Open locks with their keys,D_VARGAS,2026-02-03T13:58:25Z,2026-02-03T13:59:26Z,60.29,17.13,PASS,FALSE,TOO_SHORT (60.3s),/mnt/nurvai-data/05/batch_03/SKILL_020_20260203_135825/SKILL_020_20260203_135825_0.mcap
SKILL_020_20260204_111712,station_01_lab,SKILL_020,Open locks with their keys,D_VARGAS,2026-02-04T11:17:12Z,2026-02-04T11:18:41Z,89.44,20.43,PASS,FALSE,TOO_SHORT (89.4s),/mnt/nurvai-data/05/batch_03/SKILL_020_20260204_111712/SKILL_020_20260204_111712_0.mcap
SKILL_020_20260204_111946,station_01_lab,SKILL_020,Open locks with their keys,D_VARGAS,2026-02-04T11:19:46Z,2026-02-04T11:21:32Z,106.32,20.79,PASS,TRUE,,/mnt/nurvai-data/05/batch_03/SKILL_020_20260204_111946/SKILL_020_20260204_111946_0.mcap
SKILL_020_20260204_112225,station_01_lab,SKILL_020,Open locks with their keys,D_VARGAS,2026-02-04T11:22:25Z,2026-02-04T11:24:09Z,104.32,20.37,PASS,TRUE,,/mnt/nurvai-data/05/batch_03/SKILL_020_20260204_112225/SKILL_020_20260204_112225_0.mcap
SKILL_020_20260204_121616,station_01_lab,SKILL_020,Open locks with their keys,L_AGUILERA,2026-02-04T12:16:16Z,2026-02-04T12:17:29Z,73.78,20.28,PASS,FALSE,TOO_SHORT (73.8s),/mnt/nurvai-data/05/batch_03/SKILL_020_20260204_121616/SKILL_020_20260204_121616_0.mcap
SKILL_020_20260204_121810,station_01_lab,SKILL_020,Open locks with their keys,L_AGUILERA,2026-02-04T12:18:10Z,2026-02-04T12:19:19Z,69.02,18.99,PASS,FALSE,TOO_SHORT (69.0s),/mnt/nurvai-data/05/batch_03/SKILL_020_20260204_121810/SKILL_020_20260204_121810_0.mcap
SKILL_001_20260206_110935,01,SKILL_001,Organize beads per color,N_MORA,2026-02-06T11:09:35Z,2026-02-06T11:11:55Z,139.84,37.14,PASS,TRUE,,/mnt/data00/01/batch_01/SKILL_001_20260206_110935/SKILL_001_20260206_110935_0.mcap
SKILL_001_20260206_111228,01,SKILL_001,Organize beads per color,N_MORA,2026-02-06T11:12:28Z,2026-02-06T11:16:21Z,233.38,31.78,PASS,TRUE,,/mnt/data00/01/batch_01/SKILL_001_20260206_111228/SKILL_001_20260206_111228_0.mcap
SKILL_001_20260206_122001,01,SKILL_001,Organize beads per color,N_MORA,2026-02-06T12:20:01Z,2026-02-06T12:21:24Z,83.11,36.99,PASS,FALSE,TOO_SHORT (83.1s),/mnt/data00/01/batch_01/SKILL_001_20260206_122001/SKILL_001_20260206_122001_0.mcap
SKILL_001_20260206_111719,01,SKILL_001,Organize beads per color,N_MORA,2026-02-06T11:17:19Z,2026-02-06T11:23:48Z,388.95,36.74,PASS,TRUE,,/mnt/data00/01/batch_01/SKILL_001_20260206_111719/SKILL_001_20260206_111719_0.mcap
SKILL_001_20260206_124748,01,SKILL_001,Organize beads per color,N_MORA,2026-02-06T12:47:48Z,2026-02-06T12:49:06Z,77.77,36.83,PASS,FALSE,TOO_SHORT (77.8s),/mnt/data00/01/batch_01/SKILL_001_20260206_124748/SKILL_001_20260206_124748_0.mcap
SKILL_001_20260206_124908,01,SKILL_001,Organize beads per color,N_MORA,2026-02-06T12:49:08Z,2026-02-06T12:49:09Z,0.64,36.32,PASS,FALSE,TOO_SHORT (0.6s),/mnt/data00/01/batch_01/SKILL_001_20260206_124908/SKILL_001_20260206_124908_0.mcap
SKILL_005_20260206_132051,01,SKILL_005,Insert allen keys in package,N_MORA,2026-02-06T13:20:52Z,2026-02-06T13:22:05Z,73.51,37.14,PASS,FALSE,TOO_SHORT (73.5s),/mnt/data00/01/batch_01/SKILL_005_20260206_132051/SKILL_005_20260206_132051_0.mcap
SKILL_001_20260206_122911,01,SKILL_001,Organize beads per color,N_MORA,2026-02-06T12:29:12Z,2026-02-06T12:39:23Z,611.64,32.03,PASS,TRUE,,/mnt/data00/01/batch_01/SKILL_001_20260206_122911/SKILL_001_20260206_122911_0.mcap
SKILL_009_20260206_105725,01,SKILL_009,Package Cotton set,N_MORA,2026-02-06T10:57:25Z,2026-02-06T10:59:24Z,119.02,36.57,PASS,TRUE,,/mnt/data00/01/batch_01/SKILL_009_20260206_105725/SKILL_009_20260206_105725_0.mcap
SKILL_005_20260206_133702,01,SKILL_005,Insert allen keys in package,N_MORA,2026-02-06T13:37:02Z,2026-02-06T13:41:04Z,241.94,36.18,PASS,TRUE,,/mnt/data00/01/batch_01/SKILL_005_20260206_133702/SKILL_005_20260206_133702_0.mcap
SKILL_009_20260206_110245,01,SKILL_009,Package Cotton set,N_MORA,2026-02-06T11:02:45Z,2026-02-06T11:04:32Z,107.10,36.76,PASS,TRUE,,/mnt/data00/01/batch_01/SKILL_009_20260206_110245/SKILL_009_20260206_110245_0.mcap
SKILL_009_20260206_105953,01,SKILL_009,Package Cotton set,N_MORA,2026-02-06T10:59:53Z,2026-02-06T11:01:41Z,107.32,36.51,PASS,TRUE,,/mnt/data00/01/batch_01/SKILL_009_20260206_105953/SKILL_009_20260206_105953_0.mcap
SKILL_009_20260206_142123,01,SKILL_009,Package Cotton set,N_MORA,2026-02-06T14:21:23Z,2026-02-06T14:23:27Z,124.52,36.72,PASS,TRUE,,/mnt/data00/01/batch_01/SKILL_009_20260206_142123/SKILL_009_20260206_142123_0.mcap
SKILL_009_20260206_142512,01,SKILL_009,Package Cotton set,N_MORA,2026-02-06T14:25:12Z,2026-02-06T14:27:27Z,135.33,36.75,PASS,TRUE,,/mnt/data00/01/batch_01/SKILL_009_20260206_142512/SKILL_009_20260206_142512_0.mcap
SKILL_012_20260206_104218,01,SKILL_012,Put pasta in jars,N_MORA,2026-02-06T10:42:18Z,2026-02-06T10:44:49Z,151.10,37.28,PASS,TRUE,,/mnt/data00/01/batch_01/SKILL_012_20260206_104218/SKILL_012_20260206_104218_0.mcap
SKILL_012_20260206_103917,01,SKILL_012,Put pasta in jars,N_MORA,2026-02-06T10:39:17Z,2026-02-06T10:41:28Z,130.81,36.97,PASS,TRUE,,/mnt/data00/01/batch_01/SKILL_012_20260206_103917/SKILL_012_20260206_103917_0.mcap
SKILL_012_20260206_104509,01,SKILL_012,Put pasta in jars,N_MORA,2026-02-06T10:45:09Z,2026-02-06T10:45:10Z,0.52,34.63,PASS,FALSE,TOO_SHORT (0.5s),/mnt/data00/01/batch_01/SKILL_012_20260206_104509/SKILL_012_20260206_104509_0.mcap
SKILL_012_20260206_104526,01,SKILL_012,Put pasta in jars,N_MORA,2026-02-06T10:45:26Z,2026-02-06T10:45:26Z,0.62,37.01,PASS,FALSE,TOO_SHORT (0.6s),/mnt/data00/01/batch_01/SKILL_012_20260206_104526/SKILL_012_20260206_104526_0.mcap
SKILL_012_20260206_104527,01,SKILL_012,Put pasta in jars,N_MORA,2026-02-06T10:45:27Z,2026-02-06T10:45:28Z,0.52,36.02,PASS,FALSE,TOO_SHORT (0.5s),/mnt/data00/01/batch_01/SKILL_012_20260206_104527/SKILL_012_20260206_104527_0.mcap
SKILL_012_20260206_104651,01,SKILL_012,Put pasta in jars,N_MORA,2026-02-06T10:46:52Z,2026-02-06T10:47:42Z,49.81,36.92,PASS,FALSE,TOO_SHORT (49.8s),/mnt/data00/01/batch_01/SKILL_012_20260206_104651/SKILL_012_20260206_104651_0.mcap
SKILL_012_20260206_105116,01,SKILL_012,Put pasta in jars,N_MORA,2026-02-06T10:51:16Z,2026-02-06T10:53:30Z,133.83,37.15,PASS,TRUE,,/mnt/data00/01/batch_01/SKILL_012_20260206_105116/SKILL_012_20260206_105116_0.mcap
SKILL_012_20260206_104825,01,SKILL_012,Put pasta in jars,N_MORA,2026-02-06T10:48:25Z,2026-02-06T10:50:36Z,130.74,37.19,PASS,TRUE,,/mnt/data00/01/batch_01/SKILL_012_20260206_104825/SKILL_012_20260206_104825_0.mcap
SKILL_012_20260206_145143,01,SKILL_012,Put pasta in jars,N_MORA,2026-02-06T14:51:43Z,2026-02-06T14:53:43Z,120.22,37.46,PASS,TRUE,,/mnt/data00/01/batch_01/SKILL_012_20260206_145143/SKILL_012_20260206_145143_0.mcap
SKILL_012_20260206_144220,01,SKILL_012,Put pasta in jars,N_MORA,2026-02-06T14:42:20Z,2026-02-06T14:47:40Z,320.23,36.83,PASS,TRUE,,/mnt/data00/01/batch_01/SKILL_012_20260206_144220/SKILL_012_20260206_144220_0.mcap
SKILL_013_20260206_141118,01,SKILL_013,Set up a hand lamp,N_MORA,2026-02-06T14:11:18Z,2026-02-06T14:13:15Z,117.14,36.94,PASS,TRUE,,/mnt/data00/01/batch_01/SKILL_013_20260206_141118/SKILL_013_20260206_141118_0.mcap
SKILL_013_20260206_141353,01,SKILL_013,Set up a hand lamp,N_MORA,2026-02-06T14:13:53Z,2026-02-06T14:16:26Z,152.80,36.82,PASS,TRUE,,/mnt/data00/01/batch_01/SKILL_013_20260206_141353/SKILL_013_20260206_141353_0.mcap
SKILL_014_20260206_100630,01,SKILL_014,Fasten nuts onto bolts,N_MORA,2026-02-06T10:06:30Z,2026-02-06T10:12:03Z,333.60,34.97,PASS,TRUE,,/mnt/data00/01/batch_01/SKILL_014_20260206_100630/SKILL_014_20260206_100630_0.mcap
SKILL_014_20260206_101326,01,SKILL_014,Fasten nuts onto bolts,N_MORA,2026-02-06T10:13:26Z,2026-02-06T10:16:27Z,181.51,37.06,PASS,TRUE,,/mnt/data00/01/batch_01/SKILL_014_20260206_101326/SKILL_014_20260206_101326_0.mcap
SKILL_014_20260206_101738,01,SKILL_014,Fasten nuts onto bolts,N_MORA,2026-02-06T10:17:38Z,2026-02-06T10:19:26Z,108.40,37.12,PASS,TRUE,,/mnt/data00/01/batch_01/SKILL_014_20260206_101738/SKILL_014_20260206_101738_0.mcap
SKILL_018_20260206_142808,01,SKILL_018,Close bags with twist ties,N_MORA,2026-02-06T14:28:08Z,2026-02-06T14:30:19Z,131.65,36.67,PASS,TRUE,,/mnt/data00/01/batch_01/SKILL_018_20260206_142808/SKILL_018_20260206_142808_0.mcap
SKILL_014_20260206_103034,01,SKILL_014,Fasten nuts onto bolts,N_MORA,2026-02-06T10:30:34Z,2026-02-06T10:35:19Z,284.70,37.03,PASS,TRUE,,/mnt/data00/01/batch_01/SKILL_014_20260206_103034/SKILL_014_20260206_103034_0.mcap
SKILL_018_20260206_143207,01,SKILL_018,Close bags with twist ties,N_MORA,2026-02-06T14:32:07Z,2026-02-06T14:34:31Z,144.80,36.82,PASS,TRUE,,/mnt/data00/01/batch_01/SKILL_018_20260206_143207/SKILL_018_20260206_143207_0.mcap
SKILL_018_20260206_143606,01,SKILL_018,Close bags with twist ties,N_MORA,2026-02-06T14:36:06Z,2026-02-06T14:37:49Z,103.04,36.84,PASS,TRUE,,/mnt/data00/01/batch_01/SKILL_018_20260206_143606/SKILL_018_20260206_143606_0.mcap
SKILL_019_20260206_135715,01,SKILL_019,Put pasta in plastic containers,N_MORA,2026-02-06T13:57:16Z,2026-02-06T13:58:57Z,100.79,37.07,PASS,TRUE,,/mnt/data00/01/batch_01/SKILL_019_20260206_135715/SKILL_019_20260206_135715_0.mcap
SKILL_019_20260206_140448,01,SKILL_019,Put pasta in plastic containers,N_MORA,2026-02-06T14:04:48Z,2026-02-06T14:07:59Z,190.81,37.12,PASS,TRUE,,/mnt/data00/01/batch_01/SKILL_019_20260206_140448/SKILL_019_20260206_140448_0.mcap
SKILL_020_20260206_143937,01,SKILL_020,Open locks with their keys,N_MORA,2026-02-06T14:39:37Z,2026-02-06T14:41:15Z,97.76,36.65,PASS,TRUE,,/mnt/data00/01/batch_01/SKILL_020_20260206_143937/SKILL_020_20260206_143937_0.mcap
SKILL_003_20260206_123717,02,SKILL_003,Organize screwdriver bits,E_MARTINEZ,2026-02-06T12:37:17Z,2026-02-06T12:41:57Z,279.93,34.29,PASS,TRUE,,/mnt/data00/02/batch_01/SKILL_003_20260206_123717/SKILL_003_20260206_123717_0.mcap
SKILL_003_20260206_124426,02,SKILL_003,Organize screwdriver bits,E_MARTINEZ,2026-02-06T12:44:26Z,2026-02-06T12:48:32Z,246.23,35.38,PASS,TRUE,,/mnt/data00/02/batch_01/SKILL_003_20260206_124426/SKILL_003_20260206_124426_0.mcap
SKILL_001_20260206_143027,02,SKILL_001,Organize beads per color,E_MARTINEZ,2026-02-06T14:30:27Z,2026-02-06T14:38:23Z,475.84,37.42,PASS,TRUE,,/mnt/data00/02/batch_01/SKILL_001_20260206_143027/SKILL_001_20260206_143027_0.mcap
SKILL_004_20260206_144051,02,SKILL_004,Set Screwdriver package,E_MARTINEZ,2026-02-06T14:40:51Z,2026-02-06T14:42:36Z,104.93,36.52,PASS,TRUE,,/mnt/data00/02/batch_01/SKILL_004_20260206_144051/SKILL_004_20260206_144051_0.mcap
SKILL_004_20260206_144936,02,SKILL_004,Set Screwdriver package,E_MARTINEZ,2026-02-06T14:49:36Z,2026-02-06T14:50:44Z,67.15,37.53,PASS,FALSE,TOO_SHORT (67.2s),/mnt/data00/02/batch_01/SKILL_004_20260206_144936/SKILL_004_20260206_144936_0.mcap
SKILL_004_20260206_145210,02,SKILL_004,Set Screwdriver package,E_MARTINEZ,2026-02-06T14:52:10Z,2026-02-06T14:53:04Z,53.95,37.57,PASS,FALSE,TOO_SHORT (54.0s),/mnt/data00/02/batch_01/SKILL_004_20260206_145210/SKILL_004_20260206_145210_0.mcap
SKILL_004_20260206_145111,02,SKILL_004,Set Screwdriver package,E_MARTINEZ,2026-02-06T14:51:11Z,2026-02-06T14:51:49Z,38.74,37.52,PASS,FALSE,TOO_SHORT (38.7s),/mnt/data00/02/batch_01/SKILL_004_20260206_145111/SKILL_004_20260206_145111_0.mcap
SKILL_005_20260206_122802,02,SKILL_005,Insert allen keys in package,E_MARTINEZ,2026-02-06T12:28:02Z,2026-02-06T12:28:14Z,11.38,36.78,PASS,FALSE,TOO_SHORT (11.4s),/mnt/data00/02/batch_01/SKILL_005_20260206_122802/SKILL_005_20260206_122802_0.mcap
SKILL_004_20260206_145314,02,SKILL_004,Set Screwdriver package,E_MARTINEZ,2026-02-06T14:53:14Z,2026-02-06T14:54:09Z,55.68,37.60,PASS,FALSE,TOO_SHORT (55.7s),/mnt/data00/02/batch_01/SKILL_004_20260206_145314/SKILL_004_20260206_145314_0.mcap
SKILL_005_20260206_123056,02,SKILL_005,Insert allen keys in package,E_MARTINEZ,2026-02-06T12:30:56Z,2026-02-06T12:35:16Z,259.20,34.40,PASS,TRUE,,/mnt/data00/02/batch_01/SKILL_005_20260206_123056/SKILL_005_20260206_123056_0.mcap
SKILL_007_20260206_140159,02,SKILL_007,Separate tongue depressors by color,E_MARTINEZ,2026-02-06T14:01:59Z,2026-02-06T14:08:58Z,418.75,37.54,PASS,TRUE,,/mnt/data00/02/batch_01/SKILL_007_20260206_140159/SKILL_007_20260206_140159_0.mcap
SKILL_009_20260206_110643,02,SKILL_009,Package Cotton set,C_BECERRA,2026-02-06T11:06:44Z,2026-02-06T11:11:15Z,271.58,34.51,PASS,TRUE,,/mnt/data00/02/batch_01/SKILL_009_20260206_110643/SKILL_009_20260206_110643_0.mcap
SKILL_009_20260206_132550,02,SKILL_009,Package Cotton set,E_MARTINEZ,2026-02-06T13:25:50Z,2026-02-06T13:28:55Z,184.87,36.94,PASS,TRUE,,/mnt/data00/02/batch_01/SKILL_009_20260206_132550/SKILL_009_20260206_132550_0.mcap
SKILL_009_20260206_133000,02,SKILL_009,Package Cotton set,E_MARTINEZ,2026-02-06T13:30:00Z,2026-02-06T13:33:22Z,201.16,36.75,PASS,TRUE,,/mnt/data00/02/batch_01/SKILL_009_20260206_133000/SKILL_009_20260206_133000_0.mcap
SKILL_012_20260206_133710,02,SKILL_012,Put pasta in jars,E_MARTINEZ,2026-02-06T13:37:11Z,2026-02-06T13:40:24Z,192.57,37.49,PASS,TRUE,,/mnt/data00/02/batch_01/SKILL_012_20260206_133710/SKILL_012_20260206_133710_0.mcap
SKILL_013_20260206_134407,02,SKILL_013,Set up a hand lamp,E_MARTINEZ,2026-02-06T13:44:08Z,2026-02-06T13:47:22Z,194.37,37.41,PASS,TRUE,,/mnt/data00/02/batch_01/SKILL_013_20260206_134407/SKILL_013_20260206_134407_0.mcap
SKILL_013_20260206_141905,02,SKILL_013,Set up a hand lamp,E_MARTINEZ,2026-02-06T14:19:05Z,2026-02-06T14:21:23Z,137.92,36.72,PASS,TRUE,,/mnt/data00/02/batch_01/SKILL_013_20260206_141905/SKILL_013_20260206_141905_0.mcap
SKILL_013_20260206_142722,02,SKILL_013,Set up a hand lamp,E_MARTINEZ,2026-02-06T14:27:22Z,2026-02-06T14:29:23Z,121.22,36.48,PASS,TRUE,,/mnt/data00/02/batch_01/SKILL_013_20260206_142722/SKILL_013_20260206_142722_0.mcap
SKILL_020_20260206_141216,02,SKILL_020,Open locks with their keys,E_MARTINEZ,2026-02-06T14:12:16Z,2026-02-06T14:13:49Z,93.17,37.36,PASS,TRUE,,/mnt/data00/02/batch_01/SKILL_020_20260206_141216/SKILL_020_20260206_141216_0.mcap
SKILL_001_20260206_103623,03,SKILL_001,Organize beads per color,E_MARTINEZ,2026-02-06T10:36:23Z,2026-02-06T10:36:41Z,17.56,35.92,PASS,FALSE,TOO_SHORT (17.6s),/mnt/data00/03/batch_01/SKILL_001_20260206_103623/SKILL_001_20260206_103623_0.mcap
SKILL_020_20260206_141442,02,SKILL_020,Open locks with their keys,E_MARTINEZ,2026-02-06T14:14:42Z,2026-02-06T14:16:28Z,106.46,37.22,PASS,TRUE,,/mnt/data00/02/batch_01/SKILL_020_20260206_141442/SKILL_020_20260206_141442_0.mcap
SKILL_001_20260206_104032,03,SKILL_001,Organize beads per color,E_MARTINEZ,2026-02-06T10:40:32Z,2026-02-06T10:51:06Z,633.58,35.23,PASS,TRUE,,/mnt/data00/03/batch_01/SKILL_001_20260206_104032/SKILL_001_20260206_104032_0.mcap
SKILL_001_20260206_122409,03,SKILL_001,Organize beads per color,C_BECERRA,2026-02-06T12:24:09Z,2026-02-06T12:32:05Z,476.33,37.60,PASS,TRUE,,/mnt/data00/03/batch_01/SKILL_001_20260206_122409/SKILL_001_20260206_122409_0.mcap
SKILL_003_20260206_110852,03,SKILL_003,Organize screwdriver bits,E_MARTINEZ,2026-02-06T11:08:52Z,2026-02-06T11:12:15Z,203.68,36.76,PASS,TRUE,,/mnt/data00/03/batch_01/SKILL_003_20260206_110852/SKILL_003_20260206_110852_0.mcap
SKILL_003_20260206_111327,03,SKILL_003,Organize screwdriver bits,E_MARTINEZ,2026-02-06T11:13:27Z,2026-02-06T11:16:56Z,209.40,37.01,PASS,TRUE,,/mnt/data00/03/batch_01/SKILL_003_20260206_111327/SKILL_003_20260206_111327_0.mcap
SKILL_003_20260206_134839,03,SKILL_003,Organize screwdriver bits,C_BECERRA,2026-02-06T13:48:39Z,2026-02-06T13:52:21Z,222.37,36.97,PASS,TRUE,,/mnt/data00/03/batch_01/SKILL_003_20260206_134839/SKILL_003_20260206_134839_0.mcap
SKILL_003_20260206_135322,03,SKILL_003,Organize screwdriver bits,C_BECERRA,2026-02-06T13:53:22Z,2026-02-06T13:56:34Z,191.38,37.10,PASS,TRUE,,/mnt/data00/03/batch_01/SKILL_003_20260206_135322/SKILL_003_20260206_135322_0.mcap
SKILL_003_20260206_135712,03,SKILL_003,Organize screwdriver bits,C_BECERRA,2026-02-06T13:57:12Z,2026-02-06T13:57:14Z,1.91,36.52,PASS,FALSE,TOO_SHORT (1.9s),/mnt/data00/03/batch_01/SKILL_003_20260206_135712/SKILL_003_20260206_135712_0.mcap
SKILL_003_20260206_135714,03,SKILL_003,Organize screwdriver bits,C_BECERRA,2026-02-06T13:57:14Z,2026-02-06T13:57:15Z,0.84,36.29,PASS,FALSE,TOO_SHORT (0.8s),/mnt/data00/03/batch_01/SKILL_003_20260206_135714/SKILL_003_20260206_135714_0.mcap
SKILL_004_20260206_111906,03,SKILL_004,Set Screwdriver package,E_MARTINEZ,2026-02-06T11:19:06Z,2026-02-06T11:22:09Z,182.44,37.44,PASS,TRUE,,/mnt/data00/03/batch_01/SKILL_004_20260206_111906/SKILL_004_20260206_111906_0.mcap
SKILL_004_20260206_125523,03,SKILL_004,Set Screwdriver package,C_BECERRA,2026-02-06T12:55:23Z,2026-02-06T12:56:52Z,88.92,37.73,PASS,FALSE,TOO_SHORT (88.9s),/mnt/data00/03/batch_01/SKILL_004_20260206_125523/SKILL_004_20260206_125523_0.mcap
SKILL_004_20260206_125105,03,SKILL_004,Set Screwdriver package,C_BECERRA,2026-02-06T12:51:05Z,2026-02-06T12:54:40Z,215.20,37.53,PASS,TRUE,,/mnt/data00/03/batch_01/SKILL_004_20260206_125105/SKILL_004_20260206_125105_0.mcap
SKILL_005_20260206_105843,03,SKILL_005,Insert allen keys in package,E_MARTINEZ,2026-02-06T10:58:43Z,2026-02-06T10:58:45Z,2.51,34.40,PASS,FALSE,TOO_SHORT (2.5s),/mnt/data00/03/batch_01/SKILL_005_20260206_105843/SKILL_005_20260206_105843_0.mcap
SKILL_005_20260206_105958,03,SKILL_005,Insert allen keys in package,E_MARTINEZ,2026-02-06T10:59:58Z,2026-02-06T11:02:32Z,153.70,36.99,PASS,TRUE,,/mnt/data00/03/batch_01/SKILL_005_20260206_105958/SKILL_005_20260206_105958_0.mcap
SKILL_005_20260206_110315,03,SKILL_005,Insert allen keys in package,E_MARTINEZ,2026-02-06T11:03:15Z,2026-02-06T11:05:42Z,146.61,36.91,PASS,TRUE,,/mnt/data00/03/batch_01/SKILL_005_20260206_110315/SKILL_005_20260206_110315_0.mcap
SKILL_005_20260206_124311,03,SKILL_005,Insert allen keys in package,C_BECERRA,2026-02-06T12:43:11Z,2026-02-06T12:46:10Z,179.08,37.15,PASS,TRUE,,/mnt/data00/03/batch_01/SKILL_005_20260206_124311/SKILL_005_20260206_124311_0.mcap
SKILL_005_20260206_124628,03,SKILL_005,Insert allen keys in package,C_BECERRA,2026-02-06T12:46:28Z,2026-02-06T12:49:37Z,188.84,37.23,PASS,TRUE,,/mnt/data00/03/batch_01/SKILL_005_20260206_124628/SKILL_005_20260206_124628_0.mcap
SKILL_009_20260206_135720,03,SKILL_009,Package Cotton set,C_BECERRA,2026-02-06T13:57:20Z,2026-02-06T14:00:42Z,201.45,36.88,PASS,TRUE,,/mnt/data00/03/batch_01/SKILL_009_20260206_135720/SKILL_009_20260206_135720_0.mcap
SKILL_007_20260206_123326,03,SKILL_007,Separate tongue depressors by color,C_BECERRA,2026-02-06T12:33:26Z,2026-02-06T12:41:14Z,468.06,37.50,PASS,TRUE,,/mnt/data00/03/batch_01/SKILL_007_20260206_123326/SKILL_007_20260206_123326_0.mcap
SKILL_009_20260206_140125,03,SKILL_009,Package Cotton set,C_BECERRA,2026-02-06T14:01:25Z,2026-02-06T14:05:03Z,218.06,36.94,PASS,TRUE,,/mnt/data00/03/batch_01/SKILL_009_20260206_140125/SKILL_009_20260206_140125_0.mcap
SKILL_010_20260206_133445,03,SKILL_010,Package earphones,C_BECERRA,2026-02-06T13:34:45Z,2026-02-06T13:38:42Z,236.87,37.64,PASS,TRUE,,/mnt/data00/03/batch_01/SKILL_010_20260206_133445/SKILL_010_20260206_133445_0.mcap
SKILL_010_20260206_133940,03,SKILL_010,Package earphones,C_BECERRA,2026-02-06T13:39:40Z,2026-02-06T13:43:06Z,206.15,37.49,PASS,TRUE,,/mnt/data00/03/batch_01/SKILL_010_20260206_133940/SKILL_010_20260206_133940_0.mcap
SKILL_013_20260206_143058,03,SKILL_013,Set up a hand lamp,C_BECERRA,2026-02-06T14:30:58Z,2026-02-06T14:34:50Z,232.09,37.21,PASS,TRUE,,/mnt/data00/03/batch_01/SKILL_013_20260206_143058/SKILL_013_20260206_143058_0.mcap
SKILL_013_20260206_143539,03,SKILL_013,Set up a hand lamp,C_BECERRA,2026-02-06T14:35:39Z,2026-02-06T14:39:02Z,203.06,37.36,PASS,TRUE,,/mnt/data00/03/batch_01/SKILL_013_20260206_143539/SKILL_013_20260206_143539_0.mcap
SKILL_016_20260206_145220,03,SKILL_016,Package a sewing set,C_BECERRA,2026-02-06T14:52:20Z,2026-02-06T14:53:30Z,69.59,37.22,PASS,FALSE,TOO_SHORT (69.6s),/mnt/data00/03/batch_01/SKILL_016_20260206_145220/SKILL_016_20260206_145220_0.mcap
SKILL_016_20260206_145402,03,SKILL_016,Package a sewing set,C_BECERRA,2026-02-06T14:54:02Z,2026-02-06T14:55:00Z,57.50,37.26,PASS,FALSE,TOO_SHORT (57.5s),/mnt/data00/03/batch_01/SKILL_016_20260206_145402/SKILL_016_20260206_145402_0.mcap
SKILL_016_20260206_145540,03,SKILL_016,Package a sewing set,C_BECERRA,2026-02-06T14:55:40Z,2026-02-06T14:56:48Z,68.18,37.22,PASS,FALSE,TOO_SHORT (68.2s),/mnt/data00/03/batch_01/SKILL_016_20260206_145540/SKILL_016_20260206_145540_0.mcap
SKILL_014_20260206_144001,03,SKILL_014,Fasten nuts onto bolts,C_BECERRA,2026-02-06T14:40:01Z,2026-02-06T14:48:12Z,491.14,37.04,PASS,TRUE,,/mnt/data00/03/batch_01/SKILL_014_20260206_144001/SKILL_014_20260206_144001_0.mcap
SKILL_018_20260206_140632,03,SKILL_018,Close bags with twist ties,C_BECERRA,2026-02-06T14:06:32Z,2026-02-06T14:09:34Z,182.46,37.67,PASS,TRUE,,/mnt/data00/03/batch_01/SKILL_018_20260206_140632/SKILL_018_20260206_140632_0.mcap
SKILL_018_20260206_141019,03,SKILL_018,Close bags with twist ties,C_BECERRA,2026-02-06T14:10:19Z,2026-02-06T14:13:12Z,173.39,37.44,PASS,TRUE,,/mnt/data00/03/batch_01/SKILL_018_20260206_141019/SKILL_018_20260206_141019_0.mcap
SKILL_018_20260206_141442,03,SKILL_018,Close bags with twist ties,C_BECERRA,2026-02-06T14:14:42Z,2026-02-06T14:18:15Z,212.50,37.58,PASS,TRUE,,/mnt/data00/03/batch_01/SKILL_018_20260206_141442/SKILL_018_20260206_141442_0.mcap
SKILL_023_20260206_141908,03,SKILL_023,Built up box (Present),C_BECERRA,2026-02-06T14:19:08Z,2026-02-06T14:23:00Z,232.32,36.83,PASS,TRUE,,/mnt/data00/03/batch_01/SKILL_023_20260206_141908/SKILL_023_20260206_141908_0.mcap
SKILL_023_20260206_142341,03,SKILL_023,Built up box (Present),C_BECERRA,2026-02-06T14:23:41Z,2026-02-06T14:25:58Z,136.65,36.98,PASS,TRUE,,/mnt/data00/03/batch_01/SKILL_023_20260206_142341/SKILL_023_20260206_142341_0.mcap
SKILL_001_20260206_080532,04,SKILL_001,Organize beads per color,E_MARTINEZ,2026-02-06T08:05:32Z,2026-02-06T08:05:36Z,4.21,36.76,PASS,FALSE,TOO_SHORT (4.2s),/mnt/data00/04/batch_01/SKILL_001_20260206_080532/SKILL_001_20260206_080532_0.mcap
SKILL_023_20260206_142632,03,SKILL_023,Built up box (Present),C_BECERRA,2026-02-06T14:26:32Z,2026-02-06T14:28:10Z,98.64,36.93,PASS,TRUE,,/mnt/data00/03/batch_01/SKILL_023_20260206_142632/SKILL_023_20260206_142632_0.mcap
SKILL_001_20260206_080552,04,SKILL_001,Organize beads per color,E_MARTINEZ,2026-02-06T08:05:52Z,2026-02-06T08:13:10Z,438.04,36.99,PASS,TRUE,,/mnt/data00/04/batch_01/SKILL_001_20260206_080552/SKILL_001_20260206_080552_0.mcap
SKILL_001_20260206_110123,04,SKILL_001,Organize beads per color,D_VARGAS,2026-02-06T11:01:23Z,2026-02-06T11:01:27Z,4.09,36.04,PASS,FALSE,TOO_SHORT (4.1s),/mnt/data00/04/batch_01/SKILL_001_20260206_110123/SKILL_001_20260206_110123_0.mcap
SKILL_001_20260206_105001,04,SKILL_001,Organize beads per color,D_VARGAS,2026-02-06T10:50:01Z,2026-02-06T10:57:36Z,455.36,36.94,PASS,TRUE,,/mnt/data00/04/batch_01/SKILL_001_20260206_105001/SKILL_001_20260206_105001_0.mcap
SKILL_001_20260206_122502,04,SKILL_001,Organize beads per color,D_VARGAS,2026-02-06T12:25:02Z,2026-02-06T12:34:08Z,545.80,36.90,PASS,TRUE,,/mnt/data00/04/batch_01/SKILL_001_20260206_122502/SKILL_001_20260206_122502_0.mcap
SKILL_003_20260206_071723,04,SKILL_003,Organize screwdriver bits,E_MARTINEZ,2026-02-06T07:17:24Z,2026-02-06T07:21:57Z,272.96,36.71,PASS,TRUE,,/mnt/data00/04/batch_01/SKILL_003_20260206_071723/SKILL_003_20260206_071723_0.mcap
SKILL_003_20260206_092908,04,SKILL_003,Organize screwdriver bits,E_MARTINEZ,2026-02-06T09:29:08Z,2026-02-06T09:33:14Z,246.32,36.65,PASS,TRUE,,/mnt/data00/04/batch_01/SKILL_003_20260206_092908/SKILL_003_20260206_092908_0.mcap
SKILL_003_20260206_072314,04,SKILL_003,Organize screwdriver bits,E_MARTINEZ,2026-02-06T07:23:14Z,2026-02-06T07:27:40Z,266.68,36.73,PASS,TRUE,,/mnt/data00/04/batch_01/SKILL_003_20260206_072314/SKILL_003_20260206_072314_0.mcap
SKILL_003_20260206_093603,04,SKILL_003,Organize screwdriver bits,E_MARTINEZ,2026-02-06T09:36:03Z,2026-02-06T09:40:26Z,263.31,36.89,PASS,TRUE,,/mnt/data00/04/batch_01/SKILL_003_20260206_093603/SKILL_003_20260206_093603_0.mcap
SKILL_003_20260206_123534,04,SKILL_003,Organize screwdriver bits,D_VARGAS,2026-02-06T12:35:34Z,2026-02-06T12:39:57Z,262.60,36.75,PASS,TRUE,,/mnt/data00/04/batch_01/SKILL_003_20260206_123534/SKILL_003_20260206_123534_0.mcap
SKILL_003_20260206_124208,04,SKILL_003,Organize screwdriver bits,D_VARGAS,2026-02-06T12:42:08Z,2026-02-06T12:45:04Z,176.77,37.00,PASS,TRUE,,/mnt/data00/04/batch_01/SKILL_003_20260206_124208/SKILL_003_20260206_124208_0.mcap
SKILL_004_20260206_074032,04,SKILL_004,Set Screwdriver package,E_MARTINEZ,2026-02-06T07:40:32Z,2026-02-06T07:42:04Z,91.89,34.42,PASS,TRUE,,/mnt/data00/04/batch_01/SKILL_004_20260206_074032/SKILL_004_20260206_074032_0.mcap
SKILL_004_20260206_075933,04,SKILL_004,Set Screwdriver package,E_MARTINEZ,2026-02-06T07:59:33Z,2026-02-06T08:00:55Z,81.24,37.18,PASS,FALSE,TOO_SHORT (81.2s),/mnt/data00/04/batch_01/SKILL_004_20260206_075933/SKILL_004_20260206_075933_0.mcap
SKILL_004_20260206_131507,04,SKILL_004,Set Screwdriver package,D_VARGAS,2026-02-06T13:15:07Z,2026-02-06T13:15:10Z,2.67,35.67,PASS,FALSE,TOO_SHORT (2.7s),/mnt/data00/04/batch_01/SKILL_004_20260206_131507/SKILL_004_20260206_131507_0.mcap
SKILL_004_20260206_080144,04,SKILL_004,Set Screwdriver package,E_MARTINEZ,2026-02-06T08:01:44Z,2026-02-06T08:03:08Z,83.93,37.10,PASS,FALSE,TOO_SHORT (83.9s),/mnt/data00/04/batch_01/SKILL_004_20260206_080144/SKILL_004_20260206_080144_0.mcap
SKILL_004_20260206_131518,04,SKILL_004,Set Screwdriver package,D_VARGAS,2026-02-06T13:15:18Z,2026-02-06T13:16:52Z,94.28,37.28,PASS,TRUE,,/mnt/data00/04/batch_01/SKILL_004_20260206_131518/SKILL_004_20260206_131518_0.mcap
SKILL_004_20260206_131731,04,SKILL_004,Set Screwdriver package,D_VARGAS,2026-02-06T13:17:31Z,2026-02-06T13:19:01Z,89.10,37.22,PASS,FALSE,TOO_SHORT (89.1s),/mnt/data00/04/batch_01/SKILL_004_20260206_131731/SKILL_004_20260206_131731_0.mcap
SKILL_004_20260206_132016,04,SKILL_004,Set Screwdriver package,D_VARGAS,2026-02-06T13:20:16Z,2026-02-06T13:21:50Z,93.86,37.17,PASS,TRUE,,/mnt/data00/04/batch_01/SKILL_004_20260206_132016/SKILL_004_20260206_132016_0.mcap
SKILL_004_20260206_132238,04,SKILL_004,Set Screwdriver package,D_VARGAS,2026-02-06T13:22:38Z,2026-02-06T13:24:03Z,84.90,36.97,PASS,FALSE,TOO_SHORT (84.9s),/mnt/data00/04/batch_01/SKILL_004_20260206_132238/SKILL_004_20260206_132238_0.mcap
SKILL_005_20260206_143328,04,SKILL_005,Insert allen keys in package,D_VARGAS,2026-02-06T14:33:28Z,2026-02-06T14:37:18Z,230.09,37.16,PASS,TRUE,,/mnt/data00/04/batch_01/SKILL_005_20260206_143328/SKILL_005_20260206_143328_0.mcap
SKILL_005_20260206_143802,04,SKILL_005,Insert allen keys in package,D_VARGAS,2026-02-06T14:38:02Z,2026-02-06T14:41:15Z,193.04,37.35,PASS,TRUE,,/mnt/data00/04/batch_01/SKILL_005_20260206_143802/SKILL_005_20260206_143802_0.mcap
SKILL_009_20260206_085029,04,SKILL_009,Package Cotton set,E_MARTINEZ,2026-02-06T08:50:29Z,2026-02-06T08:52:55Z,145.59,36.80,PASS,TRUE,,/mnt/data00/04/batch_01/SKILL_009_20260206_085029/SKILL_009_20260206_085029_0.mcap
SKILL_009_20260206_085408,04,SKILL_009,Package Cotton set,E_MARTINEZ,2026-02-06T08:54:08Z,2026-02-06T08:56:22Z,134.10,36.61,PASS,TRUE,,/mnt/data00/04/batch_01/SKILL_009_20260206_085408/SKILL_009_20260206_085408_0.mcap
SKILL_007_20260206_141145,04,SKILL_007,Separate tongue depressors by color,D_VARGAS,2026-02-06T14:11:45Z,2026-02-06T14:20:51Z,546.12,36.87,PASS,TRUE,,/mnt/data00/04/batch_01/SKILL_007_20260206_141145/SKILL_007_20260206_141145_0.mcap
SKILL_009_20260206_100124,04,SKILL_009,Package Cotton set,D_VARGAS,2026-02-06T10:01:24Z,2026-02-06T10:01:25Z,1.41,33.89,PASS,FALSE,TOO_SHORT (1.4s),/mnt/data00/04/batch_01/SKILL_009_20260206_100124/SKILL_009_20260206_100124_0.mcap
SKILL_009_20260206_110132,04,SKILL_009,Package Cotton set,D_VARGAS,2026-02-06T11:01:32Z,2026-02-06T11:04:16Z,163.70,36.92,PASS,TRUE,,/mnt/data00/04/batch_01/SKILL_009_20260206_110132/SKILL_009_20260206_110132_0.mcap
SKILL_009_20260206_095440,04,SKILL_009,Package Cotton set,E_MARTINEZ,2026-02-06T09:54:40Z,2026-02-06T09:57:27Z,167.00,36.65,PASS,TRUE,,/mnt/data00/04/batch_01/SKILL_009_20260206_095440/SKILL_009_20260206_095440_0.mcap
SKILL_009_20260206_110456,04,SKILL_009,Package Cotton set,D_VARGAS,2026-02-06T11:04:56Z,2026-02-06T11:07:30Z,154.45,36.92,PASS,TRUE,,/mnt/data00/04/batch_01/SKILL_009_20260206_110456/SKILL_009_20260206_110456_0.mcap
SKILL_009_20260206_110819,04,SKILL_009,Package Cotton set,D_VARGAS,2026-02-06T11:08:19Z,2026-02-06T11:09:46Z,86.86,37.15,PASS,FALSE,TOO_SHORT (86.9s),/mnt/data00/04/batch_01/SKILL_009_20260206_110819/SKILL_009_20260206_110819_0.mcap
SKILL_010_20260206_095004,04,SKILL_010,Package earphones,E_MARTINEZ,2026-02-06T09:50:04Z,2026-02-06T09:52:48Z,164.64,36.88,PASS,TRUE,,/mnt/data00/04/batch_01/SKILL_010_20260206_095004/SKILL_010_20260206_095004_0.mcap
SKILL_010_20260206_132524,04,SKILL_010,Package earphones,D_VARGAS,2026-02-06T13:25:24Z,2026-02-06T13:29:12Z,227.74,37.21,PASS,TRUE,,/mnt/data00/04/batch_01/SKILL_010_20260206_132524/SKILL_010_20260206_132524_0.mcap
SKILL_010_20260206_133116,04,SKILL_010,Package earphones,D_VARGAS,2026-02-06T13:31:16Z,2026-02-06T13:35:05Z,229.15,36.83,PASS,TRUE,,/mnt/data00/04/batch_01/SKILL_010_20260206_133116/SKILL_010_20260206_133116_0.mcap
SKILL_012_20260206_081949,04,SKILL_012,Put pasta in jars,E_MARTINEZ,2026-02-06T08:19:49Z,2026-02-06T08:23:44Z,234.10,37.26,PASS,TRUE,,/mnt/data00/04/batch_01/SKILL_012_20260206_081949/SKILL_012_20260206_081949_0.mcap
SKILL_012_20260206_082520,04,SKILL_012,Put pasta in jars,E_MARTINEZ,2026-02-06T08:25:20Z,2026-02-06T08:27:35Z,134.90,37.30,PASS,TRUE,,/mnt/data00/04/batch_01/SKILL_012_20260206_082520/SKILL_012_20260206_082520_0.mcap
SKILL_012_20260206_082910,04,SKILL_012,Put pasta in jars,E_MARTINEZ,2026-02-06T08:29:10Z,2026-02-06T08:31:51Z,161.00,33.20,PASS,TRUE,,/mnt/data00/04/batch_01/SKILL_012_20260206_082910/SKILL_012_20260206_082910_0.mcap
SKILL_012_20260206_101119,04,SKILL_012,Put pasta in jars,D_VARGAS,2026-02-06T10:11:19Z,2026-02-06T10:13:56Z,156.98,37.23,PASS,TRUE,,/mnt/data00/04/batch_01/SKILL_012_20260206_101119/SKILL_012_20260206_101119_0.mcap
SKILL_012_20260206_101449,04,SKILL_012,Put pasta in jars,D_VARGAS,2026-02-06T10:14:49Z,2026-02-06T10:17:10Z,141.36,37.04,PASS,TRUE,,/mnt/data00/04/batch_01/SKILL_012_20260206_101449/SKILL_012_20260206_101449_0.mcap
SKILL_012_20260206_101754,04,SKILL_012,Put pasta in jars,D_VARGAS,2026-02-06T10:17:54Z,2026-02-06T10:20:15Z,141.08,37.05,PASS,TRUE,,/mnt/data00/04/batch_01/SKILL_012_20260206_101754/SKILL_012_20260206_101754_0.mcap
SKILL_012_20260206_135050,04,SKILL_012,Put pasta in jars,D_VARGAS,2026-02-06T13:50:50Z,2026-02-06T13:53:07Z,136.89,29.98,PASS,TRUE,,/mnt/data00/04/batch_01/SKILL_012_20260206_135050/SKILL_012_20260206_135050_0.mcap
SKILL_012_20260206_135412,04,SKILL_012,Put pasta in jars,D_VARGAS,2026-02-06T13:54:12Z,2026-02-06T13:56:00Z,108.94,36.77,PASS,TRUE,,/mnt/data00/04/batch_01/SKILL_012_20260206_135412/SKILL_012_20260206_135412_0.mcap
SKILL_012_20260206_135716,04,SKILL_012,Put pasta in jars,D_VARGAS,2026-02-06T13:57:16Z,2026-02-06T13:58:49Z,93.34,36.66,PASS,TRUE,,/mnt/data00/04/batch_01/SKILL_012_20260206_135716/SKILL_012_20260206_135716_0.mcap
SKILL_013_20260206_083245,04,SKILL_013,Set up a hand lamp,E_MARTINEZ,2026-02-06T08:32:45Z,2026-02-06T08:35:21Z,155.69,36.96,PASS,TRUE,,/mnt/data00/04/batch_01/SKILL_013_20260206_083245/SKILL_013_20260206_083245_0.mcap
SKILL_013_20260206_083748,04,SKILL_013,Set up a hand lamp,E_MARTINEZ,2026-02-06T08:37:48Z,2026-02-06T08:40:02Z,134.77,36.93,PASS,TRUE,,/mnt/data00/04/batch_01/SKILL_013_20260206_083748/SKILL_013_20260206_083748_0.mcap
SKILL_013_20260206_111254,04,SKILL_013,Set up a hand lamp,D_VARGAS,2026-02-06T11:12:54Z,2026-02-06T11:14:39Z,104.73,36.87,PASS,TRUE,,/mnt/data00/04/batch_01/SKILL_013_20260206_111254/SKILL_013_20260206_111254_0.mcap
SKILL_013_20260206_084004,04,SKILL_013,Set up a hand lamp,E_MARTINEZ,2026-02-06T08:40:04Z,2026-02-06T08:42:49Z,165.18,33.00,PASS,TRUE,,/mnt/data00/04/batch_01/SKILL_013_20260206_084004/SKILL_013_20260206_084004_0.mcap
SKILL_013_20260206_111907,04,SKILL_013,Set up a hand lamp,D_VARGAS,2026-02-06T11:19:07Z,2026-02-06T11:20:51Z,104.10,36.84,PASS,TRUE,,/mnt/data00/04/batch_01/SKILL_013_20260206_111907/SKILL_013_20260206_111907_0.mcap
SKILL_013_20260206_111516,04,SKILL_013,Set up a hand lamp,D_VARGAS,2026-02-06T11:15:16Z,2026-02-06T11:17:11Z,115.22,36.47,PASS,TRUE,,/mnt/data00/04/batch_01/SKILL_013_20260206_111516/SKILL_013_20260206_111516_0.mcap
SKILL_013_20260206_112137,04,SKILL_013,Set up a hand lamp,D_VARGAS,2026-02-06T11:21:37Z,2026-02-06T11:22:26Z,49.23,36.77,PASS,FALSE,TOO_SHORT (49.2s),/mnt/data00/04/batch_01/SKILL_013_20260206_112137/SKILL_013_20260206_112137_0.mcap
SKILL_013_20260206_142512,04,SKILL_013,Set up a hand lamp,D_VARGAS,2026-02-06T14:25:12Z,2026-02-06T14:26:44Z,91.94,36.96,PASS,TRUE,,/mnt/data00/04/batch_01/SKILL_013_20260206_142512/SKILL_013_20260206_142512_0.mcap
SKILL_013_20260206_142746,04,SKILL_013,Set up a hand lamp,D_VARGAS,2026-02-06T14:27:46Z,2026-02-06T14:31:35Z,228.50,36.80,PASS,TRUE,,/mnt/data00/04/batch_01/SKILL_013_20260206_142746/SKILL_013_20260206_142746_0.mcap
SKILL_017_20260206_092219,04,SKILL_017,Put pasta in ziploc bags,E_MARTINEZ,2026-02-06T09:22:19Z,2026-02-06T09:27:14Z,295.36,37.07,PASS,TRUE,,/mnt/data00/04/batch_01/SKILL_017_20260206_092219/SKILL_017_20260206_092219_0.mcap
SKILL_017_20260206_103634,04,SKILL_017,Put pasta in ziploc bags,D_VARGAS,2026-02-06T10:36:34Z,2026-02-06T10:42:59Z,384.54,35.31,PASS,TRUE,,/mnt/data00/04/batch_01/SKILL_017_20260206_103634/SKILL_017_20260206_103634_0.mcap
SKILL_017_20260206_104409,04,SKILL_017,Put pasta in ziploc bags,D_VARGAS,2026-02-06T10:44:09Z,2026-02-06T10:44:11Z,1.59,36.88,PASS,FALSE,TOO_SHORT (1.6s),/mnt/data00/04/batch_01/SKILL_017_20260206_104409/SKILL_017_20260206_104409_0.mcap
SKILL_017_20260206_104413,04,SKILL_017,Put pasta in ziploc bags,D_VARGAS,2026-02-06T10:44:13Z,2026-02-06T10:46:18Z,125.11,37.22,PASS,TRUE,,/mnt/data00/04/batch_01/SKILL_017_20260206_104413/SKILL_017_20260206_104413_0.mcap
SKILL_018_20260206_090733,04,SKILL_018,Close bags with twist ties,E_MARTINEZ,2026-02-06T09:07:33Z,2026-02-06T09:12:44Z,311.19,36.82,PASS,TRUE,,/mnt/data00/04/batch_01/SKILL_018_20260206_090733/SKILL_018_20260206_090733_0.mcap
SKILL_018_20260206_091409,04,SKILL_018,Close bags with twist ties,E_MARTINEZ,2026-02-06T09:14:09Z,2026-02-06T09:18:11Z,241.55,36.85,PASS,TRUE,,/mnt/data00/04/batch_01/SKILL_018_20260206_091409/SKILL_018_20260206_091409_0.mcap
SKILL_018_20260206_102323,04,SKILL_018,Close bags with twist ties,D_VARGAS,2026-02-06T10:23:24Z,2026-02-06T10:25:45Z,141.40,37.12,PASS,TRUE,,/mnt/data00/04/batch_01/SKILL_018_20260206_102323/SKILL_018_20260206_102323_0.mcap
SKILL_018_20260206_102716,04,SKILL_018,Close bags with twist ties,D_VARGAS,2026-02-06T10:27:16Z,2026-02-06T10:29:18Z,121.82,37.12,PASS,TRUE,,/mnt/data00/04/batch_01/SKILL_018_20260206_102716/SKILL_018_20260206_102716_0.mcap
SKILL_018_20260206_125014,04,SKILL_018,Close bags with twist ties,D_VARGAS,2026-02-06T12:50:14Z,2026-02-06T12:52:49Z,155.67,37.17,PASS,TRUE,,/mnt/data00/04/batch_01/SKILL_018_20260206_125014/SKILL_018_20260206_125014_0.mcap
SKILL_018_20260206_125334,04,SKILL_018,Close bags with twist ties,D_VARGAS,2026-02-06T12:53:34Z,2026-02-06T12:55:59Z,144.95,36.74,PASS,TRUE,,/mnt/data00/04/batch_01/SKILL_018_20260206_125334/SKILL_018_20260206_125334_0.mcap
SKILL_018_20260206_125722,04,SKILL_018,Close bags with twist ties,D_VARGAS,2026-02-06T12:57:22Z,2026-02-06T12:59:57Z,154.64,37.14,PASS,TRUE,,/mnt/data00/04/batch_01/SKILL_018_20260206_125722/SKILL_018_20260206_125722_0.mcap
SKILL_018_20260206_130215,04,SKILL_018,Close bags with twist ties,D_VARGAS,2026-02-06T13:02:15Z,2026-02-06T13:05:25Z,190.03,37.22,PASS,TRUE,,/mnt/data00/04/batch_01/SKILL_018_20260206_130215/SKILL_018_20260206_130215_0.mcap
SKILL_018_20260206_130928,04,SKILL_018,Close bags with twist ties,D_VARGAS,2026-02-06T13:09:28Z,2026-02-06T13:10:15Z,47.60,36.78,PASS,FALSE,TOO_SHORT (47.6s),/mnt/data00/04/batch_01/SKILL_018_20260206_130928/SKILL_018_20260206_130928_0.mcap
SKILL_018_20260206_130605,04,SKILL_018,Close bags with twist ties,D_VARGAS,2026-02-06T13:06:05Z,2026-02-06T13:08:40Z,155.11,36.83,PASS,TRUE,,/mnt/data00/04/batch_01/SKILL_018_20260206_130605/SKILL_018_20260206_130605_0.mcap
SKILL_020_20260206_084421,04,SKILL_020,Open locks with their keys,E_MARTINEZ,2026-02-06T08:44:21Z,2026-02-06T08:45:45Z,83.75,36.67,PASS,FALSE,TOO_SHORT (83.8s),/mnt/data00/04/batch_01/SKILL_020_20260206_084421/SKILL_020_20260206_084421_0.mcap
SKILL_020_20260206_084707,04,SKILL_020,Open locks with their keys,E_MARTINEZ,2026-02-06T08:47:07Z,2026-02-06T08:48:30Z,83.64,36.22,PASS,FALSE,TOO_SHORT (83.6s),/mnt/data00/04/batch_01/SKILL_020_20260206_084707/SKILL_020_20260206_084707_0.mcap
SKILL_020_20260206_100140,04,SKILL_020,Open locks with their keys,D_VARGAS,2026-02-06T10:01:40Z,2026-02-06T10:03:09Z,88.45,37.02,PASS,FALSE,TOO_SHORT (88.5s),/mnt/data00/04/batch_01/SKILL_020_20260206_100140/SKILL_020_20260206_100140_0.mcap
SKILL_020_20260206_100424,04,SKILL_020,Open locks with their keys,D_VARGAS,2026-02-06T10:04:24Z,2026-02-06T10:05:50Z,85.41,37.10,PASS,FALSE,TOO_SHORT (85.4s),/mnt/data00/04/batch_01/SKILL_020_20260206_100424/SKILL_020_20260206_100424_0.mcap
SKILL_020_20260206_100709,04,SKILL_020,Open locks with their keys,D_VARGAS,2026-02-06T10:07:09Z,2026-02-06T10:08:14Z,64.78,36.90,PASS,FALSE,TOO_SHORT (64.8s),/mnt/data00/04/batch_01/SKILL_020_20260206_100709/SKILL_020_20260206_100709_0.mcap
SKILL_020_20260206_100907,04,SKILL_020,Open locks with their keys,D_VARGAS,2026-02-06T10:09:07Z,2026-02-06T10:10:16Z,68.86,36.98,PASS,FALSE,TOO_SHORT (68.9s),/mnt/data00/04/batch_01/SKILL_020_20260206_100907/SKILL_020_20260206_100907_0.mcap
SKILL_020_20260206_134001,04,SKILL_020,Open locks with their keys,D_VARGAS,2026-02-06T13:40:01Z,2026-02-06T13:41:41Z,100.04,36.60,PASS,TRUE,,/mnt/data00/04/batch_01/SKILL_020_20260206_134001/SKILL_020_20260206_134001_0.mcap
SKILL_020_20260206_134528,04,SKILL_020,Open locks with their keys,D_VARGAS,2026-02-06T13:45:28Z,2026-02-06T13:46:46Z,77.69,37.14,PASS,FALSE,TOO_SHORT (77.7s),/mnt/data00/04/batch_01/SKILL_020_20260206_134528/SKILL_020_20260206_134528_0.mcap
SKILL_020_20260206_134304,04,SKILL_020,Open locks with their keys,D_VARGAS,2026-02-06T13:43:04Z,2026-02-06T13:44:36Z,92.25,37.01,PASS,TRUE,,/mnt/data00/04/batch_01/SKILL_020_20260206_134304/SKILL_020_20260206_134304_0.mcap
SKILL_020_20260206_134743,04,SKILL_020,Open locks with their keys,D_VARGAS,2026-02-06T13:47:43Z,2026-02-06T13:49:14Z,90.60,37.13,PASS,TRUE,,/mnt/data00/04/batch_01/SKILL_020_20260206_134743/SKILL_020_20260206_134743_0.mcap
SKILL_001_20260207_090632,04,SKILL_001,Organize beads per color,D_VARGAS,2026-02-07T09:06:33Z,2026-02-07T09:15:40Z,546.69,35.93,PASS,TRUE,,/mnt/data00/04/batch_02/SKILL_001_20260207_090632/SKILL_001_20260207_090632_0.mcap
SKILL_001_20260207_072249,04,SKILL_001,Organize beads per color,D_VARGAS,2026-02-07T07:22:49Z,2026-02-07T07:32:11Z,561.54,37.24,PASS,TRUE,,/mnt/data00/04/batch_02/SKILL_001_20260207_072249/SKILL_001_20260207_072249_0.mcap
SKILL_001_20260207_110650,04,SKILL_001,Organize beads per color,D_VARGAS,2026-02-07T11:06:50Z,2026-02-07T11:16:25Z,574.56,33.67,PASS,TRUE,,/mnt/data00/04/batch_02/SKILL_001_20260207_110650/SKILL_001_20260207_110650_0.mcap
SKILL_002_20260207_134846,04,SKILL_002,Organize beads per character,C_BECERRA,2026-02-07T13:48:46Z,2026-02-07T13:50:05Z,78.94,37.19,PASS,FALSE,TOO_SHORT (78.9s),/mnt/data00/04/batch_02/SKILL_002_20260207_134846/SKILL_002_20260207_134846_0.mcap
SKILL_001_20260207_125723,04,SKILL_001,Organize beads per color,C_BECERRA,2026-02-07T12:57:23Z,2026-02-07T13:07:22Z,598.36,37.16,PASS,TRUE,,/mnt/data00/04/batch_02/SKILL_001_20260207_125723/SKILL_001_20260207_125723_0.mcap
SKILL_002_20260207_135044,04,SKILL_002,Organize beads per character,C_BECERRA,2026-02-07T13:50:44Z,2026-02-07T13:53:01Z,136.52,37.20,PASS,TRUE,,/mnt/data00/04/batch_02/SKILL_002_20260207_135044/SKILL_002_20260207_135044_0.mcap
SKILL_002_20260207_135333,04,SKILL_002,Organize beads per character,C_BECERRA,2026-02-07T13:53:33Z,2026-02-07T13:54:37Z,64.52,37.40,PASS,FALSE,TOO_SHORT (64.5s),/mnt/data00/04/batch_02/SKILL_002_20260207_135333/SKILL_002_20260207_135333_0.mcap
SKILL_003_20260207_075201,04,SKILL_003,Organize screwdriver bits,D_VARGAS,2026-02-07T07:52:01Z,2026-02-07T07:54:27Z,145.63,36.06,PASS,TRUE,,/mnt/data00/04/batch_02/SKILL_003_20260207_075201/SKILL_003_20260207_075201_0.mcap
SKILL_003_20260207_074453,04,SKILL_003,Organize screwdriver bits,D_VARGAS,2026-02-07T07:44:53Z,2026-02-07T07:50:20Z,326.83,37.12,PASS,TRUE,,/mnt/data00/04/batch_02/SKILL_003_20260207_074453/SKILL_003_20260207_074453_0.mcap
SKILL_003_20260207_093753,04,SKILL_003,Organize screwdriver bits,D_VARGAS,2026-02-07T09:37:53Z,2026-02-07T09:39:21Z,88.26,36.74,PASS,FALSE,TOO_SHORT (88.3s),/mnt/data00/04/batch_02/SKILL_003_20260207_093753/SKILL_003_20260207_093753_0.mcap
SKILL_003_20260207_094335,04,SKILL_003,Organize screwdriver bits,D_VARGAS,2026-02-07T09:43:36Z,2026-02-07T09:45:24Z,108.45,26.31,PASS,TRUE,,/mnt/data00/04/batch_02/SKILL_003_20260207_094335/SKILL_003_20260207_094335_0.mcap
SKILL_003_20260207_093149,04,SKILL_003,Organize screwdriver bits,D_VARGAS,2026-02-07T09:31:49Z,2026-02-07T09:35:39Z,230.08,37.39,PASS,TRUE,,/mnt/data00/04/batch_02/SKILL_003_20260207_093149/SKILL_003_20260207_093149_0.mcap
SKILL_003_20260207_095316,04,SKILL_003,Organize screwdriver bits,D_VARGAS,2026-02-07T09:53:16Z,2026-02-07T09:57:58Z,282.33,32.38,PASS,TRUE,,/mnt/data00/04/batch_02/SKILL_003_20260207_095316/SKILL_003_20260207_095316_0.mcap
SKILL_003_20260207_095919,04,SKILL_003,Organize screwdriver bits,D_VARGAS,2026-02-07T09:59:19Z,2026-02-07T10:04:19Z,299.84,36.72,PASS,TRUE,,/mnt/data00/04/batch_02/SKILL_003_20260207_095919/SKILL_003_20260207_095919_0.mcap
SKILL_004_20260207_073419,04,SKILL_004,Set Screwdriver package,D_VARGAS,2026-02-07T07:34:19Z,2026-02-07T07:36:03Z,104.20,27.81,PASS,TRUE,,/mnt/data00/04/batch_02/SKILL_004_20260207_073419/SKILL_004_20260207_073419_0.mcap
SKILL_004_20260207_073646,04,SKILL_004,Set Screwdriver package,D_VARGAS,2026-02-07T07:36:46Z,2026-02-07T07:38:20Z,94.25,36.48,PASS,TRUE,,/mnt/data00/04/batch_02/SKILL_004_20260207_073646/SKILL_004_20260207_073646_0.mcap
SKILL_004_20260207_073853,04,SKILL_004,Set Screwdriver package,D_VARGAS,2026-02-07T07:38:53Z,2026-02-07T07:40:30Z,97.71,37.33,PASS,TRUE,,/mnt/data00/04/batch_02/SKILL_004_20260207_073853/SKILL_004_20260207_073853_0.mcap
SKILL_004_20260207_074122,04,SKILL_004,Set Screwdriver package,D_VARGAS,2026-02-07T07:41:22Z,2026-02-07T07:42:51Z,89.24,37.59,PASS,FALSE,TOO_SHORT (89.2s),/mnt/data00/04/batch_02/SKILL_004_20260207_074122/SKILL_004_20260207_074122_0.mcap
SKILL_004_20260207_102940,04,SKILL_004,Set Screwdriver package,D_VARGAS,2026-02-07T10:29:40Z,2026-02-07T10:31:19Z,99.28,37.58,PASS,TRUE,,/mnt/data00/04/batch_02/SKILL_004_20260207_102940/SKILL_004_20260207_102940_0.mcap
SKILL_004_20260207_103149,04,SKILL_004,Set Screwdriver package,D_VARGAS,2026-02-07T10:31:49Z,2026-02-07T10:33:22Z,92.69,37.55,PASS,TRUE,,/mnt/data00/04/batch_02/SKILL_004_20260207_103149/SKILL_004_20260207_103149_0.mcap
SKILL_004_20260207_103646,04,SKILL_004,Set Screwdriver package,D_VARGAS,2026-02-07T10:36:46Z,2026-02-07T10:38:33Z,106.29,37.39,PASS,TRUE,,/mnt/data00/04/batch_02/SKILL_004_20260207_103646/SKILL_004_20260207_103646_0.mcap
SKILL_004_20260207_103410,04,SKILL_004,Set Screwdriver package,D_VARGAS,2026-02-07T10:34:10Z,2026-02-07T10:36:12Z,122.56,37.43,PASS,TRUE,,/mnt/data00/04/batch_02/SKILL_004_20260207_103410/SKILL_004_20260207_103410_0.mcap
SKILL_004_20260207_105050,04,SKILL_004,Set Screwdriver package,D_VARGAS,2026-02-07T10:50:50Z,2026-02-07T10:51:28Z,38.62,38.03,PASS,FALSE,TOO_SHORT (38.6s),/mnt/data00/04/batch_02/SKILL_004_20260207_105050/SKILL_004_20260207_105050_0.mcap
SKILL_004_20260207_103907,04,SKILL_004,Set Screwdriver package,D_VARGAS,2026-02-07T10:39:07Z,2026-02-07T10:40:26Z,78.75,37.34,PASS,FALSE,TOO_SHORT (78.8s),/mnt/data00/04/batch_02/SKILL_004_20260207_103907/SKILL_004_20260207_103907_0.mcap
SKILL_004_20260207_122819,04,SKILL_004,Set Screwdriver package,C_BECERRA,2026-02-07T12:28:19Z,2026-02-07T12:29:55Z,95.75,37.36,PASS,TRUE,,/mnt/data00/04/batch_02/SKILL_004_20260207_122819/SKILL_004_20260207_122819_0.mcap
SKILL_004_20260207_122559,04,SKILL_004,Set Screwdriver package,C_BECERRA,2026-02-07T12:25:59Z,2026-02-07T12:27:30Z,90.72,37.29,PASS,TRUE,,/mnt/data00/04/batch_02/SKILL_004_20260207_122559/SKILL_004_20260207_122559_0.mcap
SKILL_004_20260207_123036,04,SKILL_004,Set Screwdriver package,C_BECERRA,2026-02-07T12:30:36Z,2026-02-07T12:32:11Z,94.73,34.07,PASS,TRUE,,/mnt/data00/04/batch_02/SKILL_004_20260207_123036/SKILL_004_20260207_123036_0.mcap
SKILL_004_20260207_123244,04,SKILL_004,Set Screwdriver package,C_BECERRA,2026-02-07T12:32:44Z,2026-02-07T12:34:16Z,91.83,36.85,PASS,TRUE,,/mnt/data00/04/batch_02/SKILL_004_20260207_123244/SKILL_004_20260207_123244_0.mcap
SKILL_005_20260207_075822,04,SKILL_005,Insert allen keys in package,D_VARGAS,2026-02-07T07:58:22Z,2026-02-07T08:00:38Z,135.17,37.40,PASS,TRUE,,/mnt/data00/04/batch_02/SKILL_005_20260207_075822/SKILL_005_20260207_075822_0.mcap
SKILL_005_20260207_075519,04,SKILL_005,Insert allen keys in package,D_VARGAS,2026-02-07T07:55:19Z,2026-02-07T07:57:53Z,153.85,37.49,PASS,TRUE,,/mnt/data00/04/batch_02/SKILL_005_20260207_075519/SKILL_005_20260207_075519_0.mcap
SKILL_005_20260207_100609,04,SKILL_005,Insert allen keys in package,D_VARGAS,2026-02-07T10:06:09Z,2026-02-07T10:06:13Z,3.71,37.94,PASS,FALSE,TOO_SHORT (3.7s),/mnt/data00/04/batch_02/SKILL_005_20260207_100609/SKILL_005_20260207_100609_0.mcap
SKILL_005_20260207_100731,04,SKILL_005,Insert allen keys in package,D_VARGAS,2026-02-07T10:07:31Z,2026-02-07T10:09:05Z,94.34,37.81,PASS,TRUE,,/mnt/data00/04/batch_02/SKILL_005_20260207_100731/SKILL_005_20260207_100731_0.mcap
SKILL_005_20260207_100919,04,SKILL_005,Insert allen keys in package,D_VARGAS,2026-02-07T10:09:19Z,2026-02-07T10:12:16Z,177.70,34.33,PASS,TRUE,,/mnt/data00/04/batch_02/SKILL_005_20260207_100919/SKILL_005_20260207_100919_0.mcap
SKILL_005_20260207_101403,04,SKILL_005,Insert allen keys in package,D_VARGAS,2026-02-07T10:14:03Z,2026-02-07T10:17:24Z,201.30,37.46,PASS,TRUE,,/mnt/data00/04/batch_02/SKILL_005_20260207_101403/SKILL_005_20260207_101403_0.mcap
SKILL_005_20260207_112724,04,SKILL_005,Insert allen keys in package,D_VARGAS,2026-02-07T11:27:25Z,2026-02-07T11:30:14Z,169.07,37.33,PASS,TRUE,,/mnt/data00/04/batch_02/SKILL_005_20260207_112724/SKILL_005_20260207_112724_0.mcap
SKILL_005_20260207_120716,04,SKILL_005,Insert allen keys in package,C_BECERRA,2026-02-07T12:07:16Z,2026-02-07T12:12:24Z,308.14,37.03,PASS,TRUE,,/mnt/data00/04/batch_02/SKILL_005_20260207_120716/SKILL_005_20260207_120716_0.mcap
SKILL_005_20260207_121311,04,SKILL_005,Insert allen keys in package,C_BECERRA,2026-02-07T12:13:12Z,2026-02-07T12:17:47Z,275.22,36.07,PASS,TRUE,,/mnt/data00/04/batch_02/SKILL_005_20260207_121311/SKILL_005_20260207_121311_0.mcap
SKILL_005_20260207_134044,04,SKILL_005,Insert allen keys in package,C_BECERRA,2026-02-07T13:40:44Z,2026-02-07T13:46:27Z,342.87,37.12,PASS,TRUE,,/mnt/data00/04/batch_02/SKILL_005_20260207_134044/SKILL_005_20260207_134044_0.mcap
SKILL_007_20260207_080809,04,SKILL_007,Separate tongue depressors by color,D_VARGAS,2026-02-07T08:08:09Z,2026-02-07T08:18:31Z,622.20,35.27,PASS,TRUE,,/mnt/data00/04/batch_02/SKILL_007_20260207_080809/SKILL_007_20260207_080809_0.mcap
SKILL_007_20260207_105145,04,SKILL_007,Separate tongue depressors by color,D_VARGAS,2026-02-07T10:51:45Z,2026-02-07T10:59:16Z,450.85,28.07,PASS,TRUE,,/mnt/data00/04/batch_02/SKILL_007_20260207_105145/SKILL_007_20260207_105145_0.mcap
SKILL_007_20260207_123513,04,SKILL_007,Separate tongue depressors by color,C_BECERRA,2026-02-07T12:35:13Z,2026-02-07T12:41:55Z,402.01,34.33,PASS,TRUE,,/mnt/data00/04/batch_02/SKILL_007_20260207_123513/SKILL_007_20260207_123513_0.mcap
SKILL_007_20260207_125128,04,SKILL_007,Separate tongue depressors by color,C_BECERRA,2026-02-07T12:51:28Z,2026-02-07T12:55:09Z,221.59,36.96,PASS,TRUE,,/mnt/data00/04/batch_02/SKILL_007_20260207_125128/SKILL_007_20260207_125128_0.mcap
SKILL_010_20260207_083250,04,SKILL_010,Package earphones,D_VARGAS,2026-02-07T08:32:50Z,2026-02-07T08:37:09Z,259.00,37.58,PASS,TRUE,,/mnt/data00/04/batch_02/SKILL_010_20260207_083250/SKILL_010_20260207_083250_0.mcap
SKILL_010_20260207_084106,04,SKILL_010,Package earphones,D_VARGAS,2026-02-07T08:41:06Z,2026-02-07T08:41:07Z,1.22,36.91,PASS,FALSE,TOO_SHORT (1.2s),/mnt/data00/04/batch_02/SKILL_010_20260207_084106/SKILL_010_20260207_084106_0.mcap
SKILL_010_20260207_083744,04,SKILL_010,Package earphones,D_VARGAS,2026-02-07T08:37:44Z,2026-02-07T08:40:56Z,191.62,37.34,PASS,TRUE,,/mnt/data00/04/batch_02/SKILL_010_20260207_083744/SKILL_010_20260207_083744_0.mcap
SKILL_012_20260207_084210,04,SKILL_012,Put pasta in jars,D_VARGAS,2026-02-07T08:42:10Z,2026-02-07T08:45:13Z,182.56,37.20,PASS,TRUE,,/mnt/data00/04/batch_02/SKILL_012_20260207_084210/SKILL_012_20260207_084210_0.mcap
SKILL_012_20260207_084609,04,SKILL_012,Put pasta in jars,D_VARGAS,2026-02-07T08:46:09Z,2026-02-07T08:48:52Z,163.51,37.56,PASS,TRUE,,/mnt/data00/04/batch_02/SKILL_012_20260207_084609/SKILL_012_20260207_084609_0.mcap
SKILL_012_20260207_084915,04,SKILL_012,Put pasta in jars,D_VARGAS,2026-02-07T08:49:15Z,2026-02-07T08:51:50Z,154.76,36.88,PASS,TRUE,,/mnt/data00/04/batch_02/SKILL_012_20260207_084915/SKILL_012_20260207_084915_0.mcap
SKILL_012_20260207_101926,04,SKILL_012,Put pasta in jars,D_VARGAS,2026-02-07T10:19:26Z,2026-02-07T10:21:53Z,146.48,37.66,PASS,TRUE,,/mnt/data00/04/batch_02/SKILL_012_20260207_101926/SKILL_012_20260207_101926_0.mcap
SKILL_012_20260207_102252,04,SKILL_012,Put pasta in jars,D_VARGAS,2026-02-07T10:22:52Z,2026-02-07T10:25:51Z,178.75,37.52,PASS,TRUE,,/mnt/data00/04/batch_02/SKILL_012_20260207_102252/SKILL_012_20260207_102252_0.mcap
SKILL_012_20260207_130904,04,SKILL_012,Put pasta in jars,C_BECERRA,2026-02-07T13:09:04Z,2026-02-07T13:11:41Z,157.05,36.91,PASS,TRUE,,/mnt/data00/04/batch_02/SKILL_012_20260207_130904/SKILL_012_20260207_130904_0.mcap
SKILL_012_20260207_131319,04,SKILL_012,Put pasta in jars,C_BECERRA,2026-02-07T13:13:19Z,2026-02-07T13:16:28Z,189.17,37.60,PASS,TRUE,,/mnt/data00/04/batch_02/SKILL_012_20260207_131319/SKILL_012_20260207_131319_0.mcap
SKILL_014_20260207_082938,04,SKILL_014,Fasten nuts onto bolts,D_VARGAS,2026-02-07T08:29:38Z,2026-02-07T08:29:40Z,1.69,36.98,PASS,FALSE,TOO_SHORT (1.7s),/mnt/data00/04/batch_02/SKILL_014_20260207_082938/SKILL_014_20260207_082938_0.mcap
SKILL_014_20260207_083010,04,SKILL_014,Fasten nuts onto bolts,D_VARGAS,2026-02-07T08:30:10Z,2026-02-07T08:31:20Z,69.47,36.56,PASS,FALSE,TOO_SHORT (69.5s),/mnt/data00/04/batch_02/SKILL_014_20260207_083010/SKILL_014_20260207_083010_0.mcap
SKILL_014_20260207_082122,04,SKILL_014,Fasten nuts onto bolts,D_VARGAS,2026-02-07T08:21:22Z,2026-02-07T08:28:22Z,420.63,36.73,PASS,TRUE,,/mnt/data00/04/batch_02/SKILL_014_20260207_082122/SKILL_014_20260207_082122_0.mcap
SKILL_014_20260207_104822,04,SKILL_014,Fasten nuts onto bolts,D_VARGAS,2026-02-07T10:48:22Z,2026-02-07T10:50:16Z,113.77,36.74,PASS,TRUE,,/mnt/data00/04/batch_02/SKILL_014_20260207_104822/SKILL_014_20260207_104822_0.mcap
SKILL_014_20260207_104201,04,SKILL_014,Fasten nuts onto bolts,D_VARGAS,2026-02-07T10:42:01Z,2026-02-07T10:47:18Z,316.94,35.43,PASS,TRUE,,/mnt/data00/04/batch_02/SKILL_014_20260207_104201/SKILL_014_20260207_104201_0.mcap
SKILL_014_20260207_122552,04,SKILL_014,Fasten nuts onto bolts,C_BECERRA,2026-02-07T12:25:52Z,2026-02-07T12:25:54Z,1.08,37.39,PASS,FALSE,TOO_SHORT (1.1s),/mnt/data00/04/batch_02/SKILL_014_20260207_122552/SKILL_014_20260207_122552_0.mcap
SKILL_014_20260207_121924,04,SKILL_014,Fasten nuts onto bolts,C_BECERRA,2026-02-07T12:19:24Z,2026-02-07T12:24:26Z,302.62,33.52,PASS,TRUE,,/mnt/data00/04/batch_02/SKILL_014_20260207_121924/SKILL_014_20260207_121924_0.mcap
SKILL_021_20260207_132908,04,SKILL_021,Build Up Box (Mailer),C_BECERRA,2026-02-07T13:29:08Z,2026-02-07T13:31:23Z,134.83,37.45,PASS,TRUE,,/mnt/data00/04/batch_02/SKILL_021_20260207_132908/SKILL_021_20260207_132908_0.mcap
SKILL_001_20260206_144427,05,SKILL_001,Organize beads per color,L_AGUILERA,2026-02-06T14:44:27Z,2026-02-06T14:45:12Z,44.79,16.98,PASS,FALSE,TOO_SHORT (44.8s),/mnt/data00/05/batch_01/SKILL_001_20260206_144427/SKILL_001_20260206_144427_0.mcap
SKILL_003_20260206_122735,05,SKILL_003,Organize screwdriver bits,L_AGUILERA,2026-02-06T12:27:37Z,2026-02-06T12:31:27Z,230.71,11.80,WARNING_DRIFT,TRUE,,/mnt/data00/05/batch_01/SKILL_003_20260206_122735/SKILL_003_20260206_122735_0.mcap
SKILL_005_20260206_141541,05,SKILL_005,Insert allen keys in package,L_AGUILERA,2026-02-06T14:15:41Z,2026-02-06T14:18:48Z,186.68,18.24,PASS,TRUE,,/mnt/data00/05/batch_01/SKILL_005_20260206_141541/SKILL_005_20260206_141541_0.mcap
SKILL_005_20260206_141127,05,SKILL_005,Insert allen keys in package,L_AGUILERA,2026-02-06T14:11:28Z,2026-02-06T14:15:00Z,211.92,18.65,WARNING_DRIFT,TRUE,,/mnt/data00/05/batch_01/SKILL_005_20260206_141127/SKILL_005_20260206_141127_0.mcap
SKILL_007_20260206_142440,05,SKILL_007,Separate tongue depressors by color,L_AGUILERA,2026-02-06T14:24:40Z,2026-02-06T14:28:41Z,240.75,13.56,PASS,TRUE,,/mnt/data00/05/batch_01/SKILL_007_20260206_142440/SKILL_007_20260206_142440_0.mcap
SKILL_005_20260206_141948,05,SKILL_005,Insert allen keys in package,L_AGUILERA,2026-02-06T14:19:48Z,2026-02-06T14:23:08Z,200.47,18.17,PASS,TRUE,,/mnt/data00/05/batch_01/SKILL_005_20260206_141948/SKILL_005_20260206_141948_0.mcap
SKILL_007_20260206_143028,05,SKILL_007,Separate tongue depressors by color,L_AGUILERA,2026-02-06T14:30:28Z,2026-02-06T14:31:39Z,71.32,11.48,PASS,FALSE,TOO_SHORT (71.3s),/mnt/data00/05/batch_01/SKILL_007_20260206_143028/SKILL_007_20260206_143028_0.mcap
SKILL_009_20260206_124532,05,SKILL_009,Package Cotton set,L_AGUILERA,2026-02-06T12:45:33Z,2026-02-06T12:48:33Z,180.23,11.91,PASS,TRUE,,/mnt/data00/05/batch_01/SKILL_009_20260206_124532/SKILL_009_20260206_124532_0.mcap
SKILL_009_20260206_124949,05,SKILL_009,Package Cotton set,L_AGUILERA,2026-02-06T12:49:49Z,2026-02-06T12:52:35Z,165.57,12.33,PASS,TRUE,,/mnt/data00/05/batch_01/SKILL_009_20260206_124949/SKILL_009_20260206_124949_0.mcap
SKILL_009_20260206_125742,05,SKILL_009,Package Cotton set,L_AGUILERA,2026-02-06T12:57:42Z,2026-02-06T12:57:43Z,0.42,7.81,PASS,FALSE,TOO_SHORT (0.4s),/mnt/data00/05/batch_01/SKILL_009_20260206_125742/SKILL_009_20260206_125742_0.mcap
SKILL_012_20260206_134854,05,SKILL_012,Put pasta in jars,L_AGUILERA,2026-02-06T13:48:54Z,2026-02-06T13:50:44Z,109.63,12.09,PASS,TRUE,,/mnt/data00/05/batch_01/SKILL_012_20260206_134854/SKILL_012_20260206_134854_0.mcap
SKILL_013_20260206_130415,05,SKILL_013,Set up a hand lamp,L_AGUILERA,2026-02-06T13:04:17Z,2026-02-06T13:06:27Z,130.39,12.59,WARNING_DRIFT,TRUE,,/mnt/data00/05/batch_01/SKILL_013_20260206_130415/SKILL_013_20260206_130415_0.mcap
SKILL_013_20260206_130705,05,SKILL_013,Set up a hand lamp,L_AGUILERA,2026-02-06T13:07:05Z,2026-02-06T13:10:15Z,189.54,12.83,PASS,TRUE,,/mnt/data00/05/batch_01/SKILL_013_20260206_130705/SKILL_013_20260206_130705_0.mcap
SKILL_014_20260206_144109,05,SKILL_014,Fasten nuts onto bolts,L_AGUILERA,2026-02-06T14:41:09Z,2026-02-06T14:43:07Z,118.56,18.64,PASS,TRUE,,/mnt/data00/05/batch_01/SKILL_014_20260206_144109/SKILL_014_20260206_144109_0.mcap
SKILL_014_20260206_143456,05,SKILL_014,Fasten nuts onto bolts,L_AGUILERA,2026-02-06T14:34:57Z,2026-02-06T14:39:54Z,297.02,19.16,WARNING_DRIFT,TRUE,,/mnt/data00/05/batch_01/SKILL_014_20260206_143456/SKILL_014_20260206_143456_0.mcap
SKILL_018_20260206_131457,05,SKILL_018,Close bags with twist ties,L_AGUILERA,2026-02-06T13:14:57Z,2026-02-06T13:19:12Z,254.37,8.90,PASS,TRUE,,/mnt/data00/05/batch_01/SKILL_018_20260206_131457/SKILL_018_20260206_131457_0.mcap
SKILL_018_20260206_133009,05,SKILL_018,Close bags with twist ties,L_AGUILERA,2026-02-06T13:30:09Z,2026-02-06T13:32:55Z,165.96,16.77,PASS,TRUE,,/mnt/data00/05/batch_01/SKILL_018_20260206_133009/SKILL_018_20260206_133009_0.mcap
SKILL_020_20260206_123354,05,SKILL_020,Open locks with their keys,L_AGUILERA,2026-02-06T12:33:54Z,2026-02-06T12:35:05Z,71.02,11.35,PASS,FALSE,TOO_SHORT (71.0s),/mnt/data00/05/batch_01/SKILL_020_20260206_123354/SKILL_020_20260206_123354_0.mcap
SKILL_018_20260206_132242,05,SKILL_018,Close bags with twist ties,L_AGUILERA,2026-02-06T13:22:44Z,2026-02-06T13:28:52Z,368.13,15.50,WARNING_DRIFT,TRUE,,/mnt/data00/05/batch_01/SKILL_018_20260206_132242/SKILL_018_20260206_132242_0.mcap
SKILL_020_20260206_123546,05,SKILL_020,Open locks with their keys,L_AGUILERA,2026-02-06T12:35:46Z,2026-02-06T12:36:48Z,62.49,11.63,PASS,FALSE,TOO_SHORT (62.5s),/mnt/data00/05/batch_01/SKILL_020_20260206_123546/SKILL_020_20260206_123546_0.mcap
SKILL_020_20260206_123731,05,SKILL_020,Open locks with their keys,L_AGUILERA,2026-02-06T12:37:31Z,2026-02-06T12:38:36Z,64.70,11.95,PASS,FALSE,TOO_SHORT (64.7s),/mnt/data00/05/batch_01/SKILL_020_20260206_123731/SKILL_020_20260206_123731_0.mcap
SKILL_020_20260206_123915,05,SKILL_020,Open locks with their keys,L_AGUILERA,2026-02-06T12:39:15Z,2026-02-06T12:40:20Z,64.90,11.47,PASS,FALSE,TOO_SHORT (64.9s),/mnt/data00/05/batch_01/SKILL_020_20260206_123915/SKILL_020_20260206_123915_0.mcap
SKILL_020_20260206_124123,05,SKILL_020,Open locks with their keys,L_AGUILERA,2026-02-06T12:41:23Z,2026-02-06T12:42:26Z,63.33,11.68,PASS,FALSE,TOO_SHORT (63.3s),/mnt/data00/05/batch_01/SKILL_020_20260206_124123/SKILL_020_20260206_124123_0.mcap
SKILL_001_20260207_072525,01,SKILL_001,Organize beads per color,L_AGUILERA,2026-02-07T07:25:26Z,2026-02-07T07:25:34Z,8.64,35.06,PASS,FALSE,TOO_SHORT (8.6s),/mnt/data02/01/batch_01/SKILL_001_20260207_072525/SKILL_001_20260207_072525_0.mcap
SKILL_001_20260207_085907,01,SKILL_001,Organize beads per color,L_AGUILERA,2026-02-07T08:59:08Z,2026-02-07T09:03:58Z,289.83,37.04,PASS,TRUE,,/mnt/data02/01/batch_01/SKILL_001_20260207_085907/SKILL_001_20260207_085907_0.mcap
SKILL_003_20260207_072925,01,SKILL_003,Organize screwdriver bits,L_AGUILERA,2026-02-07T07:29:26Z,2026-02-07T07:33:16Z,230.32,35.08,PASS,TRUE,,/mnt/data02/01/batch_01/SKILL_003_20260207_072925/SKILL_003_20260207_072925_0.mcap
SKILL_001_20260207_071130,01,SKILL_001,Organize beads per color,L_AGUILERA,2026-02-07T07:11:30Z,2026-02-07T07:23:57Z,746.20,33.01,PASS,TRUE,,/mnt/data02/01/batch_01/SKILL_001_20260207_071130/SKILL_001_20260207_071130_0.mcap
SKILL_003_20260207_073353,01,SKILL_003,Organize screwdriver bits,L_AGUILERA,2026-02-07T07:33:53Z,2026-02-07T07:37:59Z,245.58,34.78,PASS,TRUE,,/mnt/data02/01/batch_01/SKILL_003_20260207_073353/SKILL_003_20260207_073353_0.mcap
SKILL_004_20260207_073952,01,SKILL_004,Set Screwdriver package,L_AGUILERA,2026-02-07T07:39:52Z,2026-02-07T07:41:28Z,95.93,34.79,PASS,TRUE,,/mnt/data02/01/batch_01/SKILL_004_20260207_073952/SKILL_004_20260207_073952_0.mcap
SKILL_004_20260207_074148,01,SKILL_004,Set Screwdriver package,L_AGUILERA,2026-02-07T07:41:48Z,2026-02-07T07:43:06Z,78.01,34.43,PASS,FALSE,TOO_SHORT (78.0s),/mnt/data02/01/batch_01/SKILL_004_20260207_074148/SKILL_004_20260207_074148_0.mcap
SKILL_004_20260207_074335,01,SKILL_004,Set Screwdriver package,L_AGUILERA,2026-02-07T07:43:35Z,2026-02-07T07:44:37Z,61.21,34.46,PASS,FALSE,TOO_SHORT (61.2s),/mnt/data02/01/batch_01/SKILL_004_20260207_074335/SKILL_004_20260207_074335_0.mcap
SKILL_004_20260207_074509,01,SKILL_004,Set Screwdriver package,L_AGUILERA,2026-02-07T07:45:09Z,2026-02-07T07:46:08Z,58.54,34.57,PASS,FALSE,TOO_SHORT (58.5s),/mnt/data02/01/batch_01/SKILL_004_20260207_074509/SKILL_004_20260207_074509_0.mcap
SKILL_009_20260207_074733,01,SKILL_009,Package Cotton set,L_AGUILERA,2026-02-07T07:47:33Z,2026-02-07T07:49:56Z,143.85,34.33,PASS,TRUE,,/mnt/data02/01/batch_01/SKILL_009_20260207_074733/SKILL_009_20260207_074733_0.mcap
SKILL_009_20260207_075045,01,SKILL_009,Package Cotton set,L_AGUILERA,2026-02-07T07:50:45Z,2026-02-07T07:52:59Z,133.71,34.23,PASS,TRUE,,/mnt/data02/01/batch_01/SKILL_009_20260207_075045/SKILL_009_20260207_075045_0.mcap
SKILL_009_20260207_075323,01,SKILL_009,Package Cotton set,L_AGUILERA,2026-02-07T07:53:23Z,2026-02-07T07:56:08Z,164.94,33.97,PASS,TRUE,,/mnt/data02/01/batch_01/SKILL_009_20260207_075323/SKILL_009_20260207_075323_0.mcap
SKILL_009_20260207_112652,01,SKILL_009,Package Cotton set,L_AGUILERA,2026-02-07T11:26:52Z,2026-02-07T11:29:45Z,173.22,36.47,PASS,TRUE,,/mnt/data02/01/batch_01/SKILL_009_20260207_112652/SKILL_009_20260207_112652_0.mcap
SKILL_012_20260207_075801,01,SKILL_012,Put pasta in jars,L_AGUILERA,2026-02-07T07:58:01Z,2026-02-07T08:00:05Z,124.07,30.98,PASS,TRUE,,/mnt/data02/01/batch_01/SKILL_012_20260207_075801/SKILL_012_20260207_075801_0.mcap
SKILL_012_20260207_080039,01,SKILL_012,Put pasta in jars,L_AGUILERA,2026-02-07T08:00:39Z,2026-02-07T08:02:32Z,112.81,34.30,PASS,TRUE,,/mnt/data02/01/batch_01/SKILL_012_20260207_080039/SKILL_012_20260207_080039_0.mcap
SKILL_012_20260207_080414,01,SKILL_012,Put pasta in jars,L_AGUILERA,2026-02-07T08:04:14Z,2026-02-07T08:06:26Z,132.26,34.54,PASS,TRUE,,/mnt/data02/01/batch_01/SKILL_012_20260207_080414/SKILL_012_20260207_080414_0.mcap
SKILL_013_20260207_081022,01,SKILL_013,Set up a hand lamp,L_AGUILERA,2026-02-07T08:10:22Z,2026-02-07T08:12:43Z,140.38,34.29,PASS,TRUE,,/mnt/data02/01/batch_01/SKILL_013_20260207_081022/SKILL_013_20260207_081022_0.mcap
SKILL_013_20260207_081344,01,SKILL_013,Set up a hand lamp,L_AGUILERA,2026-02-07T08:13:44Z,2026-02-07T08:16:06Z,141.93,34.47,PASS,TRUE,,/mnt/data02/01/batch_01/SKILL_013_20260207_081344/SKILL_013_20260207_081344_0.mcap
SKILL_013_20260207_120245,01,SKILL_013,Set up a hand lamp,L_AGUILERA,2026-02-07T12:02:45Z,2026-02-07T12:04:55Z,130.11,36.55,PASS,TRUE,,/mnt/data02/01/batch_01/SKILL_013_20260207_120245/SKILL_013_20260207_120245_0.mcap
SKILL_013_20260207_120542,01,SKILL_013,Set up a hand lamp,L_AGUILERA,2026-02-07T12:05:42Z,2026-02-07T12:08:30Z,167.81,36.19,PASS,TRUE,,/mnt/data02/01/batch_01/SKILL_013_20260207_120542/SKILL_013_20260207_120542_0.mcap
SKILL_017_20260207_081838,01,SKILL_017,Put pasta in ziploc bags,L_AGUILERA,2026-02-07T08:18:38Z,2026-02-07T08:23:34Z,295.93,34.89,PASS,TRUE,,/mnt/data02/01/batch_01/SKILL_017_20260207_081838/SKILL_017_20260207_081838_0.mcap
SKILL_001_20260207_120627,02,SKILL_001,Organize beads per color,E_MARTINEZ,2026-02-07T12:06:27Z,2026-02-07T12:06:34Z,7.33,36.68,PASS,FALSE,TOO_SHORT (7.3s),/mnt/data02/02/batch_01/SKILL_001_20260207_120627/SKILL_001_20260207_120627_0.mcap
SKILL_001_20260207_120641,02,SKILL_001,Organize beads per color,E_MARTINEZ,2026-02-07T12:06:41Z,2026-02-07T12:06:47Z,6.65,36.27,PASS,FALSE,TOO_SHORT (6.6s),/mnt/data02/02/batch_01/SKILL_001_20260207_120641/SKILL_001_20260207_120641_0.mcap
SKILL_001_20260207_120808,02,SKILL_001,Organize beads per color,E_MARTINEZ,2026-02-07T12:08:08Z,2026-02-07T12:19:17Z,668.51,34.47,PASS,TRUE,,/mnt/data02/02/batch_01/SKILL_001_20260207_120808/SKILL_001_20260207_120808_0.mcap
SKILL_001_20260207_072917,02,SKILL_001,Organize beads per color,C_BECERRA,2026-02-07T07:29:17Z,2026-02-07T07:43:05Z,828.20,35.86,PASS,TRUE,,/mnt/data02/02/batch_01/SKILL_001_20260207_072917/SKILL_001_20260207_072917_0.mcap
SKILL_003_20260207_071302,02,SKILL_003,Organize screwdriver bits,C_BECERRA,2026-02-07T07:13:02Z,2026-02-07T07:15:40Z,158.06,23.17,PASS,TRUE,,/mnt/data02/02/batch_01/SKILL_003_20260207_071302/SKILL_003_20260207_071302_0.mcap
SKILL_003_20260207_072521,02,SKILL_003,Organize screwdriver bits,C_BECERRA,2026-02-07T07:25:21Z,2026-02-07T07:28:26Z,184.87,37.09,PASS,TRUE,,/mnt/data02/02/batch_01/SKILL_003_20260207_072521/SKILL_003_20260207_072521_0.mcap
SKILL_003_20260207_072018,02,SKILL_003,Organize screwdriver bits,C_BECERRA,2026-02-07T07:20:18Z,2026-02-07T07:24:16Z,238.41,36.97,PASS,TRUE,,/mnt/data02/02/batch_01/SKILL_003_20260207_072018/SKILL_003_20260207_072018_0.mcap
SKILL_003_20260207_122029,02,SKILL_003,Organize screwdriver bits,E_MARTINEZ,2026-02-07T12:20:29Z,2026-02-07T12:24:37Z,248.57,36.14,PASS,TRUE,,/mnt/data02/02/batch_01/SKILL_003_20260207_122029/SKILL_003_20260207_122029_0.mcap
SKILL_003_20260207_122828,02,SKILL_003,Organize screwdriver bits,E_MARTINEZ,2026-02-07T12:28:28Z,2026-02-07T12:32:24Z,235.40,35.12,PASS,TRUE,,/mnt/data02/02/batch_01/SKILL_003_20260207_122828/SKILL_003_20260207_122828_0.mcap
SKILL_009_20260207_124021,02,SKILL_009,Package Cotton set,E_MARTINEZ,2026-02-07T12:40:23Z,2026-02-07T12:43:17Z,173.87,37.01,PASS,TRUE,,/mnt/data02/02/batch_01/SKILL_009_20260207_124021/SKILL_009_20260207_124021_0.mcap
SKILL_009_20260207_123441,02,SKILL_009,Package Cotton set,E_MARTINEZ,2026-02-07T12:34:41Z,2026-02-07T12:39:52Z,310.27,36.79,PASS,TRUE,,/mnt/data02/02/batch_01/SKILL_009_20260207_123441/SKILL_009_20260207_123441_0.mcap
SKILL_012_20260207_082938,02,SKILL_012,Put pasta in jars,C_BECERRA,2026-02-07T08:29:38Z,2026-02-07T08:32:37Z,179.74,34.96,PASS,TRUE,,/mnt/data02/02/batch_01/SKILL_012_20260207_082938/SKILL_012_20260207_082938_0.mcap
SKILL_012_20260207_083356,02,SKILL_012,Put pasta in jars,C_BECERRA,2026-02-07T08:33:56Z,2026-02-07T08:33:57Z,0.90,36.49,PASS,FALSE,TOO_SHORT (0.9s),/mnt/data02/02/batch_01/SKILL_012_20260207_083356/SKILL_012_20260207_083356_0.mcap
SKILL_012_20260207_082533,02,SKILL_012,Put pasta in jars,C_BECERRA,2026-02-07T08:25:33Z,2026-02-07T08:28:48Z,194.78,36.60,PASS,TRUE,,/mnt/data02/02/batch_01/SKILL_012_20260207_082533/SKILL_012_20260207_082533_0.mcap
SKILL_013_20260207_074434,02,SKILL_013,Set up a hand lamp,C_BECERRA,2026-02-07T07:44:34Z,2026-02-07T07:48:04Z,210.37,37.12,PASS,TRUE,,/mnt/data02/02/batch_01/SKILL_013_20260207_074434/SKILL_013_20260207_074434_0.mcap
SKILL_013_20260207_075446,02,SKILL_013,Set up a hand lamp,C_BECERRA,2026-02-07T07:54:46Z,2026-02-07T07:57:14Z,148.04,37.11,PASS,TRUE,,/mnt/data02/02/batch_01/SKILL_013_20260207_075446/SKILL_013_20260207_075446_0.mcap
SKILL_013_20260207_074947,02,SKILL_013,Set up a hand lamp,C_BECERRA,2026-02-07T07:49:47Z,2026-02-07T07:53:22Z,214.65,37.09,PASS,TRUE,,/mnt/data02/02/batch_01/SKILL_013_20260207_074947/SKILL_013_20260207_074947_0.mcap
SKILL_013_20260207_112719,02,SKILL_013,Set up a hand lamp,C_BECERRA,2026-02-07T11:27:19Z,2026-02-07T11:29:49Z,150.28,35.64,PASS,TRUE,,/mnt/data02/02/batch_01/SKILL_013_20260207_112719/SKILL_013_20260207_112719_0.mcap
SKILL_013_20260207_124544,02,SKILL_013,Set up a hand lamp,E_MARTINEZ,2026-02-07T12:45:44Z,2026-02-07T12:48:18Z,154.30,36.94,PASS,TRUE,,/mnt/data02/02/batch_01/SKILL_013_20260207_124544/SKILL_013_20260207_124544_0.mcap
SKILL_013_20260207_125004,02,SKILL_013,Set up a hand lamp,E_MARTINEZ,2026-02-07T12:50:04Z,2026-02-07T12:52:18Z,134.54,37.18,PASS,TRUE,,/mnt/data02/02/batch_01/SKILL_013_20260207_125004/SKILL_013_20260207_125004_0.mcap
SKILL_013_20260207_081354,02,SKILL_013,Set up a hand lamp,C_BECERRA,2026-02-07T08:13:55Z,2026-02-07T08:23:46Z,591.88,34.42,PASS,TRUE,,/mnt/data02/02/batch_01/SKILL_013_20260207_081354/SKILL_013_20260207_081354_0.mcap
SKILL_017_20260207_083420,02,SKILL_017,Put pasta in ziploc bags,C_BECERRA,2026-02-07T08:34:20Z,2026-02-07T08:41:07Z,406.84,36.14,PASS,TRUE,,/mnt/data02/02/batch_01/SKILL_017_20260207_083420/SKILL_017_20260207_083420_0.mcap
SKILL_017_20260207_130624,02,SKILL_017,Put pasta in ziploc bags,E_MARTINEZ,2026-02-07T13:06:24Z,2026-02-07T13:13:11Z,406.41,37.21,PASS,TRUE,,/mnt/data02/02/batch_01/SKILL_017_20260207_130624/SKILL_017_20260207_130624_0.mcap
SKILL_018_20260207_084759,02,SKILL_018,Close bags with twist ties,C_BECERRA,2026-02-07T08:47:59Z,2026-02-07T08:50:57Z,177.26,35.24,PASS,TRUE,,/mnt/data02/02/batch_01/SKILL_018_20260207_084759/SKILL_018_20260207_084759_0.mcap
SKILL_018_20260207_085949,02,SKILL_018,Close bags with twist ties,C_BECERRA,2026-02-07T08:59:50Z,2026-02-07T08:59:51Z,1.56,36.63,PASS,FALSE,TOO_SHORT (1.6s),/mnt/data02/02/batch_01/SKILL_018_20260207_085949/SKILL_018_20260207_085949_0.mcap
SKILL_018_20260207_085205,02,SKILL_018,Close bags with twist ties,C_BECERRA,2026-02-07T08:52:05Z,2026-02-07T08:55:09Z,184.26,36.71,PASS,TRUE,,/mnt/data02/02/batch_01/SKILL_018_20260207_085205/SKILL_018_20260207_085205_0.mcap
SKILL_018_20260207_090128,02,SKILL_018,Close bags with twist ties,C_BECERRA,2026-02-07T09:01:28Z,2026-02-07T09:04:19Z,171.45,36.82,PASS,TRUE,,/mnt/data02/02/batch_01/SKILL_018_20260207_090128/SKILL_018_20260207_090128_0.mcap
SKILL_020_20260207_092705,02,SKILL_020,Open locks with their keys,C_BECERRA,2026-02-07T09:27:05Z,2026-02-07T09:28:47Z,102.14,37.15,PASS,TRUE,,/mnt/data02/02/batch_01/SKILL_020_20260207_092705/SKILL_020_20260207_092705_0.mcap
SKILL_020_20260207_093018,02,SKILL_020,Open locks with their keys,C_BECERRA,2026-02-07T09:30:18Z,2026-02-07T09:31:41Z,83.13,37.04,PASS,FALSE,TOO_SHORT (83.1s),/mnt/data02/02/batch_01/SKILL_020_20260207_093018/SKILL_020_20260207_093018_0.mcap
SKILL_020_20260207_125606,02,SKILL_020,Open locks with their keys,E_MARTINEZ,2026-02-07T12:56:06Z,2026-02-07T12:57:20Z,74.45,36.79,PASS,FALSE,TOO_SHORT (74.4s),/mnt/data02/02/batch_01/SKILL_020_20260207_125606/SKILL_020_20260207_125606_0.mcap
SKILL_020_20260207_125802,02,SKILL_020,Open locks with their keys,E_MARTINEZ,2026-02-07T12:58:02Z,2026-02-07T12:59:37Z,94.18,36.81,PASS,TRUE,,/mnt/data02/02/batch_01/SKILL_020_20260207_125802/SKILL_020_20260207_125802_0.mcap
SKILL_027_20260207_141258,02,SKILL_027,Build a box and pack an item,E_MARTINEZ,2026-02-07T14:12:58Z,2026-02-07T14:15:34Z,155.83,36.07,PASS,TRUE,,/mnt/data02/02/batch_01/SKILL_027_20260207_141258/SKILL_027_20260207_141258_0.mcap
SKILL_027_20260207_141715,02,SKILL_027,Build a box and pack an item,E_MARTINEZ,2026-02-07T14:17:15Z,2026-02-07T14:18:18Z,62.59,36.46,PASS,FALSE,TOO_SHORT (62.6s),/mnt/data02/02/batch_01/SKILL_027_20260207_141715/SKILL_027_20260207_141715_0.mcap
SKILL_028_20260207_104249,02,SKILL_028,Fold a T Shirt,C_BECERRA,2026-02-07T10:42:49Z,2026-02-07T10:43:44Z,55.48,37.60,PASS,FALSE,TOO_SHORT (55.5s),/mnt/data02/02/batch_01/SKILL_028_20260207_104249/SKILL_028_20260207_104249_0.mcap
SKILL_027_20260207_142006,02,SKILL_027,Build a box and pack an item,E_MARTINEZ,2026-02-07T14:20:06Z,2026-02-07T14:23:05Z,178.50,36.13,PASS,TRUE,,/mnt/data02/02/batch_01/SKILL_027_20260207_142006/SKILL_027_20260207_142006_0.mcap
SKILL_028_20260207_131800,02,SKILL_028,Fold a T Shirt,E_MARTINEZ,2026-02-07T13:18:00Z,2026-02-07T13:22:13Z,252.42,37.25,PASS,TRUE,,/mnt/data02/02/batch_01/SKILL_028_20260207_131800/SKILL_028_20260207_131800_0.mcap
SKILL_028_20260207_104705,02,SKILL_028,Fold a T Shirt,C_BECERRA,2026-02-07T10:47:05Z,2026-02-07T10:52:42Z,337.02,36.07,PASS,TRUE,,/mnt/data02/02/batch_01/SKILL_028_20260207_104705/SKILL_028_20260207_104705_0.mcap
SKILL_028_20260207_132611,02,SKILL_028,Fold a T Shirt,E_MARTINEZ,2026-02-07T13:26:11Z,2026-02-07T13:28:46Z,154.61,37.47,PASS,TRUE,,/mnt/data02/02/batch_01/SKILL_028_20260207_132611/SKILL_028_20260207_132611_0.mcap
SKILL_029_20260207_102835,02,SKILL_029,Button a shirt,C_BECERRA,2026-02-07T10:28:35Z,2026-02-07T10:32:53Z,258.07,36.60,PASS,TRUE,,/mnt/data02/02/batch_01/SKILL_029_20260207_102835/SKILL_029_20260207_102835_0.mcap
SKILL_029_20260207_101007,02,SKILL_029,Button a shirt,C_BECERRA,2026-02-07T10:10:07Z,2026-02-07T10:19:43Z,576.13,36.43,PASS,TRUE,,/mnt/data02/02/batch_01/SKILL_029_20260207_101007/SKILL_029_20260207_101007_0.mcap
SKILL_031_20260207_135326,02,SKILL_031,Fold Pants,E_MARTINEZ,2026-02-07T13:53:26Z,2026-02-07T13:54:05Z,38.96,36.92,PASS,FALSE,TOO_SHORT (39.0s),/mnt/data02/02/batch_01/SKILL_031_20260207_135326/SKILL_031_20260207_135326_0.mcap
SKILL_031_20260207_135501,02,SKILL_031,Fold Pants,E_MARTINEZ,2026-02-07T13:55:01Z,2026-02-07T13:55:52Z,51.48,37.77,PASS,FALSE,TOO_SHORT (51.5s),/mnt/data02/02/batch_01/SKILL_031_20260207_135501/SKILL_031_20260207_135501_0.mcap
SKILL_029_20260207_103413,02,SKILL_029,Button a shirt,C_BECERRA,2026-02-07T10:34:13Z,2026-02-07T10:41:09Z,415.97,33.37,PASS,TRUE,,/mnt/data02/02/batch_01/SKILL_029_20260207_103413/SKILL_029_20260207_103413_0.mcap
SKILL_034_20260207_105853,02,SKILL_034,Tie Shoelaces,C_BECERRA,2026-02-07T10:58:53Z,2026-02-07T11:04:33Z,340.08,36.22,PASS,TRUE,,/mnt/data02/02/batch_01/SKILL_034_20260207_105853/SKILL_034_20260207_105853_0.mcap
SKILL_034_20260207_133240,02,SKILL_034,Tie Shoelaces,E_MARTINEZ,2026-02-07T13:32:40Z,2026-02-07T13:32:45Z,5.16,36.81,PASS,FALSE,TOO_SHORT (5.2s),/mnt/data02/02/batch_01/SKILL_034_20260207_133240/SKILL_034_20260207_133240_0.mcap
SKILL_034_20260207_133252,02,SKILL_034,Tie Shoelaces,E_MARTINEZ,2026-02-07T13:32:52Z,2026-02-07T13:32:53Z,0.52,37.52,PASS,FALSE,TOO_SHORT (0.5s),/mnt/data02/02/batch_01/SKILL_034_20260207_133252/SKILL_034_20260207_133252_0.mcap
SKILL_034_20260207_111025,02,SKILL_034,Tie Shoelaces,C_BECERRA,2026-02-07T11:10:25Z,2026-02-07T11:16:10Z,344.26,36.62,PASS,TRUE,,/mnt/data02/02/batch_01/SKILL_034_20260207_111025/SKILL_034_20260207_111025_0.mcap
SKILL_034_20260207_134602,02,SKILL_034,Tie Shoelaces,E_MARTINEZ,2026-02-07T13:46:02Z,2026-02-07T13:47:22Z,80.01,36.77,PASS,FALSE,TOO_SHORT (80.0s),/mnt/data02/02/batch_01/SKILL_034_20260207_134602/SKILL_034_20260207_134602_0.mcap
SKILL_034_20260207_134911,02,SKILL_034,Tie Shoelaces,E_MARTINEZ,2026-02-07T13:49:11Z,2026-02-07T13:50:11Z,59.86,36.61,PASS,FALSE,TOO_SHORT (59.9s),/mnt/data02/02/batch_01/SKILL_034_20260207_134911/SKILL_034_20260207_134911_0.mcap
SKILL_034_20260207_133411,02,SKILL_034,Tie Shoelaces,E_MARTINEZ,2026-02-07T13:34:12Z,2026-02-07T13:39:22Z,310.48,34.64,PASS,TRUE,,/mnt/data02/02/batch_01/SKILL_034_20260207_133411/SKILL_034_20260207_133411_0.mcap
SKILL_040_20260207_135940,02,SKILL_040,Fasten a belt,E_MARTINEZ,2026-02-07T13:59:40Z,2026-02-07T14:00:17Z,36.90,37.29,PASS,FALSE,TOO_SHORT (36.9s),/mnt/data02/02/batch_01/SKILL_040_20260207_135940/SKILL_040_20260207_135940_0.mcap
SKILL_040_20260207_140823,02,SKILL_040,Fasten a belt,E_MARTINEZ,2026-02-07T14:08:23Z,2026-02-07T14:09:11Z,47.33,37.15,PASS,FALSE,TOO_SHORT (47.3s),/mnt/data02/02/batch_01/SKILL_040_20260207_140823/SKILL_040_20260207_140823_0.mcap
SKILL_040_20260207_140926,02,SKILL_040,Fasten a belt,E_MARTINEZ,2026-02-07T14:09:26Z,2026-02-07T14:10:03Z,37.40,37.00,PASS,FALSE,TOO_SHORT (37.4s),/mnt/data02/02/batch_01/SKILL_040_20260207_140926/SKILL_040_20260207_140926_0.mcap
SKILL_001_20260207_072634,03,SKILL_001,Organize beads per color,N_MORA,2026-02-07T07:26:34Z,2026-02-07T07:36:44Z,610.44,35.72,PASS,TRUE,,/mnt/data02/03/batch_01/SKILL_001_20260207_072634/SKILL_001_20260207_072634_0.mcap
SKILL_001_20260207_071253,03,SKILL_001,Organize beads per color,N_MORA,2026-02-07T07:12:54Z,2026-02-07T07:24:16Z,682.36,36.99,PASS,TRUE,,/mnt/data02/03/batch_01/SKILL_001_20260207_071253/SKILL_001_20260207_071253_0.mcap
SKILL_003_20260207_074015,03,SKILL_003,Organize screwdriver bits,N_MORA,2026-02-07T07:40:15Z,2026-02-07T07:43:57Z,222.38,36.57,PASS,TRUE,,/mnt/data02/03/batch_01/SKILL_003_20260207_074015/SKILL_003_20260207_074015_0.mcap
SKILL_003_20260207_075045,03,SKILL_003,Organize screwdriver bits,N_MORA,2026-02-07T07:50:45Z,2026-02-07T07:52:47Z,121.37,37.18,PASS,TRUE,,/mnt/data02/03/batch_01/SKILL_003_20260207_075045/SKILL_003_20260207_075045_0.mcap
SKILL_003_20260207_074447,03,SKILL_003,Organize screwdriver bits,N_MORA,2026-02-07T07:44:47Z,2026-02-07T07:48:09Z,202.30,37.20,PASS,TRUE,,/mnt/data02/03/batch_01/SKILL_003_20260207_074447/SKILL_003_20260207_074447_0.mcap
SKILL_004_20260207_080258,03,SKILL_004,Set Screwdriver package,N_MORA,2026-02-07T08:02:58Z,2026-02-07T08:05:47Z,169.40,37.81,PASS,TRUE,,/mnt/data02/03/batch_01/SKILL_004_20260207_080258/SKILL_004_20260207_080258_0.mcap
SKILL_004_20260207_081002,03,SKILL_004,Set Screwdriver package,N_MORA,2026-02-07T08:10:02Z,2026-02-07T08:12:55Z,173.28,37.93,PASS,TRUE,,/mnt/data02/03/batch_01/SKILL_004_20260207_081002/SKILL_004_20260207_081002_0.mcap
SKILL_005_20260207_081349,03,SKILL_005,Insert allen keys in package,N_MORA,2026-02-07T08:13:49Z,2026-02-07T08:15:49Z,120.41,37.32,PASS,TRUE,,/mnt/data02/03/batch_01/SKILL_005_20260207_081349/SKILL_005_20260207_081349_0.mcap
SKILL_005_20260207_081609,03,SKILL_005,Insert allen keys in package,N_MORA,2026-02-07T08:16:09Z,2026-02-07T08:18:28Z,138.81,37.83,PASS,TRUE,,/mnt/data02/03/batch_01/SKILL_005_20260207_081609/SKILL_005_20260207_081609_0.mcap
SKILL_005_20260207_081842,03,SKILL_005,Insert allen keys in package,N_MORA,2026-02-07T08:18:42Z,2026-02-07T08:20:25Z,103.21,37.74,PASS,TRUE,,/mnt/data02/03/batch_01/SKILL_005_20260207_081842/SKILL_005_20260207_081842_0.mcap
SKILL_009_20260207_083529,03,SKILL_009,Package Cotton set,N_MORA,2026-02-07T08:35:29Z,2026-02-07T08:40:28Z,299.07,37.53,PASS,TRUE,,/mnt/data02/03/batch_01/SKILL_009_20260207_083529/SKILL_009_20260207_083529_0.mcap
SKILL_007_20260207_082200,03,SKILL_007,Separate tongue depressors by color,N_MORA,2026-02-07T08:22:00Z,2026-02-07T08:30:07Z,486.87,37.43,PASS,TRUE,,/mnt/data02/03/batch_01/SKILL_007_20260207_082200/SKILL_007_20260207_082200_0.mcap
SKILL_009_20260207_084253,03,SKILL_009,Package Cotton set,N_MORA,2026-02-07T08:42:53Z,2026-02-07T08:47:44Z,290.88,37.76,PASS,TRUE,,/mnt/data02/03/batch_01/SKILL_009_20260207_084253/SKILL_009_20260207_084253_0.mcap
SKILL_013_20260207_090145,03,SKILL_013,Set up a hand lamp,N_MORA,2026-02-07T09:01:45Z,2026-02-07T09:04:18Z,152.36,37.51,PASS,TRUE,,/mnt/data02/03/batch_01/SKILL_013_20260207_090145/SKILL_013_20260207_090145_0.mcap
SKILL_010_20260207_085059,03,SKILL_010,Package earphones,N_MORA,2026-02-07T08:50:59Z,2026-02-07T08:57:22Z,383.69,38.08,PASS,TRUE,,/mnt/data02/03/batch_01/SKILL_010_20260207_085059/SKILL_010_20260207_085059_0.mcap
SKILL_013_20260207_091053,03,SKILL_013,Set up a hand lamp,N_MORA,2026-02-07T09:10:53Z,2026-02-07T09:12:52Z,119.12,37.89,PASS,TRUE,,/mnt/data02/03/batch_01/SKILL_013_20260207_091053/SKILL_013_20260207_091053_0.mcap
SKILL_014_20260207_092459,03,SKILL_014,Fasten nuts onto bolts,N_MORA,2026-02-07T09:24:59Z,2026-02-07T09:29:13Z,253.69,37.64,PASS,TRUE,,/mnt/data02/03/batch_01/SKILL_014_20260207_092459/SKILL_014_20260207_092459_0.mcap
SKILL_014_20260207_091558,03,SKILL_014,Fasten nuts onto bolts,N_MORA,2026-02-07T09:15:58Z,2026-02-07T09:20:59Z,301.07,37.75,PASS,TRUE,,/mnt/data02/03/batch_01/SKILL_014_20260207_091558/SKILL_014_20260207_091558_0.mcap
SKILL_015_20260207_093951,03,SKILL_015,Thread a needle,N_MORA,2026-02-07T09:39:51Z,2026-02-07T09:42:41Z,170.17,37.95,PASS,TRUE,,/mnt/data02/03/batch_01/SKILL_015_20260207_093951/SKILL_015_20260207_093951_0.mcap
SKILL_015_20260207_093447,03,SKILL_015,Thread a needle,N_MORA,2026-02-07T09:34:47Z,2026-02-07T09:39:06Z,258.83,37.80,PASS,TRUE,,/mnt/data02/03/batch_01/SKILL_015_20260207_093447/SKILL_015_20260207_093447_0.mcap
SKILL_017_20260207_094553,03,SKILL_017,Put pasta in ziploc bags,N_MORA,2026-02-07T09:45:53Z,2026-02-07T09:48:33Z,160.54,37.45,PASS,TRUE,,/mnt/data02/03/batch_01/SKILL_017_20260207_094553/SKILL_017_20260207_094553_0.mcap
SKILL_018_20260207_095644,03,SKILL_018,Close bags with twist ties,N_MORA,2026-02-07T09:56:44Z,2026-02-07T09:58:50Z,125.61,38.06,PASS,TRUE,,/mnt/data02/03/batch_01/SKILL_018_20260207_095644/SKILL_018_20260207_095644_0.mcap
SKILL_017_20260207_094945,03,SKILL_017,Put pasta in ziploc bags,N_MORA,2026-02-07T09:49:45Z,2026-02-07T09:54:07Z,261.82,37.58,PASS,TRUE,,/mnt/data02/03/batch_01/SKILL_017_20260207_094945/SKILL_017_20260207_094945_0.mcap
SKILL_018_20260207_100513,03,SKILL_018,Close bags with twist ties,N_MORA,2026-02-07T10:05:13Z,2026-02-07T10:06:54Z,100.86,37.53,PASS,TRUE,,/mnt/data02/03/batch_01/SKILL_018_20260207_100513/SKILL_018_20260207_100513_0.mcap
SKILL_018_20260207_100045,03,SKILL_018,Close bags with twist ties,N_MORA,2026-02-07T10:00:45Z,2026-02-07T10:03:18Z,153.06,37.65,PASS,TRUE,,/mnt/data02/03/batch_01/SKILL_018_20260207_100045/SKILL_018_20260207_100045_0.mcap
SKILL_021_20260207_121853,03,SKILL_021,Build Up Box (Mailer),D_VARGAS,2026-02-07T12:18:53Z,2026-02-07T12:24:08Z,314.55,37.10,PASS,TRUE,,/mnt/data02/03/batch_01/SKILL_021_20260207_121853/SKILL_021_20260207_121853_0.mcap
SKILL_021_20260207_121249,03,SKILL_021,Build Up Box (Mailer),D_VARGAS,2026-02-07T12:12:49Z,2026-02-07T12:18:11Z,321.79,37.56,PASS,TRUE,,/mnt/data02/03/batch_01/SKILL_021_20260207_121249/SKILL_021_20260207_121249_0.mcap
SKILL_021_20260207_122939,03,SKILL_021,Build Up Box (Mailer),D_VARGAS,2026-02-07T12:29:39Z,2026-02-07T12:33:05Z,205.77,36.98,PASS,TRUE,,/mnt/data02/03/batch_01/SKILL_021_20260207_122939/SKILL_021_20260207_122939_0.mcap
SKILL_021_20260207_122531,03,SKILL_021,Build Up Box (Mailer),D_VARGAS,2026-02-07T12:25:31Z,2026-02-07T12:29:29Z,238.21,37.59,PASS,TRUE,,/mnt/data02/03/batch_01/SKILL_021_20260207_122531/SKILL_021_20260207_122531_0.mcap
SKILL_022_20260207_124532,03,SKILL_022,Build Up Box (Regular ECT),D_VARGAS,2026-02-07T12:45:32Z,2026-02-07T12:49:13Z,220.84,37.84,PASS,TRUE,,/mnt/data02/03/batch_01/SKILL_022_20260207_124532/SKILL_022_20260207_124532_0.mcap
SKILL_021_20260207_123547,03,SKILL_021,Build Up Box (Mailer),D_VARGAS,2026-02-07T12:35:47Z,2026-02-07T12:42:30Z,402.55,37.66,PASS,TRUE,,/mnt/data02/03/batch_01/SKILL_021_20260207_123547/SKILL_021_20260207_123547_0.mcap
SKILL_022_20260207_125043,03,SKILL_022,Build Up Box (Regular ECT),D_VARGAS,2026-02-07T12:50:43Z,2026-02-07T12:53:19Z,156.49,37.85,PASS,TRUE,,/mnt/data02/03/batch_01/SKILL_022_20260207_125043/SKILL_022_20260207_125043_0.mcap
SKILL_022_20260207_125350,03,SKILL_022,Build Up Box (Regular ECT),D_VARGAS,2026-02-07T12:53:50Z,2026-02-07T12:54:51Z,61.16,37.67,PASS,FALSE,TOO_SHORT (61.2s),/mnt/data02/03/batch_01/SKILL_022_20260207_125350/SKILL_022_20260207_125350_0.mcap
SKILL_024_20260207_125722,03,SKILL_024,Put hooks on shower courtain,D_VARGAS,2026-02-07T12:57:22Z,2026-02-07T12:59:36Z,134.09,37.72,PASS,TRUE,,/mnt/data02/03/batch_01/SKILL_024_20260207_125722/SKILL_024_20260207_125722_0.mcap
SKILL_024_20260207_130028,03,SKILL_024,Put hooks on shower courtain,D_VARGAS,2026-02-07T13:00:28Z,2026-02-07T13:03:17Z,168.45,37.73,PASS,TRUE,,/mnt/data02/03/batch_01/SKILL_024_20260207_130028/SKILL_024_20260207_130028_0.mcap
SKILL_024_20260207_130405,03,SKILL_024,Put hooks on shower courtain,D_VARGAS,2026-02-07T13:04:05Z,2026-02-07T13:06:58Z,172.99,37.80,PASS,TRUE,,/mnt/data02/03/batch_01/SKILL_024_20260207_130405/SKILL_024_20260207_130405_0.mcap
SKILL_025_20260207_131009,03,SKILL_025,Pack on a paper bag,D_VARGAS,2026-02-07T13:10:09Z,2026-02-07T13:12:31Z,142.16,38.25,PASS,TRUE,,/mnt/data02/03/batch_01/SKILL_025_20260207_131009/SKILL_025_20260207_131009_0.mcap
SKILL_025_20260207_131321,03,SKILL_025,Pack on a paper bag,D_VARGAS,2026-02-07T13:13:21Z,2026-02-07T13:13:54Z,32.74,38.85,PASS,FALSE,TOO_SHORT (32.7s),/mnt/data02/03/batch_01/SKILL_025_20260207_131321/SKILL_025_20260207_131321_0.mcap
SKILL_025_20260207_131400,03,SKILL_025,Pack on a paper bag,D_VARGAS,2026-02-07T13:14:00Z,2026-02-07T13:15:51Z,110.77,38.18,PASS,TRUE,,/mnt/data02/03/batch_01/SKILL_025_20260207_131400/SKILL_025_20260207_131400_0.mcap
SKILL_025_20260207_131632,03,SKILL_025,Pack on a paper bag,D_VARGAS,2026-02-07T13:16:32Z,2026-02-07T13:18:20Z,108.12,38.21,PASS,TRUE,,/mnt/data02/03/batch_01/SKILL_025_20260207_131632/SKILL_025_20260207_131632_0.mcap
SKILL_025_20260207_131845,03,SKILL_025,Pack on a paper bag,D_VARGAS,2026-02-07T13:18:45Z,2026-02-07T13:19:27Z,41.74,37.81,PASS,FALSE,TOO_SHORT (41.7s),/mnt/data02/03/batch_01/SKILL_025_20260207_131845/SKILL_025_20260207_131845_0.mcap
SKILL_026_20260207_132644,03,SKILL_026,Pack on a cardboard box (Present),D_VARGAS,2026-02-07T13:26:44Z,2026-02-07T13:28:55Z,131.66,37.51,PASS,TRUE,,/mnt/data02/03/batch_01/SKILL_026_20260207_132644/SKILL_026_20260207_132644_0.mcap
SKILL_026_20260207_132211,03,SKILL_026,Pack on a cardboard box (Present),D_VARGAS,2026-02-07T13:22:11Z,2026-02-07T13:25:47Z,216.49,37.98,PASS,TRUE,,/mnt/data02/03/batch_01/SKILL_026_20260207_132211/SKILL_026_20260207_132211_0.mcap
SKILL_026_20260207_132952,03,SKILL_026,Pack on a cardboard box (Present),D_VARGAS,2026-02-07T13:29:52Z,2026-02-07T13:32:17Z,145.07,37.70,PASS,TRUE,,/mnt/data02/03/batch_01/SKILL_026_20260207_132952/SKILL_026_20260207_132952_0.mcap
SKILL_028_20260207_104926,03,SKILL_028,Fold a T Shirt,N_MORA,2026-02-07T10:49:26Z,2026-02-07T10:52:57Z,211.54,37.68,PASS,TRUE,,/mnt/data02/03/batch_01/SKILL_028_20260207_104926/SKILL_028_20260207_104926_0.mcap
SKILL_028_20260207_105339,03,SKILL_028,Fold a T Shirt,N_MORA,2026-02-07T10:53:39Z,2026-02-07T10:56:45Z,186.25,37.81,PASS,TRUE,,/mnt/data02/03/batch_01/SKILL_028_20260207_105339/SKILL_028_20260207_105339_0.mcap
SKILL_030_20260207_103110,03,SKILL_030,Fold a shirt,N_MORA,2026-02-07T10:31:10Z,2026-02-07T10:32:32Z,82.62,40.27,PASS,FALSE,TOO_SHORT (82.6s),/mnt/data02/03/batch_01/SKILL_030_20260207_103110/SKILL_030_20260207_103110_0.mcap
SKILL_028_20260207_105800,03,SKILL_028,Fold a T Shirt,N_MORA,2026-02-07T10:58:00Z,2026-02-07T11:00:45Z,165.00,37.67,PASS,TRUE,,/mnt/data02/03/batch_01/SKILL_028_20260207_105800/SKILL_028_20260207_105800_0.mcap
SKILL_030_20260207_103304,03,SKILL_030,Fold a shirt,N_MORA,2026-02-07T10:33:04Z,2026-02-07T10:34:33Z,89.43,40.28,PASS,FALSE,TOO_SHORT (89.4s),/mnt/data02/03/batch_01/SKILL_030_20260207_103304/SKILL_030_20260207_103304_0.mcap
SKILL_030_20260207_103634,03,SKILL_030,Fold a shirt,N_MORA,2026-02-07T10:36:34Z,2026-02-07T10:37:46Z,72.21,40.30,PASS,FALSE,TOO_SHORT (72.2s),/mnt/data02/03/batch_01/SKILL_030_20260207_103634/SKILL_030_20260207_103634_0.mcap
SKILL_030_20260207_103512,03,SKILL_030,Fold a shirt,N_MORA,2026-02-07T10:35:12Z,2026-02-07T10:36:20Z,68.31,40.66,PASS,FALSE,TOO_SHORT (68.3s),/mnt/data02/03/batch_01/SKILL_030_20260207_103512/SKILL_030_20260207_103512_0.mcap
SKILL_030_20260207_103901,03,SKILL_030,Fold a shirt,N_MORA,2026-02-07T10:39:01Z,2026-02-07T10:39:56Z,55.29,40.06,PASS,FALSE,TOO_SHORT (55.3s),/mnt/data02/03/batch_01/SKILL_030_20260207_103901/SKILL_030_20260207_103901_0.mcap
SKILL_030_20260207_103756,03,SKILL_030,Fold a shirt,N_MORA,2026-02-07T10:37:56Z,2026-02-07T10:38:52Z,55.97,40.09,PASS,FALSE,TOO_SHORT (56.0s),/mnt/data02/03/batch_01/SKILL_030_20260207_103756/SKILL_030_20260207_103756_0.mcap
SKILL_030_20260207_104005,03,SKILL_030,Fold a shirt,N_MORA,2026-02-07T10:40:05Z,2026-02-07T10:40:58Z,53.06,40.18,PASS,FALSE,TOO_SHORT (53.1s),/mnt/data02/03/batch_01/SKILL_030_20260207_104005/SKILL_030_20260207_104005_0.mcap
SKILL_031_20260207_112059,03,SKILL_031,Fold Pants,N_MORA,2026-02-07T11:20:59Z,2026-02-07T11:21:48Z,48.90,38.05,PASS,FALSE,TOO_SHORT (48.9s),/mnt/data02/03/batch_01/SKILL_031_20260207_112059/SKILL_031_20260207_112059_0.mcap
SKILL_033_20260207_111651,03,SKILL_033,Fold towels,N_MORA,2026-02-07T11:16:51Z,2026-02-07T11:19:54Z,182.80,38.42,PASS,TRUE,,/mnt/data02/03/batch_01/SKILL_033_20260207_111651/SKILL_033_20260207_111651_0.mcap
SKILL_036_20260207_110307,03,SKILL_036,Fold Socks,N_MORA,2026-02-07T11:03:07Z,2026-02-07T11:04:25Z,78.56,38.51,PASS,FALSE,TOO_SHORT (78.6s),/mnt/data02/03/batch_01/SKILL_036_20260207_110307/SKILL_036_20260207_110307_0.mcap
SKILL_033_20260207_111202,03,SKILL_033,Fold towels,N_MORA,2026-02-07T11:12:02Z,2026-02-07T11:15:46Z,223.70,38.49,PASS,TRUE,,/mnt/data02/03/batch_01/SKILL_033_20260207_111202/SKILL_033_20260207_111202_0.mcap
SKILL_036_20260207_110627,03,SKILL_036,Fold Socks,N_MORA,2026-02-07T11:06:27Z,2026-02-07T11:08:12Z,105.00,38.85,PASS,TRUE,,/mnt/data02/03/batch_01/SKILL_036_20260207_110627/SKILL_036_20260207_110627_0.mcap
SKILL_040_20260207_112216,03,SKILL_040,Fasten a belt,N_MORA,2026-02-07T11:22:16Z,2026-02-07T11:25:17Z,180.86,38.49,PASS,TRUE,,/mnt/data02/03/batch_01/SKILL_040_20260207_112216/SKILL_040_20260207_112216_0.mcap
SKILL_040_20260207_112715,03,SKILL_040,Fasten a belt,N_MORA,2026-02-07T11:27:15Z,2026-02-07T11:29:37Z,141.39,39.33,PASS,TRUE,,/mnt/data02/03/batch_01/SKILL_040_20260207_112715/SKILL_040_20260207_112715_0.mcap
SKILL_001_20260205_072523,04,SKILL_001,Organize beads per color,D_VARGAS,2026-02-05T07:25:23Z,2026-02-05T07:34:19Z,535.72,35.12,PASS,TRUE,,/mnt/data02/04/batch_01/SKILL_001_20260205_072523/SKILL_001_20260205_072523_0.mcap
SKILL_001_20260204_125558,04,SKILL_001,Organize beads per color,D_VARGAS,2026-02-04T12:55:58Z,2026-02-04T13:08:05Z,726.79,35.88,PASS,TRUE,,/mnt/data02/04/batch_01/SKILL_001_20260204_125558/SKILL_001_20260204_125558_0.mcap
SKILL_003_20260204_131041,04,SKILL_003,Organize screwdriver bits,D_VARGAS,2026-02-04T13:10:41Z,2026-02-04T13:14:01Z,200.68,37.04,PASS,TRUE,,/mnt/data02/04/batch_01/SKILL_003_20260204_131041/SKILL_003_20260204_131041_0.mcap
SKILL_003_20260204_131457,04,SKILL_003,Organize screwdriver bits,D_VARGAS,2026-02-04T13:14:57Z,2026-02-04T13:18:46Z,228.25,37.14,PASS,TRUE,,/mnt/data02/04/batch_01/SKILL_003_20260204_131457/SKILL_003_20260204_131457_0.mcap
SKILL_003_20260205_074821,04,SKILL_003,Organize screwdriver bits,D_VARGAS,2026-02-05T07:48:21Z,2026-02-05T07:53:04Z,283.47,37.31,PASS,TRUE,,/mnt/data02/04/batch_01/SKILL_003_20260205_074821/SKILL_003_20260205_074821_0.mcap
SKILL_003_20260205_075452,04,SKILL_003,Organize screwdriver bits,D_VARGAS,2026-02-05T07:54:52Z,2026-02-05T07:57:28Z,155.06,36.57,PASS,TRUE,,/mnt/data02/04/batch_01/SKILL_003_20260205_075452/SKILL_003_20260205_075452_0.mcap
SKILL_004_20260205_105523,04,SKILL_004,Set Screwdriver package,D_VARGAS,2026-02-05T10:55:23Z,2026-02-05T10:56:51Z,87.87,36.42,PASS,FALSE,TOO_SHORT (87.9s),/mnt/data02/04/batch_01/SKILL_004_20260205_105523/SKILL_004_20260205_105523_0.mcap
SKILL_004_20260205_105718,04,SKILL_004,Set Screwdriver package,D_VARGAS,2026-02-05T10:57:18Z,2026-02-05T10:57:20Z,2.08,36.67,PASS,FALSE,TOO_SHORT (2.1s),/mnt/data02/04/batch_01/SKILL_004_20260205_105718/SKILL_004_20260205_105718_0.mcap
SKILL_004_20260205_105730,04,SKILL_004,Set Screwdriver package,D_VARGAS,2026-02-05T10:57:30Z,2026-02-05T10:59:40Z,130.78,36.46,PASS,TRUE,,/mnt/data02/04/batch_01/SKILL_004_20260205_105730/SKILL_004_20260205_105730_0.mcap
SKILL_004_20260205_104038,04,SKILL_004,Set Screwdriver package,D_VARGAS,2026-02-05T10:40:38Z,2026-02-05T10:43:06Z,147.54,36.28,PASS,TRUE,,/mnt/data02/04/batch_01/SKILL_004_20260205_104038/SKILL_004_20260205_104038_0.mcap
SKILL_004_20260205_110248,04,SKILL_004,Set Screwdriver package,D_VARGAS,2026-02-05T11:02:48Z,2026-02-05T11:03:55Z,66.39,36.63,PASS,FALSE,TOO_SHORT (66.4s),/mnt/data02/04/batch_01/SKILL_004_20260205_110248/SKILL_004_20260205_110248_0.mcap
SKILL_004_20260205_105951,04,SKILL_004,Set Screwdriver package,D_VARGAS,2026-02-05T10:59:51Z,2026-02-05T11:01:56Z,124.79,36.55,PASS,TRUE,,/mnt/data02/04/batch_01/SKILL_004_20260205_105951/SKILL_004_20260205_105951_0.mcap
SKILL_004_20260205_110846,04,SKILL_004,Set Screwdriver package,D_VARGAS,2026-02-05T11:08:46Z,2026-02-05T11:10:40Z,113.82,36.44,PASS,TRUE,,/mnt/data02/04/batch_01/SKILL_004_20260205_110846/SKILL_004_20260205_110846_0.mcap
SKILL_004_20260205_111204,04,SKILL_004,Set Screwdriver package,D_VARGAS,2026-02-05T11:12:04Z,2026-02-05T11:12:11Z,7.14,36.26,PASS,FALSE,TOO_SHORT (7.1s),/mnt/data02/04/batch_01/SKILL_004_20260205_111204/SKILL_004_20260205_111204_0.mcap
SKILL_004_20260205_110607,04,SKILL_004,Set Screwdriver package,D_VARGAS,2026-02-05T11:06:07Z,2026-02-05T11:07:59Z,111.31,36.45,PASS,TRUE,,/mnt/data02/04/batch_01/SKILL_004_20260205_110607/SKILL_004_20260205_110607_0.mcap
SKILL_005_20260204_103047,04,SKILL_005,Insert allen keys in package,L_AGUILERA,2026-02-04T10:30:47Z,2026-02-04T10:32:49Z,121.54,35.94,PASS,TRUE,,/mnt/data02/04/batch_01/SKILL_005_20260204_103047/SKILL_005_20260204_103047_0.mcap
SKILL_005_20260204_102801,04,SKILL_005,Insert allen keys in package,L_AGUILERA,2026-02-04T10:28:01Z,2026-02-04T10:30:24Z,142.23,35.01,PASS,TRUE,,/mnt/data02/04/batch_01/SKILL_005_20260204_102801/SKILL_005_20260204_102801_0.mcap
SKILL_005_20260204_103311,04,SKILL_005,Insert allen keys in package,L_AGUILERA,2026-02-04T10:33:11Z,2026-02-04T10:35:17Z,125.93,36.04,PASS,TRUE,,/mnt/data02/04/batch_01/SKILL_005_20260204_103311/SKILL_005_20260204_103311_0.mcap
SKILL_005_20260204_133738,04,SKILL_005,Insert allen keys in package,D_VARGAS,2026-02-04T13:37:38Z,2026-02-04T13:40:20Z,161.99,37.15,PASS,TRUE,,/mnt/data02/04/batch_01/SKILL_005_20260204_133738/SKILL_005_20260204_133738_0.mcap
SKILL_005_20260204_134442,04,SKILL_005,Insert allen keys in package,D_VARGAS,2026-02-04T13:44:42Z,2026-02-04T13:46:13Z,90.52,36.88,PASS,TRUE,,/mnt/data02/04/batch_01/SKILL_005_20260204_134442/SKILL_005_20260204_134442_0.mcap
SKILL_005_20260204_134106,04,SKILL_005,Insert allen keys in package,D_VARGAS,2026-02-04T13:41:06Z,2026-02-04T13:44:10Z,183.30,37.14,PASS,TRUE,,/mnt/data02/04/batch_01/SKILL_005_20260204_134106/SKILL_005_20260204_134106_0.mcap
SKILL_007_20260204_103614,04,SKILL_007,Separate tongue depressors by color,L_AGUILERA,2026-02-04T10:36:14Z,2026-02-04T10:36:59Z,44.44,36.77,PASS,FALSE,TOO_SHORT (44.4s),/mnt/data02/04/batch_01/SKILL_007_20260204_103614/SKILL_007_20260204_103614_0.mcap
SKILL_007_20260204_103744,04,SKILL_007,Separate tongue depressors by color,L_AGUILERA,2026-02-04T10:37:44Z,2026-02-04T10:38:21Z,37.29,35.84,PASS,FALSE,TOO_SHORT (37.3s),/mnt/data02/04/batch_01/SKILL_007_20260204_103744/SKILL_007_20260204_103744_0.mcap
SKILL_007_20260204_104056,04,SKILL_007,Separate tongue depressors by color,L_AGUILERA,2026-02-04T10:40:57Z,2026-02-04T10:43:20Z,143.32,36.75,PASS,TRUE,,/mnt/data02/04/batch_01/SKILL_007_20260204_104056/SKILL_007_20260204_104056_0.mcap
SKILL_007_20260204_105236,04,SKILL_007,Separate tongue depressors by color,L_AGUILERA,2026-02-04T10:52:37Z,2026-02-04T10:55:33Z,176.94,36.60,PASS,TRUE,,/mnt/data02/04/batch_01/SKILL_007_20260204_105236/SKILL_007_20260204_105236_0.mcap
SKILL_007_20260204_105942,04,SKILL_007,Separate tongue depressors by color,N_MORA,2026-02-04T10:59:42Z,2026-02-04T11:06:08Z,385.92,36.14,PASS,TRUE,,/mnt/data02/04/batch_01/SKILL_007_20260204_105942/SKILL_007_20260204_105942_0.mcap
SKILL_007_20260204_143244,04,SKILL_007,Separate tongue depressors by color,D_VARGAS,2026-02-04T14:32:44Z,2026-02-04T14:39:18Z,393.53,37.79,PASS,TRUE,,/mnt/data02/04/batch_01/SKILL_007_20260204_143244/SKILL_007_20260204_143244_0.mcap
SKILL_009_20260204_132653,04,SKILL_009,Package Cotton set,D_VARGAS,2026-02-04T13:26:54Z,2026-02-04T13:31:02Z,248.12,34.64,PASS,TRUE,,/mnt/data02/04/batch_01/SKILL_009_20260204_132653/SKILL_009_20260204_132653_0.mcap
SKILL_009_20260204_133200,04,SKILL_009,Package Cotton set,D_VARGAS,2026-02-04T13:32:00Z,2026-02-04T13:35:54Z,233.16,37.06,PASS,TRUE,,/mnt/data02/04/batch_01/SKILL_009_20260204_133200/SKILL_009_20260204_133200_0.mcap
SKILL_009_20260205_083102,04,SKILL_009,Package Cotton set,D_VARGAS,2026-02-05T08:31:02Z,2026-02-05T08:35:01Z,238.21,37.00,PASS,TRUE,,/mnt/data02/04/batch_01/SKILL_009_20260205_083102/SKILL_009_20260205_083102_0.mcap
SKILL_009_20260205_084507,04,SKILL_009,Package Cotton set,D_VARGAS,2026-02-05T08:45:07Z,2026-02-05T08:48:36Z,208.14,33.60,PASS,TRUE,,/mnt/data02/04/batch_01/SKILL_009_20260205_084507/SKILL_009_20260205_084507_0.mcap
SKILL_009_20260205_085359,04,SKILL_009,Package Cotton set,D_VARGAS,2026-02-05T08:53:59Z,2026-02-05T08:57:17Z,197.63,29.36,PASS,TRUE,,/mnt/data02/04/batch_01/SKILL_009_20260205_085359/SKILL_009_20260205_085359_0.mcap
SKILL_009_20260205_090524,04,SKILL_009,Package Cotton set,D_VARGAS,2026-02-05T09:05:24Z,2026-02-05T09:09:21Z,237.38,37.04,PASS,TRUE,,/mnt/data02/04/batch_01/SKILL_009_20260205_090524/SKILL_009_20260205_090524_0.mcap
SKILL_010_20260204_135027,04,SKILL_010,Package earphones,D_VARGAS,2026-02-04T13:50:27Z,2026-02-04T13:55:59Z,331.81,36.85,PASS,TRUE,,/mnt/data02/04/batch_01/SKILL_010_20260204_135027/SKILL_010_20260204_135027_0.mcap
SKILL_012_20260205_073749,04,SKILL_012,Put pasta in jars,D_VARGAS,2026-02-05T07:37:49Z,2026-02-05T07:40:28Z,159.63,37.60,PASS,TRUE,,/mnt/data02/04/batch_01/SKILL_012_20260205_073749/SKILL_012_20260205_073749_0.mcap
SKILL_010_20260204_135707,04,SKILL_010,Package earphones,D_VARGAS,2026-02-04T13:57:07Z,2026-02-04T14:02:27Z,319.29,37.38,PASS,TRUE,,/mnt/data02/04/batch_01/SKILL_010_20260204_135707/SKILL_010_20260204_135707_0.mcap
SKILL_012_20260205_074357,04,SKILL_012,Put pasta in jars,D_VARGAS,2026-02-05T07:43:57Z,2026-02-05T07:44:04Z,6.38,36.73,PASS,FALSE,TOO_SHORT (6.4s),/mnt/data02/04/batch_01/SKILL_012_20260205_074357/SKILL_012_20260205_074357_0.mcap
SKILL_012_20260205_074440,04,SKILL_012,Put pasta in jars,D_VARGAS,2026-02-05T07:44:40Z,2026-02-05T07:46:49Z,129.16,37.54,PASS,TRUE,,/mnt/data02/04/batch_01/SKILL_012_20260205_074440/SKILL_012_20260205_074440_0.mcap

