Start_Time,Station,Operator,BagName,Duration(s),Size(MB),IsValid,SkillCode,SkillName,FailReason
2026-01-30T09:41:14Z,01,d_vargas,SKILL_017_20260130_094114,543.35,2612.05,FALSE,SKILL_017,Put pasta in ziploc bags,MISSING_CRIT /camera_fisheye_r/ffmpeg | MISSING_CRIT /camera_l/depth/image_rect_raw | MISSING_CRIT /camera_r/depth/image_rect_raw | MISSING_CRIT /camera_l/ffmpeg | MISSING_CRIT /camera_r/ffmpeg | MISSING_CRIT /camera_fisheye_l/ffmpeg
2026-01-30T09:57:36Z,01,d_vargas,SKILL_018_20260130_095736,209.58,948.96,FALSE,SKILL_018,Close bags with twist ties,BAD_HZ /gripper_l/data (98.2/120.0) | MISSING_CRIT /camera_fisheye_l/ffmpeg | MISSING_CRIT /camera_fisheye_r/ffmpeg | MISSING_CRIT /camera_l/depth/image_rect_raw | MISSING_CRIT /camera_r/depth/image_rect_raw | MISSING_CRIT /camera_l/ffmpeg | MISSING_CRIT /camera_r/ffmpeg
2026-01-30T10:53:12Z,01,d_vargas,SKILL_023_20260130_105312,133.87,642.61,FALSE,SKILL_023,Built up box (Present),MISSING_CRIT /camera_fisheye_l/ffmpeg | MISSING_CRIT /camera_fisheye_r/ffmpeg | MISSING_CRIT /camera_r/ffmpeg | MISSING_CRIT /camera_l/depth/image_rect_raw | MISSING_CRIT /camera_r/depth/image_rect_raw | MISSING_CRIT /camera_l/ffmpeg
2026-01-30T09:52:37Z,01,d_vargas,SKILL_018_20260130_095237,199.90,923.89,FALSE,SKILL_018,Close bags with twist ties,MISSING_CRIT /camera_l/ffmpeg | MISSING_CRIT /camera_fisheye_r/ffmpeg | MISSING_CRIT /camera_l/depth/image_rect_raw | MISSING_CRIT /camera_r/depth/image_rect_raw | MISSING_CRIT /camera_r/ffmpeg | MISSING_CRIT /camera_fisheye_l/ffmpeg
2026-01-30T11:03:23Z,01,d_vargas,SKILL_024_20260130_110323,129.08,617.63,FALSE,SKILL_024,Put hooks on shower courtain,MISSING_CRIT /camera_r/depth/image_rect_raw | MISSING_CRIT /camera_fisheye_l/ffmpeg | MISSING_CRIT /camera_fisheye_r/ffmpeg | MISSING_CRIT /camera_l/depth/image_rect_raw | MISSING_CRIT /camera_l/ffmpeg | MISSING_CRIT /camera_r/ffmpeg
2026-01-30T10:34:15Z,01,d_vargas,SKILL_021_20260130_103415,24.14,181.49,FALSE,SKILL_021,Build Up Box (Mailer),TOO_SHORT (23.5s < 90.0s) | MISSING_CRIT /camera_fisheye_r/ffmpeg | MISSING_CRIT /camera_l/depth/image_rect_raw | MISSING_CRIT /camera_r/depth/image_rect_raw | MISSING_CRIT /camera_l/ffmpeg | MISSING_CRIT /camera_r/ffmpeg | BAD_HZ /gripper_r/data (93.9/120.0) | MISSING_CRIT /camera_fisheye_l/ffmpeg
2026-01-30T10:48:08Z,01,d_vargas,SKILL_022_20260130_104808,4.07,28.47,FALSE,SKILL_022,Build Up Box (Regular ECT),TOO_SHORT (3.2s < 90.0s) | MISSING_CRIT /camera_r/ffmpeg | MISSING_CRIT /camera_fisheye_r/ffmpeg | MISSING_CRIT /camera_r/depth/image_rect_raw | BAD_HZ /pika_pose_l (0.0/100.0) | MISSING_CRIT /camera_fisheye_l/ffmpeg | MISSING_CRIT /camera_l/depth/image_rect_raw | MISSING_CRIT /camera_l/ffmpeg
2026-01-30T10:02:15Z,01,d_vargas,SKILL_018_20260130_100215,140.53,608.43,FALSE,SKILL_018,Close bags with twist ties,MISSING_CRIT /camera_fisheye_l/ffmpeg | MISSING_CRIT /camera_fisheye_r/ffmpeg | MISSING_CRIT /camera_l/depth/image_rect_raw | MISSING_CRIT /camera_r/depth/image_rect_raw | MISSING_CRIT /camera_l/ffmpeg | MISSING_CRIT /camera_r/ffmpeg
2026-01-30T10:13:54Z,01,d_vargas,SKILL_019_20260130_101354,175.15,876.14,FALSE,SKILL_019,Put pasta in plastic containers,MISSING_CRIT /camera_fisheye_l/ffmpeg | MISSING_CRIT /camera_fisheye_r/ffmpeg | MISSING_CRIT /camera_l/depth/image_rect_raw | MISSING_CRIT /camera_r/depth/image_rect_raw | MISSING_CRIT /camera_l/ffmpeg | MISSING_CRIT /camera_r/ffmpeg
2026-01-30T10:18:15Z,01,d_vargas,SKILL_019_20260130_101815,165.57,802.49,FALSE,SKILL_019,Put pasta in plastic containers,MISSING_CRIT /camera_fisheye_l/ffmpeg | MISSING_CRIT /camera_fisheye_r/ffmpeg | MISSING_CRIT /camera_l/depth/image_rect_raw | MISSING_CRIT /camera_r/depth/image_rect_raw | MISSING_CRIT /camera_l/ffmpeg | MISSING_CRIT /camera_r/ffmpeg
2026-01-30T10:36:42Z,01,d_vargas,SKILL_023_20260130_103642,35.06,166.93,FALSE,SKILL_023,Built up box (Present),TOO_SHORT (34.0s < 90.0s) | MISSING_CRIT /camera_l/ffmpeg | MISSING_CRIT /camera_fisheye_l/ffmpeg | MISSING_CRIT /camera_fisheye_r/ffmpeg | BAD_HZ /pika_pose_l (29.5/100.0) | MISSING_CRIT /camera_r/ffmpeg | MISSING_CRIT /camera_l/depth/image_rect_raw | MISSING_CRIT /camera_r/depth/image_rect_raw
2026-01-30T11:08:52Z,01,d_vargas,SKILL_024_20260130_110852,109.32,503.96,FALSE,SKILL_024,Put hooks on shower courtain,MISSING_CRIT /camera_fisheye_r/ffmpeg | MISSING_CRIT /camera_l/depth/image_rect_raw | MISSING_CRIT /camera_l/ffmpeg | MISSING_CRIT /camera_r/ffmpeg | MISSING_CRIT /camera_r/depth/image_rect_raw | MISSING_CRIT /camera_fisheye_l/ffmpeg
2026-01-30T10:23:45Z,01,d_vargas,SKILL_021_20260130_102345,235.78,1056.80,FALSE,SKILL_021,Build Up Box (Mailer),MISSING_CRIT /camera_fisheye_l/ffmpeg | MISSING_CRIT /camera_fisheye_r/ffmpeg | MISSING_CRIT /camera_l/depth/image_rect_raw | MISSING_CRIT /camera_r/depth/image_rect_raw | MISSING_CRIT /camera_l/ffmpeg | MISSING_CRIT /camera_r/ffmpeg
2026-01-30T11:06:12Z,01,d_vargas,SKILL_024_20260130_110612,116.17,559.04,FALSE,SKILL_024,Put hooks on shower courtain,MISSING_CRIT /camera_l/depth/image_rect_raw | MISSING_CRIT /camera_l/ffmpeg | MISSING_CRIT /camera_r/ffmpeg | MISSING_CRIT /camera_r/depth/image_rect_raw | MISSING_CRIT /camera_fisheye_l/ffmpeg | MISSING_CRIT /camera_fisheye_r/ffmpeg
2026-01-30T10:40:10Z,01,d_vargas,SKILL_022_20260130_104010,81.96,368.16,FALSE,SKILL_022,Build Up Box (Regular ECT),TOO_SHORT (81.2s < 90.0s) | MISSING_CRIT /camera_fisheye_r/ffmpeg | MISSING_CRIT /camera_l/depth/image_rect_raw | MISSING_CRIT /camera_r/depth/image_rect_raw | MISSING_CRIT /camera_l/ffmpeg | MISSING_CRIT /camera_r/ffmpeg | MISSING_CRIT /camera_fisheye_l/ffmpeg
2026-01-30T11:00:28Z,01,d_vargas,SKILL_024_20260130_110028,125.85,595.47,FALSE,SKILL_024,Put hooks on shower courtain,MISSING_CRIT /camera_fisheye_r/ffmpeg | MISSING_CRIT /camera_r/ffmpeg | MISSING_CRIT /camera_l/depth/image_rect_raw | MISSING_CRIT /camera_r/depth/image_rect_raw | MISSING_CRIT /camera_l/ffmpeg | MISSING_CRIT /camera_fisheye_l/ffmpeg
2026-01-30T10:42:15Z,01,d_vargas,SKILL_022_20260130_104215,75.10,352.19,FALSE,SKILL_022,Build Up Box (Regular ECT),TOO_SHORT (74.2s < 90.0s) | MISSING_CRIT /camera_r/ffmpeg | MISSING_CRIT /camera_fisheye_l/ffmpeg | MISSING_CRIT /camera_fisheye_r/ffmpeg | MISSING_CRIT /camera_l/depth/image_rect_raw | MISSING_CRIT /camera_r/depth/image_rect_raw | MISSING_CRIT /camera_l/ffmpeg
2026-01-30T10:44:14Z,01,d_vargas,SKILL_022_20260130_104414,95.69,441.87,FALSE,SKILL_022,Build Up Box (Regular ECT),MISSING_CRIT /camera_r/ffmpeg | MISSING_CRIT /camera_fisheye_l/ffmpeg | MISSING_CRIT /camera_fisheye_r/ffmpeg | MISSING_CRIT /camera_l/depth/image_rect_raw | MISSING_CRIT /camera_r/depth/image_rect_raw | MISSING_CRIT /camera_l/ffmpeg
2026-01-30T10:45:58Z,01,d_vargas,SKILL_022_20260130_104558,45.37,378.33,FALSE,SKILL_022,Build Up Box (Regular ECT),TOO_SHORT (41.4s < 90.0s) | MISSING_CRIT /camera_r/ffmpeg | MISSING_CRIT /camera_fisheye_r/ffmpeg | MISSING_CRIT /camera_r/depth/image_rect_raw | MISSING_CRIT /camera_fisheye_l/ffmpeg | MISSING_CRIT /camera_l/depth/image_rect_raw | MISSING_CRIT /camera_l/ffmpeg
2026-01-30T11:00:15Z,01,d_vargas,SKILL_024_20260130_110015,8.96,43.78,FALSE,SKILL_024,Put hooks on shower courtain,TOO_SHORT (8.5s < 90.0s) | MISSING_CRIT /camera_fisheye_r/ffmpeg | MISSING_CRIT /camera_r/ffmpeg | MISSING_CRIT /camera_l/depth/image_rect_raw | MISSING_CRIT /camera_r/depth/image_rect_raw | MISSING_CRIT /camera_l/ffmpeg | MISSING_CRIT /camera_fisheye_l/ffmpeg
2026-01-30T10:56:16Z,01,d_vargas,SKILL_023_20260130_105616,89.45,434.53,FALSE,SKILL_023,Built up box (Present),TOO_SHORT (88.9s < 90.0s) | MISSING_CRIT /camera_r/ffmpeg | MISSING_CRIT /camera_l/depth/image_rect_raw | MISSING_CRIT /camera_r/depth/image_rect_raw | MISSING_CRIT /camera_l/ffmpeg | MISSING_CRIT /camera_fisheye_l/ffmpeg | MISSING_CRIT /camera_fisheye_r/ffmpeg
2026-02-02T14:15:52Z,02,d_vargas,SKILL_020_20260202_141552,109.35,4009.81,FALSE,SKILL_020,Open locks with their keys,BAD_HZ /camera_fisheye_r/ffmpeg (0.0/30.0) | BAD_HZ /pika_pose_l (0.0/100.0) | BAD_HZ /pika_pose_r (0.0/100.0)
2026-02-03T12:03:51Z,01,c_becerra,SKILL_018_20260203_120351,294.80,10857.84,FALSE,SKILL_018,Close bags with twist ties,BAD_HZ /camera_fisheye_l/ffmpeg (0.0/30.0)
2026-02-03T10:26:40Z,01,c_becerra,SKILL_014_20260203_102640,493.40,19786.24,FALSE,SKILL_014,Fasten nuts onto bolts,BAD_HZ /camera_fisheye_l/ffmpeg (0.0/30.0)
2026-02-02T13:50:17Z,02,d_vargas,SKILL_013_20260202_135017,107.67,3889.04,FALSE,SKILL_013,Set up a hand lamp,BAD_HZ /pika_pose_l (0.0/100.0) | BAD_HZ /pika_pose_r (0.0/100.0) | BAD_HZ /camera_fisheye_r/ffmpeg (0.0/30.0)
2026-02-02T13:48:02Z,02,d_vargas,SKILL_013_20260202_134802,88.38,3201.24,FALSE,SKILL_013,Set up a hand lamp,TOO_SHORT (88.4s < 90.0s) | BAD_HZ /pika_pose_r (0.0/100.0) | BAD_HZ /camera_fisheye_r/ffmpeg (0.0/30.0) | BAD_HZ /pika_pose_l (0.0/100.0)
2026-02-02T14:28:49Z,02,d_vargas,SKILL_012_20260202_142849,73.33,2716.96,FALSE,SKILL_012,Put pasta in jars,TOO_SHORT (73.3s < 90.0s) | BAD_HZ /camera_fisheye_r/ffmpeg (0.0/30.0) | BAD_HZ /pika_pose_l (0.0/100.0) | BAD_HZ /pika_pose_r (0.0/100.0)
2026-02-02T14:25:55Z,02,d_vargas,SKILL_012_20260202_142555,138.79,5140.97,FALSE,SKILL_012,Put pasta in jars,BAD_HZ /pika_pose_r (0.0/100.0) | BAD_HZ /camera_fisheye_r/ffmpeg (0.0/30.0) | BAD_HZ /pika_pose_l (0.0/100.0)
2026-02-03T10:21:28Z,01,c_becerra,SKILL_013_20260203_102128,228.47,8991.41,FALSE,SKILL_013,Set up a hand lamp,BAD_HZ /camera_fisheye_l/ffmpeg (0.0/30.0)
2026-02-03T10:17:04Z,01,c_becerra,SKILL_013_20260203_101704,209.08,8257.05,FALSE,SKILL_013,Set up a hand lamp,BAD_HZ /camera_fisheye_l/ffmpeg (0.0/30.0)
2026-02-02T14:18:35Z,02,d_vargas,SKILL_020_20260202_141835,52.53,1929.26,FALSE,SKILL_020,Open locks with their keys,TOO_SHORT (52.5s < 90.0s) | BAD_HZ /camera_fisheye_r/ffmpeg (0.0/30.0) | BAD_HZ /pika_pose_l (0.0/100.0) | BAD_HZ /pika_pose_r (0.0/100.0)
2026-02-02T14:38:27Z,02,d_vargas,SKILL_018_20260202_143827,138.60,5140.92,FALSE,SKILL_018,Close bags with twist ties,BAD_HZ /pika_pose_r (0.0/100.0) | BAD_HZ /camera_fisheye_r/ffmpeg (0.0/30.0) | BAD_HZ /pika_pose_l (0.0/100.0)
2026-02-02T13:31:12Z,02,d_vargas,SKILL_005_20260202_133112,246.00,8685.36,FALSE,SKILL_005,Insert allen keys in package,BAD_HZ /camera_fisheye_r/ffmpeg (0.0/30.0) | BAD_HZ /pika_pose_l (0.0/100.0) | BAD_HZ /pika_pose_r (0.0/100.0)
2026-02-02T13:41:53Z,02,d_vargas,SKILL_004_20260202_134153,132.71,4665.00,FALSE,SKILL_004,Set Screwdriver package,BAD_HZ /camera_fisheye_r/ffmpeg (0.0/30.0) | BAD_HZ /pika_pose_l (0.0/100.0) | BAD_HZ /pika_pose_r (0.0/100.0)
2026-02-02T13:38:08Z,02,d_vargas,SKILL_004_20260202_133808,132.73,4478.33,FALSE,SKILL_004,Set Screwdriver package,BAD_HZ /camera_fisheye_r/ffmpeg (0.0/30.0) | BAD_HZ /pika_pose_l (0.0/100.0) | BAD_HZ /pika_pose_r (0.0/100.0)
2026-02-02T14:21:52Z,02,d_vargas,SKILL_012_20260202_142152,163.73,6057.05,FALSE,SKILL_012,Put pasta in jars,BAD_HZ /pika_pose_r (0.0/100.0) | BAD_HZ /camera_fisheye_r/ffmpeg (0.0/30.0) | BAD_HZ /pika_pose_l (0.0/100.0)
2026-02-02T14:34:55Z,02,d_vargas,SKILL_018_20260202_143455,112.18,4180.31,FALSE,SKILL_018,Close bags with twist ties,BAD_HZ /pika_pose_r (0.0/100.0) | BAD_HZ /camera_fisheye_r/ffmpeg (0.0/30.0) | BAD_HZ /pika_pose_l (0.0/100.0)
2026-02-02T14:31:43Z,02,d_vargas,SKILL_018_20260202_143143,136.27,5041.64,FALSE,SKILL_018,Close bags with twist ties,BAD_HZ /pika_pose_r (0.0/100.0) | BAD_HZ /camera_fisheye_r/ffmpeg (0.0/30.0) | BAD_HZ /pika_pose_l (0.0/100.0)
2026-02-02T14:00:20Z,02,d_vargas,SKILL_013_20260202_140020,250.56,9112.52,FALSE,SKILL_013,Set up a hand lamp,BAD_HZ /pika_pose_l (0.0/100.0) | BAD_HZ /pika_pose_r (0.0/100.0) | BAD_HZ /camera_fisheye_r/ffmpeg (0.0/30.0)
2026-02-02T13:53:01Z,02,d_vargas,SKILL_013_20260202_135301,166.51,6053.30,FALSE,SKILL_013,Set up a hand lamp,BAD_HZ /pika_pose_r (0.0/100.0) | BAD_HZ /camera_fisheye_r/ffmpeg (0.0/30.0) | BAD_HZ /pika_pose_l (0.0/100.0)
2026-02-02T14:06:16Z,02,d_vargas,SKILL_003_20260202_140616,228.19,8252.25,FALSE,SKILL_003,Organize screwdriver bits,BAD_HZ /pika_pose_r (0.0/100.0) | BAD_HZ /camera_fisheye_r/ffmpeg (0.0/30.0) | BAD_HZ /pika_pose_l (0.0/100.0)
2026-02-03T12:13:21Z,01,c_becerra,SKILL_018_20260203_121321,183.23,6673.73,FALSE,SKILL_018,Close bags with twist ties,BAD_HZ /camera_fisheye_l/ffmpeg (0.0/30.0)
2026-02-03T12:09:41Z,01,c_becerra,SKILL_018_20260203_120941,168.96,6169.07,FALSE,SKILL_018,Close bags with twist ties,BAD_HZ /camera_fisheye_l/ffmpeg (0.0/30.0)
2026-02-03T14:29:48Z,01,n_mora,SKILL_018_20260203_142948,137.23,5435.68,FALSE,SKILL_018,Close bags with twist ties,BAD_HZ /camera_fisheye_l/ffmpeg (0.0/30.0)
2026-02-03T14:25:04Z,01,n_mora,SKILL_018_20260203_142504,134.45,5366.50,FALSE,SKILL_018,Close bags with twist ties,BAD_HZ /camera_fisheye_l/ffmpeg (0.0/30.0) | BAD_HZ /pika_pose_l (44.8/100.0)
2026-02-03T09:43:43Z,02,d_vargas,SKILL_002_20260203_094343,42.87,1581.33,FALSE,SKILL_002,Organize beads per character,TOO_SHORT (42.9s < 90.0s) | BAD_HZ /camera_fisheye_l/ffmpeg (0.0/30.0)
2026-02-03T09:42:00Z,02,d_vargas,SKILL_002_20260203_094200,96.89,3560.46,FALSE,SKILL_002,Organize beads per character,BAD_HZ /camera_fisheye_l/ffmpeg (0.0/30.0)
2026-02-03T07:05:24Z,02,d_vargas,SKILL_001_20260203_070524,583.34,21592.68,FALSE,SKILL_001,Organize beads per color,BAD_HZ /camera_fisheye_r/ffmpeg (0.0/30.0)
2026-02-03T09:46:33Z,02,d_vargas,SKILL_002_20260203_094633,104.05,3832.53,FALSE,SKILL_002,Organize beads per character,BAD_HZ /camera_fisheye_l/ffmpeg (0.0/30.0)
2026-02-03T09:44:54Z,02,d_vargas,SKILL_002_20260203_094454,71.08,2618.30,FALSE,SKILL_002,Organize beads per character,TOO_SHORT (71.1s < 90.0s) | BAD_HZ /camera_fisheye_l/ffmpeg (0.0/30.0)
2026-02-03T09:50:18Z,02,d_vargas,SKILL_002_20260203_095018,82.26,3019.59,FALSE,SKILL_002,Organize beads per character,TOO_SHORT (82.2s < 90.0s) | BAD_HZ /camera_fisheye_l/ffmpeg (0.0/30.0)
2026-02-03T09:48:59Z,02,d_vargas,SKILL_002_20260203_094859,53.87,1998.43,FALSE,SKILL_002,Organize beads per character,TOO_SHORT (53.9s < 90.0s) | BAD_HZ /camera_fisheye_l/ffmpeg (0.0/30.0)
2026-02-03T07:32:44Z,02,d_vargas,SKILL_004_20260203_073244,108.32,4008.17,FALSE,SKILL_004,Set Screwdriver package,BAD_HZ /camera_fisheye_r/ffmpeg (0.0/30.0) | BAD_HZ /pika_pose_l (45.9/100.0)
2026-02-03T07:29:53Z,02,d_vargas,SKILL_004_20260203_072953,144.17,5358.12,FALSE,SKILL_004,Set Screwdriver package,BAD_HZ /camera_fisheye_r/ffmpeg (0.0/30.0)
2026-02-03T07:16:51Z,02,d_vargas,SKILL_003_20260203_071651,249.19,8972.24,FALSE,SKILL_003,Organize screwdriver bits,BAD_HZ /camera_fisheye_r/ffmpeg (0.0/30.0)
2026-02-03T07:16:26Z,02,d_vargas,SKILL_003_20260203_071626,8.73,317.16,FALSE,SKILL_003,Organize screwdriver bits,TOO_SHORT (8.7s < 90.0s) | BAD_HZ /camera_fisheye_r/ffmpeg (0.0/30.0)
2026-02-03T07:47:26Z,02,d_vargas,SKILL_013_20260203_074726,4.92,195.93,FALSE,SKILL_013,Set up a hand lamp,TOO_SHORT (5.2s < 90.0s) | BAD_HZ /gripper_l/data (100.1/120.0) | BAD_HZ /pika_pose_r (72.9/100.0) | BAD_HZ /gripper_r/data (99.7/120.0) | BAD_HZ /camera_fisheye_r/ffmpeg (0.0/30.0)
2026-02-03T08:54:46Z,02,d_vargas,SKILL_012_20260203_085446,113.10,4065.80,FALSE,SKILL_012,Put pasta in jars,BAD_HZ /camera_fisheye_l/ffmpeg (0.0/30.0)
2026-02-03T08:51:16Z,02,d_vargas,SKILL_012_20260203_085116,182.24,6480.26,FALSE,SKILL_012,Put pasta in jars,BAD_HZ /camera_fisheye_l/ffmpeg (0.0/30.0)
2026-02-03T08:47:40Z,02,d_vargas,SKILL_012_20260203_084740,178.69,6540.74,FALSE,SKILL_012,Put pasta in jars,BAD_HZ /camera_fisheye_l/ffmpeg (0.0/30.0)
2026-02-03T08:46:24Z,02,d_vargas,SKILL_012_20260203_084624,44.12,1592.60,FALSE,SKILL_012,Put pasta in jars,TOO_SHORT (44.1s < 90.0s) | BAD_HZ /camera_fisheye_l/ffmpeg (0.0/30.0)
2026-02-03T09:36:05Z,02,d_vargas,SKILL_010_20260203_093605,259.22,9497.17,FALSE,SKILL_010,Package earphones,BAD_HZ /camera_fisheye_l/ffmpeg (0.0/30.0)
2026-02-03T09:31:44Z,02,d_vargas,SKILL_010_20260203_093144,205.56,7575.28,FALSE,SKILL_010,Package earphones,BAD_HZ /camera_fisheye_l/ffmpeg (0.0/30.0)
2026-02-03T09:04:48Z,02,d_vargas,SKILL_009_20260203_090448,312.90,11372.01,FALSE,SKILL_009,Package Cotton set,BAD_HZ /camera_fisheye_r/ffmpeg (0.0/30.0)
2026-02-03T09:31:10Z,02,d_vargas,SKILL_010_20260203_093110,11.41,424.75,FALSE,SKILL_010,Package earphones,TOO_SHORT (11.4s < 90.0s) | BAD_HZ /camera_fisheye_l/ffmpeg (0.0/30.0)
2026-02-03T08:30:01Z,02,d_vargas,SKILL_005_20260203_083001,111.91,3997.54,FALSE,SKILL_005,Insert allen keys in package,BAD_HZ /camera_fisheye_l/ffmpeg (0.0/30.0)
2026-02-03T08:22:35Z,02,d_vargas,SKILL_005_20260203_082235,186.26,6659.51,FALSE,SKILL_005,Insert allen keys in package,BAD_HZ /camera_fisheye_r/ffmpeg (0.0/30.0)
2026-02-03T08:26:14Z,02,d_vargas,SKILL_005_20260203_082614,194.32,7135.26,FALSE,SKILL_005,Insert allen keys in package,BAD_HZ /camera_fisheye_l/ffmpeg (0.0/30.0)
2026-02-04T14:22:22Z,01,n_mora,SKILL_019_20260204_142222,204.17,7415.84,FALSE,SKILL_019,Put pasta in plastic containers,BAD_HZ /camera_fisheye_l/ffmpeg (0.0/30.0) | BAD_HZ /pika_pose_r (84.0/100.0)
2026-02-04T14:16:04Z,01,n_mora,SKILL_019_20260204_141604,199.32,7341.28,FALSE,SKILL_019,Put pasta in plastic containers,BAD_HZ /camera_fisheye_l/ffmpeg (0.0/30.0)
2026-02-03T08:19:43Z,02,d_vargas,SKILL_020_20260203_081943,84.46,3108.24,FALSE,SKILL_020,Open locks with their keys,TOO_SHORT (84.5s < 90.0s) | BAD_HZ /camera_fisheye_r/ffmpeg (0.0/30.0)
2026-02-03T08:16:23Z,02,d_vargas,SKILL_020_20260203_081623,122.88,4484.47,FALSE,SKILL_020,Open locks with their keys,BAD_HZ /camera_fisheye_r/ffmpeg (0.0/30.0)
2026-02-03T08:13:12Z,02,d_vargas,SKILL_020_20260203_081312,109.85,3993.52,FALSE,SKILL_020,Open locks with their keys,BAD_HZ /camera_fisheye_r/ffmpeg (0.0/30.0)
2026-02-03T08:10:22Z,02,d_vargas,SKILL_020_20260203_081022,96.77,3547.62,FALSE,SKILL_020,Open locks with their keys,BAD_HZ /camera_fisheye_r/ffmpeg (0.0/30.0)
2026-02-03T08:09:43Z,02,d_vargas,SKILL_020_20260203_080942,3.60,145.90,FALSE,SKILL_020,Open locks with their keys,TOO_SHORT (3.9s < 90.0s) | BAD_HZ /camera_fisheye_r/ffmpeg (0.0/30.0)
2026-02-03T08:38:32Z,02,d_vargas,SKILL_019_20260203_083832,306.61,10789.68,FALSE,SKILL_019,Put pasta in plastic containers,BAD_HZ /camera_fisheye_l/ffmpeg (0.0/30.0)
2026-02-03T08:32:49Z,02,d_vargas,SKILL_019_20260203_083249,282.58,10048.79,FALSE,SKILL_019,Put pasta in plastic containers,BAD_HZ /camera_fisheye_l/ffmpeg (0.0/30.0)
2026-02-03T10:01:35Z,02,c_becerra,SKILL_018_20260203_100135,171.13,6161.85,FALSE,SKILL_018,Close bags with twist ties,BAD_HZ /camera_fisheye_l/ffmpeg (0.0/30.0)
2026-02-03T09:28:10Z,02,d_vargas,SKILL_018_20260203_092810,72.96,2684.97,FALSE,SKILL_018,Close bags with twist ties,TOO_SHORT (73.0s < 90.0s) | BAD_HZ /camera_fisheye_l/ffmpeg (0.0/30.0)
2026-02-03T09:18:25Z,02,d_vargas,SKILL_018_20260203_091825,232.56,8392.65,FALSE,SKILL_018,Close bags with twist ties,BAD_HZ /camera_fisheye_l/ffmpeg (0.0/30.0)
2026-02-03T07:54:11Z,02,d_vargas,SKILL_013_20260203_075411,117.90,4303.11,FALSE,SKILL_013,Set up a hand lamp,BAD_HZ /camera_fisheye_r/ffmpeg (0.0/30.0)
2026-02-03T07:56:45Z,02,d_vargas,SKILL_013_20260203_075645,105.67,3876.59,FALSE,SKILL_013,Set up a hand lamp,BAD_HZ /camera_fisheye_r/ffmpeg (0.0/30.0)
2026-02-03T07:59:10Z,02,d_vargas,SKILL_013_20260203_075910,125.06,4575.22,FALSE,SKILL_013,Set up a hand lamp,BAD_HZ /camera_fisheye_r/ffmpeg (0.0/30.0)
2026-02-04T12:55:58Z,04,d_vargas,SKILL_001_20260204_125558,726.35,26076.55,FALSE,SKILL_001,Organize beads per color,BAD_HZ /camera_l/ffmpeg (0.0/30.0) | BAD_HZ /camera_r/ffmpeg (0.0/30.0)
2026-02-03T09:24:06Z,02,d_vargas,SKILL_018_20260203_092406,168.30,6196.49,FALSE,SKILL_018,Close bags with twist ties,BAD_HZ /camera_fisheye_l/ffmpeg (0.0/30.0)
2026-02-03T07:51:13Z,02,d_vargas,SKILL_013_20260203_075112,121.66,4506.76,FALSE,SKILL_013,Set up a hand lamp,BAD_HZ /camera_fisheye_r/ffmpeg (0.0/30.0)
2026-02-04T14:30:27Z,01,n_mora,SKILL_019_20260204_143027,202.38,7463.85,FALSE,SKILL_019,Put pasta in plastic containers,BAD_HZ /camera_fisheye_l/ffmpeg (0.0/30.0)
2026-02-04T14:52:56Z,01,n_mora,SKILL_019_20260204_145255,154.63,5323.72,FALSE,SKILL_019,Put pasta in plastic containers,BAD_HZ /camera_fisheye_l/ffmpeg (0.0/30.0)
2026-02-04T11:09:00Z,04,n_mora,SKILL_013_20260204_110900,111.24,4022.87,FALSE,SKILL_013,Set up a hand lamp,BAD_HZ /camera_l/ffmpeg (0.0/30.0) | BAD_HZ /camera_r/ffmpeg (0.0/30.0)
2026-02-04T13:57:07Z,04,d_vargas,SKILL_010_20260204_135707,319.33,11936.48,FALSE,SKILL_010,Package earphones,BAD_HZ /pika_pose_l (63.5/100.0) | BAD_HZ /camera_l/ffmpeg (0.0/30.0) | BAD_HZ /camera_r/ffmpeg (0.0/30.0)
2026-02-04T13:50:27Z,04,d_vargas,SKILL_010_20260204_135027,331.83,12226.93,FALSE,SKILL_010,Package earphones,BAD_HZ /camera_l/ffmpeg (0.0/30.0) | BAD_HZ /camera_r/ffmpeg (0.0/30.0)
2026-02-04T13:32:00Z,04,d_vargas,SKILL_009_20260204_133200,233.73,8641.80,FALSE,SKILL_009,Package Cotton set,BAD_HZ /camera_l/ffmpeg (0.0/30.0) | BAD_HZ /camera_r/ffmpeg (0.0/30.0)
2026-02-04T13:26:54Z,04,d_vargas,SKILL_009_20260204_132653,247.56,8594.31,FALSE,SKILL_009,Package Cotton set,BAD_HZ /camera_l/ffmpeg (0.0/30.0) | BAD_HZ /camera_r/ffmpeg (0.0/30.0)
2026-02-04T14:32:44Z,04,d_vargas,SKILL_007_20260204_143244,393.55,14870.91,FALSE,SKILL_007,Separate tongue depressors by color,BAD_HZ /camera_l/ffmpeg (0.0/30.0) | BAD_HZ /camera_r/ffmpeg (0.0/30.0)
2026-02-04T10:59:42Z,04,n_mora,SKILL_007_20260204_105942,385.63,13946.57,FALSE,SKILL_007,Separate tongue depressors by color,BAD_HZ /camera_l/ffmpeg (0.0/30.0) | BAD_HZ /camera_r/ffmpeg (0.0/30.0)
2026-02-04T10:52:37Z,04,l_aguilera,SKILL_007_20260204_105236,176.28,6476.79,FALSE,SKILL_007,Separate tongue depressors by color,BAD_HZ /camera_l/ffmpeg (0.0/30.0) | BAD_HZ /camera_r/ffmpeg (0.0/30.0)
2026-02-04T10:40:57Z,04,l_aguilera,SKILL_007_20260204_104056,142.85,5267.70,FALSE,SKILL_007,Separate tongue depressors by color,BAD_HZ /pika_pose_r (74.4/100.0) | BAD_HZ /camera_l/ffmpeg (0.0/30.0) | BAD_HZ /camera_r/ffmpeg (0.0/30.0)
2026-02-04T10:37:44Z,04,l_aguilera,SKILL_007_20260204_103744,37.30,1336.57,FALSE,SKILL_007,Separate tongue depressors by color,TOO_SHORT (37.3s < 90.0s) | BAD_HZ /pika_pose_l (40.6/100.0) | BAD_HZ /camera_l/ffmpeg (0.0/30.0) | BAD_HZ /camera_r/ffmpeg (0.0/30.0) | BAD_HZ /pika_pose_r (18.6/100.0)
2026-02-04T10:36:14Z,04,l_aguilera,SKILL_007_20260204_103614,44.48,1634.27,FALSE,SKILL_007,Separate tongue depressors by color,TOO_SHORT (44.4s < 90.0s) | BAD_HZ /pika_pose_l (45.1/100.0) | BAD_HZ /camera_l/ffmpeg (0.0/30.0) | BAD_HZ /camera_r/ffmpeg (0.0/30.0)
2026-02-04T13:44:42Z,04,d_vargas,SKILL_005_20260204_134442,90.53,3338.15,FALSE,SKILL_005,Insert allen keys in package,BAD_HZ /camera_l/ffmpeg (0.0/30.0) | BAD_HZ /camera_r/ffmpeg (0.0/30.0)
2026-02-04T13:41:06Z,04,d_vargas,SKILL_005_20260204_134106,183.31,6808.37,FALSE,SKILL_005,Insert allen keys in package,BAD_HZ /camera_l/ffmpeg (0.0/30.0) | BAD_HZ /camera_r/ffmpeg (0.0/30.0)
2026-02-04T13:37:38Z,04,d_vargas,SKILL_005_20260204_133738,162.12,6018.26,FALSE,SKILL_005,Insert allen keys in package,BAD_HZ /camera_l/ffmpeg (0.0/30.0) | BAD_HZ /camera_r/ffmpeg (0.0/30.0)
2026-02-04T10:33:11Z,04,l_aguilera,SKILL_005_20260204_103311,125.94,4538.50,FALSE,SKILL_005,Insert allen keys in package,BAD_HZ /camera_l/ffmpeg (0.0/30.0) | BAD_HZ /camera_r/ffmpeg (0.0/30.0)
2026-02-04T10:30:47Z,04,l_aguilera,SKILL_005_20260204_103047,121.56,4368.30,FALSE,SKILL_005,Insert allen keys in package,BAD_HZ /camera_l/ffmpeg (0.0/30.0) | BAD_HZ /camera_r/ffmpeg (0.0/30.0)
2026-02-04T10:28:01Z,04,l_aguilera,SKILL_005_20260204_102801,141.86,4979.33,FALSE,SKILL_005,Insert allen keys in package,BAD_HZ /camera_l/ffmpeg (0.0/30.0) | BAD_HZ /camera_r/ffmpeg (0.0/30.0)
2026-02-04T13:14:57Z,04,d_vargas,SKILL_003_20260204_131457,228.27,8476.30,FALSE,SKILL_003,Organize screwdriver bits,BAD_HZ /camera_l/ffmpeg (0.0/30.0) | BAD_HZ /camera_r/ffmpeg (0.0/30.0)
2026-02-04T13:10:41Z,04,d_vargas,SKILL_003_20260204_131041,200.69,7432.32,FALSE,SKILL_003,Organize screwdriver bits,BAD_HZ /camera_l/ffmpeg (0.0/30.0) | BAD_HZ /camera_r/ffmpeg (0.0/30.0)
2026-02-04T13:16:35Z,05,n_mora,SKILL_012_20260204_131635,138.14,2594.99,FALSE,SKILL_012,Put pasta in jars,BAD_HZ /gripper_r/data (101.5/120.0) | BAD_HZ /camera_l/depth/image_rect_raw (13.0/30.0) | BAD_HZ /camera_r/depth/image_rect_raw (13.0/30.0)
2026-02-04T13:10:54Z,05,l_aguilera,SKILL_012_20260204_131053,150.24,2762.19,FALSE,SKILL_012,Put pasta in jars,BAD_HZ /camera_r/depth/image_rect_raw (13.5/30.0) | BAD_HZ /camera_l/depth/image_rect_raw (12.4/30.0)
2026-02-04T14:18:50Z,05,l_aguilera,SKILL_009_20260204_141850,101.01,1635.68,FALSE,SKILL_009,Package Cotton set,BAD_HZ /camera_r/depth/image_rect_raw (11.8/30.0) | BAD_HZ /pika_pose_r (40.0/100.0) | BAD_HZ /camera_fisheye_r/ffmpeg (0.0/30.0) | BAD_HZ /camera_l/depth/image_rect_raw (11.9/30.0)
2026-02-04T14:14:23Z,05,l_aguilera,SKILL_009_20260204_141423,130.40,1953.83,FALSE,SKILL_009,Package Cotton set,BAD_HZ /camera_r/depth/image_rect_raw (10.1/30.0) | BAD_HZ /gripper_r/data (93.2/120.0) | BAD_HZ /camera_fisheye_r/ffmpeg (0.0/30.0) | BAD_HZ /camera_l/depth/image_rect_raw (11.7/30.0) | BAD_HZ /pika_pose_l (69.8/100.0) | BAD_HZ /gripper_l/data (93.6/120.0)
2026-02-04T14:11:08Z,05,l_aguilera,SKILL_009_20260204_141107,170.69,2592.70,FALSE,SKILL_009,Package Cotton set,BAD_HZ /gripper_l/data (93.4/120.0) | BAD_HZ /camera_r/depth/image_rect_raw (10.2/30.0) | BAD_HZ /pika_pose_r (80.6/100.0) | BAD_HZ /gripper_r/data (93.4/120.0) | BAD_HZ /camera_fisheye_r/ffmpeg (0.0/30.0) | BAD_HZ /camera_l/depth/image_rect_raw (12.2/30.0)
2026-02-04T13:43:30Z,05,n_mora,SKILL_009_20260204_134329,137.18,2728.06,FALSE,SKILL_009,Package Cotton set,BAD_HZ /camera_fisheye_l/ffmpeg (0.0/30.0) | BAD_HZ /camera_fisheye_r/ffmpeg (0.0/30.0) | BAD_HZ /camera_l/depth/image_rect_raw (15.6/30.0) | BAD_HZ /camera_r/depth/image_rect_raw (16.4/30.0)
2026-02-04T13:23:12Z,05,n_mora,SKILL_001_20260204_132312,493.98,10028.70,FALSE,SKILL_001,Organize beads per color,BAD_HZ /camera_l/depth/image_rect_raw (14.3/30.0) | BAD_HZ /camera_r/depth/image_rect_raw (14.5/30.0)
2026-02-04T11:23:25Z,04,n_mora,SKILL_017_20260204_112325,114.28,4190.01,FALSE,SKILL_017,Put pasta in ziploc bags,BAD_HZ /pika_pose_r (81.2/100.0) | BAD_HZ /pika_pose_l (81.2/100.0) | BAD_HZ /camera_l/ffmpeg (0.0/30.0) | BAD_HZ /camera_r/ffmpeg (0.0/30.0)
2026-02-04T11:21:10Z,04,n_mora,SKILL_017_20260204_112110,99.49,3596.15,FALSE,SKILL_017,Put pasta in ziploc bags,BAD_HZ /camera_l/ffmpeg (0.0/30.0) | BAD_HZ /camera_r/ffmpeg (0.0/30.0)
2026-02-04T14:48:57Z,04,d_vargas,SKILL_015_20260204_144857,218.11,8074.39,FALSE,SKILL_015,Thread a needle,BAD_HZ /camera_l/ffmpeg (0.0/30.0) | BAD_HZ /camera_r/ffmpeg (0.0/30.0)
2026-02-04T14:43:10Z,04,d_vargas,SKILL_015_20260204_144310,266.31,9885.16,FALSE,SKILL_015,Thread a needle,BAD_HZ /camera_l/ffmpeg (0.0/30.0) | BAD_HZ /camera_r/ffmpeg (0.0/30.0)
2026-02-04T14:27:45Z,04,d_vargas,SKILL_014_20260204_142745,135.42,5035.32,FALSE,SKILL_014,Fasten nuts onto bolts,BAD_HZ /camera_l/ffmpeg (0.0/30.0) | BAD_HZ /camera_r/ffmpeg (0.0/30.0)
2026-02-04T14:14:16Z,04,d_vargas,SKILL_013_20260204_141416,46.99,1746.95,FALSE,SKILL_013,Set up a hand lamp,TOO_SHORT (47.0s < 90.0s) | BAD_HZ /camera_l/ffmpeg (0.0/30.0) | BAD_HZ /camera_r/ffmpeg (0.0/30.0)
2026-02-04T14:20:03Z,04,d_vargas,SKILL_014_20260204_142003,364.72,13562.42,FALSE,SKILL_014,Fasten nuts onto bolts,BAD_HZ /camera_l/ffmpeg (0.0/30.0) | BAD_HZ /camera_r/ffmpeg (0.0/30.0)
2026-02-04T14:11:46Z,04,d_vargas,SKILL_013_20260204_141146,110.93,4119.07,FALSE,SKILL_013,Set up a hand lamp,BAD_HZ /camera_l/ffmpeg (0.0/30.0) | BAD_HZ /camera_r/ffmpeg (0.0/30.0)
2026-02-04T14:08:30Z,04,d_vargas,SKILL_013_20260204_140830,158.73,5892.76,FALSE,SKILL_013,Set up a hand lamp,BAD_HZ /camera_l/ffmpeg (0.0/30.0) | BAD_HZ /camera_r/ffmpeg (0.0/30.0)
2026-02-04T14:05:48Z,04,d_vargas,SKILL_013_20260204_140548,112.60,4187.34,FALSE,SKILL_013,Set up a hand lamp,BAD_HZ /camera_l/ffmpeg (0.0/30.0) | BAD_HZ /camera_r/ffmpeg (0.0/30.0)
2026-02-04T11:18:50Z,04,n_mora,SKILL_013_20260204_111850,107.94,3694.15,FALSE,SKILL_013,Set up a hand lamp,BAD_HZ /camera_l/ffmpeg (0.0/30.0) | BAD_HZ /camera_r/ffmpeg (0.0/30.0)
2026-02-04T11:13:28Z,04,n_mora,SKILL_013_20260204_111328,101.01,3667.42,FALSE,SKILL_013,Set up a hand lamp,BAD_HZ /camera_l/ffmpeg (0.0/30.0) | BAD_HZ /camera_r/ffmpeg (0.0/30.0)
2026-02-04T14:44:07Z,05,l_aguilera,SKILL_018_20260204_144406,172.08,3728.61,FALSE,SKILL_018,Close bags with twist ties,BAD_HZ /camera_r/depth/image_rect_raw (15.1/30.0) | BAD_HZ /camera_l/depth/image_rect_raw (16.3/30.0)
2026-02-04T13:50:23Z,05,n_mora,SKILL_018_20260204_135023,106.53,1979.87,FALSE,SKILL_018,Close bags with twist ties,BAD_HZ /pika_pose_l (54.0/100.0) | BAD_HZ /camera_r/depth/image_rect_raw (15.7/30.0) | BAD_HZ /camera_fisheye_l/ffmpeg (0.0/30.0) | BAD_HZ /camera_fisheye_r/ffmpeg (0.0/30.0) | BAD_HZ /camera_l/depth/image_rect_raw (14.0/30.0)
2026-02-04T14:33:25Z,05,l_aguilera,SKILL_013_20260204_143324,141.15,2741.51,FALSE,SKILL_013,Set up a hand lamp,BAD_HZ /camera_l/depth/image_rect_raw (13.6/30.0) | BAD_HZ /camera_l/ffmpeg (25.4/30.0) | BAD_HZ /camera_r/depth/image_rect_raw (14.6/30.0)
2026-02-05T10:11:16Z,01,n_mora,SKILL_007_20260205_101116,456.61,16924.34,FALSE,SKILL_007,Separate tongue depressors by color,BAD_HZ /camera_fisheye_l/ffmpeg (0.0/30.0)
2026-02-04T13:19:27Z,05,n_mora,SKILL_012_20260204_131927,152.17,2836.75,FALSE,SKILL_012,Put pasta in jars,BAD_HZ /camera_l/depth/image_rect_raw (13.2/30.0) | BAD_HZ /gripper_l/data (98.7/120.0) | BAD_HZ /camera_r/depth/image_rect_raw (12.7/30.0) | BAD_HZ /gripper_r/data (97.5/120.0)
2026-02-04T14:22:38Z,05,l_aguilera,SKILL_013_20260204_142238,76.64,1488.80,FALSE,SKILL_013,Set up a hand lamp,TOO_SHORT (77.1s < 90.0s) | BAD_HZ /camera_fisheye_r/ffmpeg (0.0/30.0) | BAD_HZ /camera_l/depth/image_rect_raw (14.6/30.0) | BAD_HZ /camera_r/depth/image_rect_raw (15.0/30.0)
2026-02-04T14:26:56Z,05,l_aguilera,SKILL_013_20260204_142655,156.49,2467.31,FALSE,SKILL_013,Set up a hand lamp,BAD_HZ /camera_fisheye_r/ffmpeg (0.0/30.0) | BAD_HZ /camera_l/depth/image_rect_raw (11.6/30.0) | BAD_HZ /camera_r/depth/image_rect_raw (12.1/30.0)
2026-02-05T10:21:28Z,01,n_mora,SKILL_005_20260205_102128,207.87,7649.84,FALSE,SKILL_005,Insert allen keys in package,BAD_HZ /camera_fisheye_l/ffmpeg (0.0/30.0)
2026-02-05T10:27:01Z,01,n_mora,SKILL_005_20260205_102701,162.32,5973.95,FALSE,SKILL_005,Insert allen keys in package,BAD_HZ /camera_fisheye_l/ffmpeg (0.0/30.0)
2026-02-05T10:30:47Z,01,n_mora,SKILL_005_20260205_103047,195.74,7203.82,FALSE,SKILL_005,Insert allen keys in package,BAD_HZ /camera_fisheye_l/ffmpeg (0.0/30.0)
2026-02-05T07:50:41Z,01,n_mora,SKILL_007_20260205_075040,427.80,8928.15,FALSE,SKILL_007,Separate tongue depressors by color,BAD_HZ /camera_fisheye_l/ffmpeg (0.0/30.0) | BAD_HZ /camera_l/depth/image_rect_raw (2.6/30.0) | BAD_HZ /camera_l/ffmpeg (2.7/30.0)
2026-02-04T14:07:21Z,05,l_aguilera,SKILL_020_20260204_140721,72.55,966.95,FALSE,SKILL_020,Open locks with their keys,TOO_SHORT (72.5s < 90.0s) | BAD_HZ /camera_fisheye_r/ffmpeg (0.0/30.0) | BAD_HZ /camera_l/depth/image_rect_raw (9.9/30.0) | BAD_HZ /gripper_l/data (101.0/120.0) | BAD_HZ /camera_r/depth/image_rect_raw (10.0/30.0) | BAD_HZ /gripper_r/data (98.6/120.0)
2026-02-05T07:25:59Z,01,n_mora,SKILL_005_20260205_072559,179.08,6589.50,FALSE,SKILL_005,Insert allen keys in package,BAD_HZ /camera_fisheye_l/ffmpeg (0.0/30.0)
2026-02-05T07:30:06Z,01,n_mora,SKILL_005_20260205_073006,335.89,12352.57,FALSE,SKILL_005,Insert allen keys in package,BAD_HZ /camera_fisheye_l/ffmpeg (0.0/30.0)
2026-02-04T14:03:20Z,05,l_aguilera,SKILL_020_20260204_140320,75.52,957.67,FALSE,SKILL_020,Open locks with their keys,TOO_SHORT (75.5s < 90.0s) | BAD_HZ /camera_r/depth/image_rect_raw (9.8/30.0) | BAD_HZ /pika_pose_r (84.4/100.0) | BAD_HZ /gripper_r/data (87.9/120.0) | BAD_HZ /camera_fisheye_r/ffmpeg (0.0/30.0) | BAD_HZ /camera_l/depth/image_rect_raw (8.9/30.0) | BAD_HZ /gripper_l/data (88.2/120.0)
2026-02-04T14:05:13Z,05,l_aguilera,SKILL_020_20260204_140513,80.33,989.84,FALSE,SKILL_020,Open locks with their keys,TOO_SHORT (80.3s < 90.0s) | BAD_HZ /camera_fisheye_r/ffmpeg (0.0/30.0) | BAD_HZ /camera_l/depth/image_rect_raw (8.8/30.0) | BAD_HZ /gripper_l/data (92.4/120.0) | BAD_HZ /camera_r/depth/image_rect_raw (9.4/30.0) | BAD_HZ /pika_pose_r (70.1/100.0) | BAD_HZ /gripper_r/data (92.3/120.0)
2026-02-04T14:01:30Z,05,l_aguilera,SKILL_020_20260204_140129,71.59,957.58,FALSE,SKILL_020,Open locks with their keys,TOO_SHORT (72.5s < 90.0s) | BAD_HZ /gripper_r/data (92.2/120.0) | BAD_HZ /camera_fisheye_r/ffmpeg (0.0/30.0) | BAD_HZ /camera_l/depth/image_rect_raw (9.3/30.0) | BAD_HZ /gripper_l/data (92.6/120.0) | BAD_HZ /camera_r/depth/image_rect_raw (10.4/30.0)
2026-02-04T14:37:26Z,05,l_aguilera,SKILL_013_20260204_143726,148.94,2817.84,FALSE,SKILL_013,Set up a hand lamp,BAD_HZ /camera_l/depth/image_rect_raw (13.3/30.0) | BAD_HZ /camera_l/ffmpeg (25.1/30.0) | BAD_HZ /camera_r/ffmpeg (25.4/30.0) | BAD_HZ /camera_r/depth/image_rect_raw (14.3/30.0)
2026-02-04T14:49:26Z,05,l_aguilera,SKILL_018_20260204_144925,183.75,3619.79,FALSE,SKILL_018,Close bags with twist ties,BAD_HZ /camera_r/depth/image_rect_raw (14.0/30.0) | BAD_HZ /camera_l/depth/image_rect_raw (14.2/30.0) | BAD_HZ /pika_pose_l (84.1/100.0)
2026-02-05T09:58:14Z,01,n_mora,SKILL_014_20260205_095814,179.55,6533.08,FALSE,SKILL_014,Fasten nuts onto bolts,BAD_HZ /camera_fisheye_l/ffmpeg (0.0/30.0)
2026-02-05T09:57:04Z,01,n_mora,SKILL_014_20260205_095704,45.39,1662.30,FALSE,SKILL_014,Fasten nuts onto bolts,TOO_SHORT (45.4s < 90.0s) | BAD_HZ /camera_fisheye_l/ffmpeg (0.0/30.0)
2026-02-05T09:46:58Z,01,n_mora,SKILL_014_20260205_094658,256.39,9422.52,FALSE,SKILL_014,Fasten nuts onto bolts,BAD_HZ /camera_fisheye_l/ffmpeg (0.0/30.0)
2026-02-05T09:42:56Z,01,n_mora,SKILL_014_20260205_094256,135.13,4957.23,FALSE,SKILL_014,Fasten nuts onto bolts,BAD_HZ /camera_fisheye_l/ffmpeg (0.0/30.0)
2026-02-05T12:18:17Z,01,n_mora,SKILL_012_20260205_121816,183.04,6721.20,FALSE,SKILL_012,Put pasta in jars,BAD_HZ /camera_fisheye_l/ffmpeg (0.0/30.0)
2026-02-05T12:17:08Z,01,n_mora,SKILL_012_20260205_121708,0.01,0.03,FALSE,SKILL_012,Put pasta in jars,TOO_SHORT (0.0s < 90.0s) | BAD_HZ /gripper_r/data (300.2/120.0) | BAD_HZ /camera_fisheye_l/ffmpeg (0.0/30.0) | BAD_HZ /camera_fisheye_r/ffmpeg (0.0/30.0) | BAD_HZ /camera_l/depth/image_rect_raw (0.0/30.0) | BAD_HZ /pika_pose_l (300.2/100.0) | BAD_HZ /camera_l/ffmpeg (0.0/30.0) | BAD_HZ /camera_r/ffmpeg (0.0/30.0) | BAD_HZ /gripper_l/data (300.2/120.0) | BAD_HZ /camera_r/depth/image_rect_raw (0.0/30.0) | BAD_HZ /pika_pose_r (300.2/100.0)
2026-02-05T12:16:55Z,01,n_mora,SKILL_012_20260205_121655,0.06,9.10,FALSE,SKILL_012,Put pasta in jars,TOO_SHORT (0.1s < 90.0s) | BAD_HZ /camera_fisheye_l/ffmpeg (0.0/30.0) | BAD_HZ /camera_fisheye_r/ffmpeg (92.2/30.0) | BAD_HZ /camera_l/depth/image_rect_raw (105.3/30.0) | BAD_HZ /pika_pose_l (184.3/100.0) | BAD_HZ /camera_l/ffmpeg (105.3/30.0) | BAD_HZ /camera_r/ffmpeg (105.3/30.0) | BAD_HZ /gripper_l/data (184.3/120.0) | BAD_HZ /camera_r/depth/image_rect_raw (92.2/30.0) | BAD_HZ /pika_pose_r (184.3/100.0) | BAD_HZ /gripper_r/data (184.3/120.0)
2026-02-05T12:14:11Z,01,n_mora,SKILL_012_20260205_121411,163.43,5242.32,FALSE,SKILL_012,Put pasta in jars,BAD_HZ /camera_fisheye_l/ffmpeg (0.0/30.0)
2026-02-05T12:09:38Z,01,n_mora,SKILL_012_20260205_120938,152.57,5580.45,FALSE,SKILL_012,Put pasta in jars,BAD_HZ /camera_fisheye_l/ffmpeg (0.0/30.0)
2026-02-05T10:41:41Z,01,n_mora,SKILL_010_20260205_104141,263.15,9649.23,FALSE,SKILL_010,Package earphones,BAD_HZ /camera_fisheye_l/ffmpeg (0.0/30.0)
2026-02-05T10:37:56Z,01,n_mora,SKILL_010_20260205_103756,163.53,6031.81,FALSE,SKILL_010,Package earphones,BAD_HZ /camera_fisheye_l/ffmpeg (0.0/30.0)
2026-02-05T07:46:24Z,01,n_mora,SKILL_009_20260205_074624,192.26,7043.14,FALSE,SKILL_009,Package Cotton set,BAD_HZ /camera_fisheye_l/ffmpeg (0.0/30.0)
2026-02-05T10:03:39Z,01,n_mora,SKILL_009_20260205_100339,116.80,4297.06,FALSE,SKILL_009,Package Cotton set,BAD_HZ /camera_fisheye_l/ffmpeg (0.0/30.0)
2026-02-05T10:06:20Z,01,n_mora,SKILL_009_20260205_100620,180.75,6628.67,FALSE,SKILL_009,Package Cotton set,BAD_HZ /camera_fisheye_l/ffmpeg (0.0/30.0)
2026-02-05T08:00:16Z,01,n_mora,SKILL_010_20260205_080016,284.95,9832.30,FALSE,SKILL_010,Package earphones,BAD_HZ /camera_fisheye_l/ffmpeg (0.0/30.0)
2026-02-05T08:09:04Z,01,n_mora,SKILL_010_20260205_080904,305.09,11102.02,FALSE,SKILL_010,Package earphones,BAD_HZ /camera_fisheye_l/ffmpeg (0.0/30.0)
2026-02-05T08:15:11Z,01,n_mora,SKILL_010_20260205_081511,260.63,9444.73,FALSE,SKILL_010,Package earphones,BAD_HZ /camera_fisheye_l/ffmpeg (0.0/30.0)
2026-02-05T07:39:04Z,01,n_mora,SKILL_009_20260205_073904,176.28,6470.07,FALSE,SKILL_009,Package Cotton set,BAD_HZ /camera_fisheye_l/ffmpeg (0.0/30.0)
2026-02-05T07:43:00Z,01,n_mora,SKILL_009_20260205_074300,171.08,6330.04,FALSE,SKILL_009,Package Cotton set,BAD_HZ /camera_fisheye_l/ffmpeg (0.0/30.0)
2026-02-05T11:19:51Z,01,n_mora,SKILL_019_20260205_111951,296.80,10860.14,FALSE,SKILL_019,Put pasta in plastic containers,BAD_HZ /camera_fisheye_l/ffmpeg (0.0/30.0)
2026-02-05T11:13:15Z,01,n_mora,SKILL_019_20260205_111315,311.19,11382.44,FALSE,SKILL_019,Put pasta in plastic containers,BAD_HZ /camera_fisheye_l/ffmpeg (0.0/30.0)
2026-02-05T11:07:29Z,01,n_mora,SKILL_019_20260205_110729,191.58,7053.05,FALSE,SKILL_019,Put pasta in plastic containers,BAD_HZ /camera_fisheye_l/ffmpeg (0.0/30.0)
2026-02-05T11:02:45Z,01,n_mora,SKILL_019_20260205_110245,209.00,7699.40,FALSE,SKILL_019,Put pasta in plastic containers,BAD_HZ /camera_fisheye_l/ffmpeg (0.0/30.0)
2026-02-05T10:58:05Z,01,n_mora,SKILL_019_20260205_105805,207.10,7607.82,FALSE,SKILL_019,Put pasta in plastic containers,BAD_HZ /camera_fisheye_l/ffmpeg (0.0/30.0)
2026-02-05T10:53:34Z,01,n_mora,SKILL_019_20260205_105334,187.54,6939.25,FALSE,SKILL_019,Put pasta in plastic containers,BAD_HZ /camera_fisheye_l/ffmpeg (0.0/30.0)
2026-02-05T09:16:16Z,01,n_mora,SKILL_019_20260205_091616,205.62,7656.57,FALSE,SKILL_019,Put pasta in plastic containers,BAD_HZ /camera_fisheye_l/ffmpeg (0.0/30.0)
2026-02-05T09:07:59Z,01,n_mora,SKILL_019_20260205_090759,164.68,6127.99,FALSE,SKILL_019,Put pasta in plastic containers,BAD_HZ /camera_fisheye_l/ffmpeg (0.0/30.0)
2026-02-05T09:03:58Z,01,n_mora,SKILL_019_20260205_090358,151.46,5600.29,FALSE,SKILL_019,Put pasta in plastic containers,BAD_HZ /camera_fisheye_l/ffmpeg (0.0/30.0)
2026-02-05T08:59:48Z,01,n_mora,SKILL_019_20260205_085948,214.53,7930.90,FALSE,SKILL_019,Put pasta in plastic containers,BAD_HZ /camera_fisheye_l/ffmpeg (0.0/30.0)
2026-02-05T08:59:00Z,01,n_mora,SKILL_019_20260205_085900,0.22,19.21,FALSE,SKILL_019,Put pasta in plastic containers,TOO_SHORT (0.2s < 90.0s) | BAD_HZ /camera_l/ffmpeg (72.9/30.0) | BAD_HZ /camera_r/ffmpeg (72.9/30.0) | BAD_HZ /gripper_l/data (141.3/120.0) | BAD_HZ /camera_r/depth/image_rect_raw (72.9/30.0) | BAD_HZ /pika_pose_r (141.3/100.0) | BAD_HZ /gripper_r/data (164.1/120.0) | BAD_HZ /camera_fisheye_l/ffmpeg (0.0/30.0) | BAD_HZ /camera_fisheye_r/ffmpeg (77.5/30.0) | BAD_HZ /camera_l/depth/image_rect_raw (72.9/30.0) | BAD_HZ /pika_pose_l (141.3/100.0)
2026-02-05T08:55:39Z,01,n_mora,SKILL_019_20260205_085539,198.49,7319.00,FALSE,SKILL_019,Put pasta in plastic containers,BAD_HZ /camera_fisheye_l/ffmpeg (0.0/30.0)
2026-02-05T08:50:44Z,01,n_mora,SKILL_019_20260205_085044,201.70,7215.21,FALSE,SKILL_019,Put pasta in plastic containers,BAD_HZ /camera_fisheye_l/ffmpeg (0.0/30.0)
2026-02-05T08:45:07Z,04,d_vargas,SKILL_009_20260205_084507,207.93,6993.90,FALSE,SKILL_009,Package Cotton set,BAD_HZ /camera_l/ffmpeg (0.0/30.0) | BAD_HZ /camera_r/ffmpeg (0.0/30.0)
2026-02-05T08:31:02Z,04,d_vargas,SKILL_009_20260205_083102,237.89,8813.24,FALSE,SKILL_009,Package Cotton set,BAD_HZ /camera_l/ffmpeg (0.0/30.0) | BAD_HZ /camera_r/ffmpeg (0.0/30.0)
2026-02-05T11:12:04Z,04,d_vargas,SKILL_004_20260205_111204,7.14,258.92,FALSE,SKILL_004,Set Screwdriver package,TOO_SHORT (7.1s < 90.0s) | BAD_HZ /camera_l/ffmpeg (0.0/30.0) | BAD_HZ /camera_r/ffmpeg (0.0/30.0)
2026-02-05T11:08:46Z,04,d_vargas,SKILL_004_20260205_110846,113.84,4147.85,FALSE,SKILL_004,Set Screwdriver package,BAD_HZ /camera_l/ffmpeg (0.0/30.0) | BAD_HZ /camera_r/ffmpeg (0.0/30.0)
2026-02-05T11:06:07Z,04,d_vargas,SKILL_004_20260205_110607,111.33,4057.35,FALSE,SKILL_004,Set Screwdriver package,BAD_HZ /camera_l/ffmpeg (0.0/30.0) | BAD_HZ /camera_r/ffmpeg (0.0/30.0)
2026-02-05T11:02:48Z,04,d_vargas,SKILL_004_20260205_110248,66.40,2432.19,FALSE,SKILL_004,Set Screwdriver package,TOO_SHORT (66.4s < 90.0s) | BAD_HZ /camera_l/ffmpeg (0.0/30.0) | BAD_HZ /camera_r/ffmpeg (0.0/30.0)
2026-02-05T10:59:51Z,04,d_vargas,SKILL_004_20260205_105951,124.79,4560.72,FALSE,SKILL_004,Set Screwdriver package,BAD_HZ /camera_l/ffmpeg (0.0/30.0) | BAD_HZ /camera_r/ffmpeg (0.0/30.0)
2026-02-05T10:57:30Z,04,d_vargas,SKILL_004_20260205_105730,130.79,4768.73,FALSE,SKILL_004,Set Screwdriver package,BAD_HZ /camera_r/ffmpeg (0.0/30.0) | BAD_HZ /camera_l/ffmpeg (0.0/30.0)
2026-02-05T10:57:18Z,04,d_vargas,SKILL_004_20260205_105718,2.07,76.21,FALSE,SKILL_004,Set Screwdriver package,TOO_SHORT (2.1s < 90.0s) | BAD_HZ /camera_l/ffmpeg (0.0/30.0) | BAD_HZ /camera_r/ffmpeg (0.0/30.0) | BAD_HZ /gripper_r/data (99.6/120.0)
2026-02-05T10:55:23Z,04,d_vargas,SKILL_004_20260205_105523,87.64,3200.30,FALSE,SKILL_004,Set Screwdriver package,TOO_SHORT (87.9s < 90.0s) | BAD_HZ /camera_r/ffmpeg (0.0/30.0) | BAD_HZ /camera_l/ffmpeg (0.0/30.0)
2026-02-05T10:40:38Z,04,d_vargas,SKILL_004_20260205_104038,147.56,5352.19,FALSE,SKILL_004,Set Screwdriver package,BAD_HZ /pika_pose_r (82.2/100.0) | BAD_HZ /camera_fisheye_r/ffmpeg (0.0/30.0) | BAD_HZ /camera_l/ffmpeg (0.0/30.0) | BAD_HZ /camera_r/ffmpeg (0.0/30.0)
2026-02-05T07:54:52Z,04,d_vargas,SKILL_003_20260205_075452,155.07,5670.56,FALSE,SKILL_003,Organize screwdriver bits,BAD_HZ /camera_l/ffmpeg (0.0/30.0) | BAD_HZ /camera_r/ffmpeg (0.0/30.0)
2026-02-05T07:48:21Z,04,d_vargas,SKILL_003_20260205_074821,283.48,10575.74,FALSE,SKILL_003,Organize screwdriver bits,BAD_HZ /camera_l/ffmpeg (0.0/30.0) | BAD_HZ /camera_r/ffmpeg (0.0/30.0)
2026-02-05T07:25:23Z,04,d_vargas,SKILL_001_20260205_072523,535.61,18814.71,FALSE,SKILL_001,Organize beads per color,BAD_HZ /camera_l/ffmpeg (0.0/30.0) | BAD_HZ /camera_r/ffmpeg (0.0/30.0)
2026-02-05T13:42:46Z,04,e_martinez,SKILL_018_20260205_134246,213.60,7995.58,FALSE,SKILL_018,Close bags with twist ties,BAD_HZ /camera_l/ffmpeg (0.0/30.0) | BAD_HZ /camera_r/ffmpeg (0.0/30.0)
2026-02-05T13:37:41Z,04,e_martinez,SKILL_018_20260205_133741,211.79,6572.38,FALSE,SKILL_018,Close bags with twist ties,BAD_HZ /camera_l/ffmpeg (0.0/30.0) | BAD_HZ /camera_r/ffmpeg (0.0/30.0) | BAD_HZ /camera_r/depth/image_rect_raw (24.6/30.0) | BAD_HZ /camera_l/depth/image_rect_raw (23.5/30.0)
2026-02-05T10:36:25Z,04,d_vargas,SKILL_018_20260205_103625,155.68,5648.74,FALSE,SKILL_018,Close bags with twist ties,BAD_HZ /camera_l/ffmpeg (0.0/30.0) | BAD_HZ /camera_r/ffmpeg (0.0/30.0) | BAD_HZ /camera_fisheye_r/ffmpeg (0.0/30.0)
2026-02-05T10:31:44Z,04,d_vargas,SKILL_018_20260205_103144,189.45,6872.58,FALSE,SKILL_018,Close bags with twist ties,BAD_HZ /camera_fisheye_r/ffmpeg (0.0/30.0) | BAD_HZ /camera_l/ffmpeg (0.0/30.0) | BAD_HZ /camera_r/ffmpeg (0.0/30.0)
2026-02-05T10:06:34Z,04,d_vargas,SKILL_018_20260205_100634,133.62,4724.28,FALSE,SKILL_018,Close bags with twist ties,BAD_HZ /camera_fisheye_l/ffmpeg (0.0/30.0) | BAD_HZ /camera_fisheye_r/ffmpeg (0.0/30.0) | BAD_HZ /camera_l/ffmpeg (0.0/30.0) | BAD_HZ /camera_r/ffmpeg (0.0/30.0) | BAD_HZ /pika_pose_r (76.9/100.0)
2026-02-05T09:28:27Z,04,d_vargas,SKILL_018_20260205_092827,135.57,4678.01,FALSE,SKILL_018,Close bags with twist ties,BAD_HZ /camera_l/ffmpeg (0.0/30.0) | BAD_HZ /camera_r/ffmpeg (0.0/30.0)
2026-02-05T11:12:17Z,04,d_vargas,SKILL_017_20260205_111217,480.97,17818.32,FALSE,SKILL_017,Put pasta in ziploc bags,BAD_HZ /camera_l/ffmpeg (0.0/30.0) | BAD_HZ /camera_r/ffmpeg (0.0/30.0)
2026-02-05T13:29:47Z,04,e_martinez,SKILL_013_20260205_132947,140.56,5302.10,FALSE,SKILL_013,Set up a hand lamp,BAD_HZ /camera_l/ffmpeg (0.0/30.0) | BAD_HZ /camera_r/ffmpeg (0.0/30.0)
2026-02-05T13:26:17Z,04,e_martinez,SKILL_013_20260205_132616,147.74,5548.78,FALSE,SKILL_013,Set up a hand lamp,BAD_HZ /camera_l/ffmpeg (0.0/30.0) | BAD_HZ /camera_r/ffmpeg (0.0/30.0)
2026-02-05T08:26:29Z,04,d_vargas,SKILL_013_20260205_082628,106.80,3487.78,FALSE,SKILL_013,Set up a hand lamp,BAD_HZ /camera_l/ffmpeg (0.0/30.0) | BAD_HZ /camera_r/ffmpeg (0.0/30.0) | BAD_HZ /camera_r/depth/image_rect_raw (25.5/30.0)
2026-02-05T08:16:31Z,04,d_vargas,SKILL_013_20260205_081631,104.77,3867.76,FALSE,SKILL_013,Set up a hand lamp,BAD_HZ /camera_l/ffmpeg (0.0/30.0) | BAD_HZ /camera_r/ffmpeg (0.0/30.0) | BAD_HZ /pika_pose_r (79.1/100.0)
2026-02-05T08:16:17Z,04,d_vargas,SKILL_013_20260205_081617,5.64,209.35,FALSE,SKILL_013,Set up a hand lamp,TOO_SHORT (5.6s < 90.0s) | BAD_HZ /camera_l/ffmpeg (0.0/30.0) | BAD_HZ /camera_r/ffmpeg (0.0/30.0)
2026-02-05T08:14:13Z,04,d_vargas,SKILL_013_20260205_081413,91.29,3381.70,FALSE,SKILL_013,Set up a hand lamp,BAD_HZ /camera_l/ffmpeg (0.0/30.0) | BAD_HZ /camera_r/ffmpeg (0.0/30.0)
2026-02-05T08:10:02Z,04,d_vargas,SKILL_013_20260205_081001,114.85,3400.45,FALSE,SKILL_013,Set up a hand lamp,BAD_HZ /camera_r/ffmpeg (0.0/30.0) | BAD_HZ /camera_r/depth/image_rect_raw (22.3/30.0) | BAD_HZ /camera_l/depth/image_rect_raw (24.2/30.0) | BAD_HZ /camera_l/ffmpeg (0.0/30.0)
2026-02-05T07:44:40Z,04,d_vargas,SKILL_012_20260205_074440,129.17,4848.71,FALSE,SKILL_012,Put pasta in jars,BAD_HZ /camera_l/ffmpeg (0.0/30.0) | BAD_HZ /camera_r/ffmpeg (0.0/30.0)
2026-02-05T07:43:57Z,04,d_vargas,SKILL_012_20260205_074357,6.38,234.17,FALSE,SKILL_012,Put pasta in jars,TOO_SHORT (6.4s < 90.0s) | BAD_HZ /gripper_l/data (97.9/120.0) | BAD_HZ /camera_l/ffmpeg (0.0/30.0) | BAD_HZ /camera_r/ffmpeg (0.0/30.0)
2026-02-05T09:05:24Z,04,d_vargas,SKILL_009_20260205_090524,237.14,8793.41,FALSE,SKILL_009,Package Cotton set,BAD_HZ /camera_l/ffmpeg (0.0/30.0) | BAD_HZ /camera_r/ffmpeg (0.0/30.0)
2026-02-05T07:37:49Z,04,d_vargas,SKILL_012_20260205_073749,159.64,6002.84,FALSE,SKILL_012,Put pasta in jars,BAD_HZ /camera_l/ffmpeg (0.0/30.0) | BAD_HZ /camera_r/ffmpeg (0.0/30.0)
2026-02-05T08:53:59Z,04,d_vargas,SKILL_009_20260205_085359,197.42,5801.57,FALSE,SKILL_009,Package Cotton set,BAD_HZ /camera_l/ffmpeg (0.0/30.0) | BAD_HZ /camera_r/ffmpeg (0.0/30.0) | BAD_HZ /camera_r/depth/image_rect_raw (23.4/30.0) | BAD_HZ /camera_l/depth/image_rect_raw (22.8/30.0)
2026-02-05T08:47:51Z,05,l_aguilera,SKILL_003_20260205_084751,167.33,3240.37,FALSE,SKILL_003,Organize screwdriver bits,BAD_HZ /camera_r/depth/image_rect_raw (14.9/30.0) | BAD_HZ /camera_l/depth/image_rect_raw (13.3/30.0) | BAD_HZ /camera_l/ffmpeg (25.2/30.0)
2026-02-05T08:45:12Z,05,l_aguilera,SKILL_003_20260205_084512,120.29,2288.89,FALSE,SKILL_003,Organize screwdriver bits,BAD_HZ /camera_l/ffmpeg (25.1/30.0) | BAD_HZ /camera_r/depth/image_rect_raw (14.5/30.0) | BAD_HZ /camera_l/depth/image_rect_raw (13.2/30.0)
2026-02-05T08:39:48Z,05,l_aguilera,SKILL_003_20260205_083947,234.28,4790.64,FALSE,SKILL_003,Organize screwdriver bits,BAD_HZ /camera_r/depth/image_rect_raw (16.3/30.0) | BAD_HZ /camera_l/depth/image_rect_raw (13.7/30.0)
2026-02-05T08:34:43Z,05,l_aguilera,SKILL_003_20260205_083442,61.85,1099.27,FALSE,SKILL_003,Organize screwdriver bits,TOO_SHORT (63.1s < 90.0s) | BAD_HZ /camera_l/depth/image_rect_raw (13.1/30.0) | BAD_HZ /camera_l/ffmpeg (24.7/30.0) | BAD_HZ /camera_r/ffmpeg (24.8/30.0) | BAD_HZ /camera_r/depth/image_rect_raw (12.2/30.0)
2026-02-05T08:30:09Z,05,l_aguilera,SKILL_003_20260205_083009,55.03,1014.40,FALSE,SKILL_003,Organize screwdriver bits,TOO_SHORT (55.0s < 90.0s) | BAD_HZ /camera_l/depth/image_rect_raw (13.5/30.0) | BAD_HZ /pika_pose_l (43.1/100.0) | BAD_HZ /camera_r/ffmpeg (24.8/30.0) | BAD_HZ /camera_r/depth/image_rect_raw (13.2/30.0)
2026-02-05T14:48:13Z,05,e_martinez,SKILL_001_20260205_144813,407.47,8641.33,FALSE,SKILL_001,Organize beads per color,BAD_HZ /camera_l/depth/image_rect_raw (13.0/30.0) | BAD_HZ /camera_fisheye_r/ffmpeg (0.0/30.0) | BAD_HZ /camera_l/ffmpeg (24.3/30.0) | BAD_HZ /camera_r/depth/image_rect_raw (14.0/30.0)
2026-02-05T14:04:51Z,05,c_becerra,SKILL_001_20260205_140451,435.65,6521.26,FALSE,SKILL_001,Organize beads per color,BAD_HZ /camera_r/depth/image_rect_raw (2.7/30.0) | BAD_HZ /camera_l/depth/image_rect_raw (15.6/30.0) | BAD_HZ /camera_fisheye_r/ffmpeg (6.6/30.0) | BAD_HZ /camera_r/ffmpeg (5.4/30.0)
2026-02-05T11:14:40Z,05,l_aguilera,SKILL_001_20260205_111440,369.02,6496.25,FALSE,SKILL_001,Organize beads per color,BAD_HZ /camera_r/depth/image_rect_raw (12.5/30.0) | BAD_HZ /camera_l/depth/image_rect_raw (12.2/30.0)
2026-02-05T10:07:44Z,05,l_aguilera,SKILL_001_20260205_100743,512.95,9675.84,FALSE,SKILL_001,Organize beads per color,BAD_HZ /camera_r/depth/image_rect_raw (13.5/30.0) | BAD_HZ /camera_l/depth/image_rect_raw (13.6/30.0)
2026-02-05T08:00:18Z,05,l_aguilera,SKILL_001_20260205_080018,74.36,1159.91,FALSE,SKILL_001,Organize beads per color,TOO_SHORT (74.4s < 90.0s) | BAD_HZ /camera_r/ffmpeg (23.8/30.0) | BAD_HZ /pika_pose_r (30.7/100.0) | BAD_HZ /camera_r/depth/image_rect_raw (10.2/30.0) | BAD_HZ /camera_l/depth/image_rect_raw (11.1/30.0) | BAD_HZ /camera_l/ffmpeg (24.6/30.0)
2026-02-05T07:49:58Z,05,l_aguilera,SKILL_001_20260205_074958,504.77,8971.97,FALSE,SKILL_001,Organize beads per color,BAD_HZ /camera_l/depth/image_rect_raw (12.7/30.0) | BAD_HZ /camera_r/depth/image_rect_raw (12.3/30.0)
2026-02-05T09:25:30Z,04,d_vargas,SKILL_020_20260205_092530,10.65,388.35,FALSE,SKILL_020,Open locks with their keys,TOO_SHORT (10.7s < 90.0s) | BAD_HZ /gripper_l/data (96.1/120.0) | BAD_HZ /camera_l/ffmpeg (0.0/30.0) | BAD_HZ /camera_r/ffmpeg (0.0/30.0) | BAD_HZ /pika_pose_r (60.2/100.0)
2026-02-05T09:23:33Z,04,d_vargas,SKILL_020_20260205_092333,73.72,2724.46,FALSE,SKILL_020,Open locks with their keys,TOO_SHORT (73.7s < 90.0s) | BAD_HZ /camera_l/ffmpeg (0.0/30.0) | BAD_HZ /camera_r/ffmpeg (0.0/30.0)
2026-02-05T09:21:54Z,04,d_vargas,SKILL_020_20260205_092154,65.30,2430.36,FALSE,SKILL_020,Open locks with their keys,TOO_SHORT (65.3s < 90.0s) | BAD_HZ /camera_l/ffmpeg (0.0/30.0) | BAD_HZ /camera_r/ffmpeg (0.0/30.0)
2026-02-05T09:19:16Z,04,d_vargas,SKILL_020_20260205_091916,10.30,378.02,FALSE,SKILL_020,Open locks with their keys,TOO_SHORT (10.3s < 90.0s) | BAD_HZ /gripper_l/data (99.0/120.0) | BAD_HZ /camera_l/ffmpeg (0.0/30.0) | BAD_HZ /camera_r/ffmpeg (0.0/30.0)
2026-02-05T09:17:24Z,04,d_vargas,SKILL_020_20260205_091724,94.12,3482.62,FALSE,SKILL_020,Open locks with their keys,BAD_HZ /camera_l/ffmpeg (0.0/30.0) | BAD_HZ /camera_r/ffmpeg (0.0/30.0)
2026-02-05T09:11:09Z,04,d_vargas,SKILL_020_20260205_091109,99.92,3524.21,FALSE,SKILL_020,Open locks with their keys,BAD_HZ /camera_r/ffmpeg (0.0/30.0) | BAD_HZ /camera_l/ffmpeg (0.0/30.0)
2026-02-05T09:35:40Z,05,l_aguilera,SKILL_004_20260205_093540,67.51,1211.53,FALSE,SKILL_004,Set Screwdriver package,TOO_SHORT (67.5s < 90.0s) | BAD_HZ /camera_l/depth/image_rect_raw (11.6/30.0) | BAD_HZ /camera_r/depth/image_rect_raw (13.9/30.0)
2026-02-05T09:33:33Z,05,l_aguilera,SKILL_004_20260205_093333,81.78,1553.24,FALSE,SKILL_004,Set Screwdriver package,TOO_SHORT (81.8s < 90.0s) | BAD_HZ /camera_r/depth/image_rect_raw (14.3/30.0) | BAD_HZ /camera_l/depth/image_rect_raw (13.1/30.0)
2026-02-05T09:31:11Z,05,l_aguilera,SKILL_004_20260205_093110,65.11,1333.07,FALSE,SKILL_004,Set Screwdriver package,TOO_SHORT (66.3s < 90.0s) | BAD_HZ /camera_r/ffmpeg (25.1/30.0) | BAD_HZ /camera_r/depth/image_rect_raw (15.4/30.0) | BAD_HZ /camera_l/depth/image_rect_raw (13.7/30.0)
2026-02-05T09:26:04Z,05,l_aguilera,SKILL_004_20260205_092603,80.41,1733.77,FALSE,SKILL_004,Set Screwdriver package,TOO_SHORT (81.3s < 90.0s) | BAD_HZ /camera_r/depth/image_rect_raw (16.1/30.0) | BAD_HZ /camera_l/depth/image_rect_raw (15.1/30.0)
2026-02-05T09:20:55Z,05,l_aguilera,SKILL_004_20260205_092055,63.34,1330.45,FALSE,SKILL_004,Set Screwdriver package,TOO_SHORT (63.3s < 90.0s) | BAD_HZ /camera_r/depth/image_rect_raw (14.5/30.0) | BAD_HZ /camera_l/depth/image_rect_raw (16.3/30.0)
2026-02-05T14:40:47Z,05,e_martinez,SKILL_003_20260205_144047,250.22,5403.54,FALSE,SKILL_003,Organize screwdriver bits,BAD_HZ /camera_r/depth/image_rect_raw (14.2/30.0) | BAD_HZ /camera_l/depth/image_rect_raw (13.5/30.0) | BAD_HZ /camera_fisheye_r/ffmpeg (0.0/30.0) | BAD_HZ /camera_l/ffmpeg (24.5/30.0)
2026-02-05T14:12:15Z,05,c_becerra,SKILL_003_20260205_141215,242.17,3384.80,FALSE,SKILL_003,Organize screwdriver bits,BAD_HZ /camera_l/depth/image_rect_raw (17.2/30.0) | BAD_HZ /camera_fisheye_r/ffmpeg (0.0/30.0) | BAD_HZ /camera_r/ffmpeg (0.0/30.0) | BAD_HZ /camera_r/depth/image_rect_raw (0.0/30.0)
2026-02-05T13:01:25Z,05,c_becerra,SKILL_003_20260205_130125,35.13,776.81,FALSE,SKILL_003,Organize screwdriver bits,TOO_SHORT (35.1s < 90.0s) | BAD_HZ /camera_r/depth/image_rect_raw (14.4/30.0) | BAD_HZ /camera_l/depth/image_rect_raw (17.6/30.0) | BAD_HZ /pika_pose_l (58.4/100.0) | BAD_HZ /camera_fisheye_r/ffmpeg (0.0/30.0) | BAD_HZ /camera_r/ffmpeg (24.7/30.0)
2026-02-05T12:58:17Z,05,c_becerra,SKILL_003_20260205_125817,91.99,2072.52,FALSE,SKILL_003,Organize screwdriver bits,BAD_HZ /camera_r/depth/image_rect_raw (16.3/30.0) | BAD_HZ /camera_l/depth/image_rect_raw (16.9/30.0) | BAD_HZ /camera_fisheye_r/ffmpeg (0.0/30.0)
2026-02-05T12:55:16Z,05,c_becerra,SKILL_003_20260205_125516,93.65,2083.46,FALSE,SKILL_003,Organize screwdriver bits,BAD_HZ /camera_r/depth/image_rect_raw (16.0/30.0) | BAD_HZ /camera_l/depth/image_rect_raw (16.5/30.0) | BAD_HZ /camera_fisheye_r/ffmpeg (0.0/30.0)
2026-02-05T12:50:12Z,05,c_becerra,SKILL_003_20260205_125012,209.05,4796.29,FALSE,SKILL_003,Organize screwdriver bits,BAD_HZ /camera_fisheye_r/ffmpeg (0.0/30.0) | BAD_HZ /camera_r/depth/image_rect_raw (16.1/30.0) | BAD_HZ /camera_l/depth/image_rect_raw (17.1/30.0)
2026-02-05T12:44:45Z,05,c_becerra,SKILL_003_20260205_124445,242.34,3424.56,FALSE,SKILL_003,Organize screwdriver bits,BAD_HZ /camera_r/depth/image_rect_raw (2.5/30.0) | BAD_HZ /camera_l/depth/image_rect_raw (16.9/30.0) | BAD_HZ /camera_fisheye_r/ffmpeg (5.5/30.0) | BAD_HZ /camera_r/ffmpeg (4.1/30.0)
2026-02-05T12:39:46Z,05,c_becerra,SKILL_003_20260205_123946,226.33,5431.69,FALSE,SKILL_003,Organize screwdriver bits,BAD_HZ /camera_r/depth/image_rect_raw (16.0/30.0) | BAD_HZ /camera_l/depth/image_rect_raw (16.0/30.0)
2026-02-05T10:46:53Z,05,l_aguilera,SKILL_003_20260205_104653,226.33,4067.82,FALSE,SKILL_003,Organize screwdriver bits,BAD_HZ /camera_r/depth/image_rect_raw (13.4/30.0) | BAD_HZ /camera_l/depth/image_rect_raw (12.7/30.0)
2026-02-05T08:51:21Z,05,l_aguilera,SKILL_003_20260205_085121,79.79,1577.60,FALSE,SKILL_003,Organize screwdriver bits,TOO_SHORT (79.8s < 90.0s) | BAD_HZ /camera_l/ffmpeg (25.3/30.0) | BAD_HZ /camera_r/depth/image_rect_raw (15.3/30.0) | BAD_HZ /camera_l/depth/image_rect_raw (13.6/30.0)
2026-02-05T10:40:24Z,05,l_aguilera,SKILL_003_20260205_104024,258.27,4525.49,FALSE,SKILL_003,Organize screwdriver bits,BAD_HZ /camera_r/depth/image_rect_raw (13.0/30.0) | BAD_HZ /camera_l/depth/image_rect_raw (12.5/30.0)
2026-02-05T08:53:28Z,05,l_aguilera,SKILL_003_20260205_085328,218.29,4437.54,FALSE,SKILL_003,Organize screwdriver bits,BAD_HZ /camera_l/ffmpeg (25.3/30.0) | BAD_HZ /camera_r/depth/image_rect_raw (15.5/30.0) | BAD_HZ /camera_l/depth/image_rect_raw (14.4/30.0)
2026-02-05T13:47:24Z,05,c_becerra,SKILL_009_20260205_134724,192.19,3905.20,FALSE,SKILL_009,Package Cotton set,BAD_HZ /camera_l/depth/image_rect_raw (12.6/30.0) | BAD_HZ /camera_l/ffmpeg (24.7/30.0) | BAD_HZ /camera_r/ffmpeg (25.0/30.0) | BAD_HZ /camera_r/depth/image_rect_raw (12.9/30.0)
2026-02-05T13:41:55Z,05,c_becerra,SKILL_009_20260205_134155,181.48,3764.29,FALSE,SKILL_009,Package Cotton set,BAD_HZ /camera_l/ffmpeg (24.9/30.0) | BAD_HZ /camera_r/ffmpeg (24.9/30.0) | BAD_HZ /camera_r/depth/image_rect_raw (13.0/30.0) | BAD_HZ /camera_l/depth/image_rect_raw (13.2/30.0)
2026-02-05T13:38:23Z,05,c_becerra,SKILL_009_20260205_133823,169.62,3422.98,FALSE,SKILL_009,Package Cotton set,BAD_HZ /camera_l/ffmpeg (25.1/30.0) | BAD_HZ /camera_r/ffmpeg (25.0/30.0) | BAD_HZ /camera_r/depth/image_rect_raw (12.7/30.0) | BAD_HZ /camera_l/depth/image_rect_raw (12.9/30.0)
2026-02-05T13:37:34Z,05,c_becerra,SKILL_009_20260205_133732,18.74,438.67,FALSE,SKILL_009,Package Cotton set,TOO_SHORT (20.4s < 90.0s) | BAD_HZ /camera_r/depth/image_rect_raw (13.1/30.0) | BAD_HZ /camera_l/depth/image_rect_raw (13.3/30.0)
2026-02-05T13:29:08Z,05,c_becerra,SKILL_009_20260205_132908,82.15,1862.77,FALSE,SKILL_009,Package Cotton set,TOO_SHORT (82.1s < 90.0s) | BAD_HZ /camera_r/depth/image_rect_raw (13.8/30.0) | BAD_HZ /camera_l/depth/image_rect_raw (15.7/30.0) | BAD_HZ /camera_r/ffmpeg (23.7/30.0)
2026-02-05T13:24:18Z,05,c_becerra,SKILL_009_20260205_132418,240.36,5512.18,FALSE,SKILL_009,Package Cotton set,BAD_HZ /camera_r/depth/image_rect_raw (14.5/30.0) | BAD_HZ /camera_l/depth/image_rect_raw (15.7/30.0)
2026-02-05T10:56:49Z,05,l_aguilera,SKILL_009_20260205_105649,137.59,2592.92,FALSE,SKILL_009,Package Cotton set,BAD_HZ /camera_r/depth/image_rect_raw (13.4/30.0) | BAD_HZ /camera_l/depth/image_rect_raw (13.6/30.0)
2026-02-05T10:53:33Z,05,l_aguilera,SKILL_009_20260205_105333,152.57,2868.15,FALSE,SKILL_009,Package Cotton set,BAD_HZ /camera_l/depth/image_rect_raw (13.4/30.0) | BAD_HZ /camera_r/depth/image_rect_raw (13.5/30.0)
2026-02-05T07:36:22Z,05,l_aguilera,SKILL_009_20260205_073622,191.57,3515.07,FALSE,SKILL_009,Package Cotton set,BAD_HZ /camera_r/depth/image_rect_raw (13.1/30.0) | BAD_HZ /camera_l/depth/image_rect_raw (12.9/30.0)
2026-02-05T07:33:14Z,05,l_aguilera,SKILL_009_20260205_073314,153.90,2899.28,FALSE,SKILL_009,Package Cotton set,BAD_HZ /camera_r/depth/image_rect_raw (13.3/30.0) | BAD_HZ /camera_l/depth/image_rect_raw (13.4/30.0)
2026-02-05T07:29:58Z,05,l_aguilera,SKILL_009_20260205_072958,154.57,2936.25,FALSE,SKILL_009,Package Cotton set,BAD_HZ /camera_r/depth/image_rect_raw (13.9/30.0) | BAD_HZ /camera_l/depth/image_rect_raw (13.1/30.0)
2026-02-05T07:25:09Z,05,l_aguilera,SKILL_009_20260205_072508,166.87,2982.96,FALSE,SKILL_009,Package Cotton set,BAD_HZ /camera_l/ffmpeg (24.6/30.0) | BAD_HZ /camera_r/ffmpeg (24.4/30.0) | BAD_HZ /camera_r/depth/image_rect_raw (12.4/30.0) | BAD_HZ /camera_l/depth/image_rect_raw (12.7/30.0)
2026-02-05T07:18:53Z,05,l_aguilera,SKILL_009_20260205_071852,122.36,2313.82,FALSE,SKILL_009,Package Cotton set,BAD_HZ /camera_r/depth/image_rect_raw (13.1/30.0) | BAD_HZ /camera_l/depth/image_rect_raw (13.3/30.0)
2026-02-05T14:02:47Z,05,c_becerra,SKILL_004_20260205_140247,99.68,2242.96,FALSE,SKILL_004,Set Screwdriver package,BAD_HZ /camera_l/depth/image_rect_raw (13.7/30.0) | BAD_HZ /camera_r/depth/image_rect_raw (13.4/30.0)
2026-02-05T13:58:39Z,05,c_becerra,SKILL_004_20260205_135838,100.89,2373.10,FALSE,SKILL_004,Set Screwdriver package,BAD_HZ /camera_r/depth/image_rect_raw (14.8/30.0) | BAD_HZ /camera_l/depth/image_rect_raw (14.3/30.0)
2026-02-05T13:54:54Z,05,c_becerra,SKILL_004_20260205_135454,110.06,1870.22,FALSE,SKILL_004,Set Screwdriver package,BAD_HZ /camera_r/depth/image_rect_raw (6.2/30.0) | BAD_HZ /camera_l/depth/image_rect_raw (15.1/30.0) | BAD_HZ /camera_fisheye_r/ffmpeg (15.3/30.0) | BAD_HZ /camera_l/ffmpeg (25.4/30.0) | BAD_HZ /camera_r/ffmpeg (11.4/30.0)
2026-02-05T09:42:10Z,05,l_aguilera,SKILL_004_20260205_094210,92.21,1614.48,FALSE,SKILL_004,Set Screwdriver package,BAD_HZ /camera_l/depth/image_rect_raw (12.4/30.0) | BAD_HZ /camera_r/depth/image_rect_raw (12.9/30.0)
2026-02-05T09:38:51Z,05,l_aguilera,SKILL_004_20260205_093851,55.14,1031.61,FALSE,SKILL_004,Set Screwdriver package,TOO_SHORT (55.1s < 90.0s) | BAD_HZ /camera_l/depth/image_rect_raw (13.2/30.0) | BAD_HZ /camera_r/depth/image_rect_raw (13.5/30.0)
2026-02-05T09:37:16Z,05,l_aguilera,SKILL_004_20260205_093716,58.70,988.95,FALSE,SKILL_004,Set Screwdriver package,TOO_SHORT (58.7s < 90.0s) | BAD_HZ /camera_r/ffmpeg (25.5/30.0) | BAD_HZ /camera_r/depth/image_rect_raw (11.9/30.0) | BAD_HZ /camera_l/depth/image_rect_raw (11.7/30.0)
2026-02-05T12:20:37Z,05,c_becerra,SKILL_013_20260205_122037,194.99,4756.77,FALSE,SKILL_013,Set up a hand lamp,BAD_HZ /camera_r/depth/image_rect_raw (16.9/30.0) | BAD_HZ /camera_l/depth/image_rect_raw (16.2/30.0)
2026-02-05T10:36:56Z,05,l_aguilera,SKILL_013_20260205_103656,115.49,1920.84,FALSE,SKILL_013,Set up a hand lamp,BAD_HZ /camera_r/depth/image_rect_raw (12.5/30.0) | BAD_HZ /camera_l/depth/image_rect_raw (11.1/30.0)
2026-02-05T10:34:19Z,05,l_aguilera,SKILL_013_20260205_103418,89.99,1602.72,FALSE,SKILL_013,Set up a hand lamp,BAD_HZ /camera_l/depth/image_rect_raw (12.2/30.0) | BAD_HZ /camera_r/depth/image_rect_raw (13.0/30.0)
2026-02-05T10:29:50Z,05,l_aguilera,SKILL_013_20260205_102950,113.89,2178.35,FALSE,SKILL_013,Set up a hand lamp,BAD_HZ /camera_r/depth/image_rect_raw (14.2/30.0) | BAD_HZ /camera_l/depth/image_rect_raw (13.7/30.0)
2026-02-05T10:26:32Z,05,l_aguilera,SKILL_013_20260205_102632,152.44,2957.54,FALSE,SKILL_013,Set up a hand lamp,BAD_HZ /camera_r/depth/image_rect_raw (14.3/30.0) | BAD_HZ /camera_l/depth/image_rect_raw (14.1/30.0)
2026-02-05T10:23:58Z,05,l_aguilera,SKILL_013_20260205_102358,109.09,2072.30,FALSE,SKILL_013,Set up a hand lamp,BAD_HZ /camera_r/depth/image_rect_raw (14.7/30.0) | BAD_HZ /camera_l/depth/image_rect_raw (13.1/30.0)
2026-02-05T10:18:09Z,05,l_aguilera,SKILL_013_20260205_101809,90.49,1679.43,FALSE,SKILL_013,Set up a hand lamp,BAD_HZ /camera_l/depth/image_rect_raw (13.3/30.0) | BAD_HZ /camera_r/depth/image_rect_raw (13.7/30.0)
2026-02-05T14:38:18Z,05,e_martinez,SKILL_012_20260205_143818,138.22,3053.11,FALSE,SKILL_012,Put pasta in jars,BAD_HZ /camera_l/depth/image_rect_raw (13.8/30.0) | BAD_HZ /camera_fisheye_r/ffmpeg (0.0/30.0) | BAD_HZ /camera_l/ffmpeg (24.9/30.0) | BAD_HZ /camera_r/depth/image_rect_raw (14.4/30.0)
2026-02-05T14:18:45Z,05,c_becerra,SKILL_012_20260205_141844,144.88,3313.74,FALSE,SKILL_012,Put pasta in jars,BAD_HZ /camera_l/ffmpeg (25.3/30.0) | BAD_HZ /camera_r/ffmpeg (25.1/30.0) | BAD_HZ /camera_r/depth/image_rect_raw (12.8/30.0) | BAD_HZ /camera_l/depth/image_rect_raw (13.0/30.0)
2026-02-05T14:16:35Z,05,c_becerra,SKILL_012_20260205_141635,87.32,1332.14,FALSE,SKILL_012,Put pasta in jars,TOO_SHORT (87.3s < 90.0s) | BAD_HZ /camera_l/depth/image_rect_raw (16.2/30.0) | BAD_HZ /pika_pose_l (82.2/100.0) | BAD_HZ /camera_fisheye_r/ffmpeg (0.0/30.0) | BAD_HZ /camera_l/ffmpeg (25.5/30.0) | BAD_HZ /camera_r/ffmpeg (3.1/30.0) | BAD_HZ /pika_pose_r (82.2/100.0) | BAD_HZ /camera_r/depth/image_rect_raw (2.2/30.0)
2026-02-05T12:15:47Z,05,c_becerra,SKILL_012_20260205_121546,204.42,5065.54,FALSE,SKILL_012,Put pasta in jars,BAD_HZ /camera_r/depth/image_rect_raw (16.3/30.0) | BAD_HZ /camera_l/depth/image_rect_raw (16.8/30.0)
2026-02-05T12:07:46Z,05,c_becerra,SKILL_012_20260205_120745,203.36,3877.60,FALSE,SKILL_012,Put pasta in jars,BAD_HZ /camera_r/depth/image_rect_raw (13.5/30.0) | BAD_HZ /camera_l/depth/image_rect_raw (13.7/30.0)
2026-02-05T09:16:50Z,05,l_aguilera,SKILL_012_20260205_091648,141.29,3247.37,FALSE,SKILL_012,Put pasta in jars,BAD_HZ /camera_r/depth/image_rect_raw (15.6/30.0) | BAD_HZ /camera_l/depth/image_rect_raw (17.9/30.0)
2026-02-05T09:13:10Z,05,l_aguilera,SKILL_012_20260205_091310,67.92,1401.66,FALSE,SKILL_012,Put pasta in jars,TOO_SHORT (67.9s < 90.0s) | BAD_HZ /camera_r/depth/image_rect_raw (14.6/30.0) | BAD_HZ /camera_l/depth/image_rect_raw (15.3/30.0) | BAD_HZ /pika_pose_l (83.1/100.0) | BAD_HZ /pika_pose_r (64.9/100.0)
2026-02-05T09:10:15Z,05,l_aguilera,SKILL_012_20260205_091014,136.22,2896.36,FALSE,SKILL_012,Put pasta in jars,BAD_HZ /camera_r/depth/image_rect_raw (14.9/30.0) | BAD_HZ /camera_l/depth/image_rect_raw (15.8/30.0)
2026-02-05T09:07:38Z,05,l_aguilera,SKILL_012_20260205_090738,27.96,567.13,FALSE,SKILL_012,Put pasta in jars,TOO_SHORT (27.9s < 90.0s) | BAD_HZ /camera_l/depth/image_rect_raw (13.1/30.0) | BAD_HZ /camera_l/ffmpeg (25.2/30.0) | BAD_HZ /pika_pose_r (84.1/100.0) | BAD_HZ /camera_r/depth/image_rect_raw (16.2/30.0)
2026-02-05T08:59:43Z,05,l_aguilera,SKILL_012_20260205_085943,175.79,3633.02,FALSE,SKILL_012,Put pasta in jars,BAD_HZ /camera_r/depth/image_rect_raw (15.3/30.0) | BAD_HZ /camera_l/depth/image_rect_raw (14.7/30.0)
2026-02-05T14:45:07Z,05,e_martinez,SKILL_009_20260205_144507,177.08,3590.08,FALSE,SKILL_009,Package Cotton set,BAD_HZ /camera_l/depth/image_rect_raw (12.6/30.0) | BAD_HZ /camera_fisheye_r/ffmpeg (0.0/30.0) | BAD_HZ /camera_l/ffmpeg (24.6/30.0) | BAD_HZ /camera_r/depth/image_rect_raw (13.8/30.0)
2026-02-05T14:21:48Z,05,c_becerra,SKILL_009_20260205_142148,157.82,3472.55,FALSE,SKILL_009,Package Cotton set,BAD_HZ /camera_l/ffmpeg (25.3/30.0) | BAD_HZ /camera_r/ffmpeg (25.2/30.0) | BAD_HZ /camera_r/depth/image_rect_raw (13.1/30.0) | BAD_HZ /camera_l/depth/image_rect_raw (13.3/30.0)
2026-02-05T14:26:24Z,05,c_becerra,SKILL_017_20260205_142624,236.36,4959.75,FALSE,SKILL_017,Put pasta in ziploc bags,BAD_HZ /camera_r/depth/image_rect_raw (13.0/30.0) | BAD_HZ /camera_l/depth/image_rect_raw (12.6/30.0) | BAD_HZ /camera_l/ffmpeg (24.3/30.0) | BAD_HZ /camera_r/ffmpeg (24.0/30.0)
2026-02-05T13:14:49Z,05,c_becerra,SKILL_017_20260205_131449,425.11,9271.74,FALSE,SKILL_017,Put pasta in ziploc bags,BAD_HZ /camera_r/depth/image_rect_raw (14.3/30.0) | BAD_HZ /camera_l/depth/image_rect_raw (13.4/30.0)
2026-02-05T13:07:05Z,05,c_becerra,SKILL_017_20260205_130705,395.12,8561.33,FALSE,SKILL_017,Put pasta in ziploc bags,BAD_HZ /camera_r/depth/image_rect_raw (14.2/30.0) | BAD_HZ /camera_l/depth/image_rect_raw (14.0/30.0)
2026-02-05T08:26:34Z,05,l_aguilera,SKILL_017_20260205_082633,140.26,2764.84,FALSE,SKILL_017,Put pasta in ziploc bags,BAD_HZ /camera_r/depth/image_rect_raw (14.3/30.0) | BAD_HZ /camera_l/depth/image_rect_raw (14.0/30.0) | BAD_HZ /camera_l/ffmpeg (24.9/30.0)
2026-02-05T08:14:47Z,05,l_aguilera,SKILL_017_20260205_081446,266.36,4998.10,FALSE,SKILL_017,Put pasta in ziploc bags,BAD_HZ /camera_l/ffmpeg (24.9/30.0) | BAD_HZ /camera_r/ffmpeg (25.1/30.0) | BAD_HZ /camera_r/depth/image_rect_raw (13.5/30.0) | BAD_HZ /camera_l/depth/image_rect_raw (13.3/30.0)
2026-02-05T08:06:13Z,05,l_aguilera,SKILL_017_20260205_080612,370.37,8167.57,FALSE,SKILL_017,Put pasta in ziploc bags,BAD_HZ /camera_l/depth/image_rect_raw (16.9/30.0) | BAD_HZ /camera_l/ffmpeg (25.0/30.0) | BAD_HZ /camera_r/ffmpeg (25.3/30.0) | BAD_HZ /camera_r/depth/image_rect_raw (15.4/30.0)
2026-02-05T14:35:44Z,05,e_martinez,SKILL_013_20260205_143544,132.89,2751.72,FALSE,SKILL_013,Set up a hand lamp,BAD_HZ /camera_l/depth/image_rect_raw (14.0/30.0) | BAD_HZ /camera_fisheye_r/ffmpeg (0.0/30.0) | BAD_HZ /camera_l/ffmpeg (24.3/30.0) | BAD_HZ /camera_r/ffmpeg (24.6/30.0) | BAD_HZ /camera_r/depth/image_rect_raw (13.7/30.0)
2026-02-05T12:28:39Z,05,c_becerra,SKILL_013_20260205_122839,151.06,3647.87,FALSE,SKILL_013,Set up a hand lamp,BAD_HZ /camera_r/depth/image_rect_raw (16.1/30.0) | BAD_HZ /camera_l/depth/image_rect_raw (16.4/30.0)
2026-02-05T12:24:36Z,05,c_becerra,SKILL_013_20260205_122436,189.42,4605.38,FALSE,SKILL_013,Set up a hand lamp,BAD_HZ /camera_l/depth/image_rect_raw (16.5/30.0) | BAD_HZ /camera_r/depth/image_rect_raw (16.1/30.0)
2026-02-06T12:47:48Z,01,n_mora,SKILL_001_20260206_124748,77.07,2864.41,FALSE,SKILL_001,Organize beads per color,TOO_SHORT (77.8s < 90.0s) | BAD_HZ /pika_pose_l (60.1/100.0) | BAD_HZ /camera_fisheye_l/ffmpeg (0.0/30.0)
2026-02-06T12:29:12Z,01,n_mora,SKILL_001_20260206_122911,611.14,19593.78,FALSE,SKILL_001,Organize beads per color,BAD_HZ /gripper_r/data (92.7/120.0) | BAD_HZ /pika_pose_l (68.5/100.0) | BAD_HZ /camera_fisheye_l/ffmpeg (0.0/30.0) | BAD_HZ /gripper_l/data (92.3/120.0) | BAD_HZ /pika_pose_r (80.0/100.0)
2026-02-06T12:20:01Z,01,n_mora,SKILL_001_20260206_122001,83.12,3073.96,FALSE,SKILL_001,Organize beads per color,TOO_SHORT (83.1s < 90.0s) | BAD_HZ /pika_pose_l (0.0/100.0) | BAD_HZ /camera_fisheye_l/ffmpeg (0.0/30.0) | BAD_HZ /pika_pose_r (0.0/100.0)
2026-02-06T11:17:19Z,01,n_mora,SKILL_001_20260206_111719,388.98,14291.12,FALSE,SKILL_001,Organize beads per color,BAD_HZ /pika_pose_l (0.0/100.0) | BAD_HZ /camera_fisheye_l/ffmpeg (0.0/30.0) | BAD_HZ /pika_pose_r (0.0/100.0)
2026-02-06T11:12:28Z,01,n_mora,SKILL_001_20260206_111228,233.40,7417.69,FALSE,SKILL_001,Organize beads per color,BAD_HZ /camera_l/depth/image_rect_raw (25.3/30.0) | BAD_HZ /gripper_r/data (97.0/120.0) | BAD_HZ /pika_pose_l (0.0/100.0) | BAD_HZ /camera_fisheye_l/ffmpeg (0.0/30.0) | BAD_HZ /gripper_l/data (96.3/120.0) | BAD_HZ /pika_pose_r (0.0/100.0)
2026-02-06T11:09:35Z,01,n_mora,SKILL_001_20260206_110935,139.85,5193.76,FALSE,SKILL_001,Organize beads per color,BAD_HZ /pika_pose_r (0.0/100.0) | BAD_HZ /pika_pose_l (0.0/100.0) | BAD_HZ /camera_fisheye_l/ffmpeg (0.0/30.0)
2026-02-05T14:24:59Z,05,c_becerra,SKILL_020_20260205_142459,74.44,1599.25,FALSE,SKILL_020,Open locks with their keys,TOO_SHORT (74.4s < 90.0s) | BAD_HZ /camera_l/ffmpeg (25.4/30.0) | BAD_HZ /camera_r/depth/image_rect_raw (13.2/30.0) | BAD_HZ /camera_l/depth/image_rect_raw (12.8/30.0)
2026-02-05T13:04:59Z,05,c_becerra,SKILL_020_20260205_130457,69.34,1599.34,FALSE,SKILL_020,Open locks with their keys,TOO_SHORT (70.6s < 90.0s) | BAD_HZ /camera_r/depth/image_rect_raw (15.6/30.0) | BAD_HZ /camera_l/depth/image_rect_raw (15.0/30.0)
2026-02-05T11:12:20Z,05,l_aguilera,SKILL_020_20260205_111219,86.33,1473.94,FALSE,SKILL_020,Open locks with their keys,TOO_SHORT (87.5s < 90.0s) | BAD_HZ /camera_r/depth/image_rect_raw (12.5/30.0) | BAD_HZ /camera_l/depth/image_rect_raw (11.8/30.0)
2026-02-05T11:06:40Z,05,l_aguilera,SKILL_020_20260205_110638,100.62,1702.85,FALSE,SKILL_020,Open locks with their keys,BAD_HZ /camera_r/depth/image_rect_raw (12.1/30.0) | BAD_HZ /camera_l/depth/image_rect_raw (12.0/30.0)
2026-02-05T11:01:23Z,05,l_aguilera,SKILL_020_20260205_110123,85.04,1575.87,FALSE,SKILL_020,Open locks with their keys,TOO_SHORT (85.1s < 90.0s) | BAD_HZ /camera_r/depth/image_rect_raw (13.4/30.0) | BAD_HZ /camera_l/depth/image_rect_raw (13.8/30.0)
2026-02-05T10:03:14Z,05,l_aguilera,SKILL_020_20260205_100313,81.57,1652.86,FALSE,SKILL_020,Open locks with their keys,TOO_SHORT (82.9s < 90.0s) | BAD_HZ /camera_l/depth/image_rect_raw (14.3/30.0) | BAD_HZ /camera_r/depth/image_rect_raw (15.4/30.0)
2026-02-05T09:58:24Z,05,l_aguilera,SKILL_020_20260205_095822,72.24,1229.57,FALSE,SKILL_020,Open locks with their keys,TOO_SHORT (73.7s < 90.0s) | BAD_HZ /camera_r/depth/image_rect_raw (11.9/30.0) | BAD_HZ /camera_l/depth/image_rect_raw (12.0/30.0)
2026-02-05T09:52:34Z,05,l_aguilera,SKILL_020_20260205_095232,82.40,1552.09,FALSE,SKILL_020,Open locks with their keys,TOO_SHORT (84.1s < 90.0s) | BAD_HZ /camera_r/depth/image_rect_raw (14.1/30.0) | BAD_HZ /camera_l/depth/image_rect_raw (12.9/30.0)
2026-02-05T07:47:33Z,05,l_aguilera,SKILL_020_20260205_074733,76.61,1240.48,FALSE,SKILL_020,Open locks with their keys,TOO_SHORT (76.6s < 90.0s) | BAD_HZ /camera_r/depth/image_rect_raw (11.6/30.0) | BAD_HZ /camera_l/depth/image_rect_raw (11.7/30.0)
2026-02-05T07:45:09Z,05,l_aguilera,SKILL_020_20260205_074509,66.18,1093.53,FALSE,SKILL_020,Open locks with their keys,TOO_SHORT (66.2s < 90.0s) | BAD_HZ /camera_r/depth/image_rect_raw (12.1/30.0) | BAD_HZ /camera_l/depth/image_rect_raw (11.6/30.0)
2026-02-05T07:43:12Z,05,l_aguilera,SKILL_020_20260205_074312,80.19,1408.63,FALSE,SKILL_020,Open locks with their keys,TOO_SHORT (80.2s < 90.0s) | BAD_HZ /camera_r/depth/image_rect_raw (12.6/30.0) | BAD_HZ /camera_l/depth/image_rect_raw (12.9/30.0)
2026-02-05T07:41:07Z,05,l_aguilera,SKILL_020_20260205_074107,78.33,1368.96,FALSE,SKILL_020,Open locks with their keys,TOO_SHORT (78.3s < 90.0s) | BAD_HZ /camera_l/depth/image_rect_raw (12.2/30.0) | BAD_HZ /camera_r/depth/image_rect_raw (13.1/30.0)
2026-02-05T14:31:10Z,05,e_martinez,SKILL_018_20260205_143110,257.29,4982.90,FALSE,SKILL_018,Close bags with twist ties,BAD_HZ /camera_l/depth/image_rect_raw (13.4/30.0) | BAD_HZ /camera_fisheye_r/ffmpeg (22.2/30.0) | BAD_HZ /camera_l/ffmpeg (25.4/30.0) | BAD_HZ /camera_r/ffmpeg (18.0/30.0) | BAD_HZ /camera_r/depth/image_rect_raw (9.3/30.0)
2026-02-06T14:11:18Z,01,n_mora,SKILL_013_20260206_141118,117.16,4327.41,FALSE,SKILL_013,Set up a hand lamp,BAD_HZ /camera_fisheye_l/ffmpeg (0.0/30.0)
2026-02-06T14:51:43Z,01,n_mora,SKILL_012_20260206_145143,120.24,4503.62,FALSE,SKILL_012,Put pasta in jars,BAD_HZ /camera_fisheye_l/ffmpeg (0.0/30.0)
2026-02-06T14:42:20Z,01,n_mora,SKILL_012_20260206_144220,320.27,11794.78,FALSE,SKILL_012,Put pasta in jars,BAD_HZ /camera_fisheye_l/ffmpeg (0.0/30.0)
2026-02-06T10:45:27Z,01,n_mora,SKILL_012_20260206_104527,0.52,18.62,FALSE,SKILL_012,Put pasta in jars,TOO_SHORT (0.5s < 90.0s) | BAD_HZ /pika_pose_l (0.0/100.0) | BAD_HZ /camera_fisheye_r/ffmpeg (0.0/30.0)
2026-02-06T10:48:25Z,01,n_mora,SKILL_012_20260206_104825,130.76,4862.17,FALSE,SKILL_012,Put pasta in jars,BAD_HZ /pika_pose_r (0.0/100.0) | BAD_HZ /pika_pose_l (0.0/100.0) | BAD_HZ /camera_fisheye_l/ffmpeg (0.0/30.0)
2026-02-06T10:45:26Z,01,n_mora,SKILL_012_20260206_104526,0.61,22.83,FALSE,SKILL_012,Put pasta in jars,TOO_SHORT (0.6s < 90.0s) | BAD_HZ /pika_pose_l (0.0/100.0) | BAD_HZ /camera_fisheye_r/ffmpeg (0.0/30.0)
2026-02-06T10:46:52Z,01,n_mora,SKILL_012_20260206_104651,49.04,1839.05,FALSE,SKILL_012,Put pasta in jars,TOO_SHORT (49.8s < 90.0s) | BAD_HZ /camera_fisheye_l/ffmpeg (0.0/30.0)
2026-02-06T14:25:12Z,01,n_mora,SKILL_009_20260206_142512,135.34,4973.50,FALSE,SKILL_009,Package Cotton set,BAD_HZ /camera_fisheye_l/ffmpeg (0.0/30.0)
2026-02-06T10:51:16Z,01,n_mora,SKILL_012_20260206_105116,133.99,4971.97,FALSE,SKILL_012,Put pasta in jars,BAD_HZ /camera_fisheye_l/ffmpeg (0.0/30.0) | BAD_HZ /pika_pose_r (0.0/100.0) | BAD_HZ /pika_pose_l (0.0/100.0)
2026-02-06T10:39:17Z,01,n_mora,SKILL_012_20260206_103917,130.82,4835.34,FALSE,SKILL_012,Put pasta in jars,BAD_HZ /pika_pose_l (0.0/100.0) | BAD_HZ /camera_fisheye_r/ffmpeg (0.0/30.0)
2026-02-06T10:42:18Z,01,n_mora,SKILL_012_20260206_104218,151.11,5632.70,FALSE,SKILL_012,Put pasta in jars,BAD_HZ /pika_pose_l (0.0/100.0) | BAD_HZ /camera_fisheye_r/ffmpeg (0.0/30.0)
2026-02-06T10:45:09Z,01,n_mora,SKILL_012_20260206_104509,0.52,18.03,FALSE,SKILL_012,Put pasta in jars,TOO_SHORT (0.5s < 90.0s) | BAD_HZ /gripper_r/data (99.9/120.0) | BAD_HZ /pika_pose_l (0.0/100.0) | BAD_HZ /camera_fisheye_r/ffmpeg (0.0/30.0) | BAD_HZ /gripper_l/data (97.9/120.0)
2026-02-06T14:21:23Z,01,n_mora,SKILL_009_20260206_142123,124.53,4572.50,FALSE,SKILL_009,Package Cotton set,BAD_HZ /camera_fisheye_l/ffmpeg (0.0/30.0)
2026-02-06T11:02:45Z,01,n_mora,SKILL_009_20260206_110245,107.12,3936.65,FALSE,SKILL_009,Package Cotton set,BAD_HZ /pika_pose_l (0.0/100.0) | BAD_HZ /camera_fisheye_l/ffmpeg (0.0/30.0) | BAD_HZ /pika_pose_r (0.0/100.0)
2026-02-06T10:59:53Z,01,n_mora,SKILL_009_20260206_105953,107.34,3918.88,FALSE,SKILL_009,Package Cotton set,BAD_HZ /pika_pose_r (0.0/100.0) | BAD_HZ /pika_pose_l (0.0/100.0) | BAD_HZ /camera_fisheye_l/ffmpeg (0.0/30.0)
2026-02-06T10:57:25Z,01,n_mora,SKILL_009_20260206_105725,119.03,4352.13,FALSE,SKILL_009,Package Cotton set,BAD_HZ /camera_fisheye_l/ffmpeg (0.0/30.0) | BAD_HZ /pika_pose_r (0.0/100.0) | BAD_HZ /pika_pose_l (0.0/100.0)
2026-02-06T13:37:02Z,01,n_mora,SKILL_005_20260206_133702,241.47,8752.83,FALSE,SKILL_005,Insert allen keys in package,BAD_HZ /pika_pose_l (81.1/100.0) | BAD_HZ /camera_fisheye_l/ffmpeg (0.0/30.0)
2026-02-06T13:20:52Z,01,n_mora,SKILL_005_20260206_132051,73.07,2730.36,FALSE,SKILL_005,Insert allen keys in package,TOO_SHORT (73.5s < 90.0s) | BAD_HZ /pika_pose_l (84.3/100.0) | BAD_HZ /camera_fisheye_l/ffmpeg (0.0/30.0)
2026-02-06T12:49:08Z,01,n_mora,SKILL_001_20260206_124908,0.64,23.27,FALSE,SKILL_001,Organize beads per color,TOO_SHORT (0.6s < 90.0s) | BAD_HZ /gripper_r/data (101.4/120.0) | BAD_HZ /pika_pose_l (0.0/100.0) | BAD_HZ /camera_fisheye_l/ffmpeg (0.0/30.0) | BAD_HZ /gripper_l/data (101.4/120.0)
2026-02-06T08:31:45Z,02,c_becerra,SKILL_001_20260206_083145,24.19,855.04,FALSE,SKILL_001,Organize beads per color,TOO_SHORT (24.5s < 90.0s) | BAD_HZ /gripper_r/data (99.1/120.0) | BAD_HZ /pika_pose_l (45.5/100.0) | BAD_HZ /camera_fisheye_l/ffmpeg (0.0/30.0) | BAD_HZ /gripper_l/data (99.9/120.0)
2026-02-06T08:21:48Z,02,c_becerra,SKILL_001_20260206_082147,297.62,11032.21,FALSE,SKILL_001,Organize beads per color,BAD_HZ /camera_fisheye_r/ffmpeg (0.0/30.0)
2026-02-06T08:17:53Z,02,c_becerra,SKILL_001_20260206_081753,7.88,305.22,FALSE,SKILL_001,Organize beads per color,TOO_SHORT (8.4s < 90.0s) | BAD_HZ /pika_pose_l (22.9/100.0) | BAD_HZ /camera_fisheye_r/ffmpeg (0.0/30.0)
2026-02-06T07:58:58Z,02,c_becerra,SKILL_001_20260206_075857,305.95,10896.53,FALSE,SKILL_001,Organize beads per color,BAD_HZ /pika_pose_l (83.4/100.0) | BAD_HZ /camera_fisheye_r/ffmpeg (0.0/30.0)
2026-02-06T07:50:31Z,02,c_becerra,SKILL_001_20260206_075030,46.14,1733.18,FALSE,SKILL_001,Organize beads per color,TOO_SHORT (46.3s < 90.0s) | BAD_HZ /camera_fisheye_r/ffmpeg (0.0/30.0)
2026-02-06T07:48:55Z,02,c_becerra,SKILL_001_20260206_074855,12.81,374.57,FALSE,SKILL_001,Organize beads per color,TOO_SHORT (13.1s < 90.0s) | BAD_HZ /camera_l/depth/image_rect_raw (16.4/30.0) | BAD_HZ /gripper_r/data (98.2/120.0) | BAD_HZ /camera_fisheye_r/ffmpeg (0.0/30.0) | BAD_HZ /camera_l/ffmpeg (13.9/30.0)
2026-02-06T14:39:37Z,01,n_mora,SKILL_020_20260206_143937,97.77,3583.27,FALSE,SKILL_020,Open locks with their keys,BAD_HZ /camera_fisheye_l/ffmpeg (0.0/30.0)
2026-02-06T14:04:48Z,01,n_mora,SKILL_019_20260206_140448,190.83,7082.17,FALSE,SKILL_019,Put pasta in plastic containers,BAD_HZ /camera_fisheye_l/ffmpeg (0.0/30.0)
2026-02-06T13:57:16Z,01,n_mora,SKILL_019_20260206_135715,100.27,3735.79,FALSE,SKILL_019,Put pasta in plastic containers,BAD_HZ /camera_fisheye_l/ffmpeg (0.0/30.0)
2026-02-06T14:36:06Z,01,n_mora,SKILL_018_20260206_143606,103.06,3796.14,FALSE,SKILL_018,Close bags with twist ties,BAD_HZ /camera_fisheye_l/ffmpeg (0.0/30.0)
2026-02-06T14:32:07Z,01,n_mora,SKILL_018_20260206_143207,144.82,5331.76,FALSE,SKILL_018,Close bags with twist ties,BAD_HZ /camera_fisheye_l/ffmpeg (0.0/30.0)
2026-02-06T14:28:08Z,01,n_mora,SKILL_018_20260206_142808,131.66,4827.80,FALSE,SKILL_018,Close bags with twist ties,BAD_HZ /camera_fisheye_l/ffmpeg (0.0/30.0)
2026-02-06T10:30:34Z,01,n_mora,SKILL_014_20260206_103034,284.72,10540.94,FALSE,SKILL_014,Fasten nuts onto bolts,BAD_HZ /pika_pose_l (0.0/100.0) | BAD_HZ /camera_fisheye_r/ffmpeg (0.0/30.0)
2026-02-06T10:17:38Z,01,n_mora,SKILL_014_20260206_101738,108.41,4023.89,FALSE,SKILL_014,Fasten nuts onto bolts,BAD_HZ /pika_pose_l (0.0/100.0) | BAD_HZ /camera_fisheye_l/ffmpeg (0.0/30.0)
2026-02-06T10:13:26Z,01,n_mora,SKILL_014_20260206_101326,181.52,6726.57,FALSE,SKILL_014,Fasten nuts onto bolts,BAD_HZ /camera_fisheye_l/ffmpeg (0.0/30.0) | BAD_HZ /pika_pose_l (0.0/100.0)
2026-02-06T10:06:30Z,01,n_mora,SKILL_014_20260206_100630,333.41,11665.41,FALSE,SKILL_014,Fasten nuts onto bolts,BAD_HZ /pika_pose_l (0.0/100.0) | BAD_HZ /camera_fisheye_l/ffmpeg (0.0/30.0)
2026-02-06T14:13:53Z,01,n_mora,SKILL_013_20260206_141353,152.81,5626.90,FALSE,SKILL_013,Set up a hand lamp,BAD_HZ /camera_fisheye_l/ffmpeg (0.0/30.0)
2026-02-06T09:30:29Z,02,c_becerra,SKILL_009_20260206_093029,205.51,7572.07,FALSE,SKILL_009,Package Cotton set,BAD_HZ /camera_fisheye_r/ffmpeg (0.0/30.0)
2026-02-06T13:25:50Z,02,e_martinez,SKILL_009_20260206_132550,184.44,6828.71,FALSE,SKILL_009,Package Cotton set,BAD_HZ /camera_fisheye_l/ffmpeg (0.0/30.0)
2026-02-06T12:30:56Z,02,e_martinez,SKILL_005_20260206_123056,258.83,8915.95,FALSE,SKILL_005,Insert allen keys in package,BAD_HZ /camera_fisheye_r/ffmpeg (0.0/30.0)
2026-02-06T14:01:59Z,02,e_martinez,SKILL_007_20260206_140159,418.41,15719.93,FALSE,SKILL_007,Separate tongue depressors by color,BAD_HZ /camera_fisheye_l/ffmpeg (0.0/30.0)
2026-02-06T09:25:50Z,02,c_becerra,SKILL_009_20260206_092550,258.13,9465.88,FALSE,SKILL_009,Package Cotton set,BAD_HZ /camera_fisheye_r/ffmpeg (0.0/30.0)
2026-02-06T14:52:10Z,02,e_martinez,SKILL_004_20260206_145210,53.97,2027.03,FALSE,SKILL_004,Set Screwdriver package,TOO_SHORT (54.0s < 90.0s) | BAD_HZ /camera_fisheye_l/ffmpeg (0.0/30.0)
2026-02-06T14:53:14Z,02,e_martinez,SKILL_004_20260206_145314,55.69,2093.25,FALSE,SKILL_004,Set Screwdriver package,TOO_SHORT (55.7s < 90.0s) | BAD_HZ /camera_fisheye_l/ffmpeg (0.0/30.0)
2026-02-06T12:28:02Z,02,e_martinez,SKILL_005_20260206_122802,11.02,418.70,FALSE,SKILL_005,Insert allen keys in package,TOO_SHORT (11.4s < 90.0s) | BAD_HZ /camera_fisheye_r/ffmpeg (0.0/30.0)
2026-02-06T14:49:36Z,02,e_martinez,SKILL_004_20260206_144936,67.17,2520.08,FALSE,SKILL_004,Set Screwdriver package,TOO_SHORT (67.2s < 90.0s) | BAD_HZ /camera_fisheye_l/ffmpeg (0.0/30.0)
2026-02-06T14:51:11Z,02,e_martinez,SKILL_004_20260206_145111,38.74,1453.42,FALSE,SKILL_004,Set Screwdriver package,TOO_SHORT (38.7s < 90.0s) | BAD_HZ /camera_fisheye_l/ffmpeg (0.0/30.0)
2026-02-06T14:40:51Z,02,e_martinez,SKILL_004_20260206_144051,104.95,3832.28,FALSE,SKILL_004,Set Screwdriver package,BAD_HZ /camera_fisheye_l/ffmpeg (0.0/30.0)
2026-02-06T12:44:26Z,02,e_martinez,SKILL_003_20260206_124426,246.26,8711.35,FALSE,SKILL_003,Organize screwdriver bits,BAD_HZ /camera_fisheye_r/ffmpeg (0.0/30.0)
2026-02-06T12:37:17Z,02,e_martinez,SKILL_003_20260206_123717,279.96,9599.79,FALSE,SKILL_003,Organize screwdriver bits,BAD_HZ /camera_fisheye_r/ffmpeg (0.0/30.0)
2026-02-06T11:06:44Z,02,c_becerra,SKILL_009_20260206_110643,271.23,9372.78,FALSE,SKILL_009,Package Cotton set,BAD_HZ /pika_pose_l (0.0/100.0) | BAD_HZ /camera_fisheye_r/ffmpeg (0.0/30.0)
2026-02-06T09:21:08Z,02,c_becerra,SKILL_003_20260206_092108,228.38,8494.68,FALSE,SKILL_003,Organize screwdriver bits,BAD_HZ /camera_fisheye_r/ffmpeg (0.0/30.0)
2026-02-06T09:16:26Z,02,c_becerra,SKILL_003_20260206_091626,206.03,7656.23,FALSE,SKILL_003,Organize screwdriver bits,BAD_HZ /camera_fisheye_r/ffmpeg (0.0/30.0)
2026-02-06T08:55:32Z,02,c_becerra,SKILL_003_20260206_085531,141.82,5320.52,FALSE,SKILL_003,Organize screwdriver bits,BAD_HZ /camera_fisheye_r/ffmpeg (0.0/30.0)
2026-02-06T08:48:39Z,02,c_becerra,SKILL_003_20260206_084839,81.92,2985.60,FALSE,SKILL_003,Organize screwdriver bits,TOO_SHORT (81.9s < 90.0s) | BAD_HZ /camera_fisheye_l/ffmpeg (0.0/30.0) | BAD_HZ /camera_fisheye_r/ffmpeg (0.0/30.0) | BAD_HZ /pika_pose_r (68.7/100.0)
2026-02-06T14:30:27Z,02,e_martinez,SKILL_001_20260206_143027,475.89,17807.87,FALSE,SKILL_001,Organize beads per color,BAD_HZ /camera_fisheye_l/ffmpeg (0.0/30.0)
2026-02-06T08:38:44Z,02,c_becerra,SKILL_001_20260206_083844,517.13,18318.06,FALSE,SKILL_001,Organize beads per color,BAD_HZ /camera_fisheye_l/ffmpeg (0.0/30.0) | BAD_HZ /camera_fisheye_r/ffmpeg (0.0/30.0)
2026-02-06T12:24:09Z,03,c_becerra,SKILL_001_20260206_122409,476.37,17910.60,TRUE,SKILL_001,Organize beads per color,
2026-02-06T10:40:32Z,03,e_martinez,SKILL_001_20260206_104032,633.65,22321.24,FALSE,SKILL_001,Organize beads per color,BAD_HZ /gripper_r/data (99.5/120.0) | BAD_HZ /gripper_l/data (99.7/120.0)
2026-02-06T10:36:23Z,03,e_martinez,SKILL_001_20260206_103623,17.56,630.69,FALSE,SKILL_001,Organize beads per color,TOO_SHORT (17.6s < 90.0s)
2026-02-06T14:14:42Z,02,e_martinez,SKILL_020_20260206_141442,106.47,3962.06,FALSE,SKILL_020,Open locks with their keys,BAD_HZ /camera_fisheye_l/ffmpeg (0.0/30.0)
2026-02-06T14:12:16Z,02,e_martinez,SKILL_020_20260206_141216,93.17,3480.99,FALSE,SKILL_020,Open locks with their keys,BAD_HZ /camera_fisheye_l/ffmpeg (0.0/30.0)
2026-02-06T09:52:57Z,02,c_becerra,SKILL_019_20260206_095257,123.64,4673.87,FALSE,SKILL_019,Put pasta in plastic containers,BAD_HZ /camera_fisheye_r/ffmpeg (0.0/30.0)
2026-02-06T09:50:32Z,02,c_becerra,SKILL_019_20260206_095032,93.00,3527.95,FALSE,SKILL_019,Put pasta in plastic containers,BAD_HZ /camera_fisheye_r/ffmpeg (0.0/30.0)
2026-02-06T09:48:23Z,02,c_becerra,SKILL_019_20260206_094823,91.41,3474.90,FALSE,SKILL_019,Put pasta in plastic containers,BAD_HZ /camera_fisheye_r/ffmpeg (0.0/30.0)
2026-02-06T09:45:14Z,02,c_becerra,SKILL_019_20260206_094514,139.63,5262.56,FALSE,SKILL_019,Put pasta in plastic containers,BAD_HZ /camera_fisheye_r/ffmpeg (0.0/30.0)
2026-02-06T09:42:19Z,02,c_becerra,SKILL_019_20260206_094219,131.13,4944.49,FALSE,SKILL_019,Put pasta in plastic containers,BAD_HZ /camera_fisheye_r/ffmpeg (0.0/30.0)
2026-02-06T10:02:10Z,02,c_becerra,SKILL_017_20260206_100210,190.05,7156.80,FALSE,SKILL_017,Put pasta in ziploc bags,BAD_HZ /camera_fisheye_r/ffmpeg (0.0/30.0)
2026-02-06T09:55:56Z,02,c_becerra,SKILL_017_20260206_095556,331.70,12426.22,FALSE,SKILL_017,Put pasta in ziploc bags,BAD_HZ /camera_fisheye_r/ffmpeg (0.0/30.0)
2026-02-06T14:27:22Z,02,e_martinez,SKILL_013_20260206_142722,121.23,4421.44,FALSE,SKILL_013,Set up a hand lamp,BAD_HZ /camera_fisheye_l/ffmpeg (0.0/30.0)
2026-02-06T14:19:05Z,02,e_martinez,SKILL_013_20260206_141905,137.93,5065.01,FALSE,SKILL_013,Set up a hand lamp,BAD_HZ /camera_fisheye_l/ffmpeg (0.0/30.0)
2026-02-06T13:44:08Z,02,e_martinez,SKILL_013_20260206_134407,193.88,7270.53,FALSE,SKILL_013,Set up a hand lamp,BAD_HZ /camera_fisheye_l/ffmpeg (0.0/30.0)
2026-02-06T13:30:00Z,02,e_martinez,SKILL_009_20260206_133000,201.18,7393.13,FALSE,SKILL_009,Package Cotton set,BAD_HZ /camera_fisheye_l/ffmpeg (0.0/30.0)
2026-02-06T09:38:50Z,02,c_becerra,SKILL_012_20260206_093850,151.27,5721.65,FALSE,SKILL_012,Put pasta in jars,BAD_HZ /camera_fisheye_r/ffmpeg (0.0/30.0)
2026-02-06T09:34:29Z,02,c_becerra,SKILL_012_20260206_093429,189.41,7150.48,FALSE,SKILL_012,Put pasta in jars,BAD_HZ /camera_fisheye_r/ffmpeg (0.0/30.0)
2026-02-06T11:08:52Z,03,e_martinez,SKILL_003_20260206_110852,203.73,7486.34,TRUE,SKILL_003,Organize screwdriver bits,
2026-02-06T13:37:11Z,02,e_martinez,SKILL_012_20260206_133710,192.06,7219.67,FALSE,SKILL_012,Put pasta in jars,BAD_HZ /camera_fisheye_l/ffmpeg (0.0/30.0)
2026-02-06T13:57:20Z,03,c_becerra,SKILL_009_20260206_135720,201.48,7430.05,TRUE,SKILL_009,Package Cotton set,
2026-02-06T12:33:26Z,03,c_becerra,SKILL_007_20260206_123326,468.49,17554.43,TRUE,SKILL_007,Separate tongue depressors by color,
2026-02-06T12:46:28Z,03,c_becerra,SKILL_005_20260206_124628,188.87,7031.28,TRUE,SKILL_005,Insert allen keys in package,
2026-02-06T12:43:11Z,03,c_becerra,SKILL_005_20260206_124311,179.11,6653.79,TRUE,SKILL_005,Insert allen keys in package,
2026-02-06T11:03:15Z,03,e_martinez,SKILL_005_20260206_110315,146.63,5411.96,TRUE,SKILL_005,Insert allen keys in package,
2026-02-06T10:59:58Z,03,e_martinez,SKILL_005_20260206_105958,153.72,5685.91,TRUE,SKILL_005,Insert allen keys in package,
2026-02-06T10:58:43Z,03,e_martinez,SKILL_005_20260206_105843,2.52,86.24,FALSE,SKILL_005,Insert allen keys in package,TOO_SHORT (2.5s < 90.0s)
2026-02-06T12:55:23Z,03,c_becerra,SKILL_004_20260206_125523,88.94,3355.41,FALSE,SKILL_004,Set Screwdriver package,TOO_SHORT (88.9s < 90.0s)
2026-02-06T12:51:05Z,03,c_becerra,SKILL_004_20260206_125105,215.23,8076.27,TRUE,SKILL_004,Set Screwdriver package,
2026-02-06T11:19:06Z,03,e_martinez,SKILL_004_20260206_111906,182.46,6830.14,TRUE,SKILL_004,Set Screwdriver package,
2026-02-06T13:57:14Z,03,c_becerra,SKILL_003_20260206_135714,0.84,30.45,FALSE,SKILL_003,Organize screwdriver bits,TOO_SHORT (0.8s < 90.0s) | BAD_HZ /gripper_l/data (101.3/120.0)
2026-02-06T13:57:12Z,03,c_becerra,SKILL_003_20260206_135712,1.92,69.82,FALSE,SKILL_003,Organize screwdriver bits,TOO_SHORT (1.9s < 90.0s) | BAD_HZ /gripper_l/data (100.9/120.0)
2026-02-06T13:53:22Z,03,c_becerra,SKILL_003_20260206_135322,191.41,7100.68,TRUE,SKILL_003,Organize screwdriver bits,
2026-02-06T13:48:39Z,03,c_becerra,SKILL_003_20260206_134839,222.40,8219.97,TRUE,SKILL_003,Organize screwdriver bits,
2026-02-06T11:13:27Z,03,e_martinez,SKILL_003_20260206_111327,209.41,7749.75,TRUE,SKILL_003,Organize screwdriver bits,
2026-02-06T11:01:23Z,04,d_vargas,SKILL_001_20260206_110123,4.10,147.42,FALSE,SKILL_001,Organize beads per color,TOO_SHORT (4.1s < 90.0s) | BAD_HZ /camera_l/ffmpeg (0.0/30.0) | BAD_HZ /camera_r/ffmpeg (0.0/30.0)
2026-02-06T10:50:01Z,04,d_vargas,SKILL_001_20260206_105001,455.40,16822.98,FALSE,SKILL_001,Organize beads per color,BAD_HZ /camera_l/ffmpeg (0.0/30.0) | BAD_HZ /camera_r/ffmpeg (0.0/30.0)
2026-02-06T08:05:52Z,04,e_martinez,SKILL_001_20260206_080552,438.54,16203.41,FALSE,SKILL_001,Organize beads per color,BAD_HZ /camera_l/ffmpeg (0.0/30.0) | BAD_HZ /camera_r/ffmpeg (0.0/30.0)
2026-02-06T08:05:32Z,04,e_martinez,SKILL_001_20260206_080532,4.21,154.62,FALSE,SKILL_001,Organize beads per color,TOO_SHORT (4.2s < 90.0s) | BAD_HZ /camera_l/ffmpeg (0.0/30.0) | BAD_HZ /camera_r/ffmpeg (0.0/30.0)
2026-02-06T14:26:32Z,03,c_becerra,SKILL_023_20260206_142632,98.65,3643.10,TRUE,SKILL_023,Built up box (Present),
2026-02-06T14:23:41Z,03,c_becerra,SKILL_023_20260206_142341,136.66,5053.22,TRUE,SKILL_023,Built up box (Present),
2026-02-06T14:19:08Z,03,c_becerra,SKILL_023_20260206_141908,232.35,8556.78,TRUE,SKILL_023,Built up box (Present),
2026-02-06T14:14:42Z,03,c_becerra,SKILL_018_20260206_141442,212.53,7985.21,TRUE,SKILL_018,Close bags with twist ties,
2026-02-06T14:10:19Z,03,c_becerra,SKILL_018_20260206_141019,173.42,6491.74,TRUE,SKILL_018,Close bags with twist ties,
2026-02-06T14:06:32Z,03,c_becerra,SKILL_018_20260206_140632,182.49,6872.62,TRUE,SKILL_018,Close bags with twist ties,
2026-02-06T14:55:40Z,03,c_becerra,SKILL_016_20260206_145540,68.19,2537.33,FALSE,SKILL_016,Package a sewing set,TOO_SHORT (68.2s < 90.0s)
2026-02-06T14:54:02Z,03,c_becerra,SKILL_016_20260206_145402,57.52,2142.79,FALSE,SKILL_016,Package a sewing set,TOO_SHORT (57.5s < 90.0s)
2026-02-06T14:52:20Z,03,c_becerra,SKILL_016_20260206_145220,69.59,2589.89,FALSE,SKILL_016,Package a sewing set,TOO_SHORT (69.6s < 90.0s)
2026-02-06T14:40:01Z,03,c_becerra,SKILL_014_20260206_144001,491.27,18193.85,TRUE,SKILL_014,Fasten nuts onto bolts,
2026-02-06T14:35:39Z,03,c_becerra,SKILL_013_20260206_143539,203.08,7587.15,TRUE,SKILL_013,Set up a hand lamp,
2026-02-06T14:30:58Z,03,c_becerra,SKILL_013_20260206_143058,232.13,8636.63,TRUE,SKILL_013,Set up a hand lamp,
2026-02-06T14:01:25Z,03,c_becerra,SKILL_009_20260206_140125,218.08,8054.17,TRUE,SKILL_009,Package Cotton set,
2026-02-06T13:34:45Z,03,c_becerra,SKILL_010_20260206_133445,236.90,8916.53,TRUE,SKILL_010,Package earphones,
2026-02-06T13:39:40Z,03,c_becerra,SKILL_010_20260206_133940,206.18,7729.05,TRUE,SKILL_010,Package earphones,
2026-02-06T08:50:29Z,04,e_martinez,SKILL_009_20260206_085029,145.60,5357.77,FALSE,SKILL_009,Package Cotton set,BAD_HZ /camera_l/ffmpeg (0.0/30.0) | BAD_HZ /camera_r/ffmpeg (0.0/30.0)
2026-02-06T14:11:45Z,04,d_vargas,SKILL_007_20260206_141145,546.17,20137.88,FALSE,SKILL_007,Separate tongue depressors by color,BAD_HZ /camera_l/ffmpeg (0.0/30.0) | BAD_HZ /camera_r/ffmpeg (0.0/30.0)
2026-02-06T14:38:02Z,04,d_vargas,SKILL_005_20260206_143802,193.05,7210.88,FALSE,SKILL_005,Insert allen keys in package,BAD_HZ /camera_l/ffmpeg (0.0/30.0) | BAD_HZ /camera_r/ffmpeg (0.0/30.0)
2026-02-06T14:33:28Z,04,d_vargas,SKILL_005_20260206_143328,230.12,8549.92,FALSE,SKILL_005,Insert allen keys in package,BAD_HZ /camera_l/ffmpeg (0.0/30.0) | BAD_HZ /camera_r/ffmpeg (0.0/30.0)
2026-02-06T13:22:38Z,04,d_vargas,SKILL_004_20260206_132238,84.91,3139.07,FALSE,SKILL_004,Set Screwdriver package,TOO_SHORT (84.9s < 90.0s) | BAD_HZ /camera_l/ffmpeg (0.0/30.0) | BAD_HZ /camera_r/ffmpeg (0.0/30.0)
2026-02-06T13:20:16Z,04,d_vargas,SKILL_004_20260206_132016,93.86,3488.65,FALSE,SKILL_004,Set Screwdriver package,BAD_HZ /camera_l/ffmpeg (0.0/30.0) | BAD_HZ /camera_r/ffmpeg (0.0/30.0)
2026-02-06T13:17:31Z,04,d_vargas,SKILL_004_20260206_131731,89.11,3316.05,FALSE,SKILL_004,Set Screwdriver package,TOO_SHORT (89.1s < 90.0s) | BAD_HZ /camera_l/ffmpeg (0.0/30.0) | BAD_HZ /camera_r/ffmpeg (0.0/30.0)
2026-02-06T13:15:18Z,04,d_vargas,SKILL_004_20260206_131518,94.30,3515.06,FALSE,SKILL_004,Set Screwdriver package,BAD_HZ /camera_l/ffmpeg (0.0/30.0) | BAD_HZ /camera_r/ffmpeg (0.0/30.0)
2026-02-06T13:15:07Z,04,d_vargas,SKILL_004_20260206_131507,2.67,95.11,FALSE,SKILL_004,Set Screwdriver package,TOO_SHORT (2.7s < 90.0s) | BAD_HZ /camera_l/ffmpeg (0.0/30.0) | BAD_HZ /camera_r/ffmpeg (0.0/30.0) | BAD_HZ /gripper_r/data (100.1/120.0)
2026-02-06T08:01:44Z,04,e_martinez,SKILL_004_20260206_080144,83.93,3113.48,FALSE,SKILL_004,Set Screwdriver package,TOO_SHORT (83.9s < 90.0s) | BAD_HZ /camera_l/ffmpeg (0.0/30.0) | BAD_HZ /camera_r/ffmpeg (0.0/30.0)
2026-02-06T07:59:33Z,04,e_martinez,SKILL_004_20260206_075933,80.67,3020.46,FALSE,SKILL_004,Set Screwdriver package,TOO_SHORT (81.2s < 90.0s) | BAD_HZ /camera_l/ffmpeg (0.0/30.0) | BAD_HZ /camera_r/ffmpeg (0.0/30.0)
2026-02-06T07:40:32Z,04,e_martinez,SKILL_004_20260206_074032,91.64,3162.95,FALSE,SKILL_004,Set Screwdriver package,BAD_HZ /camera_l/ffmpeg (0.0/30.0) | BAD_HZ /camera_r/ffmpeg (0.0/30.0)
2026-02-06T12:42:08Z,04,d_vargas,SKILL_003_20260206_124208,176.79,6540.40,FALSE,SKILL_003,Organize screwdriver bits,BAD_HZ /camera_l/ffmpeg (0.0/30.0) | BAD_HZ /camera_r/ffmpeg (0.0/30.0)
2026-02-06T12:35:34Z,04,d_vargas,SKILL_003_20260206_123534,262.63,9650.89,FALSE,SKILL_003,Organize screwdriver bits,BAD_HZ /camera_l/ffmpeg (0.0/30.0) | BAD_HZ /camera_r/ffmpeg (0.0/30.0)
2026-02-06T09:36:03Z,04,e_martinez,SKILL_003_20260206_093603,263.33,9712.82,FALSE,SKILL_003,Organize screwdriver bits,BAD_HZ /camera_l/ffmpeg (0.0/30.0) | BAD_HZ /camera_r/ffmpeg (0.0/30.0)
2026-02-06T09:29:08Z,04,e_martinez,SKILL_003_20260206_092908,246.35,9027.88,FALSE,SKILL_003,Organize screwdriver bits,BAD_HZ /camera_l/ffmpeg (0.0/30.0) | BAD_HZ /camera_r/ffmpeg (0.0/30.0)
2026-02-06T08:54:08Z,04,e_martinez,SKILL_009_20260206_085408,134.11,4909.03,FALSE,SKILL_009,Package Cotton set,BAD_HZ /camera_l/ffmpeg (0.0/30.0) | BAD_HZ /camera_r/ffmpeg (0.0/30.0)
2026-02-06T12:25:02Z,04,d_vargas,SKILL_001_20260206_122502,545.61,20141.32,FALSE,SKILL_001,Organize beads per color,BAD_HZ /camera_l/ffmpeg (0.0/30.0) | BAD_HZ /camera_r/ffmpeg (0.0/30.0)
2026-02-06T07:17:24Z,04,e_martinez,SKILL_003_20260206_071723,272.53,10021.54,FALSE,SKILL_003,Organize screwdriver bits,BAD_HZ /camera_l/ffmpeg (0.0/30.0) | BAD_HZ /camera_r/ffmpeg (0.0/30.0)
2026-02-06T07:23:14Z,04,e_martinez,SKILL_003_20260206_072314,266.72,9794.93,FALSE,SKILL_003,Organize screwdriver bits,BAD_HZ /camera_l/ffmpeg (0.0/30.0) | BAD_HZ /camera_r/ffmpeg (0.0/30.0)
2026-02-06T13:57:16Z,04,d_vargas,SKILL_012_20260206_135716,93.35,3421.74,FALSE,SKILL_012,Put pasta in jars,BAD_HZ /camera_l/ffmpeg (0.0/30.0) | BAD_HZ /camera_r/ffmpeg (0.0/30.0)
2026-02-06T13:54:12Z,04,d_vargas,SKILL_012_20260206_135412,108.94,4005.14,FALSE,SKILL_012,Put pasta in jars,BAD_HZ /camera_l/ffmpeg (0.0/30.0) | BAD_HZ /camera_r/ffmpeg (0.0/30.0)
2026-02-06T13:50:50Z,04,d_vargas,SKILL_012_20260206_135050,136.90,4104.44,FALSE,SKILL_012,Put pasta in jars,BAD_HZ /camera_l/depth/image_rect_raw (24.6/30.0) | BAD_HZ /camera_l/ffmpeg (0.0/30.0) | BAD_HZ /camera_r/ffmpeg (0.0/30.0) | BAD_HZ /camera_r/depth/image_rect_raw (22.7/30.0)
2026-02-06T10:17:54Z,04,d_vargas,SKILL_012_20260206_101754,141.10,5227.32,FALSE,SKILL_012,Put pasta in jars,BAD_HZ /camera_l/ffmpeg (0.0/30.0) | BAD_HZ /camera_r/ffmpeg (0.0/30.0)
2026-02-06T10:14:49Z,04,d_vargas,SKILL_012_20260206_101449,141.53,5235.70,FALSE,SKILL_012,Put pasta in jars,BAD_HZ /camera_l/ffmpeg (0.0/30.0) | BAD_HZ /camera_r/ffmpeg (0.0/30.0)
2026-02-06T10:11:19Z,04,d_vargas,SKILL_012_20260206_101119,156.99,5843.57,FALSE,SKILL_012,Put pasta in jars,BAD_HZ /camera_l/ffmpeg (0.0/30.0) | BAD_HZ /camera_r/ffmpeg (0.0/30.0)
2026-02-06T08:29:10Z,04,e_martinez,SKILL_012_20260206_082910,161.01,5345.20,FALSE,SKILL_012,Put pasta in jars,BAD_HZ /camera_l/ffmpeg (0.0/30.0) | BAD_HZ /camera_r/ffmpeg (0.0/30.0) | BAD_HZ /camera_l/depth/image_rect_raw (25.0/30.0)
2026-02-06T08:25:20Z,04,e_martinez,SKILL_012_20260206_082520,134.90,5031.68,FALSE,SKILL_012,Put pasta in jars,BAD_HZ /camera_l/ffmpeg (0.0/30.0) | BAD_HZ /camera_r/ffmpeg (0.0/30.0)
2026-02-06T08:19:49Z,04,e_martinez,SKILL_012_20260206_081949,234.15,8721.82,FALSE,SKILL_012,Put pasta in jars,BAD_HZ /camera_l/ffmpeg (0.0/30.0) | BAD_HZ /camera_r/ffmpeg (0.0/30.0)
2026-02-06T13:31:16Z,04,d_vargas,SKILL_010_20260206_133116,229.17,8439.82,FALSE,SKILL_010,Package earphones,BAD_HZ /camera_l/ffmpeg (0.0/30.0) | BAD_HZ /camera_r/ffmpeg (0.0/30.0)
2026-02-06T13:25:24Z,04,d_vargas,SKILL_010_20260206_132524,227.76,8474.23,FALSE,SKILL_010,Package earphones,BAD_HZ /camera_l/ffmpeg (0.0/30.0) | BAD_HZ /camera_r/ffmpeg (0.0/30.0)
2026-02-06T09:50:04Z,04,e_martinez,SKILL_010_20260206_095004,164.66,6071.86,FALSE,SKILL_010,Package earphones,BAD_HZ /camera_l/ffmpeg (0.0/30.0) | BAD_HZ /camera_r/ffmpeg (0.0/30.0)
2026-02-06T11:08:19Z,04,d_vargas,SKILL_009_20260206_110819,86.86,3227.07,FALSE,SKILL_009,Package Cotton set,TOO_SHORT (86.9s < 90.0s) | BAD_HZ /camera_l/ffmpeg (0.0/30.0) | BAD_HZ /camera_r/ffmpeg (0.0/30.0)
2026-02-06T11:04:56Z,04,d_vargas,SKILL_009_20260206_110456,154.47,5702.01,FALSE,SKILL_009,Package Cotton set,BAD_HZ /camera_l/ffmpeg (0.0/30.0) | BAD_HZ /camera_r/ffmpeg (0.0/30.0)
2026-02-06T11:01:32Z,04,d_vargas,SKILL_009_20260206_110132,163.72,6043.48,FALSE,SKILL_009,Package Cotton set,BAD_HZ /camera_l/ffmpeg (0.0/30.0) | BAD_HZ /camera_r/ffmpeg (0.0/30.0)
2026-02-06T10:01:24Z,04,d_vargas,SKILL_009_20260206_100124,1.42,47.90,FALSE,SKILL_009,Package Cotton set,TOO_SHORT (1.4s < 90.0s) | BAD_HZ /gripper_l/data (100.5/120.0) | BAD_HZ /camera_l/ffmpeg (0.0/30.0) | BAD_HZ /camera_r/ffmpeg (0.0/30.0)
2026-02-06T09:54:40Z,04,e_martinez,SKILL_009_20260206_095440,167.01,6120.63,FALSE,SKILL_009,Package Cotton set,BAD_HZ /camera_l/ffmpeg (0.0/30.0) | BAD_HZ /camera_r/ffmpeg (0.0/30.0)
2026-02-06T12:53:34Z,04,d_vargas,SKILL_018_20260206_125334,144.97,5326.26,FALSE,SKILL_018,Close bags with twist ties,BAD_HZ /camera_l/ffmpeg (0.0/30.0) | BAD_HZ /camera_r/ffmpeg (0.0/30.0)
2026-02-06T12:50:14Z,04,d_vargas,SKILL_018_20260206_125014,155.69,5786.12,FALSE,SKILL_018,Close bags with twist ties,BAD_HZ /camera_l/ffmpeg (0.0/30.0) | BAD_HZ /camera_r/ffmpeg (0.0/30.0)
2026-02-06T10:27:16Z,04,d_vargas,SKILL_018_20260206_102716,121.83,4522.15,FALSE,SKILL_018,Close bags with twist ties,BAD_HZ /camera_l/ffmpeg (0.0/30.0) | BAD_HZ /camera_r/ffmpeg (0.0/30.0)
2026-02-06T10:23:24Z,04,d_vargas,SKILL_018_20260206_102323,141.42,5248.54,FALSE,SKILL_018,Close bags with twist ties,BAD_HZ /camera_l/ffmpeg (0.0/30.0) | BAD_HZ /camera_r/ffmpeg (0.0/30.0)
2026-02-06T09:14:09Z,04,e_martinez,SKILL_018_20260206_091409,241.57,8900.20,FALSE,SKILL_018,Close bags with twist ties,BAD_HZ /camera_l/ffmpeg (0.0/30.0) | BAD_HZ /camera_r/ffmpeg (0.0/30.0)
2026-02-06T09:07:33Z,04,e_martinez,SKILL_018_20260206_090733,311.22,11458.50,FALSE,SKILL_018,Close bags with twist ties,BAD_HZ /camera_l/ffmpeg (0.0/30.0) | BAD_HZ /camera_r/ffmpeg (0.0/30.0)
2026-02-06T10:44:13Z,04,d_vargas,SKILL_017_20260206_104413,125.12,4655.95,FALSE,SKILL_017,Put pasta in ziploc bags,BAD_HZ /camera_l/ffmpeg (0.0/30.0) | BAD_HZ /camera_r/ffmpeg (0.0/30.0)
2026-02-06T10:44:09Z,04,d_vargas,SKILL_017_20260206_104409,1.60,58.78,FALSE,SKILL_017,Put pasta in ziploc bags,TOO_SHORT (1.6s < 90.0s) | BAD_HZ /camera_l/ffmpeg (0.0/30.0) | BAD_HZ /camera_r/ffmpeg (0.0/30.0)
2026-02-06T10:36:34Z,04,d_vargas,SKILL_017_20260206_103634,384.57,13578.87,FALSE,SKILL_017,Put pasta in ziploc bags,BAD_HZ /camera_l/ffmpeg (0.0/30.0) | BAD_HZ /camera_r/ffmpeg (0.0/30.0)
2026-02-06T09:22:19Z,04,e_martinez,SKILL_017_20260206_092219,295.39,10950.18,FALSE,SKILL_017,Put pasta in ziploc bags,BAD_HZ /camera_l/ffmpeg (0.0/30.0) | BAD_HZ /camera_r/ffmpeg (0.0/30.0)
2026-02-06T14:27:46Z,04,d_vargas,SKILL_013_20260206_142746,228.52,8408.71,FALSE,SKILL_013,Set up a hand lamp,BAD_HZ /camera_l/ffmpeg (0.0/30.0) | BAD_HZ /camera_r/ffmpeg (0.0/30.0)
2026-02-06T14:25:12Z,04,d_vargas,SKILL_013_20260206_142512,91.96,3397.89,FALSE,SKILL_013,Set up a hand lamp,BAD_HZ /camera_r/ffmpeg (0.0/30.0) | BAD_HZ /camera_l/ffmpeg (0.0/30.0)
2026-02-06T11:21:37Z,04,d_vargas,SKILL_013_20260206_112137,49.24,1809.85,FALSE,SKILL_013,Set up a hand lamp,TOO_SHORT (49.2s < 90.0s) | BAD_HZ /camera_l/ffmpeg (0.0/30.0) | BAD_HZ /camera_r/ffmpeg (0.0/30.0)
2026-02-06T11:19:07Z,04,d_vargas,SKILL_013_20260206_111907,104.13,3834.84,FALSE,SKILL_013,Set up a hand lamp,BAD_HZ /camera_l/ffmpeg (0.0/30.0) | BAD_HZ /camera_r/ffmpeg (0.0/30.0)
2026-02-06T11:15:16Z,04,d_vargas,SKILL_013_20260206_111516,115.24,4202.63,FALSE,SKILL_013,Set up a hand lamp,BAD_HZ /camera_r/ffmpeg (0.0/30.0) | BAD_HZ /camera_l/ffmpeg (0.0/30.0)
2026-02-06T08:40:04Z,04,e_martinez,SKILL_013_20260206_084004,165.20,5450.70,FALSE,SKILL_013,Set up a hand lamp,BAD_HZ /camera_l/ffmpeg (0.0/30.0) | BAD_HZ /camera_r/ffmpeg (0.0/30.0)
2026-02-06T08:37:48Z,04,e_martinez,SKILL_013_20260206_083748,134.78,4976.36,FALSE,SKILL_013,Set up a hand lamp,BAD_HZ /camera_r/ffmpeg (0.0/30.0) | BAD_HZ /camera_l/ffmpeg (0.0/30.0)
2026-02-06T08:32:45Z,04,e_martinez,SKILL_013_20260206_083245,155.70,5754.93,FALSE,SKILL_013,Set up a hand lamp,BAD_HZ /camera_l/ffmpeg (0.0/30.0) | BAD_HZ /camera_r/ffmpeg (0.0/30.0)
2026-02-06T11:12:54Z,04,d_vargas,SKILL_013_20260206_111254,104.74,3861.70,FALSE,SKILL_013,Set up a hand lamp,BAD_HZ /camera_l/ffmpeg (0.0/30.0) | BAD_HZ /camera_r/ffmpeg (0.0/30.0)
2026-02-06T07:07:56Z,05,l_aguilera,SKILL_001_20260206_070755,534.90,9630.09,FALSE,SKILL_001,Organize beads per color,BAD_HZ /camera_r/depth/image_rect_raw (12.6/30.0) | BAD_HZ /camera_l/depth/image_rect_raw (12.6/30.0) | BAD_HZ /camera_l/ffmpeg (24.2/30.0) | BAD_HZ /camera_r/ffmpeg (24.4/30.0)
2026-02-06T13:47:43Z,04,d_vargas,SKILL_020_20260206_134743,90.60,3364.02,FALSE,SKILL_020,Open locks with their keys,BAD_HZ /camera_l/ffmpeg (0.0/30.0) | BAD_HZ /camera_r/ffmpeg (0.0/30.0)
2026-02-06T13:45:28Z,04,d_vargas,SKILL_020_20260206_134528,77.70,2885.39,FALSE,SKILL_020,Open locks with their keys,TOO_SHORT (77.7s < 90.0s) | BAD_HZ /camera_l/ffmpeg (0.0/30.0) | BAD_HZ /camera_r/ffmpeg (0.0/30.0)
2026-02-06T13:43:04Z,04,d_vargas,SKILL_020_20260206_134304,92.25,3413.73,FALSE,SKILL_020,Open locks with their keys,BAD_HZ /camera_l/ffmpeg (0.0/30.0) | BAD_HZ /camera_r/ffmpeg (0.0/30.0)
2026-02-06T13:40:01Z,04,d_vargas,SKILL_020_20260206_134001,100.06,3661.24,FALSE,SKILL_020,Open locks with their keys,BAD_HZ /camera_l/ffmpeg (0.0/30.0) | BAD_HZ /camera_r/ffmpeg (0.0/30.0)
2026-02-06T10:09:07Z,04,d_vargas,SKILL_020_20260206_100907,68.86,2546.29,FALSE,SKILL_020,Open locks with their keys,TOO_SHORT (68.9s < 90.0s) | BAD_HZ /camera_l/ffmpeg (0.0/30.0) | BAD_HZ /camera_r/ffmpeg (0.0/30.0)
2026-02-06T10:07:09Z,04,d_vargas,SKILL_020_20260206_100709,64.79,2390.38,FALSE,SKILL_020,Open locks with their keys,TOO_SHORT (64.8s < 90.0s) | BAD_HZ /camera_l/ffmpeg (0.0/30.0) | BAD_HZ /camera_r/ffmpeg (0.0/30.0)
2026-02-06T10:04:24Z,04,d_vargas,SKILL_020_20260206_100424,85.42,3169.00,FALSE,SKILL_020,Open locks with their keys,TOO_SHORT (85.4s < 90.0s) | BAD_HZ /camera_l/ffmpeg (0.0/30.0) | BAD_HZ /camera_r/ffmpeg (0.0/30.0)
2026-02-06T10:01:40Z,04,d_vargas,SKILL_020_20260206_100140,88.47,3274.41,FALSE,SKILL_020,Open locks with their keys,TOO_SHORT (88.5s < 90.0s) | BAD_HZ /camera_l/ffmpeg (0.0/30.0) | BAD_HZ /camera_r/ffmpeg (0.0/30.0)
2026-02-06T08:47:07Z,04,e_martinez,SKILL_020_20260206_084707,83.65,3029.63,FALSE,SKILL_020,Open locks with their keys,TOO_SHORT (83.6s < 90.0s) | BAD_HZ /camera_r/ffmpeg (0.0/30.0) | BAD_HZ /camera_l/ffmpeg (0.0/30.0)
2026-02-06T08:44:21Z,04,e_martinez,SKILL_020_20260206_084421,83.76,3071.41,FALSE,SKILL_020,Open locks with their keys,TOO_SHORT (83.8s < 90.0s) | BAD_HZ /camera_l/ffmpeg (0.0/30.0) | BAD_HZ /camera_r/ffmpeg (0.0/30.0)
2026-02-06T13:09:28Z,04,d_vargas,SKILL_018_20260206_130928,47.61,1750.93,FALSE,SKILL_018,Close bags with twist ties,TOO_SHORT (47.6s < 90.0s) | BAD_HZ /camera_l/ffmpeg (0.0/30.0) | BAD_HZ /camera_r/ffmpeg (0.0/30.0)
2026-02-06T13:06:05Z,04,d_vargas,SKILL_018_20260206_130605,155.12,5712.46,FALSE,SKILL_018,Close bags with twist ties,BAD_HZ /camera_l/ffmpeg (0.0/30.0) | BAD_HZ /camera_r/ffmpeg (0.0/30.0)
2026-02-06T13:02:15Z,04,d_vargas,SKILL_018_20260206_130215,190.04,7072.92,FALSE,SKILL_018,Close bags with twist ties,BAD_HZ /camera_l/ffmpeg (0.0/30.0) | BAD_HZ /camera_r/ffmpeg (0.0/30.0)
2026-02-06T12:57:22Z,04,d_vargas,SKILL_018_20260206_125722,154.65,5743.33,FALSE,SKILL_018,Close bags with twist ties,BAD_HZ /camera_l/ffmpeg (0.0/30.0) | BAD_HZ /camera_r/ffmpeg (0.0/30.0)
2026-02-06T08:03:25Z,05,l_aguilera,SKILL_009_20260206_080324,120.23,2140.13,FALSE,SKILL_009,Package Cotton set,BAD_HZ /camera_r/depth/image_rect_raw (12.3/30.0) | BAD_HZ /camera_l/depth/image_rect_raw (12.4/30.0)
2026-02-06T07:58:42Z,05,l_aguilera,SKILL_009_20260206_075841,125.95,1848.19,FALSE,SKILL_009,Package Cotton set,BAD_HZ /camera_r/depth/image_rect_raw (9.6/30.0) | BAD_HZ /camera_l/depth/image_rect_raw (9.8/30.0) | BAD_HZ /pika_pose_l (3.8/100.0) | BAD_HZ /pika_pose_r (7.5/100.0)
2026-02-06T07:47:46Z,05,l_aguilera,SKILL_009_20260206_074745,21.72,434.47,FALSE,SKILL_009,Package Cotton set,TOO_SHORT (23.1s < 90.0s) | BAD_HZ /camera_r/depth/image_rect_raw (13.6/30.0) | BAD_HZ /camera_l/depth/image_rect_raw (13.0/30.0)
2026-02-06T14:30:28Z,05,l_aguilera,SKILL_007_20260206_143028,71.32,818.75,FALSE,SKILL_007,Separate tongue depressors by color,TOO_SHORT (71.3s < 90.0s) | BAD_HZ /camera_l/depth/image_rect_raw (16.5/30.0) | BAD_HZ /gripper_r/data (0.0/120.0) | BAD_HZ /camera_fisheye_r/ffmpeg (0.0/30.0) | BAD_HZ /camera_r/ffmpeg (0.0/30.0) | BAD_HZ /camera_r/depth/image_rect_raw (0.0/30.0)
2026-02-06T14:24:40Z,05,l_aguilera,SKILL_007_20260206_142440,240.70,3263.97,FALSE,SKILL_007,Separate tongue depressors by color,BAD_HZ /camera_fisheye_r/ffmpeg (12.7/30.0) | BAD_HZ /camera_r/ffmpeg (11.0/30.0) | BAD_HZ /camera_r/depth/image_rect_raw (4.5/30.0) | BAD_HZ /camera_l/depth/image_rect_raw (13.8/30.0) | BAD_HZ /gripper_r/data (45.1/120.0)
2026-02-06T14:19:48Z,05,l_aguilera,SKILL_005_20260206_141948,200.48,3641.77,FALSE,SKILL_005,Insert allen keys in package,BAD_HZ /camera_l/depth/image_rect_raw (12.3/30.0) | BAD_HZ /camera_r/depth/image_rect_raw (12.7/30.0)
2026-02-06T14:15:41Z,05,l_aguilera,SKILL_005_20260206_141541,186.72,3405.98,FALSE,SKILL_005,Insert allen keys in package,BAD_HZ /camera_r/depth/image_rect_raw (13.0/30.0) | BAD_HZ /camera_l/depth/image_rect_raw (12.2/30.0)
2026-02-06T14:11:28Z,05,l_aguilera,SKILL_005_20260206_141127,210.67,3951.27,FALSE,SKILL_005,Insert allen keys in package,BAD_HZ /camera_l/depth/image_rect_raw (12.4/30.0) | BAD_HZ /camera_r/depth/image_rect_raw (13.4/30.0)
2026-02-06T07:27:56Z,05,l_aguilera,SKILL_004_20260206_072756,59.72,1069.39,FALSE,SKILL_004,Set Screwdriver package,TOO_SHORT (59.7s < 90.0s) | BAD_HZ /camera_l/ffmpeg (25.3/30.0) | BAD_HZ /pika_pose_r (0.0/100.0) | BAD_HZ /camera_r/depth/image_rect_raw (13.4/30.0) | BAD_HZ /camera_l/depth/image_rect_raw (11.8/30.0) | BAD_HZ /pika_pose_l (0.0/100.0)
2026-02-06T07:26:35Z,05,l_aguilera,SKILL_004_20260206_072635,61.23,1171.52,FALSE,SKILL_004,Set Screwdriver package,TOO_SHORT (61.2s < 90.0s) | BAD_HZ /camera_r/depth/image_rect_raw (13.7/30.0) | BAD_HZ /camera_l/depth/image_rect_raw (13.7/30.0) | BAD_HZ /pika_pose_l (0.0/100.0) | BAD_HZ /camera_l/ffmpeg (24.4/30.0) | BAD_HZ /pika_pose_r (0.0/100.0)
2026-02-06T07:24:47Z,05,l_aguilera,SKILL_004_20260206_072447,61.09,1164.16,FALSE,SKILL_004,Set Screwdriver package,TOO_SHORT (61.1s < 90.0s) | BAD_HZ /camera_r/depth/image_rect_raw (13.7/30.0) | BAD_HZ /camera_l/depth/image_rect_raw (13.6/30.0) | BAD_HZ /pika_pose_l (0.0/100.0) | BAD_HZ /camera_r/ffmpeg (25.0/30.0) | BAD_HZ /pika_pose_r (0.0/100.0)
2026-02-06T07:22:47Z,05,l_aguilera,SKILL_004_20260206_072247,86.91,1639.70,FALSE,SKILL_004,Set Screwdriver package,TOO_SHORT (86.9s < 90.0s) | BAD_HZ /camera_l/depth/image_rect_raw (13.2/30.0) | BAD_HZ /pika_pose_l (0.0/100.0) | BAD_HZ /camera_l/ffmpeg (25.2/30.0) | BAD_HZ /camera_r/ffmpeg (25.0/30.0) | BAD_HZ /pika_pose_r (0.0/100.0) | BAD_HZ /camera_r/depth/image_rect_raw (13.6/30.0)
2026-02-06T07:20:44Z,05,l_aguilera,SKILL_004_20260206_072044,94.10,1800.54,FALSE,SKILL_004,Set Screwdriver package,BAD_HZ /camera_l/depth/image_rect_raw (13.3/30.0) | BAD_HZ /pika_pose_l (0.0/100.0) | BAD_HZ /camera_l/ffmpeg (24.3/30.0) | BAD_HZ /camera_r/ffmpeg (23.7/30.0) | BAD_HZ /pika_pose_r (0.0/100.0) | BAD_HZ /camera_r/depth/image_rect_raw (14.1/30.0)
2026-02-06T12:27:37Z,05,l_aguilera,SKILL_003_20260206_122735,229.47,2723.49,FALSE,SKILL_003,Organize screwdriver bits,BAD_HZ /gripper_l/data (47.5/120.0) | BAD_HZ /pika_pose_r (41.3/100.0) | BAD_HZ /camera_r/depth/image_rect_raw (8.0/30.0) | BAD_HZ /camera_l/depth/image_rect_raw (7.2/30.0) | BAD_HZ /gripper_r/data (45.8/120.0) | BAD_HZ /pika_pose_l (44.1/100.0)
2026-02-06T07:37:55Z,05,l_aguilera,SKILL_003_20260206_073755,233.30,4363.74,FALSE,SKILL_003,Organize screwdriver bits,BAD_HZ /camera_r/depth/image_rect_raw (13.3/30.0) | BAD_HZ /camera_l/depth/image_rect_raw (13.5/30.0)
2026-02-06T07:33:12Z,05,l_aguilera,SKILL_003_20260206_073311,228.14,4230.63,FALSE,SKILL_003,Organize screwdriver bits,BAD_HZ /camera_r/depth/image_rect_raw (13.5/30.0) | BAD_HZ /camera_l/depth/image_rect_raw (12.8/30.0)
2026-02-06T14:44:27Z,05,l_aguilera,SKILL_001_20260206_144427,44.82,760.81,FALSE,SKILL_001,Organize beads per color,TOO_SHORT (44.8s < 90.0s) | BAD_HZ /camera_r/depth/image_rect_raw (11.3/30.0) | BAD_HZ /camera_l/depth/image_rect_raw (12.2/30.0) | BAD_HZ /gripper_r/data (101.1/120.0) | BAD_HZ /camera_r/ffmpeg (21.9/30.0)
2026-02-06T10:03:46Z,05,l_aguilera,SKILL_001_20260206_100346,253.38,4464.35,FALSE,SKILL_001,Organize beads per color,BAD_HZ /camera_r/depth/image_rect_raw (12.5/30.0) | BAD_HZ /camera_l/depth/image_rect_raw (12.5/30.0)
2026-02-06T09:50:07Z,05,l_aguilera,SKILL_001_20260206_095007,525.17,9140.90,FALSE,SKILL_001,Organize beads per color,BAD_HZ /camera_l/depth/image_rect_raw (12.0/30.0) | BAD_HZ /camera_r/depth/image_rect_raw (12.0/30.0)
2026-02-06T13:04:17Z,05,l_aguilera,SKILL_013_20260206_130415,128.53,1641.06,FALSE,SKILL_013,Set up a hand lamp,BAD_HZ /pika_pose_r (42.1/100.0) | BAD_HZ /camera_r/depth/image_rect_raw (7.6/30.0) | BAD_HZ /camera_l/depth/image_rect_raw (8.6/30.0) | BAD_HZ /gripper_r/data (46.7/120.0) | BAD_HZ /pika_pose_l (45.2/100.0) | BAD_HZ /gripper_l/data (48.4/120.0)
2026-02-06T08:55:37Z,05,l_aguilera,SKILL_013_20260206_085537,131.44,2455.87,FALSE,SKILL_013,Set up a hand lamp,BAD_HZ /camera_r/depth/image_rect_raw (14.0/30.0) | BAD_HZ /camera_l/depth/image_rect_raw (14.3/30.0) | BAD_HZ /camera_fisheye_r/ffmpeg (0.0/30.0)
2026-02-06T08:50:43Z,05,l_aguilera,SKILL_013_20260206_085043,118.09,2190.23,FALSE,SKILL_013,Set up a hand lamp,BAD_HZ /camera_l/depth/image_rect_raw (14.0/30.0) | BAD_HZ /camera_fisheye_r/ffmpeg (0.0/30.0) | BAD_HZ /camera_r/depth/image_rect_raw (14.0/30.0)
2026-02-06T08:47:36Z,05,l_aguilera,SKILL_013_20260206_084736,129.14,2381.57,FALSE,SKILL_013,Set up a hand lamp,BAD_HZ /camera_r/depth/image_rect_raw (14.0/30.0) | BAD_HZ /camera_l/depth/image_rect_raw (13.8/30.0) | BAD_HZ /camera_fisheye_r/ffmpeg (0.0/30.0)
2026-02-06T08:43:47Z,05,l_aguilera,SKILL_013_20260206_084347,180.29,3337.55,FALSE,SKILL_013,Set up a hand lamp,BAD_HZ /camera_l/depth/image_rect_raw (14.1/30.0) | BAD_HZ /camera_fisheye_r/ffmpeg (0.0/30.0) | BAD_HZ /camera_r/depth/image_rect_raw (13.7/30.0)
2026-02-06T13:48:54Z,05,l_aguilera,SKILL_012_20260206_134854,109.64,1325.59,FALSE,SKILL_012,Put pasta in jars,BAD_HZ /camera_l/depth/image_rect_raw (17.6/30.0) | BAD_HZ /pika_pose_l (0.0/100.0) | BAD_HZ /camera_fisheye_r/ffmpeg (0.0/30.0) | BAD_HZ /camera_r/ffmpeg (0.0/30.0) | BAD_HZ /pika_pose_r (0.0/100.0) | BAD_HZ /camera_r/depth/image_rect_raw (0.0/30.0)
2026-02-06T08:39:53Z,05,l_aguilera,SKILL_012_20260206_083952,123.14,2225.46,FALSE,SKILL_012,Put pasta in jars,BAD_HZ /camera_r/depth/image_rect_raw (13.8/30.0) | BAD_HZ /camera_l/depth/image_rect_raw (12.8/30.0) | BAD_HZ /camera_fisheye_r/ffmpeg (0.0/30.0)
2026-02-06T08:36:03Z,05,l_aguilera,SKILL_012_20260206_083603,105.65,1847.14,FALSE,SKILL_012,Put pasta in jars,BAD_HZ /camera_r/depth/image_rect_raw (12.4/30.0) | BAD_HZ /camera_l/depth/image_rect_raw (11.7/30.0)
2026-02-06T08:32:55Z,05,l_aguilera,SKILL_012_20260206_083255,133.82,2417.92,FALSE,SKILL_012,Put pasta in jars,BAD_HZ /gripper_r/data (101.1/120.0) | BAD_HZ /gripper_l/data (101.5/120.0) | BAD_HZ /camera_r/depth/image_rect_raw (13.3/30.0) | BAD_HZ /camera_l/depth/image_rect_raw (11.6/30.0)
2026-02-06T08:28:12Z,05,l_aguilera,SKILL_010_20260206_082812,186.56,3481.44,FALSE,SKILL_010,Package earphones,BAD_HZ /camera_r/depth/image_rect_raw (14.0/30.0) | BAD_HZ /camera_l/depth/image_rect_raw (12.4/30.0)
2026-02-06T08:24:16Z,05,l_aguilera,SKILL_010_20260206_082416,144.87,2675.39,FALSE,SKILL_010,Package earphones,BAD_HZ /camera_r/depth/image_rect_raw (13.9/30.0) | BAD_HZ /camera_l/depth/image_rect_raw (11.9/30.0)
2026-02-06T12:57:42Z,05,l_aguilera,SKILL_009_20260206_125742,0.43,3.28,FALSE,SKILL_009,Package Cotton set,TOO_SHORT (0.4s < 90.0s) | BAD_HZ /gripper_r/data (52.4/120.0) | BAD_HZ /pika_pose_l (50.0/100.0) | BAD_HZ /gripper_l/data (52.4/120.0) | BAD_HZ /pika_pose_r (45.3/100.0) | BAD_HZ /camera_r/depth/image_rect_raw (2.4/30.0) | BAD_HZ /camera_l/depth/image_rect_raw (7.1/30.0)
2026-02-06T12:49:49Z,05,l_aguilera,SKILL_009_20260206_124949,165.57,2041.02,FALSE,SKILL_009,Package Cotton set,BAD_HZ /camera_r/depth/image_rect_raw (7.7/30.0) | BAD_HZ /camera_l/depth/image_rect_raw (7.8/30.0) | BAD_HZ /gripper_r/data (43.9/120.0) | BAD_HZ /pika_pose_l (42.0/100.0) | BAD_HZ /gripper_l/data (45.8/120.0) | BAD_HZ /pika_pose_r (39.1/100.0)
2026-02-06T12:45:33Z,05,l_aguilera,SKILL_009_20260206_124532,180.24,2146.79,FALSE,SKILL_009,Package Cotton set,BAD_HZ /camera_l/depth/image_rect_raw (7.5/30.0) | BAD_HZ /gripper_r/data (42.9/120.0) | BAD_HZ /pika_pose_l (41.1/100.0) | BAD_HZ /gripper_l/data (44.8/120.0) | BAD_HZ /pika_pose_r (38.0/100.0) | BAD_HZ /camera_r/depth/image_rect_raw (7.3/30.0)
2026-02-06T09:44:56Z,05,l_aguilera,SKILL_009_20260206_094456,139.36,2297.23,FALSE,SKILL_009,Package Cotton set,BAD_HZ /camera_r/depth/image_rect_raw (11.4/30.0) | BAD_HZ /camera_l/depth/image_rect_raw (11.2/30.0)
2026-02-06T09:40:14Z,05,l_aguilera,SKILL_009_20260206_094013,174.22,3044.00,FALSE,SKILL_009,Package Cotton set,BAD_HZ /camera_l/depth/image_rect_raw (11.8/30.0) | BAD_HZ /camera_r/depth/image_rect_raw (12.4/30.0)
2026-02-06T08:20:52Z,05,l_aguilera,SKILL_009_20260206_082050,126.39,2397.22,FALSE,SKILL_009,Package Cotton set,BAD_HZ /camera_r/depth/image_rect_raw (14.2/30.0) | BAD_HZ /camera_l/depth/image_rect_raw (12.1/30.0)
2026-02-06T08:10:01Z,05,l_aguilera,SKILL_009_20260206_081001,186.47,2356.49,FALSE,SKILL_009,Package Cotton set,BAD_HZ /camera_r/ffmpeg (6.5/30.0) | BAD_HZ /camera_r/depth/image_rect_raw (3.0/30.0) | BAD_HZ /camera_l/depth/image_rect_raw (14.8/30.0) | BAD_HZ /camera_fisheye_r/ffmpeg (8.4/30.0)
2026-02-06T08:06:37Z,05,l_aguilera,SKILL_009_20260206_080636,141.56,2499.13,FALSE,SKILL_009,Package Cotton set,BAD_HZ /camera_r/depth/image_rect_raw (12.2/30.0) | BAD_HZ /camera_l/depth/image_rect_raw (12.3/30.0)
2026-02-06T09:28:41Z,05,l_aguilera,SKILL_020_20260206_092841,78.81,1494.98,FALSE,SKILL_020,Open locks with their keys,TOO_SHORT (78.8s < 90.0s) | BAD_HZ /camera_r/depth/image_rect_raw (15.0/30.0) | BAD_HZ /camera_l/depth/image_rect_raw (14.1/30.0) | BAD_HZ /camera_fisheye_r/ffmpeg (0.0/30.0)
2026-02-06T09:23:39Z,05,l_aguilera,SKILL_019_20260206_092339,125.51,2494.10,FALSE,SKILL_019,Put pasta in plastic containers,BAD_HZ /camera_l/depth/image_rect_raw (14.6/30.0) | BAD_HZ /camera_fisheye_r/ffmpeg (0.0/30.0) | BAD_HZ /camera_r/depth/image_rect_raw (15.4/30.0)
2026-02-06T09:20:31Z,05,l_aguilera,SKILL_019_20260206_092031,135.95,2658.74,FALSE,SKILL_019,Put pasta in plastic containers,BAD_HZ /camera_r/depth/image_rect_raw (15.0/30.0) | BAD_HZ /camera_l/depth/image_rect_raw (14.5/30.0) | BAD_HZ /camera_fisheye_r/ffmpeg (0.0/30.0)
2026-02-06T13:30:09Z,05,l_aguilera,SKILL_018_20260206_133009,166.00,2782.68,FALSE,SKILL_018,Close bags with twist ties,BAD_HZ /camera_r/depth/image_rect_raw (11.1/30.0) | BAD_HZ /camera_l/depth/image_rect_raw (11.5/30.0)
2026-02-06T13:22:44Z,05,l_aguilera,SKILL_018_20260206_132242,366.32,5706.70,FALSE,SKILL_018,Close bags with twist ties,BAD_HZ /pika_pose_r (75.0/100.0) | BAD_HZ /camera_r/depth/image_rect_raw (10.3/30.0) | BAD_HZ /camera_l/depth/image_rect_raw (10.3/30.0) | BAD_HZ /gripper_r/data (81.8/120.0) | BAD_HZ /pika_pose_l (76.4/100.0) | BAD_HZ /gripper_l/data (82.6/120.0)
2026-02-06T13:14:57Z,05,l_aguilera,SKILL_018_20260206_131457,254.36,2264.68,FALSE,SKILL_018,Close bags with twist ties,BAD_HZ /camera_r/ffmpeg (0.9/30.0) | BAD_HZ /camera_r/depth/image_rect_raw (0.3/30.0) | BAD_HZ /camera_l/depth/image_rect_raw (11.8/30.0) | BAD_HZ /camera_fisheye_r/ffmpeg (1.7/30.0)
2026-02-06T09:14:26Z,05,l_aguilera,SKILL_017_20260206_091426,237.14,4598.29,FALSE,SKILL_017,Put pasta in ziploc bags,BAD_HZ /camera_fisheye_r/ffmpeg (0.0/30.0) | BAD_HZ /camera_r/depth/image_rect_raw (14.9/30.0) | BAD_HZ /camera_l/depth/image_rect_raw (14.2/30.0)
2026-02-06T09:07:54Z,05,l_aguilera,SKILL_017_20260206_090754,342.56,6589.25,FALSE,SKILL_017,Put pasta in ziploc bags,BAD_HZ /camera_r/depth/image_rect_raw (14.8/30.0) | BAD_HZ /camera_l/depth/image_rect_raw (14.3/30.0) | BAD_HZ /camera_fisheye_r/ffmpeg (0.0/30.0)
2026-02-06T14:41:09Z,05,l_aguilera,SKILL_014_20260206_144109,118.60,2209.93,FALSE,SKILL_014,Fasten nuts onto bolts,BAD_HZ /camera_r/depth/image_rect_raw (14.0/30.0) | BAD_HZ /camera_l/depth/image_rect_raw (12.6/30.0)
2026-02-06T14:34:57Z,05,l_aguilera,SKILL_014_20260206_143456,295.84,5690.56,FALSE,SKILL_014,Fasten nuts onto bolts,BAD_HZ /camera_r/depth/image_rect_raw (14.4/30.0) | BAD_HZ /camera_l/depth/image_rect_raw (13.1/30.0)
2026-02-06T13:07:05Z,05,l_aguilera,SKILL_013_20260206_130705,189.47,2431.36,FALSE,SKILL_013,Set up a hand lamp,BAD_HZ /gripper_l/data (48.0/120.0) | BAD_HZ /pika_pose_r (41.2/100.0) | BAD_HZ /camera_r/depth/image_rect_raw (8.3/30.0) | BAD_HZ /camera_l/depth/image_rect_raw (8.2/30.0) | BAD_HZ /gripper_r/data (46.1/120.0) | BAD_HZ /pika_pose_l (44.3/100.0)
2026-02-07T07:41:48Z,01,l_aguilera,SKILL_004_20260207_074148,78.02,2685.66,FALSE,SKILL_004,Set Screwdriver package,TOO_SHORT (78.0s < 90.0s) | BAD_HZ /camera_fisheye_l/ffmpeg (0.0/30.0)
2026-02-07T07:39:52Z,01,l_aguilera,SKILL_004_20260207_073952,95.94,3337.69,FALSE,SKILL_004,Set Screwdriver package,BAD_HZ /camera_fisheye_l/ffmpeg (0.0/30.0)
2026-02-07T07:33:53Z,01,l_aguilera,SKILL_003_20260207_073353,245.61,8542.05,FALSE,SKILL_003,Organize screwdriver bits,BAD_HZ /camera_fisheye_l/ffmpeg (0.0/30.0)
2026-02-07T07:29:26Z,01,l_aguilera,SKILL_003_20260207_072925,230.60,8079.11,FALSE,SKILL_003,Organize screwdriver bits,BAD_HZ /camera_fisheye_l/ffmpeg (0.0/30.0)
2026-02-07T14:46:50Z,01,l_aguilera,SKILL_001_20260207_144649,544.85,19456.76,FALSE,SKILL_001,Organize beads per color,BAD_HZ /camera_fisheye_l/ffmpeg (0.0/30.0)
2026-02-07T14:43:01Z,01,l_aguilera,SKILL_001_20260207_144300,16.26,438.43,FALSE,SKILL_001,Organize beads per color,TOO_SHORT (17.0s < 90.0s) | BAD_HZ /camera_r/ffmpeg (13.4/30.0) | BAD_HZ /camera_r/depth/image_rect_raw (11.9/30.0) | BAD_HZ /camera_fisheye_r/ffmpeg (0.0/30.0)
2026-02-07T14:39:24Z,01,l_aguilera,SKILL_001_20260207_143923,53.78,1555.36,FALSE,SKILL_001,Organize beads per color,TOO_SHORT (54.3s < 90.0s) | BAD_HZ /camera_fisheye_l/ffmpeg (0.0/30.0) | BAD_HZ /camera_r/ffmpeg (18.3/30.0) | BAD_HZ /camera_r/depth/image_rect_raw (16.7/30.0)
2026-02-07T14:32:32Z,01,l_aguilera,SKILL_001_20260207_143232,250.41,7632.76,FALSE,SKILL_001,Organize beads per color,BAD_HZ /camera_r/depth/image_rect_raw (24.1/30.0) | BAD_HZ /camera_l/depth/image_rect_raw (24.4/30.0) | BAD_HZ /gripper_r/data (88.4/120.0) | BAD_HZ /pika_pose_l (76.9/100.0) | BAD_HZ /camera_fisheye_r/ffmpeg (0.0/30.0) | BAD_HZ /gripper_l/data (89.7/120.0) | BAD_HZ /pika_pose_r (76.7/100.0)
2026-02-07T08:59:08Z,01,l_aguilera,SKILL_001_20260207_085907,289.18,10735.14,FALSE,SKILL_001,Organize beads per color,BAD_HZ /camera_fisheye_l/ffmpeg (0.0/30.0)
2026-02-07T07:25:26Z,01,l_aguilera,SKILL_001_20260207_072525,8.64,303.05,FALSE,SKILL_001,Organize beads per color,TOO_SHORT (8.6s < 90.0s) | BAD_HZ /camera_fisheye_l/ffmpeg (0.0/30.0)
2026-02-07T07:11:30Z,01,l_aguilera,SKILL_001_20260207_071130,745.87,24633.60,FALSE,SKILL_001,Organize beads per color,BAD_HZ /camera_fisheye_l/ffmpeg (0.0/30.0)
2026-02-06T12:41:23Z,05,l_aguilera,SKILL_020_20260206_124123,63.32,739.82,FALSE,SKILL_020,Open locks with their keys,TOO_SHORT (63.3s < 90.0s) | BAD_HZ /pika_pose_r (42.1/100.0) | BAD_HZ /camera_r/depth/image_rect_raw (7.5/30.0) | BAD_HZ /camera_l/depth/image_rect_raw (7.6/30.0) | BAD_HZ /gripper_r/data (46.5/120.0) | BAD_HZ /pika_pose_l (44.7/100.0) | BAD_HZ /gripper_l/data (48.3/120.0)
2026-02-06T12:39:15Z,05,l_aguilera,SKILL_020_20260206_123915,64.93,744.22,FALSE,SKILL_020,Open locks with their keys,TOO_SHORT (64.9s < 90.0s) | BAD_HZ /camera_l/depth/image_rect_raw (7.5/30.0) | BAD_HZ /gripper_r/data (44.3/120.0) | BAD_HZ /pika_pose_l (42.6/100.0) | BAD_HZ /gripper_l/data (46.3/120.0) | BAD_HZ /pika_pose_r (40.1/100.0) | BAD_HZ /camera_r/depth/image_rect_raw (7.2/30.0)
2026-02-06T12:37:31Z,05,l_aguilera,SKILL_020_20260206_123731,64.64,773.06,FALSE,SKILL_020,Open locks with their keys,TOO_SHORT (64.7s < 90.0s) | BAD_HZ /camera_r/depth/image_rect_raw (8.1/30.0) | BAD_HZ /camera_l/depth/image_rect_raw (7.4/30.0) | BAD_HZ /gripper_r/data (45.3/120.0) | BAD_HZ /pika_pose_l (43.8/100.0) | BAD_HZ /gripper_l/data (46.9/120.0) | BAD_HZ /pika_pose_r (41.3/100.0)
2026-02-06T12:35:46Z,05,l_aguilera,SKILL_020_20260206_123546,62.56,726.50,FALSE,SKILL_020,Open locks with their keys,TOO_SHORT (62.5s < 90.0s) | BAD_HZ /camera_l/depth/image_rect_raw (7.4/30.0) | BAD_HZ /gripper_r/data (47.1/120.0) | BAD_HZ /pika_pose_l (45.4/100.0) | BAD_HZ /gripper_l/data (48.7/120.0) | BAD_HZ /pika_pose_r (42.5/100.0) | BAD_HZ /camera_r/depth/image_rect_raw (7.5/30.0)
2026-02-06T12:33:54Z,05,l_aguilera,SKILL_020_20260206_123354,70.99,805.90,FALSE,SKILL_020,Open locks with their keys,TOO_SHORT (71.0s < 90.0s) | BAD_HZ /gripper_r/data (44.8/120.0) | BAD_HZ /pika_pose_l (43.2/100.0) | BAD_HZ /gripper_l/data (46.5/120.0) | BAD_HZ /pika_pose_r (40.3/100.0) | BAD_HZ /camera_r/depth/image_rect_raw (7.4/30.0) | BAD_HZ /camera_l/depth/image_rect_raw (7.2/30.0)
2026-02-06T09:32:58Z,05,l_aguilera,SKILL_020_20260206_093258,81.39,931.94,FALSE,SKILL_020,Open locks with their keys,TOO_SHORT (81.4s < 90.0s) | BAD_HZ /camera_r/ffmpeg (0.0/30.0) | BAD_HZ /camera_r/depth/image_rect_raw (0.0/30.0) | BAD_HZ /camera_l/depth/image_rect_raw (17.0/30.0) | BAD_HZ /camera_fisheye_r/ffmpeg (0.0/30.0)
2026-02-06T09:31:06Z,05,l_aguilera,SKILL_020_20260206_093106,73.08,798.84,FALSE,SKILL_020,Open locks with their keys,TOO_SHORT (73.1s < 90.0s) | BAD_HZ /camera_r/depth/image_rect_raw (0.0/30.0) | BAD_HZ /camera_l/depth/image_rect_raw (16.0/30.0) | BAD_HZ /camera_fisheye_r/ffmpeg (0.0/30.0) | BAD_HZ /camera_r/ffmpeg (0.0/30.0)
2026-02-06T09:36:50Z,05,l_aguilera,SKILL_020_20260206_093650,5.33,53.35,FALSE,SKILL_020,Open locks with their keys,TOO_SHORT (5.3s < 90.0s) | BAD_HZ /camera_r/ffmpeg (0.0/30.0) | BAD_HZ /camera_r/depth/image_rect_raw (0.0/30.0) | BAD_HZ /camera_l/depth/image_rect_raw (14.5/30.0) | BAD_HZ /camera_fisheye_r/ffmpeg (0.0/30.0)
2026-02-07T08:18:38Z,01,l_aguilera,SKILL_017_20260207_081838,295.96,10325.42,FALSE,SKILL_017,Put pasta in ziploc bags,BAD_HZ /camera_fisheye_l/ffmpeg (0.0/30.0)
2026-02-07T12:05:42Z,01,l_aguilera,SKILL_013_20260207_120542,167.83,6073.00,FALSE,SKILL_013,Set up a hand lamp,BAD_HZ /camera_fisheye_l/ffmpeg (0.0/30.0)
2026-02-07T12:02:45Z,01,l_aguilera,SKILL_013_20260207_120245,130.13,4756.03,FALSE,SKILL_013,Set up a hand lamp,BAD_HZ /camera_fisheye_l/ffmpeg (0.0/30.0)
2026-02-07T08:13:44Z,01,l_aguilera,SKILL_013_20260207_081344,141.94,4892.15,FALSE,SKILL_013,Set up a hand lamp,BAD_HZ /camera_fisheye_l/ffmpeg (0.0/30.0)
2026-02-07T08:10:22Z,01,l_aguilera,SKILL_013_20260207_081022,140.39,4814.08,FALSE,SKILL_013,Set up a hand lamp,BAD_HZ /camera_fisheye_l/ffmpeg (0.0/30.0)
2026-02-07T14:28:48Z,01,l_aguilera,SKILL_012_20260207_142848,117.43,3957.73,FALSE,SKILL_012,Put pasta in jars,BAD_HZ /camera_fisheye_r/ffmpeg (0.0/30.0)
2026-02-07T14:25:13Z,01,l_aguilera,SKILL_012_20260207_142513,119.21,4012.88,FALSE,SKILL_012,Put pasta in jars,BAD_HZ /camera_fisheye_r/ffmpeg (0.0/30.0)
2026-02-07T14:21:38Z,01,l_aguilera,SKILL_012_20260207_142138,134.63,4677.43,FALSE,SKILL_012,Put pasta in jars,BAD_HZ /camera_fisheye_r/ffmpeg (0.0/30.0)
2026-02-07T08:04:14Z,01,l_aguilera,SKILL_012_20260207_080414,132.28,4568.77,FALSE,SKILL_012,Put pasta in jars,BAD_HZ /camera_fisheye_l/ffmpeg (0.0/30.0)
2026-02-07T08:00:39Z,01,l_aguilera,SKILL_012_20260207_080039,112.82,3869.62,FALSE,SKILL_012,Put pasta in jars,BAD_HZ /camera_fisheye_l/ffmpeg (0.0/30.0)
2026-02-07T07:58:01Z,01,l_aguilera,SKILL_012_20260207_075801,124.08,3843.11,FALSE,SKILL_012,Put pasta in jars,BAD_HZ /camera_r/depth/image_rect_raw (25.4/30.0) | BAD_HZ /camera_l/depth/image_rect_raw (23.7/30.0) | BAD_HZ /camera_fisheye_l/ffmpeg (0.0/30.0) | BAD_HZ /gripper_l/data (101.6/120.0)
2026-02-07T11:26:52Z,01,l_aguilera,SKILL_009_20260207_112652,173.96,6318.10,FALSE,SKILL_009,Package Cotton set,BAD_HZ /camera_fisheye_l/ffmpeg (0.0/30.0)
2026-02-07T07:53:23Z,01,l_aguilera,SKILL_009_20260207_075323,164.96,5603.68,FALSE,SKILL_009,Package Cotton set,BAD_HZ /camera_fisheye_l/ffmpeg (0.0/30.0)
2026-02-07T07:50:45Z,01,l_aguilera,SKILL_009_20260207_075045,133.73,4577.23,FALSE,SKILL_009,Package Cotton set,BAD_HZ /camera_fisheye_l/ffmpeg (0.0/30.0)
2026-02-07T07:47:33Z,01,l_aguilera,SKILL_009_20260207_074733,143.87,4938.28,FALSE,SKILL_009,Package Cotton set,BAD_HZ /camera_fisheye_l/ffmpeg (0.0/30.0)
2026-02-07T07:45:09Z,01,l_aguilera,SKILL_004_20260207_074509,58.55,2023.57,FALSE,SKILL_004,Set Screwdriver package,TOO_SHORT (58.5s < 90.0s) | BAD_HZ /camera_fisheye_l/ffmpeg (0.0/30.0)
2026-02-07T07:43:35Z,01,l_aguilera,SKILL_004_20260207_074335,61.22,2109.20,FALSE,SKILL_004,Set Screwdriver package,TOO_SHORT (61.2s < 90.0s) | BAD_HZ /camera_fisheye_l/ffmpeg (0.0/30.0)
2026-02-07T14:07:57Z,01,l_aguilera,SKILL_020_20260207_140757,75.29,2752.78,FALSE,SKILL_020,Open locks with their keys,TOO_SHORT (75.3s < 90.0s) | BAD_HZ /camera_fisheye_l/ffmpeg (0.0/30.0)
2026-02-07T12:45:50Z,01,l_aguilera,SKILL_020_20260207_124550,58.40,2151.73,FALSE,SKILL_020,Open locks with their keys,TOO_SHORT (58.4s < 90.0s) | BAD_HZ /camera_fisheye_l/ffmpeg (0.0/30.0)
2026-02-07T12:42:32Z,01,l_aguilera,SKILL_020_20260207_124232,60.46,2215.12,FALSE,SKILL_020,Open locks with their keys,TOO_SHORT (60.5s < 90.0s) | BAD_HZ /camera_fisheye_l/ffmpeg (0.0/30.0)
2026-02-07T08:43:55Z,01,l_aguilera,SKILL_020_20260207_084355,66.87,2300.13,FALSE,SKILL_020,Open locks with their keys,TOO_SHORT (66.8s < 90.0s) | BAD_HZ /camera_fisheye_r/ffmpeg (0.0/30.0)
2026-02-07T08:41:26Z,01,l_aguilera,SKILL_020_20260207_084126,84.78,2918.55,FALSE,SKILL_020,Open locks with their keys,TOO_SHORT (84.6s < 90.0s) | BAD_HZ /camera_fisheye_l/ffmpeg (0.0/30.0)
2026-02-07T08:39:42Z,01,l_aguilera,SKILL_020_20260207_083942,66.90,2330.99,FALSE,SKILL_020,Open locks with their keys,TOO_SHORT (66.9s < 90.0s) | BAD_HZ /camera_fisheye_l/ffmpeg (0.0/30.0)
2026-02-07T12:36:25Z,01,l_aguilera,SKILL_019_20260207_123625,190.83,6953.58,FALSE,SKILL_019,Put pasta in plastic containers,BAD_HZ /camera_fisheye_l/ffmpeg (0.0/30.0)
2026-02-07T12:32:18Z,01,l_aguilera,SKILL_019_20260207_123218,204.19,7520.78,FALSE,SKILL_019,Put pasta in plastic containers,BAD_HZ /camera_fisheye_l/ffmpeg (0.0/30.0)
2026-02-07T09:40:59Z,01,l_aguilera,SKILL_019_20260207_094059,195.91,6428.06,FALSE,SKILL_019,Put pasta in plastic containers,BAD_HZ /pika_pose_r (0.0/100.0) | BAD_HZ /gripper_r/data (79.8/120.0) | BAD_HZ /pika_pose_l (0.0/100.0) | BAD_HZ /camera_fisheye_l/ffmpeg (0.0/30.0) | BAD_HZ /camera_fisheye_r/ffmpeg (25.2/30.0) | BAD_HZ /gripper_l/data (81.5/120.0)
2026-02-07T09:36:21Z,01,l_aguilera,SKILL_019_20260207_093621,213.61,7904.31,FALSE,SKILL_019,Put pasta in plastic containers,BAD_HZ /pika_pose_l (0.0/100.0) | BAD_HZ /camera_fisheye_l/ffmpeg (0.0/30.0) | BAD_HZ /pika_pose_r (0.0/100.0)
2026-02-07T09:34:54Z,01,l_aguilera,SKILL_019_20260207_093454,51.92,1787.58,FALSE,SKILL_019,Put pasta in plastic containers,TOO_SHORT (51.9s < 90.0s) | BAD_HZ /camera_fisheye_l/ffmpeg (0.0/30.0)
2026-02-07T12:27:48Z,01,l_aguilera,SKILL_018_20260207_122748,151.67,5532.03,FALSE,SKILL_018,Close bags with twist ties,BAD_HZ /camera_fisheye_l/ffmpeg (0.0/30.0)
2026-02-07T12:23:29Z,01,l_aguilera,SKILL_018_20260207_122329,180.38,6610.23,FALSE,SKILL_018,Close bags with twist ties,BAD_HZ /camera_fisheye_l/ffmpeg (0.0/30.0)
2026-02-07T08:34:34Z,01,l_aguilera,SKILL_018_20260207_083434,197.10,6766.66,FALSE,SKILL_018,Close bags with twist ties,BAD_HZ /camera_fisheye_l/ffmpeg (0.0/30.0)
2026-02-07T08:30:21Z,01,l_aguilera,SKILL_018_20260207_083021,176.37,6071.87,FALSE,SKILL_018,Close bags with twist ties,BAD_HZ /camera_fisheye_l/ffmpeg (0.0/30.0)
2026-02-07T08:26:41Z,01,l_aguilera,SKILL_018_20260207_082641,175.47,6067.66,FALSE,SKILL_018,Close bags with twist ties,BAD_HZ /camera_fisheye_l/ffmpeg (0.0/30.0)
2026-02-07T12:21:35Z,01,l_aguilera,SKILL_017_20260207_122135,34.30,1213.83,FALSE,SKILL_017,Put pasta in ziploc bags,TOO_SHORT (34.3s < 90.0s) | BAD_HZ /camera_fisheye_l/ffmpeg (0.0/30.0)
2026-02-07T12:17:30Z,01,l_aguilera,SKILL_017_20260207_121728,238.41,7938.85,FALSE,SKILL_017,Put pasta in ziploc bags,BAD_HZ /gripper_l/data (101.2/120.0) | BAD_HZ /gripper_r/data (99.5/120.0) | BAD_HZ /camera_fisheye_l/ffmpeg (0.0/30.0)
2026-02-07T12:10:46Z,01,l_aguilera,SKILL_017_20260207_121046,358.29,13164.68,FALSE,SKILL_017,Put pasta in ziploc bags,BAD_HZ /camera_fisheye_l/ffmpeg (0.0/30.0)
2026-02-07T12:47:29Z,01,l_aguilera,SKILL_020_20260207_124729,67.32,2463.74,FALSE,SKILL_020,Open locks with their keys,TOO_SHORT (67.3s < 90.0s) | BAD_HZ /camera_fisheye_l/ffmpeg (0.0/30.0)
2026-02-07T11:05:42Z,01,l_aguilera,SKILL_034_20260207_110542,0.01,0.05,FALSE,SKILL_034,Tie Shoelaces,TOO_SHORT (0.0s < 90.0s) | BAD_HZ /camera_l/depth/image_rect_raw (0.0/30.0) | BAD_HZ /gripper_r/data (146.4/120.0) | BAD_HZ /pika_pose_l (146.4/100.0) | BAD_HZ /camera_fisheye_l/ffmpeg (0.0/30.0) | BAD_HZ /camera_fisheye_r/ffmpeg (73.2/30.0) | BAD_HZ /gripper_l/data (146.4/120.0) | BAD_HZ /camera_l/ffmpeg (0.0/30.0) | BAD_HZ /camera_r/ffmpeg (0.0/30.0) | BAD_HZ /pika_pose_r (146.4/100.0) | BAD_HZ /camera_r/depth/image_rect_raw (0.0/30.0)
2026-02-07T11:05:42Z,01,l_aguilera,SKILL_034_20260207_110537,0.02,3.60,FALSE,SKILL_034,Tie Shoelaces,TOO_SHORT (0.1s < 90.0s) | BAD_HZ /camera_fisheye_l/ffmpeg (0.0/30.0) | BAD_HZ /camera_fisheye_r/ffmpeg (49.8/30.0) | BAD_HZ /gripper_l/data (49.8/120.0) | BAD_HZ /camera_l/ffmpeg (49.8/30.0) | BAD_HZ /camera_r/ffmpeg (49.8/30.0) | BAD_HZ /pika_pose_r (49.8/100.0) | BAD_HZ /camera_r/depth/image_rect_raw (49.8/30.0) | BAD_HZ /camera_l/depth/image_rect_raw (49.8/30.0) | BAD_HZ /gripper_r/data (49.8/120.0) | BAD_HZ /pika_pose_l (49.8/100.0)
2026-02-07T10:58:35Z,01,l_aguilera,SKILL_034_20260207_105834,417.52,14273.78,FALSE,SKILL_034,Tie Shoelaces,BAD_HZ /camera_fisheye_l/ffmpeg (0.0/30.0)
2026-02-07T13:40:22Z,01,l_aguilera,SKILL_032_20260207_134022,191.31,6938.80,FALSE,SKILL_032,Pack up Clothes in a paper bag,BAD_HZ /camera_fisheye_l/ffmpeg (0.0/30.0)
2026-02-07T13:35:03Z,01,l_aguilera,SKILL_032_20260207_133503,240.23,8662.04,FALSE,SKILL_032,Pack up Clothes in a paper bag,BAD_HZ /camera_fisheye_l/ffmpeg (0.0/30.0)
2026-02-07T11:13:20Z,01,l_aguilera,SKILL_032_20260207_111320,66.25,2384.93,FALSE,SKILL_032,Pack up Clothes in a paper bag,TOO_SHORT (66.2s < 90.0s) | BAD_HZ /camera_fisheye_l/ffmpeg (0.0/30.0)
2026-02-07T11:08:48Z,01,l_aguilera,SKILL_032_20260207_110848,143.58,5217.70,FALSE,SKILL_032,Pack up Clothes in a paper bag,BAD_HZ /camera_fisheye_l/ffmpeg (0.0/30.0)
2026-02-07T13:32:32Z,01,l_aguilera,SKILL_031_20260207_133232,66.11,2427.27,FALSE,SKILL_031,Fold Pants,TOO_SHORT (66.1s < 90.0s) | BAD_HZ /camera_fisheye_l/ffmpeg (0.0/30.0)
2026-02-07T13:10:21Z,01,l_aguilera,SKILL_029_20260207_131021,269.12,9900.61,FALSE,SKILL_029,Button a shirt,BAD_HZ /camera_fisheye_l/ffmpeg (0.0/30.0)
2026-02-07T12:50:19Z,01,l_aguilera,SKILL_028_20260207_125019,266.84,9858.36,FALSE,SKILL_028,Fold a T Shirt,BAD_HZ /camera_fisheye_l/ffmpeg (0.0/30.0)
2026-02-07T10:38:06Z,01,l_aguilera,SKILL_028_20260207_103805,191.59,7125.74,FALSE,SKILL_028,Fold a T Shirt,BAD_HZ /camera_fisheye_l/ffmpeg (0.0/30.0)
2026-02-07T10:16:17Z,01,l_aguilera,SKILL_028_20260207_101617,307.95,11175.99,FALSE,SKILL_028,Fold a T Shirt,BAD_HZ /pika_pose_l (0.0/100.0) | BAD_HZ /camera_fisheye_l/ffmpeg (0.0/30.0) | BAD_HZ /pika_pose_r (0.0/100.0)
2026-02-07T13:26:31Z,01,l_aguilera,SKILL_023_20260207_132631,171.08,6157.79,FALSE,SKILL_023,Built up box (Present),BAD_HZ /camera_fisheye_l/ffmpeg (0.0/30.0)
2026-02-07T13:18:59Z,01,l_aguilera,SKILL_023_20260207_131859,333.86,12134.19,FALSE,SKILL_023,Built up box (Present),BAD_HZ /camera_fisheye_l/ffmpeg (0.0/30.0)
2026-02-07T11:19:39Z,01,l_aguilera,SKILL_021_20260207_111939,97.29,3565.39,FALSE,SKILL_021,Build Up Box (Mailer),BAD_HZ /camera_fisheye_l/ffmpeg (0.0/30.0)
2026-02-07T14:17:42Z,01,l_aguilera,SKILL_020_20260207_141741,89.79,2444.74,FALSE,SKILL_020,Open locks with their keys,BAD_HZ /camera_fisheye_l/ffmpeg (0.0/30.0) | BAD_HZ /camera_r/ffmpeg (13.9/30.0) | BAD_HZ /camera_r/depth/image_rect_raw (14.6/30.0)
2026-02-07T14:13:15Z,01,l_aguilera,SKILL_020_20260207_141315,15.27,445.16,FALSE,SKILL_020,Open locks with their keys,TOO_SHORT (15.3s < 90.0s) | BAD_HZ /camera_fisheye_l/ffmpeg (0.0/30.0) | BAD_HZ /camera_r/ffmpeg (17.3/30.0) | BAD_HZ /camera_r/depth/image_rect_raw (19.1/30.0)
2026-02-07T14:09:49Z,01,l_aguilera,SKILL_020_20260207_140949,57.34,2102.71,FALSE,SKILL_020,Open locks with their keys,TOO_SHORT (57.3s < 90.0s) | BAD_HZ /camera_fisheye_l/ffmpeg (0.0/30.0)
2026-02-07T14:11:26Z,01,l_aguilera,SKILL_020_20260207_141126,67.69,2478.85,FALSE,SKILL_020,Open locks with their keys,TOO_SHORT (67.7s < 90.0s) | BAD_HZ /camera_fisheye_l/ffmpeg (0.0/30.0)
2026-02-07T07:49:47Z,02,c_becerra,SKILL_013_20260207_074947,214.67,7961.07,FALSE,SKILL_013,Set up a hand lamp,BAD_HZ /camera_fisheye_l/ffmpeg (0.0/30.0)
2026-02-07T07:44:34Z,02,c_becerra,SKILL_013_20260207_074434,210.39,7809.65,FALSE,SKILL_013,Set up a hand lamp,BAD_HZ /camera_fisheye_l/ffmpeg (0.0/30.0)
2026-02-07T08:33:56Z,02,c_becerra,SKILL_012_20260207_083356,0.91,32.77,FALSE,SKILL_012,Put pasta in jars,TOO_SHORT (0.9s < 90.0s) | BAD_HZ /camera_fisheye_l/ffmpeg (0.0/30.0)
2026-02-07T08:29:38Z,02,c_becerra,SKILL_012_20260207_082938,179.75,6282.81,FALSE,SKILL_012,Put pasta in jars,BAD_HZ /camera_fisheye_l/ffmpeg (0.0/30.0) | BAD_HZ /camera_l/depth/image_rect_raw (24.9/30.0)
2026-02-07T08:25:33Z,02,c_becerra,SKILL_012_20260207_082533,194.81,7128.99,FALSE,SKILL_012,Put pasta in jars,BAD_HZ /camera_fisheye_l/ffmpeg (0.0/30.0)
2026-02-07T12:40:23Z,02,e_martinez,SKILL_009_20260207_124021,173.87,6435.02,FALSE,SKILL_009,Package Cotton set,BAD_HZ /camera_fisheye_l/ffmpeg (0.0/30.0)
2026-02-07T12:34:41Z,02,e_martinez,SKILL_009_20260207_123441,310.49,11413.48,FALSE,SKILL_009,Package Cotton set,BAD_HZ /camera_fisheye_l/ffmpeg (0.0/30.0)
2026-02-07T12:28:28Z,02,e_martinez,SKILL_003_20260207_122828,234.77,8266.33,FALSE,SKILL_003,Organize screwdriver bits,BAD_HZ /camera_fisheye_l/ffmpeg (0.0/30.0)
2026-02-07T12:20:29Z,02,e_martinez,SKILL_003_20260207_122029,249.02,8982.31,FALSE,SKILL_003,Organize screwdriver bits,BAD_HZ /camera_fisheye_l/ffmpeg (0.0/30.0)
2026-02-07T07:25:21Z,02,c_becerra,SKILL_003_20260207_072521,184.88,6857.33,FALSE,SKILL_003,Organize screwdriver bits,BAD_HZ /camera_fisheye_l/ffmpeg (0.0/30.0)
2026-02-07T07:20:18Z,02,c_becerra,SKILL_003_20260207_072018,238.22,8814.82,FALSE,SKILL_003,Organize screwdriver bits,BAD_HZ /camera_fisheye_l/ffmpeg (0.0/30.0)
2026-02-07T07:13:02Z,02,c_becerra,SKILL_003_20260207_071302,157.81,3661.43,FALSE,SKILL_003,Organize screwdriver bits,BAD_HZ /camera_l/depth/image_rect_raw (9.0/30.0) | BAD_HZ /camera_fisheye_r/ffmpeg (0.0/30.0) | BAD_HZ /camera_l/ffmpeg (8.7/30.0)
2026-02-07T12:08:08Z,02,e_martinez,SKILL_001_20260207_120808,668.97,23042.77,FALSE,SKILL_001,Organize beads per color,BAD_HZ /gripper_r/data (99.7/120.0) | BAD_HZ /camera_fisheye_l/ffmpeg (0.0/30.0) | BAD_HZ /gripper_l/data (99.6/120.0)
2026-02-07T12:06:41Z,02,e_martinez,SKILL_001_20260207_120641,6.66,241.06,FALSE,SKILL_001,Organize beads per color,TOO_SHORT (6.6s < 90.0s) | BAD_HZ /camera_fisheye_l/ffmpeg (0.0/30.0)
2026-02-07T12:06:27Z,02,e_martinez,SKILL_001_20260207_120627,7.34,268.96,FALSE,SKILL_001,Organize beads per color,TOO_SHORT (7.3s < 90.0s) | BAD_HZ /camera_fisheye_l/ffmpeg (0.0/30.0) | BAD_HZ /gripper_r/data (98.1/120.0)
2026-02-07T07:29:17Z,02,c_becerra,SKILL_001_20260207_072917,828.37,29696.35,FALSE,SKILL_001,Organize beads per color,BAD_HZ /camera_fisheye_l/ffmpeg (0.0/30.0)
2026-02-07T13:54:36Z,01,l_aguilera,SKILL_034_20260207_135436,485.32,17367.79,FALSE,SKILL_034,Tie Shoelaces,BAD_HZ /camera_fisheye_l/ffmpeg (0.0/30.0)
2026-02-07T11:05:44Z,01,l_aguilera,SKILL_034_20260207_110544,0.02,3.59,FALSE,SKILL_034,Tie Shoelaces,TOO_SHORT (0.1s < 90.0s) | BAD_HZ /camera_l/depth/image_rect_raw (37.0/30.0) | BAD_HZ /gripper_r/data (37.0/120.0) | BAD_HZ /pika_pose_l (24.7/100.0) | BAD_HZ /camera_fisheye_l/ffmpeg (0.0/30.0) | BAD_HZ /camera_fisheye_r/ffmpeg (24.7/30.0) | BAD_HZ /gripper_l/data (37.0/120.0) | BAD_HZ /camera_l/ffmpeg (37.0/30.0) | BAD_HZ /camera_r/ffmpeg (37.0/30.0) | BAD_HZ /pika_pose_r (24.7/100.0) | BAD_HZ /camera_r/depth/image_rect_raw (37.0/30.0)
2026-02-07T08:52:05Z,02,c_becerra,SKILL_018_20260207_085205,184.28,6763.85,FALSE,SKILL_018,Close bags with twist ties,BAD_HZ /camera_fisheye_l/ffmpeg (0.0/30.0)
2026-02-07T08:47:59Z,02,c_becerra,SKILL_018_20260207_084759,177.28,6247.25,FALSE,SKILL_018,Close bags with twist ties,BAD_HZ /camera_fisheye_l/ffmpeg (0.0/30.0)
2026-02-07T13:06:24Z,02,e_martinez,SKILL_017_20260207_130624,406.45,15120.87,FALSE,SKILL_017,Put pasta in ziploc bags,BAD_HZ /camera_fisheye_l/ffmpeg (0.0/30.0)
2026-02-07T08:34:20Z,02,c_becerra,SKILL_017_20260207_083420,406.88,14702.63,FALSE,SKILL_017,Put pasta in ziploc bags,BAD_HZ /camera_fisheye_l/ffmpeg (0.0/30.0)
2026-02-07T12:50:04Z,02,e_martinez,SKILL_013_20260207_125004,134.55,5002.35,FALSE,SKILL_013,Set up a hand lamp,BAD_HZ /camera_fisheye_l/ffmpeg (0.0/30.0)
2026-02-07T12:45:44Z,02,e_martinez,SKILL_013_20260207_124544,154.32,5699.35,FALSE,SKILL_013,Set up a hand lamp,BAD_HZ /camera_fisheye_l/ffmpeg (0.0/30.0)
2026-02-07T11:27:19Z,02,c_becerra,SKILL_013_20260207_112719,150.29,5355.32,FALSE,SKILL_013,Set up a hand lamp,BAD_HZ /camera_fisheye_l/ffmpeg (0.0/30.0)
2026-02-07T08:13:55Z,02,c_becerra,SKILL_013_20260207_081354,592.27,20374.12,FALSE,SKILL_013,Set up a hand lamp,BAD_HZ /camera_fisheye_l/ffmpeg (0.0/30.0)
2026-02-07T07:54:46Z,02,c_becerra,SKILL_013_20260207_075446,148.06,5494.50,FALSE,SKILL_013,Set up a hand lamp,BAD_HZ /camera_fisheye_l/ffmpeg (0.0/30.0)
2026-02-07T10:58:53Z,02,c_becerra,SKILL_034_20260207_105853,340.11,12317.84,FALSE,SKILL_034,Tie Shoelaces,BAD_HZ /camera_fisheye_l/ffmpeg (0.0/30.0)
2026-02-07T13:55:01Z,02,e_martinez,SKILL_031_20260207_135501,51.48,1944.22,FALSE,SKILL_031,Fold Pants,TOO_SHORT (51.5s < 90.0s) | BAD_HZ /camera_fisheye_l/ffmpeg (0.0/30.0)
2026-02-07T13:53:26Z,02,e_martinez,SKILL_031_20260207_135326,38.97,1438.71,FALSE,SKILL_031,Fold Pants,TOO_SHORT (39.0s < 90.0s) | BAD_HZ /camera_fisheye_l/ffmpeg (0.0/30.0)
2026-02-07T10:34:13Z,02,c_becerra,SKILL_029_20260207_103413,416.02,13878.97,FALSE,SKILL_029,Button a shirt,BAD_HZ /gripper_r/data (96.3/120.0) | BAD_HZ /pika_pose_l (83.7/100.0) | BAD_HZ /camera_fisheye_l/ffmpeg (0.0/30.0) | BAD_HZ /gripper_l/data (96.0/120.0) | BAD_HZ /pika_pose_r (83.6/100.0)
2026-02-07T10:28:35Z,02,c_becerra,SKILL_029_20260207_102835,258.29,9444.22,FALSE,SKILL_029,Button a shirt,BAD_HZ /camera_fisheye_l/ffmpeg (0.0/30.0)
2026-02-07T10:10:07Z,02,c_becerra,SKILL_029_20260207_101007,576.21,20990.37,FALSE,SKILL_029,Button a shirt,BAD_HZ /camera_fisheye_l/ffmpeg (0.0/30.0)
2026-02-07T13:26:11Z,02,e_martinez,SKILL_028_20260207_132611,153.89,5793.12,FALSE,SKILL_028,Fold a T Shirt,BAD_HZ /camera_fisheye_l/ffmpeg (0.0/30.0)
2026-02-07T13:18:00Z,02,e_martinez,SKILL_028_20260207_131800,252.45,9403.13,FALSE,SKILL_028,Fold a T Shirt,BAD_HZ /camera_fisheye_l/ffmpeg (0.0/30.0)
2026-02-07T10:47:05Z,02,c_becerra,SKILL_028_20260207_104705,337.05,12157.79,FALSE,SKILL_028,Fold a T Shirt,BAD_HZ /camera_fisheye_l/ffmpeg (0.0/30.0)
2026-02-07T10:42:49Z,02,c_becerra,SKILL_028_20260207_104249,55.50,2086.06,FALSE,SKILL_028,Fold a T Shirt,TOO_SHORT (55.5s < 90.0s) | BAD_HZ /camera_fisheye_l/ffmpeg (0.0/30.0)
2026-02-07T14:20:06Z,02,e_martinez,SKILL_027_20260207_142006,178.52,6449.82,FALSE,SKILL_027,Build a box and pack an item,BAD_HZ /camera_fisheye_l/ffmpeg (0.0/30.0)
2026-02-07T14:17:15Z,02,e_martinez,SKILL_027_20260207_141715,62.60,2281.98,FALSE,SKILL_027,Build a box and pack an item,TOO_SHORT (62.6s < 90.0s) | BAD_HZ /camera_fisheye_l/ffmpeg (0.0/30.0)
2026-02-07T14:12:58Z,02,e_martinez,SKILL_027_20260207_141258,155.84,5619.86,FALSE,SKILL_027,Build a box and pack an item,BAD_HZ /camera_fisheye_l/ffmpeg (0.0/30.0)
2026-02-07T12:58:02Z,02,e_martinez,SKILL_020_20260207_125802,94.19,3467.08,FALSE,SKILL_020,Open locks with their keys,BAD_HZ /camera_fisheye_l/ffmpeg (0.0/30.0)
2026-02-07T12:56:06Z,02,e_martinez,SKILL_020_20260207_125606,74.46,2738.94,FALSE,SKILL_020,Open locks with their keys,TOO_SHORT (74.4s < 90.0s) | BAD_HZ /camera_fisheye_l/ffmpeg (0.0/30.0)
2026-02-07T09:30:18Z,02,c_becerra,SKILL_020_20260207_093018,83.14,3079.14,FALSE,SKILL_020,Open locks with their keys,TOO_SHORT (83.1s < 90.0s) | BAD_HZ /camera_fisheye_l/ffmpeg (0.0/30.0)
2026-02-07T09:27:05Z,02,c_becerra,SKILL_020_20260207_092705,102.15,3794.80,FALSE,SKILL_020,Open locks with their keys,BAD_HZ /camera_fisheye_l/ffmpeg (0.0/30.0)
2026-02-07T09:01:28Z,02,c_becerra,SKILL_018_20260207_090128,171.47,6312.50,FALSE,SKILL_018,Close bags with twist ties,BAD_HZ /camera_fisheye_l/ffmpeg (0.0/30.0)
2026-02-07T08:59:50Z,02,c_becerra,SKILL_018_20260207_085949,1.56,57.26,FALSE,SKILL_018,Close bags with twist ties,TOO_SHORT (1.6s < 90.0s) | BAD_HZ /camera_fisheye_l/ffmpeg (0.0/30.0) | BAD_HZ /gripper_l/data (100.5/120.0)
2026-02-07T08:18:42Z,03,n_mora,SKILL_005_20260207_081842,103.23,3894.65,TRUE,SKILL_005,Insert allen keys in package,
2026-02-07T08:16:09Z,03,n_mora,SKILL_005_20260207_081609,138.84,5251.16,TRUE,SKILL_005,Insert allen keys in package,
2026-02-07T08:13:49Z,03,n_mora,SKILL_005_20260207_081349,120.43,4493.71,TRUE,SKILL_005,Insert allen keys in package,
2026-02-07T08:10:02Z,03,n_mora,SKILL_004_20260207_081002,173.30,6572.83,TRUE,SKILL_004,Set Screwdriver package,
2026-02-07T08:02:58Z,03,n_mora,SKILL_004_20260207_080258,169.43,6405.47,TRUE,SKILL_004,Set Screwdriver package,
2026-02-07T07:50:45Z,03,n_mora,SKILL_003_20260207_075045,121.39,4512.14,TRUE,SKILL_003,Organize screwdriver bits,
2026-02-07T07:44:47Z,03,n_mora,SKILL_003_20260207_074447,202.33,7525.28,TRUE,SKILL_003,Organize screwdriver bits,
2026-02-07T07:40:15Z,03,n_mora,SKILL_003_20260207_074015,222.41,8132.17,TRUE,SKILL_003,Organize screwdriver bits,
2026-02-07T07:12:54Z,03,n_mora,SKILL_001_20260207_071253,682.13,25237.10,TRUE,SKILL_001,Organize beads per color,
2026-02-07T07:26:34Z,03,n_mora,SKILL_001_20260207_072634,610.49,21807.09,FALSE,SKILL_001,Organize beads per color,BAD_HZ /camera_r/depth/image_rect_raw (25.3/30.0)
2026-02-07T14:09:26Z,02,e_martinez,SKILL_040_20260207_140926,37.40,1383.61,FALSE,SKILL_040,Fasten a belt,TOO_SHORT (37.4s < 90.0s) | BAD_HZ /camera_fisheye_l/ffmpeg (0.0/30.0)
2026-02-07T14:08:23Z,02,e_martinez,SKILL_040_20260207_140823,47.34,1758.58,FALSE,SKILL_040,Fasten a belt,TOO_SHORT (47.3s < 90.0s) | BAD_HZ /camera_fisheye_l/ffmpeg (0.0/30.0)
2026-02-07T13:59:40Z,02,e_martinez,SKILL_040_20260207_135940,36.90,1375.76,FALSE,SKILL_040,Fasten a belt,TOO_SHORT (36.9s < 90.0s) | BAD_HZ /camera_fisheye_l/ffmpeg (0.0/30.0)
2026-02-07T13:49:11Z,02,e_martinez,SKILL_034_20260207_134911,59.87,2191.35,FALSE,SKILL_034,Tie Shoelaces,TOO_SHORT (59.9s < 90.0s) | BAD_HZ /camera_fisheye_l/ffmpeg (0.0/30.0)
2026-02-07T13:46:02Z,02,e_martinez,SKILL_034_20260207_134602,80.01,2941.44,FALSE,SKILL_034,Tie Shoelaces,TOO_SHORT (80.0s < 90.0s) | BAD_HZ /camera_fisheye_l/ffmpeg (0.0/30.0)
2026-02-07T13:34:12Z,02,e_martinez,SKILL_034_20260207_133411,310.00,10756.27,FALSE,SKILL_034,Tie Shoelaces,BAD_HZ /camera_fisheye_l/ffmpeg (0.0/30.0) | BAD_HZ /camera_r/depth/image_rect_raw (25.4/30.0)
2026-02-07T13:32:52Z,02,e_martinez,SKILL_034_20260207_133252,0.51,19.60,FALSE,SKILL_034,Tie Shoelaces,TOO_SHORT (0.5s < 90.0s) | BAD_HZ /camera_fisheye_l/ffmpeg (0.0/30.0)
2026-02-07T13:32:40Z,02,e_martinez,SKILL_034_20260207_133240,5.17,189.99,FALSE,SKILL_034,Tie Shoelaces,TOO_SHORT (5.2s < 90.0s) | BAD_HZ /camera_fisheye_l/ffmpeg (0.0/30.0)
2026-02-07T11:10:25Z,02,c_becerra,SKILL_034_20260207_111025,344.29,12607.53,FALSE,SKILL_034,Tie Shoelaces,BAD_HZ /camera_fisheye_l/ffmpeg (0.0/30.0)
2026-02-07T10:00:45Z,03,n_mora,SKILL_018_20260207_100045,153.09,5763.02,TRUE,SKILL_018,Close bags with twist ties,
2026-02-07T12:25:31Z,03,d_vargas,SKILL_021_20260207_122531,238.24,8954.56,TRUE,SKILL_021,Build Up Box (Mailer),
2026-02-07T12:29:39Z,03,d_vargas,SKILL_021_20260207_122939,205.81,7609.99,TRUE,SKILL_021,Build Up Box (Mailer),
2026-02-07T12:18:53Z,03,d_vargas,SKILL_021_20260207_121853,314.58,11671.09,TRUE,SKILL_021,Build Up Box (Mailer),
2026-02-07T10:05:13Z,03,n_mora,SKILL_018_20260207_100513,100.88,3785.15,TRUE,SKILL_018,Close bags with twist ties,
2026-02-07T12:12:49Z,03,d_vargas,SKILL_021_20260207_121249,321.83,12087.43,TRUE,SKILL_021,Build Up Box (Mailer),
2026-02-07T12:35:47Z,03,d_vargas,SKILL_021_20260207_123547,402.60,15158.79,TRUE,SKILL_021,Build Up Box (Mailer),
2026-02-07T12:50:43Z,03,d_vargas,SKILL_022_20260207_125043,156.51,5923.64,TRUE,SKILL_022,Build Up Box (Regular ECT),
2026-02-07T09:56:44Z,03,n_mora,SKILL_018_20260207_095644,125.62,4780.56,TRUE,SKILL_018,Close bags with twist ties,
2026-02-07T09:49:45Z,03,n_mora,SKILL_017_20260207_094945,261.85,9837.86,TRUE,SKILL_017,Put pasta in ziploc bags,
2026-02-07T09:45:53Z,03,n_mora,SKILL_017_20260207_094553,160.54,6012.11,TRUE,SKILL_017,Put pasta in ziploc bags,
2026-02-07T09:39:51Z,03,n_mora,SKILL_015_20260207_093951,170.20,6457.75,TRUE,SKILL_015,Thread a needle,
2026-02-07T09:34:47Z,03,n_mora,SKILL_015_20260207_093447,258.86,9784.83,TRUE,SKILL_015,Thread a needle,
2026-02-07T09:24:59Z,03,n_mora,SKILL_014_20260207_092459,253.73,9548.44,TRUE,SKILL_014,Fasten nuts onto bolts,
2026-02-07T09:15:58Z,03,n_mora,SKILL_014_20260207_091558,301.11,11365.75,TRUE,SKILL_014,Fasten nuts onto bolts,
2026-02-07T09:10:53Z,03,n_mora,SKILL_013_20260207_091053,119.14,4513.33,TRUE,SKILL_013,Set up a hand lamp,
2026-02-07T09:01:45Z,03,n_mora,SKILL_013_20260207_090145,152.37,5714.35,TRUE,SKILL_013,Set up a hand lamp,
2026-02-07T08:50:59Z,03,n_mora,SKILL_010_20260207_085059,383.73,14610.74,TRUE,SKILL_010,Package earphones,
2026-02-07T08:42:53Z,03,n_mora,SKILL_009_20260207_084253,290.91,10983.72,TRUE,SKILL_009,Package Cotton set,
2026-02-07T08:35:29Z,03,n_mora,SKILL_009_20260207_083529,299.10,11223.66,TRUE,SKILL_009,Package Cotton set,
2026-02-07T08:22:00Z,03,n_mora,SKILL_007_20260207_082200,487.04,18226.13,TRUE,SKILL_007,Separate tongue depressors by color,
2026-02-07T10:49:26Z,03,n_mora,SKILL_028_20260207_104926,211.57,7970.73,TRUE,SKILL_028,Fold a T Shirt,
2026-02-07T13:29:52Z,03,d_vargas,SKILL_026_20260207_132952,145.10,5469.15,TRUE,SKILL_026,Pack on a cardboard box (Present),
2026-02-07T13:26:44Z,03,d_vargas,SKILL_026_20260207_132644,131.68,4938.45,TRUE,SKILL_026,Pack on a cardboard box (Present),
2026-02-07T13:22:11Z,03,d_vargas,SKILL_026_20260207_132211,216.53,8222.50,TRUE,SKILL_026,Pack on a cardboard box (Present),
2026-02-07T13:18:45Z,03,d_vargas,SKILL_025_20260207_131845,41.75,1578.26,FALSE,SKILL_025,Pack on a paper bag,TOO_SHORT (41.7s < 90.0s)
2026-02-07T13:16:32Z,03,d_vargas,SKILL_025_20260207_131632,108.13,4131.18,TRUE,SKILL_025,Pack on a paper bag,
2026-02-07T13:14:00Z,03,d_vargas,SKILL_025_20260207_131400,110.79,4228.59,TRUE,SKILL_025,Pack on a paper bag,
2026-02-07T13:10:09Z,03,d_vargas,SKILL_025_20260207_131009,142.18,5437.89,TRUE,SKILL_025,Pack on a paper bag,
2026-02-07T13:04:05Z,03,d_vargas,SKILL_024_20260207_130405,173.01,6539.04,TRUE,SKILL_024,Put hooks on shower courtain,
2026-02-07T13:00:28Z,03,d_vargas,SKILL_024_20260207_130028,168.47,6355.83,TRUE,SKILL_024,Put hooks on shower courtain,
2026-02-07T12:57:22Z,03,d_vargas,SKILL_024_20260207_125722,134.11,5057.47,TRUE,SKILL_024,Put hooks on shower courtain,
2026-02-07T12:53:50Z,03,d_vargas,SKILL_022_20260207_125350,61.17,2304.08,FALSE,SKILL_022,Build Up Box (Regular ECT),TOO_SHORT (61.2s < 90.0s)
2026-02-07T13:13:21Z,03,d_vargas,SKILL_025_20260207_131321,32.75,1271.88,FALSE,SKILL_025,Pack on a paper bag,TOO_SHORT (32.7s < 90.0s)
2026-02-07T12:45:32Z,03,d_vargas,SKILL_022_20260207_124532,220.88,8356.54,TRUE,SKILL_022,Build Up Box (Regular ECT),
2026-02-07T14:39:52Z,03,d_vargas,SKILL_036_20260207_143952,340.70,11550.70,FALSE,SKILL_036,Fold Socks,BAD_HZ /camera_fisheye_r/ffmpeg (25.3/30.0) | BAD_HZ /gripper_l/data (84.7/120.0) | BAD_HZ /pika_pose_r (73.4/100.0) | BAD_HZ /gripper_r/data (83.3/120.0) | BAD_HZ /pika_pose_l (73.5/100.0) | BAD_HZ /camera_fisheye_l/ffmpeg (25.2/30.0)
2026-02-07T11:06:27Z,03,n_mora,SKILL_036_20260207_110627,105.02,4079.67,TRUE,SKILL_036,Fold Socks,
2026-02-07T11:03:07Z,03,n_mora,SKILL_036_20260207_110307,78.58,3025.16,FALSE,SKILL_036,Fold Socks,TOO_SHORT (78.6s < 90.0s)
2026-02-07T14:33:28Z,03,d_vargas,SKILL_033_20260207_143327,226.67,8286.73,FALSE,SKILL_033,Fold towels,BAD_HZ /gripper_r/data (100.0/120.0)
2026-02-07T14:27:46Z,03,d_vargas,SKILL_033_20260207_142746,314.10,11568.64,TRUE,SKILL_033,Fold towels,
2026-02-07T11:16:51Z,03,n_mora,SKILL_033_20260207_111651,182.81,7023.74,TRUE,SKILL_033,Fold towels,
2026-02-07T11:12:02Z,03,n_mora,SKILL_033_20260207_111202,223.72,8609.07,TRUE,SKILL_033,Fold towels,
2026-02-07T14:15:57Z,03,d_vargas,SKILL_032_20260207_141557,533.32,18042.32,FALSE,SKILL_032,Pack up Clothes in a paper bag,BAD_HZ /gripper_r/data (82.8/120.0) | BAD_HZ /pika_pose_l (72.6/100.0) | BAD_HZ /gripper_l/data (83.1/120.0) | BAD_HZ /pika_pose_r (72.3/100.0)
2026-02-07T11:20:59Z,03,n_mora,SKILL_031_20260207_112059,48.92,1860.61,FALSE,SKILL_031,Fold Pants,TOO_SHORT (48.9s < 90.0s)
2026-02-07T10:40:05Z,03,n_mora,SKILL_030_20260207_104005,53.06,2131.75,FALSE,SKILL_030,Fold a shirt,TOO_SHORT (53.1s < 90.0s)
2026-02-07T10:39:01Z,03,n_mora,SKILL_030_20260207_103901,55.31,2215.02,FALSE,SKILL_030,Fold a shirt,TOO_SHORT (55.3s < 90.0s)
2026-02-07T10:37:56Z,03,n_mora,SKILL_030_20260207_103756,55.97,2243.58,FALSE,SKILL_030,Fold a shirt,TOO_SHORT (56.0s < 90.0s)
2026-02-07T10:36:34Z,03,n_mora,SKILL_030_20260207_103634,72.22,2909.88,FALSE,SKILL_030,Fold a shirt,TOO_SHORT (72.2s < 90.0s)
2026-02-07T10:35:12Z,03,n_mora,SKILL_030_20260207_103512,68.33,2777.62,FALSE,SKILL_030,Fold a shirt,TOO_SHORT (68.3s < 90.0s)
2026-02-07T10:33:04Z,03,n_mora,SKILL_030_20260207_103304,89.44,3602.30,FALSE,SKILL_030,Fold a shirt,TOO_SHORT (89.4s < 90.0s)
2026-02-07T10:31:10Z,03,n_mora,SKILL_030_20260207_103110,82.63,3327.07,FALSE,SKILL_030,Fold a shirt,TOO_SHORT (82.6s < 90.0s)
2026-02-07T10:58:00Z,03,n_mora,SKILL_028_20260207_105800,165.02,6215.09,TRUE,SKILL_028,Fold a T Shirt,
2026-02-07T10:53:39Z,03,n_mora,SKILL_028_20260207_105339,186.26,7041.91,TRUE,SKILL_028,Fold a T Shirt,
2026-02-07T14:15:56Z,03,d_vargas,SKILL_032_20260207_141555,0.30,44.65,FALSE,SKILL_032,Pack up Clothes in a paper bag,TOO_SHORT (1.3s < 90.0s) | BAD_HZ /gripper_l/data (101.1/120.0)
2026-02-07T14:52:22Z,03,d_vargas,SKILL_036_20260207_145222,51.40,1977.14,FALSE,SKILL_036,Fold Socks,TOO_SHORT (51.4s < 90.0s)
2026-02-07T14:49:40Z,03,d_vargas,SKILL_036_20260207_144940,141.35,5352.15,TRUE,SKILL_036,Fold Socks,
2026-02-07T14:46:46Z,03,d_vargas,SKILL_036_20260207_144646,155.39,5770.32,TRUE,SKILL_036,Fold Socks,
2026-02-07T09:53:16Z,04,d_vargas,SKILL_003_20260207_095316,281.82,9141.75,FALSE,SKILL_003,Organize screwdriver bits,BAD_HZ /camera_l/ffmpeg (0.0/30.0) | BAD_HZ /camera_r/ffmpeg (0.0/30.0) | BAD_HZ /camera_r/depth/image_rect_raw (24.5/30.0)
2026-02-07T09:43:36Z,04,d_vargas,SKILL_003_20260207_094335,107.92,2853.79,FALSE,SKILL_003,Organize screwdriver bits,BAD_HZ /camera_r/ffmpeg (0.0/30.0) | BAD_HZ /camera_r/depth/image_rect_raw (20.1/30.0) | BAD_HZ /camera_l/depth/image_rect_raw (20.3/30.0) | BAD_HZ /camera_l/ffmpeg (0.0/30.0)
2026-02-07T09:37:53Z,04,d_vargas,SKILL_003_20260207_093753,88.27,3242.78,FALSE,SKILL_003,Organize screwdriver bits,TOO_SHORT (88.3s < 90.0s) | BAD_HZ /camera_r/ffmpeg (0.0/30.0) | BAD_HZ /camera_l/ffmpeg (0.0/30.0)
2026-02-07T09:31:49Z,04,d_vargas,SKILL_003_20260207_093149,230.10,8601.82,FALSE,SKILL_003,Organize screwdriver bits,BAD_HZ /camera_l/ffmpeg (0.0/30.0) | BAD_HZ /camera_r/ffmpeg (0.0/30.0)
2026-02-07T07:52:01Z,04,d_vargas,SKILL_003_20260207_075201,145.65,5251.29,FALSE,SKILL_003,Organize screwdriver bits,BAD_HZ /camera_l/ffmpeg (0.0/30.0) | BAD_HZ /camera_r/ffmpeg (0.0/30.0)
2026-02-07T07:44:53Z,04,d_vargas,SKILL_003_20260207_074453,326.86,12131.51,FALSE,SKILL_003,Organize screwdriver bits,BAD_HZ /camera_l/ffmpeg (0.0/30.0) | BAD_HZ /camera_r/ffmpeg (0.0/30.0)
2026-02-07T14:29:28Z,04,c_becerra,SKILL_002_20260207_142927,69.93,2557.58,FALSE,SKILL_002,Organize beads per character,TOO_SHORT (69.9s < 90.0s) | BAD_HZ /camera_l/ffmpeg (0.0/30.0) | BAD_HZ /camera_r/ffmpeg (0.0/30.0)
2026-02-07T14:27:40Z,04,c_becerra,SKILL_002_20260207_142740,66.61,2442.21,FALSE,SKILL_002,Organize beads per character,TOO_SHORT (66.9s < 90.0s) | BAD_HZ /camera_l/ffmpeg (0.0/30.0) | BAD_HZ /camera_r/ffmpeg (0.0/30.0)
2026-02-07T14:25:18Z,04,c_becerra,SKILL_002_20260207_142518,0.54,41.75,FALSE,SKILL_002,Organize beads per character,TOO_SHORT (1.2s < 90.0s) | BAD_HZ /gripper_r/data (101.7/120.0) | BAD_HZ /camera_l/ffmpeg (0.0/30.0) | BAD_HZ /camera_r/ffmpeg (0.0/30.0)
2026-02-07T13:53:33Z,04,c_becerra,SKILL_002_20260207_135333,64.53,2413.39,FALSE,SKILL_002,Organize beads per character,TOO_SHORT (64.5s < 90.0s) | BAD_HZ /camera_l/ffmpeg (0.0/30.0) | BAD_HZ /camera_r/ffmpeg (0.0/30.0)
2026-02-07T13:50:44Z,04,c_becerra,SKILL_002_20260207_135044,136.54,5078.44,FALSE,SKILL_002,Organize beads per character,BAD_HZ /camera_l/ffmpeg (0.0/30.0) | BAD_HZ /camera_r/ffmpeg (0.0/30.0)
2026-02-07T13:48:46Z,04,c_becerra,SKILL_002_20260207_134846,78.95,2936.02,FALSE,SKILL_002,Organize beads per character,TOO_SHORT (78.9s < 90.0s) | BAD_HZ /camera_l/ffmpeg (0.0/30.0) | BAD_HZ /camera_r/ffmpeg (0.0/30.0)
2026-02-07T12:57:23Z,04,c_becerra,SKILL_001_20260207_125723,598.42,22233.92,FALSE,SKILL_001,Organize beads per color,BAD_HZ /camera_l/ffmpeg (0.0/30.0) | BAD_HZ /camera_r/ffmpeg (0.0/30.0)
2026-02-07T11:06:50Z,04,d_vargas,SKILL_001_20260207_110650,574.78,19344.76,FALSE,SKILL_001,Organize beads per color,BAD_HZ /gripper_r/data (90.0/120.0) | BAD_HZ /pika_pose_l (78.1/100.0) | BAD_HZ /gripper_l/data (89.4/120.0) | BAD_HZ /camera_l/ffmpeg (0.0/30.0) | BAD_HZ /camera_r/ffmpeg (0.0/30.0) | BAD_HZ /pika_pose_r (78.0/100.0)
2026-02-07T09:06:33Z,04,d_vargas,SKILL_001_20260207_090632,546.84,19642.76,FALSE,SKILL_001,Organize beads per color,BAD_HZ /camera_l/ffmpeg (0.0/30.0) | BAD_HZ /camera_r/ffmpeg (0.0/30.0)
2026-02-07T07:22:49Z,04,d_vargas,SKILL_001_20260207_072249,561.34,20910.06,FALSE,SKILL_001,Organize beads per color,BAD_HZ /camera_l/ffmpeg (0.0/30.0) | BAD_HZ /camera_r/ffmpeg (0.0/30.0)
2026-02-07T11:27:15Z,03,n_mora,SKILL_040_20260207_112715,141.42,5561.27,TRUE,SKILL_040,Fasten a belt,
2026-02-07T11:22:16Z,03,n_mora,SKILL_040_20260207_112216,180.88,6961.79,TRUE,SKILL_040,Fasten a belt,
2026-02-07T14:53:24Z,03,d_vargas,SKILL_036_20260207_145324,109.47,3515.21,FALSE,SKILL_036,Fold Socks,BAD_HZ /camera_r/depth/image_rect_raw (24.9/30.0) | BAD_HZ /camera_l/depth/image_rect_raw (24.6/30.0) | BAD_HZ /gripper_r/data (59.7/120.0) | BAD_HZ /pika_pose_l (51.1/100.0) | BAD_HZ /camera_fisheye_l/ffmpeg (21.7/30.0) | BAD_HZ /camera_fisheye_r/ffmpeg (21.8/30.0) | BAD_HZ /gripper_l/data (54.5/120.0) | BAD_HZ /camera_r/ffmpeg (25.5/30.0) | BAD_HZ /pika_pose_r (50.6/100.0)
2026-02-07T10:07:31Z,04,d_vargas,SKILL_005_20260207_100731,94.35,3567.23,FALSE,SKILL_005,Insert allen keys in package,BAD_HZ /camera_l/ffmpeg (0.0/30.0) | BAD_HZ /camera_r/ffmpeg (0.0/30.0)
2026-02-07T10:06:09Z,04,d_vargas,SKILL_005_20260207_100609,3.71,140.89,FALSE,SKILL_005,Insert allen keys in package,TOO_SHORT (3.7s < 90.0s) | BAD_HZ /gripper_l/data (100.2/120.0) | BAD_HZ /camera_l/ffmpeg (0.0/30.0) | BAD_HZ /camera_r/ffmpeg (0.0/30.0)
2026-02-07T07:58:22Z,04,d_vargas,SKILL_005_20260207_075822,135.19,5054.79,FALSE,SKILL_005,Insert allen keys in package,BAD_HZ /camera_l/ffmpeg (0.0/30.0) | BAD_HZ /camera_r/ffmpeg (0.0/30.0)
2026-02-07T07:55:19Z,04,d_vargas,SKILL_005_20260207_075519,153.87,5767.20,FALSE,SKILL_005,Insert allen keys in package,BAD_HZ /camera_l/ffmpeg (0.0/30.0) | BAD_HZ /camera_r/ffmpeg (0.0/30.0)
2026-02-07T12:32:44Z,04,c_becerra,SKILL_004_20260207_123244,91.84,3383.89,FALSE,SKILL_004,Set Screwdriver package,BAD_HZ /camera_l/ffmpeg (0.0/30.0) | BAD_HZ /camera_r/ffmpeg (0.0/30.0)
2026-02-07T12:30:36Z,04,c_becerra,SKILL_004_20260207_123036,94.73,3227.46,FALSE,SKILL_004,Set Screwdriver package,BAD_HZ /camera_l/ffmpeg (0.0/30.0) | BAD_HZ /camera_r/ffmpeg (0.0/30.0) | BAD_HZ /gripper_r/data (100.9/120.0) | BAD_HZ /gripper_l/data (100.4/120.0)
2026-02-07T12:28:19Z,04,c_becerra,SKILL_004_20260207_122819,95.77,3577.01,FALSE,SKILL_004,Set Screwdriver package,BAD_HZ /camera_l/ffmpeg (0.0/30.0) | BAD_HZ /camera_r/ffmpeg (0.0/30.0)
2026-02-07T12:25:59Z,04,c_becerra,SKILL_004_20260207_122559,90.73,3382.87,FALSE,SKILL_004,Set Screwdriver package,BAD_HZ /camera_l/ffmpeg (0.0/30.0) | BAD_HZ /camera_r/ffmpeg (0.0/30.0)
2026-02-07T10:50:50Z,04,d_vargas,SKILL_004_20260207_105050,38.62,1468.47,FALSE,SKILL_004,Set Screwdriver package,TOO_SHORT (38.6s < 90.0s) | BAD_HZ /camera_l/ffmpeg (0.0/30.0) | BAD_HZ /camera_r/ffmpeg (0.0/30.0)
2026-02-07T10:39:07Z,04,d_vargas,SKILL_004_20260207_103907,78.76,2940.51,FALSE,SKILL_004,Set Screwdriver package,TOO_SHORT (78.8s < 90.0s) | BAD_HZ /camera_l/ffmpeg (0.0/30.0) | BAD_HZ /camera_r/ffmpeg (0.0/30.0)
2026-02-07T10:36:46Z,04,d_vargas,SKILL_004_20260207_103646,106.30,3974.00,FALSE,SKILL_004,Set Screwdriver package,BAD_HZ /camera_l/ffmpeg (0.0/30.0) | BAD_HZ /camera_r/ffmpeg (0.0/30.0)
2026-02-07T10:34:10Z,04,d_vargas,SKILL_004_20260207_103410,122.58,4587.91,FALSE,SKILL_004,Set Screwdriver package,BAD_HZ /camera_l/ffmpeg (0.0/30.0) | BAD_HZ /camera_r/ffmpeg (0.0/30.0)
2026-02-07T10:31:49Z,04,d_vargas,SKILL_004_20260207_103149,92.69,3480.43,FALSE,SKILL_004,Set Screwdriver package,BAD_HZ /camera_l/ffmpeg (0.0/30.0) | BAD_HZ /camera_r/ffmpeg (0.0/30.0)
2026-02-07T10:29:40Z,04,d_vargas,SKILL_004_20260207_102940,99.28,3730.79,FALSE,SKILL_004,Set Screwdriver package,BAD_HZ /camera_r/ffmpeg (0.0/30.0) | BAD_HZ /camera_l/ffmpeg (0.0/30.0)
2026-02-07T07:41:22Z,04,d_vargas,SKILL_004_20260207_074122,89.24,3354.41,FALSE,SKILL_004,Set Screwdriver package,TOO_SHORT (89.2s < 90.0s) | BAD_HZ /camera_l/ffmpeg (0.0/30.0) | BAD_HZ /camera_r/ffmpeg (0.0/30.0)
2026-02-07T07:38:53Z,04,d_vargas,SKILL_004_20260207_073853,97.72,3647.80,FALSE,SKILL_004,Set Screwdriver package,BAD_HZ /camera_l/ffmpeg (0.0/30.0) | BAD_HZ /camera_r/ffmpeg (0.0/30.0)
2026-02-07T07:34:19Z,04,d_vargas,SKILL_004_20260207_073419,104.21,2897.53,FALSE,SKILL_004,Set Screwdriver package,BAD_HZ /camera_l/depth/image_rect_raw (22.7/30.0) | BAD_HZ /camera_l/ffmpeg (0.0/30.0) | BAD_HZ /camera_r/ffmpeg (0.0/30.0) | BAD_HZ /camera_r/depth/image_rect_raw (20.2/30.0)
2026-02-07T09:59:19Z,04,d_vargas,SKILL_003_20260207_095919,299.99,11010.06,FALSE,SKILL_003,Organize screwdriver bits,BAD_HZ /camera_l/ffmpeg (0.0/30.0) | BAD_HZ /camera_r/ffmpeg (0.0/30.0)
2026-02-07T13:40:44Z,04,c_becerra,SKILL_005_20260207_134044,342.92,12728.72,FALSE,SKILL_005,Insert allen keys in package,BAD_HZ /camera_l/ffmpeg (0.0/30.0) | BAD_HZ /camera_r/ffmpeg (0.0/30.0)
2026-02-07T07:36:46Z,04,d_vargas,SKILL_004_20260207_073646,94.26,3437.83,FALSE,SKILL_004,Set Screwdriver package,BAD_HZ /camera_l/ffmpeg (0.0/30.0) | BAD_HZ /camera_r/ffmpeg (0.0/30.0)
2026-02-07T10:09:19Z,04,d_vargas,SKILL_005_20260207_100919,177.72,6101.31,FALSE,SKILL_005,Insert allen keys in package,BAD_HZ /camera_l/ffmpeg (0.0/30.0) | BAD_HZ /camera_r/ffmpeg (0.0/30.0)
2026-02-07T08:21:22Z,04,d_vargas,SKILL_014_20260207_082122,421.04,15448.67,FALSE,SKILL_014,Fasten nuts onto bolts,BAD_HZ /camera_l/ffmpeg (0.0/30.0) | BAD_HZ /camera_r/ffmpeg (0.0/30.0)
2026-02-07T13:09:04Z,04,c_becerra,SKILL_012_20260207_130904,157.07,5796.97,FALSE,SKILL_012,Put pasta in jars,BAD_HZ /camera_l/ffmpeg (0.0/30.0) | BAD_HZ /camera_r/ffmpeg (0.0/30.0)
2026-02-07T10:22:52Z,04,d_vargas,SKILL_012_20260207_102252,178.77,6707.66,FALSE,SKILL_012,Put pasta in jars,BAD_HZ /camera_l/ffmpeg (0.0/30.0) | BAD_HZ /camera_r/ffmpeg (0.0/30.0)
2026-02-07T10:19:26Z,04,d_vargas,SKILL_012_20260207_101926,146.50,5516.54,FALSE,SKILL_012,Put pasta in jars,BAD_HZ /camera_l/ffmpeg (0.0/30.0) | BAD_HZ /camera_r/ffmpeg (0.0/30.0)
2026-02-07T08:49:15Z,04,d_vargas,SKILL_012_20260207_084915,154.78,5707.65,FALSE,SKILL_012,Put pasta in jars,BAD_HZ /camera_l/ffmpeg (0.0/30.0) | BAD_HZ /camera_r/ffmpeg (0.0/30.0)
2026-02-07T08:46:09Z,04,d_vargas,SKILL_012_20260207_084609,163.52,6140.96,FALSE,SKILL_012,Put pasta in jars,BAD_HZ /camera_l/ffmpeg (0.0/30.0) | BAD_HZ /camera_r/ffmpeg (0.0/30.0)
2026-02-07T08:42:10Z,04,d_vargas,SKILL_012_20260207_084210,182.58,6790.83,FALSE,SKILL_012,Put pasta in jars,BAD_HZ /camera_l/ffmpeg (0.0/30.0) | BAD_HZ /camera_r/ffmpeg (0.0/30.0)
2026-02-07T08:41:06Z,04,d_vargas,SKILL_010_20260207_084106,1.22,44.86,FALSE,SKILL_010,Package earphones,TOO_SHORT (1.2s < 90.0s) | BAD_HZ /camera_l/ffmpeg (0.0/30.0) | BAD_HZ /camera_r/ffmpeg (0.0/30.0) | BAD_HZ /pika_pose_r (83.1/100.0) | BAD_HZ /gripper_r/data (83.1/120.0) | BAD_HZ /pika_pose_l (83.1/100.0) | BAD_HZ /gripper_l/data (79.8/120.0)
2026-02-07T08:37:44Z,04,d_vargas,SKILL_010_20260207_083744,191.64,7155.68,FALSE,SKILL_010,Package earphones,BAD_HZ /camera_l/ffmpeg (0.0/30.0) | BAD_HZ /camera_r/ffmpeg (0.0/30.0)
2026-02-07T08:32:50Z,04,d_vargas,SKILL_010_20260207_083250,259.02,9732.48,FALSE,SKILL_010,Package earphones,BAD_HZ /camera_l/ffmpeg (0.0/30.0) | BAD_HZ /camera_r/ffmpeg (0.0/30.0)
2026-02-07T12:51:28Z,04,c_becerra,SKILL_007_20260207_125128,221.61,8189.40,FALSE,SKILL_007,Separate tongue depressors by color,BAD_HZ /camera_l/ffmpeg (0.0/30.0) | BAD_HZ /camera_r/ffmpeg (0.0/30.0)
2026-02-07T12:35:13Z,04,c_becerra,SKILL_007_20260207_123513,402.05,13802.25,FALSE,SKILL_007,Separate tongue depressors by color,BAD_HZ /camera_l/ffmpeg (0.0/30.0) | BAD_HZ /camera_r/ffmpeg (0.0/30.0)
2026-02-07T10:51:45Z,04,d_vargas,SKILL_007_20260207_105145,450.97,12654.02,FALSE,SKILL_007,Separate tongue depressors by color,BAD_HZ /gripper_r/data (72.3/120.0) | BAD_HZ /pika_pose_l (62.6/100.0) | BAD_HZ /camera_fisheye_l/ffmpeg (21.2/30.0) | BAD_HZ /camera_fisheye_r/ffmpeg (21.2/30.0) | BAD_HZ /gripper_l/data (72.3/120.0) | BAD_HZ /camera_l/ffmpeg (0.0/30.0) | BAD_HZ /camera_r/ffmpeg (0.0/30.0) | BAD_HZ /pika_pose_r (62.6/100.0) | BAD_HZ /camera_r/depth/image_rect_raw (21.9/30.0) | BAD_HZ /camera_l/depth/image_rect_raw (22.1/30.0)
2026-02-07T08:08:09Z,04,d_vargas,SKILL_007_20260207_080809,622.39,21942.55,FALSE,SKILL_007,Separate tongue depressors by color,BAD_HZ /gripper_r/data (99.4/120.0) | BAD_HZ /gripper_l/data (101.2/120.0) | BAD_HZ /camera_l/ffmpeg (0.0/30.0) | BAD_HZ /camera_r/ffmpeg (0.0/30.0)
2026-02-07T13:13:19Z,04,c_becerra,SKILL_012_20260207_131319,189.21,7113.10,FALSE,SKILL_012,Put pasta in jars,BAD_HZ /camera_l/ffmpeg (0.0/30.0) | BAD_HZ /camera_r/ffmpeg (0.0/30.0)
2026-02-07T12:13:12Z,04,c_becerra,SKILL_005_20260207_121311,275.46,9928.30,FALSE,SKILL_005,Insert allen keys in package,BAD_HZ /camera_l/ffmpeg (0.0/30.0) | BAD_HZ /camera_r/ffmpeg (0.0/30.0)
2026-02-07T12:07:16Z,04,c_becerra,SKILL_005_20260207_120716,308.40,11409.24,FALSE,SKILL_005,Insert allen keys in package,BAD_HZ /camera_l/ffmpeg (0.0/30.0) | BAD_HZ /camera_r/ffmpeg (0.0/30.0)
2026-02-07T11:27:25Z,04,d_vargas,SKILL_005_20260207_112724,168.43,6310.53,FALSE,SKILL_005,Insert allen keys in package,BAD_HZ /camera_l/ffmpeg (0.0/30.0) | BAD_HZ /camera_r/ffmpeg (0.0/30.0)
2026-02-07T10:14:03Z,04,d_vargas,SKILL_005_20260207_101403,201.31,7540.68,FALSE,SKILL_005,Insert allen keys in package,BAD_HZ /camera_l/ffmpeg (0.0/30.0) | BAD_HZ /camera_r/ffmpeg (0.0/30.0)
2026-02-07T08:29:38Z,04,d_vargas,SKILL_014_20260207_082938,1.69,62.34,FALSE,SKILL_014,Fasten nuts onto bolts,TOO_SHORT (1.7s < 90.0s) | BAD_HZ /gripper_l/data (97.3/120.0) | BAD_HZ /camera_l/ffmpeg (0.0/30.0) | BAD_HZ /camera_r/ffmpeg (0.0/30.0) | BAD_HZ /gripper_r/data (100.3/120.0)
2026-02-07T14:49:54Z,05,n_mora,SKILL_001_20260207_144954,328.12,6614.37,FALSE,SKILL_001,Organize beads per color,BAD_HZ /pika_pose_l (0.0/100.0) | BAD_HZ /camera_fisheye_l/ffmpeg (0.0/30.0) | BAD_HZ /camera_fisheye_r/ffmpeg (0.0/30.0) | BAD_HZ /pika_pose_r (0.0/100.0) | BAD_HZ /camera_r/depth/image_rect_raw (16.4/30.0) | BAD_HZ /camera_l/depth/image_rect_raw (15.9/30.0)
2026-02-07T10:06:19Z,05,e_martinez,SKILL_001_20260207_100618,232.34,4204.12,FALSE,SKILL_001,Organize beads per color,BAD_HZ /camera_l/depth/image_rect_raw (12.0/30.0) | BAD_HZ /camera_r/depth/image_rect_raw (12.5/30.0)
2026-02-07T09:59:53Z,05,e_martinez,SKILL_001_20260207_095952,109.48,2335.01,FALSE,SKILL_001,Organize beads per color,BAD_HZ /camera_r/depth/image_rect_raw (13.9/30.0) | BAD_HZ /camera_l/depth/image_rect_raw (15.9/30.0)
2026-02-07T09:55:14Z,05,e_martinez,SKILL_001_20260207_095512,54.46,1182.97,FALSE,SKILL_001,Organize beads per color,TOO_SHORT (56.1s < 90.0s) | BAD_HZ /camera_r/depth/image_rect_raw (14.1/30.0) | BAD_HZ /camera_l/depth/image_rect_raw (15.7/30.0)
2026-02-07T09:35:14Z,05,e_martinez,SKILL_001_20260207_093514,239.87,4860.27,FALSE,SKILL_001,Organize beads per color,BAD_HZ /camera_l/depth/image_rect_raw (14.2/30.0) | BAD_HZ /camera_fisheye_r/ffmpeg (0.0/30.0) | BAD_HZ /camera_r/depth/image_rect_raw (16.3/30.0)
2026-02-07T07:13:57Z,05,e_martinez,SKILL_001_20260207_071356,493.29,11104.91,FALSE,SKILL_001,Organize beads per color,BAD_HZ /camera_l/depth/image_rect_raw (16.1/30.0) | BAD_HZ /camera_r/depth/image_rect_raw (15.8/30.0)
2026-02-07T14:54:32Z,04,c_becerra,SKILL_032_20260207_145432,157.80,5763.74,FALSE,SKILL_032,Pack up Clothes in a paper bag,BAD_HZ /camera_l/ffmpeg (0.0/30.0) | BAD_HZ /camera_r/ffmpeg (0.0/30.0)
2026-02-07T14:50:39Z,04,c_becerra,SKILL_032_20260207_145039,188.31,6929.70,FALSE,SKILL_032,Pack up Clothes in a paper bag,BAD_HZ /camera_l/ffmpeg (0.0/30.0) | BAD_HZ /camera_r/ffmpeg (0.0/30.0)
2026-02-07T14:47:47Z,04,c_becerra,SKILL_032_20260207_144746,84.79,2438.41,FALSE,SKILL_032,Pack up Clothes in a paper bag,TOO_SHORT (83.9s < 90.0s) | BAD_HZ /camera_r/depth/image_rect_raw (23.4/30.0) | BAD_HZ /camera_l/depth/image_rect_raw (23.3/30.0) | BAD_HZ /gripper_r/data (94.0/120.0) | BAD_HZ /pika_pose_l (76.0/100.0) | BAD_HZ /camera_fisheye_l/ffmpeg (23.7/30.0) | BAD_HZ /camera_fisheye_r/ffmpeg (23.7/30.0) | BAD_HZ /gripper_l/data (86.4/120.0) | BAD_HZ /camera_l/ffmpeg (0.0/30.0) | BAD_HZ /camera_r/ffmpeg (0.0/30.0) | BAD_HZ /pika_pose_r (76.0/100.0)
2026-02-07T14:42:54Z,04,c_becerra,SKILL_032_20260207_144253,203.33,7473.01,FALSE,SKILL_032,Pack up Clothes in a paper bag,BAD_HZ /camera_l/ffmpeg (0.0/30.0) | BAD_HZ /camera_r/ffmpeg (0.0/30.0)
2026-02-07T14:39:11Z,04,c_becerra,SKILL_032_20260207_143911,84.36,2269.63,FALSE,SKILL_032,Pack up Clothes in a paper bag,TOO_SHORT (84.4s < 90.0s) | BAD_HZ /pika_pose_r (72.6/100.0) | BAD_HZ /camera_r/depth/image_rect_raw (21.7/30.0) | BAD_HZ /camera_l/depth/image_rect_raw (21.6/30.0) | BAD_HZ /gripper_r/data (82.2/120.0) | BAD_HZ /pika_pose_l (72.6/100.0) | BAD_HZ /camera_fisheye_l/ffmpeg (22.1/30.0) | BAD_HZ /camera_fisheye_r/ffmpeg (22.1/30.0) | BAD_HZ /gripper_l/data (83.3/120.0) | BAD_HZ /camera_l/ffmpeg (0.0/30.0) | BAD_HZ /camera_r/ffmpeg (0.0/30.0)
2026-02-07T14:34:46Z,04,c_becerra,SKILL_032_20260207_143446,74.81,2751.54,FALSE,SKILL_032,Pack up Clothes in a paper bag,TOO_SHORT (74.8s < 90.0s) | BAD_HZ /camera_l/ffmpeg (0.0/30.0) | BAD_HZ /camera_r/ffmpeg (0.0/30.0)
2026-02-07T14:31:37Z,04,c_becerra,SKILL_032_20260207_143137,73.36,2697.98,FALSE,SKILL_032,Pack up Clothes in a paper bag,TOO_SHORT (73.4s < 90.0s) | BAD_HZ /camera_l/ffmpeg (0.0/30.0) | BAD_HZ /camera_r/ffmpeg (0.0/30.0)
2026-02-07T13:29:08Z,04,c_becerra,SKILL_021_20260207_132908,134.84,5049.57,FALSE,SKILL_021,Build Up Box (Mailer),BAD_HZ /camera_l/ffmpeg (0.0/30.0) | BAD_HZ /camera_r/ffmpeg (0.0/30.0)
2026-02-07T12:25:52Z,04,c_becerra,SKILL_014_20260207_122552,1.08,40.37,FALSE,SKILL_014,Fasten nuts onto bolts,TOO_SHORT (1.1s < 90.0s) | BAD_HZ /camera_l/ffmpeg (0.0/30.0) | BAD_HZ /camera_r/ffmpeg (0.0/30.0)
2026-02-07T12:19:24Z,04,c_becerra,SKILL_014_20260207_121924,302.64,10142.68,FALSE,SKILL_014,Fasten nuts onto bolts,BAD_HZ /gripper_r/data (89.9/120.0) | BAD_HZ /pika_pose_l (78.3/100.0) | BAD_HZ /gripper_l/data (90.2/120.0) | BAD_HZ /camera_l/ffmpeg (0.0/30.0) | BAD_HZ /camera_r/ffmpeg (0.0/30.0) | BAD_HZ /pika_pose_r (78.2/100.0)
2026-02-07T10:48:22Z,04,d_vargas,SKILL_014_20260207_104822,113.78,4179.81,FALSE,SKILL_014,Fasten nuts onto bolts,BAD_HZ /camera_l/ffmpeg (0.0/30.0) | BAD_HZ /camera_r/ffmpeg (0.0/30.0)
2026-02-07T10:42:01Z,04,d_vargas,SKILL_014_20260207_104201,316.97,11229.76,FALSE,SKILL_014,Fasten nuts onto bolts,BAD_HZ /pika_pose_l (83.5/100.0) | BAD_HZ /gripper_l/data (95.1/120.0) | BAD_HZ /camera_l/ffmpeg (0.0/30.0) | BAD_HZ /camera_r/ffmpeg (0.0/30.0) | BAD_HZ /pika_pose_r (83.5/100.0) | BAD_HZ /gripper_r/data (95.6/120.0)
2026-02-07T08:30:10Z,04,d_vargas,SKILL_014_20260207_083010,69.48,2539.94,FALSE,SKILL_014,Fasten nuts onto bolts,TOO_SHORT (69.5s < 90.0s) | BAD_HZ /camera_r/ffmpeg (0.0/30.0) | BAD_HZ /camera_l/ffmpeg (0.0/30.0)
2026-02-07T12:07:46Z,05,n_mora,SKILL_003_20260207_120745,227.05,2447.05,FALSE,SKILL_003,Organize screwdriver bits,BAD_HZ /camera_l/ffmpeg (24.3/30.0) | BAD_HZ /camera_r/ffmpeg (0.0/30.0) | BAD_HZ /camera_r/depth/image_rect_raw (0.0/30.0) | BAD_HZ /camera_l/depth/image_rect_raw (15.7/30.0) | BAD_HZ /camera_fisheye_r/ffmpeg (0.0/30.0)
2026-02-07T10:23:18Z,05,e_martinez,SKILL_003_20260207_102318,13.39,258.58,FALSE,SKILL_003,Organize screwdriver bits,TOO_SHORT (13.4s < 90.0s) | BAD_HZ /camera_r/depth/image_rect_raw (14.7/30.0) | BAD_HZ /camera_l/depth/image_rect_raw (14.4/30.0) | BAD_HZ /camera_fisheye_r/ffmpeg (0.0/30.0)
2026-02-07T10:20:05Z,05,e_martinez,SKILL_003_20260207_102005,102.02,1254.35,FALSE,SKILL_003,Organize screwdriver bits,BAD_HZ /camera_r/depth/image_rect_raw (3.5/30.0) | BAD_HZ /camera_l/depth/image_rect_raw (13.7/30.0) | BAD_HZ /camera_fisheye_r/ffmpeg (10.3/30.0) | BAD_HZ /camera_r/ffmpeg (7.4/30.0)
2026-02-07T10:14:12Z,05,e_martinez,SKILL_003_20260207_101411,265.18,5067.15,FALSE,SKILL_003,Organize screwdriver bits,BAD_HZ /camera_r/depth/image_rect_raw (13.3/30.0) | BAD_HZ /camera_l/depth/image_rect_raw (13.6/30.0)
2026-02-07T08:51:10Z,05,e_martinez,SKILL_003_20260207_085109,248.38,4700.93,FALSE,SKILL_003,Organize screwdriver bits,BAD_HZ /camera_r/depth/image_rect_raw (12.9/30.0) | BAD_HZ /camera_l/depth/image_rect_raw (13.5/30.0)
2026-02-07T07:30:40Z,05,e_martinez,SKILL_003_20260207_073040,238.06,5056.30,FALSE,SKILL_003,Organize screwdriver bits,BAD_HZ /camera_r/depth/image_rect_raw (14.9/30.0) | BAD_HZ /camera_l/depth/image_rect_raw (15.6/30.0)
2026-02-07T07:24:32Z,05,e_martinez,SKILL_003_20260207_072432,286.68,6198.57,FALSE,SKILL_003,Organize screwdriver bits,BAD_HZ /camera_l/depth/image_rect_raw (15.7/30.0) | BAD_HZ /camera_l/ffmpeg (25.2/30.0) | BAD_HZ /camera_r/depth/image_rect_raw (15.5/30.0)
2026-02-07T14:56:03Z,05,n_mora,SKILL_001_20260207_145603,26.19,529.32,FALSE,SKILL_001,Organize beads per color,TOO_SHORT (26.2s < 90.0s) | BAD_HZ /pika_pose_l (0.0/100.0) | BAD_HZ /camera_fisheye_l/ffmpeg (0.0/30.0) | BAD_HZ /camera_fisheye_r/ffmpeg (0.0/30.0) | BAD_HZ /pika_pose_r (0.0/100.0) | BAD_HZ /camera_r/depth/image_rect_raw (16.0/30.0) | BAD_HZ /camera_l/depth/image_rect_raw (16.5/30.0)
2026-02-07T12:21:18Z,05,n_mora,SKILL_012_20260207_122118,167.68,1861.13,FALSE,SKILL_012,Put pasta in jars,BAD_HZ /camera_l/depth/image_rect_raw (15.8/30.0) | BAD_HZ /camera_fisheye_r/ffmpeg (0.0/30.0) | BAD_HZ /camera_r/ffmpeg (0.0/30.0) | BAD_HZ /camera_r/depth/image_rect_raw (0.0/30.0)
2026-02-07T08:29:36Z,05,e_martinez,SKILL_012_20260207_082934,196.36,3691.15,FALSE,SKILL_012,Put pasta in jars,BAD_HZ /camera_r/depth/image_rect_raw (13.0/30.0) | BAD_HZ /camera_l/depth/image_rect_raw (12.6/30.0)
2026-02-07T08:21:42Z,05,e_martinez,SKILL_012_20260207_082142,207.50,3713.90,FALSE,SKILL_012,Put pasta in jars,BAD_HZ /camera_r/depth/image_rect_raw (13.4/30.0) | BAD_HZ /camera_l/depth/image_rect_raw (12.8/30.0) | BAD_HZ /camera_fisheye_r/ffmpeg (0.0/30.0)
2026-02-07T08:44:33Z,05,e_martinez,SKILL_010_20260207_084432,191.61,3895.70,FALSE,SKILL_010,Package earphones,BAD_HZ /camera_l/depth/image_rect_raw (12.7/30.0) | BAD_HZ /camera_r/depth/image_rect_raw (15.7/30.0)
2026-02-07T14:04:22Z,05,n_mora,SKILL_009_20260207_140422,310.99,6182.61,FALSE,SKILL_009,Package Cotton set,BAD_HZ /camera_l/depth/image_rect_raw (16.1/30.0) | BAD_HZ /camera_fisheye_l/ffmpeg (0.0/30.0) | BAD_HZ /camera_fisheye_r/ffmpeg (0.0/30.0) | BAD_HZ /camera_r/depth/image_rect_raw (15.7/30.0)
2026-02-07T13:15:33Z,05,n_mora,SKILL_007_20260207_131533,496.50,8300.98,FALSE,SKILL_007,Separate tongue depressors by color,BAD_HZ /camera_fisheye_r/ffmpeg (0.0/30.0) | BAD_HZ /camera_r/depth/image_rect_raw (12.5/30.0) | BAD_HZ /camera_l/depth/image_rect_raw (11.6/30.0)
2026-02-07T13:02:56Z,05,n_mora,SKILL_007_20260207_130256,475.22,8671.52,FALSE,SKILL_007,Separate tongue depressors by color,BAD_HZ /camera_l/depth/image_rect_raw (12.8/30.0) | BAD_HZ /camera_fisheye_r/ffmpeg (0.0/30.0) | BAD_HZ /camera_r/depth/image_rect_raw (13.8/30.0)
2026-02-07T07:50:23Z,05,e_martinez,SKILL_007_20260207_075022,499.01,8634.75,FALSE,SKILL_007,Separate tongue depressors by color,BAD_HZ /gripper_l/data (100.1/120.0) | BAD_HZ /camera_r/depth/image_rect_raw (11.1/30.0) | BAD_HZ /camera_l/depth/image_rect_raw (11.3/30.0) | BAD_HZ /gripper_r/data (99.1/120.0)
2026-02-07T14:45:14Z,05,n_mora,SKILL_005_20260207_144514,110.81,2068.49,FALSE,SKILL_005,Insert allen keys in package,BAD_HZ /camera_fisheye_l/ffmpeg (0.0/30.0) | BAD_HZ /camera_fisheye_r/ffmpeg (0.0/30.0) | BAD_HZ /pika_pose_r (0.0/100.0) | BAD_HZ /camera_r/depth/image_rect_raw (14.3/30.0) | BAD_HZ /camera_l/depth/image_rect_raw (15.7/30.0) | BAD_HZ /pika_pose_l (0.0/100.0)
2026-02-07T14:40:48Z,05,n_mora,SKILL_005_20260207_144048,119.22,1966.14,FALSE,SKILL_005,Insert allen keys in package,BAD_HZ /camera_r/depth/image_rect_raw (12.3/30.0) | BAD_HZ /camera_l/depth/image_rect_raw (12.1/30.0) | BAD_HZ /camera_fisheye_r/ffmpeg (0.0/30.0)
2026-02-07T14:35:25Z,05,n_mora,SKILL_005_20260207_143525,183.42,2824.90,FALSE,SKILL_005,Insert allen keys in package,BAD_HZ /camera_r/depth/image_rect_raw (11.6/30.0) | BAD_HZ /camera_l/depth/image_rect_raw (11.0/30.0) | BAD_HZ /camera_fisheye_r/ffmpeg (0.0/30.0)
2026-02-07T14:29:39Z,05,n_mora,SKILL_005_20260207_142939,269.68,4275.85,FALSE,SKILL_005,Insert allen keys in package,BAD_HZ /camera_fisheye_r/ffmpeg (0.0/30.0) | BAD_HZ /camera_r/depth/image_rect_raw (12.1/30.0) | BAD_HZ /camera_l/depth/image_rect_raw (11.0/30.0)
2026-02-07T09:11:33Z,05,e_martinez,SKILL_005_20260207_091132,229.33,4555.35,FALSE,SKILL_005,Insert allen keys in package,BAD_HZ /gripper_r/data (95.8/120.0) | BAD_HZ /gripper_l/data (97.9/120.0) | BAD_HZ /camera_r/depth/image_rect_raw (13.7/30.0) | BAD_HZ /camera_l/depth/image_rect_raw (13.9/30.0)
2026-02-07T09:30:31Z,05,e_martinez,SKILL_005_20260207_093031,155.46,3059.06,FALSE,SKILL_005,Insert allen keys in package,BAD_HZ /camera_r/depth/image_rect_raw (15.4/30.0) | BAD_HZ /camera_l/depth/image_rect_raw (14.3/30.0) | BAD_HZ /camera_fisheye_r/ffmpeg (0.0/30.0)
2026-02-07T12:48:26Z,05,n_mora,SKILL_004_20260207_124826,73.59,1223.67,FALSE,SKILL_004,Set Screwdriver package,TOO_SHORT (73.6s < 90.0s) | BAD_HZ /camera_fisheye_r/ffmpeg (0.0/30.0) | BAD_HZ /camera_r/depth/image_rect_raw (12.9/30.0) | BAD_HZ /camera_l/depth/image_rect_raw (11.5/30.0)
2026-02-07T12:13:31Z,05,n_mora,SKILL_003_20260207_121331,308.30,3359.40,FALSE,SKILL_003,Organize screwdriver bits,BAD_HZ /camera_fisheye_r/ffmpeg (0.0/30.0) | BAD_HZ /camera_l/ffmpeg (24.7/30.0) | BAD_HZ /camera_r/ffmpeg (0.0/30.0) | BAD_HZ /camera_r/depth/image_rect_raw (0.0/30.0) | BAD_HZ /camera_l/depth/image_rect_raw (15.8/30.0)
2026-02-07T07:37:43Z,05,e_martinez,SKILL_005_20260207_073743,268.14,5271.97,FALSE,SKILL_005,Insert allen keys in package,BAD_HZ /camera_r/depth/image_rect_raw (13.3/30.0) | BAD_HZ /camera_l/depth/image_rect_raw (14.0/30.0)
2026-02-07T07:43:15Z,05,e_martinez,SKILL_005_20260207_074315,168.68,3240.89,FALSE,SKILL_005,Insert allen keys in package,BAD_HZ /camera_l/depth/image_rect_raw (13.5/30.0) | BAD_HZ /camera_r/depth/image_rect_raw (13.1/30.0)
2026-02-07T09:07:44Z,05,e_martinez,SKILL_005_20260207_090743,13.16,268.23,FALSE,SKILL_005,Insert allen keys in package,TOO_SHORT (15.0s < 90.0s) | BAD_HZ /gripper_l/data (95.8/120.0) | BAD_HZ /camera_r/depth/image_rect_raw (12.1/30.0) | BAD_HZ /camera_l/depth/image_rect_raw (13.3/30.0) | BAD_HZ /gripper_r/data (100.8/120.0)
2026-02-07T14:23:18Z,05,n_mora,SKILL_022_20260207_142316,88.66,1589.26,FALSE,SKILL_022,Build Up Box (Regular ECT),BAD_HZ /camera_r/depth/image_rect_raw (14.1/30.0) | BAD_HZ /camera_l/depth/image_rect_raw (11.1/30.0) | BAD_HZ /gripper_r/data (95.1/120.0) | BAD_HZ /gripper_l/data (95.3/120.0)
2026-02-07T08:38:26Z,05,e_martinez,SKILL_016_20260207_083826,42.08,781.48,FALSE,SKILL_016,Package a sewing set,TOO_SHORT (42.1s < 90.0s) | BAD_HZ /camera_l/depth/image_rect_raw (12.8/30.0) | BAD_HZ /camera_r/depth/image_rect_raw (12.8/30.0)
2026-02-07T12:55:14Z,05,n_mora,SKILL_014_20260207_125513,239.51,4508.05,FALSE,SKILL_014,Fasten nuts onto bolts,BAD_HZ /camera_fisheye_r/ffmpeg (0.0/30.0) | BAD_HZ /camera_r/depth/image_rect_raw (15.1/30.0) | BAD_HZ /camera_l/depth/image_rect_raw (13.2/30.0)
2026-02-07T08:39:47Z,05,e_martinez,SKILL_016_20260207_083947,6.55,108.86,FALSE,SKILL_016,Package a sewing set,TOO_SHORT (6.5s < 90.0s) | BAD_HZ /gripper_l/data (99.1/120.0) | BAD_HZ /camera_r/depth/image_rect_raw (11.9/30.0) | BAD_HZ /camera_l/depth/image_rect_raw (11.0/30.0)
2026-02-07T08:37:35Z,05,e_martinez,SKILL_016_20260207_083733,1.77,84.01,FALSE,SKILL_016,Package a sewing set,TOO_SHORT (3.0s < 90.0s) | BAD_HZ /camera_r/depth/image_rect_raw (23.5/30.0) | BAD_HZ /camera_l/depth/image_rect_raw (21.1/30.0) | BAD_HZ /gripper_r/data (101.2/120.0)
2026-02-07T08:15:08Z,05,e_martinez,SKILL_014_20260207_081508,205.39,3723.90,FALSE,SKILL_014,Fasten nuts onto bolts,BAD_HZ /camera_l/depth/image_rect_raw (12.5/30.0) | BAD_HZ /camera_fisheye_r/ffmpeg (0.0/30.0) | BAD_HZ /camera_r/depth/image_rect_raw (14.5/30.0)
2026-02-07T08:08:41Z,05,e_martinez,SKILL_014_20260207_080841,322.48,5906.07,FALSE,SKILL_014,Fasten nuts onto bolts,BAD_HZ /camera_r/depth/image_rect_raw (14.8/30.0) | BAD_HZ /camera_l/depth/image_rect_raw (12.6/30.0) | BAD_HZ /camera_fisheye_r/ffmpeg (0.0/30.0)
2026-02-07T14:10:54Z,05,n_mora,SKILL_013_20260207_141054,104.64,2134.32,FALSE,SKILL_013,Set up a hand lamp,BAD_HZ /camera_r/depth/image_rect_raw (16.6/30.0) | BAD_HZ /camera_l/depth/image_rect_raw (16.1/30.0) | BAD_HZ /camera_fisheye_l/ffmpeg (0.0/30.0) | BAD_HZ /camera_fisheye_r/ffmpeg (0.0/30.0)
2026-02-07T13:36:20Z,05,n_mora,SKILL_012_20260207_133620,163.98,3149.10,FALSE,SKILL_012,Put pasta in jars,BAD_HZ /camera_fisheye_l/ffmpeg (0.0/30.0) | BAD_HZ /camera_fisheye_r/ffmpeg (0.0/30.0) | BAD_HZ /camera_r/depth/image_rect_raw (15.5/30.0) | BAD_HZ /camera_l/depth/image_rect_raw (15.0/30.0)
2026-02-07T13:30:41Z,05,n_mora,SKILL_012_20260207_133041,187.70,3322.00,FALSE,SKILL_012,Put pasta in jars,BAD_HZ /camera_r/depth/image_rect_raw (14.3/30.0) | BAD_HZ /camera_l/depth/image_rect_raw (13.5/30.0) | BAD_HZ /camera_fisheye_l/ffmpeg (0.0/30.0) | BAD_HZ /camera_fisheye_r/ffmpeg (0.0/30.0)
2026-02-07T12:35:40Z,05,n_mora,SKILL_012_20260207_123539,522.33,9324.46,FALSE,SKILL_012,Put pasta in jars,BAD_HZ /camera_fisheye_r/ffmpeg (0.0/30.0) | BAD_HZ /camera_r/depth/image_rect_raw (13.5/30.0) | BAD_HZ /camera_l/depth/image_rect_raw (12.9/30.0)
2026-02-07T12:30:09Z,05,n_mora,SKILL_012_20260207_123009,152.40,2785.91,FALSE,SKILL_012,Put pasta in jars,BAD_HZ /camera_l/depth/image_rect_raw (12.9/30.0) | BAD_HZ /camera_fisheye_r/ffmpeg (0.0/30.0) | BAD_HZ /camera_r/depth/image_rect_raw (14.0/30.0)
2026-02-07T08:42:18Z,05,e_martinez,SKILL_016_20260207_084216,33.98,769.25,FALSE,SKILL_016,Package a sewing set,TOO_SHORT (35.7s < 90.0s) | BAD_HZ /camera_r/depth/image_rect_raw (16.9/30.0) | BAD_HZ /camera_l/depth/image_rect_raw (13.6/30.0) | BAD_HZ /gripper_r/data (95.3/120.0) | BAD_HZ /gripper_l/data (96.1/120.0)
2026-02-07T12:26:09Z,05,n_mora,SKILL_012_20260207_122609,150.41,2791.18,FALSE,SKILL_012,Put pasta in jars,BAD_HZ /camera_fisheye_r/ffmpeg (0.0/30.0) | BAD_HZ /camera_r/depth/image_rect_raw (14.1/30.0) | BAD_HZ /camera_l/depth/image_rect_raw (13.2/30.0)
2026-02-09T12:52:43Z,01,c_becerra,SKILL_003_20260209_125243,231.16,8180.78,FALSE,SKILL_003,Organize screwdriver bits,BAD_HZ /camera_fisheye_l/ffmpeg (0.0/30.0)
2026-02-09T07:46:41Z,01,n_mora,SKILL_003_20260209_074641,349.75,12375.00,FALSE,SKILL_003,Organize screwdriver bits,BAD_HZ /camera_fisheye_l/ffmpeg (0.0/30.0)
2026-02-07T14:25:59Z,05,n_mora,SKILL_022_20260207_142559,112.16,1856.19,FALSE,SKILL_022,Build Up Box (Regular ECT),BAD_HZ /camera_r/depth/image_rect_raw (12.8/30.0) | BAD_HZ /camera_l/depth/image_rect_raw (12.0/30.0) | BAD_HZ /camera_fisheye_r/ffmpeg (0.0/30.0)
2026-02-09T09:44:58Z,01,n_mora,SKILL_001_20260209_094455,1.50,45.32,FALSE,SKILL_001,Organize beads per color,TOO_SHORT (1.7s < 90.0s) | BAD_HZ /camera_l/ffmpeg (21.8/30.0) | BAD_HZ /camera_r/ffmpeg (21.8/30.0) | BAD_HZ /pika_pose_r (13.7/100.0) | BAD_HZ /camera_r/depth/image_rect_raw (21.8/30.0) | BAD_HZ /camera_l/depth/image_rect_raw (21.8/30.0) | BAD_HZ /gripper_r/data (13.7/120.0) | BAD_HZ /pika_pose_l (13.7/100.0) | BAD_HZ /camera_fisheye_l/ffmpeg (0.6/30.0) | BAD_HZ /camera_fisheye_r/ffmpeg (14.3/30.0) | BAD_HZ /gripper_l/data (13.7/120.0)
2026-02-09T09:35:12Z,01,n_mora,SKILL_001_20260209_093511,582.36,20004.61,FALSE,SKILL_001,Organize beads per color,BAD_HZ /camera_fisheye_l/ffmpeg (0.1/30.0)
2026-02-09T07:33:43Z,01,n_mora,SKILL_001_20260209_073343,581.54,21084.43,FALSE,SKILL_001,Organize beads per color,BAD_HZ /camera_fisheye_l/ffmpeg (0.0/30.0)
2026-02-09T07:18:39Z,01,n_mora,SKILL_001_20260209_071839,796.14,26801.74,FALSE,SKILL_001,Organize beads per color,BAD_HZ /camera_fisheye_l/ffmpeg (0.0/30.0)
2026-02-09T12:46:49Z,01,c_becerra,SKILL_019_20260209_124649,163.12,5824.33,FALSE,SKILL_019,Put pasta in plastic containers,BAD_HZ /camera_fisheye_l/ffmpeg (0.0/30.0)
2026-02-09T11:09:11Z,01,n_mora,SKILL_019_20260209_110911,205.45,7261.22,FALSE,SKILL_019,Put pasta in plastic containers,BAD_HZ /camera_fisheye_l/ffmpeg (0.0/30.0) | BAD_HZ /camera_fisheye_r/ffmpeg (0.0/30.0)
2026-02-09T12:12:39Z,01,c_becerra,SKILL_018_20260209_121239,196.53,6816.56,FALSE,SKILL_018,Close bags with twist ties,BAD_HZ /camera_fisheye_l/ffmpeg (0.0/30.0)
2026-02-09T12:09:06Z,01,c_becerra,SKILL_018_20260209_120906,167.71,5706.34,FALSE,SKILL_018,Close bags with twist ties,BAD_HZ /camera_fisheye_l/ffmpeg (0.0/30.0)
2026-02-09T11:24:20Z,01,n_mora,SKILL_018_20260209_112420,165.73,5793.04,FALSE,SKILL_018,Close bags with twist ties,BAD_HZ /camera_fisheye_l/ffmpeg (0.0/30.0) | BAD_HZ /camera_fisheye_r/ffmpeg (0.0/30.0)
2026-02-09T11:21:19Z,01,n_mora,SKILL_018_20260209_112119,138.49,4866.87,FALSE,SKILL_018,Close bags with twist ties,BAD_HZ /camera_fisheye_l/ffmpeg (0.0/30.0) | BAD_HZ /camera_fisheye_r/ffmpeg (0.0/30.0)
2026-02-09T11:15:30Z,01,n_mora,SKILL_018_20260209_111530,149.19,5198.95,FALSE,SKILL_018,Close bags with twist ties,BAD_HZ /camera_fisheye_l/ffmpeg (0.0/30.0) | BAD_HZ /camera_fisheye_r/ffmpeg (0.0/30.0)
2026-02-09T12:39:22Z,01,c_becerra,SKILL_017_20260209_123922,356.99,12828.30,FALSE,SKILL_017,Put pasta in ziploc bags,BAD_HZ /camera_fisheye_l/ffmpeg (0.0/30.0)
2026-02-09T08:44:57Z,01,n_mora,SKILL_017_20260209_084457,244.38,9010.90,FALSE,SKILL_017,Put pasta in ziploc bags,BAD_HZ /camera_fisheye_l/ffmpeg (0.0/30.0)
2026-02-09T08:43:44Z,01,n_mora,SKILL_017_20260209_084344,24.20,887.49,FALSE,SKILL_017,Put pasta in ziploc bags,TOO_SHORT (24.2s < 90.0s) | BAD_HZ /camera_fisheye_l/ffmpeg (0.0/30.0)
2026-02-09T08:34:35Z,01,n_mora,SKILL_017_20260209_083435,273.94,10086.66,FALSE,SKILL_017,Put pasta in ziploc bags,BAD_HZ /camera_fisheye_l/ffmpeg (0.0/30.0)
2026-02-09T08:29:18Z,01,n_mora,SKILL_012_20260209_082918,145.77,5371.09,FALSE,SKILL_012,Put pasta in jars,BAD_HZ /camera_fisheye_l/ffmpeg (0.0/30.0)
2026-02-09T08:25:56Z,01,n_mora,SKILL_012_20260209_082556,162.72,5981.93,FALSE,SKILL_012,Put pasta in jars,BAD_HZ /camera_fisheye_l/ffmpeg (0.0/30.0)
2026-02-09T08:21:08Z,01,n_mora,SKILL_012_20260209_082108,158.43,5790.13,FALSE,SKILL_012,Put pasta in jars,BAD_HZ /camera_fisheye_l/ffmpeg (0.0/30.0)
2026-02-09T08:16:36Z,01,n_mora,SKILL_012_20260209_081636,209.23,7552.98,FALSE,SKILL_012,Put pasta in jars,BAD_HZ /camera_fisheye_l/ffmpeg (0.0/30.0)
2026-02-09T08:10:18Z,01,n_mora,SKILL_012_20260209_081018,158.18,5502.56,FALSE,SKILL_012,Put pasta in jars,BAD_HZ /camera_fisheye_l/ffmpeg (0.0/30.0)
2026-02-09T08:00:05Z,01,n_mora,SKILL_004_20260209_080005,48.63,1742.86,FALSE,SKILL_004,Set Screwdriver package,TOO_SHORT (48.6s < 90.0s) | BAD_HZ /camera_fisheye_l/ffmpeg (0.0/30.0)
2026-02-09T08:07:28Z,01,n_mora,SKILL_012_20260209_080728,21.11,760.40,FALSE,SKILL_012,Put pasta in jars,TOO_SHORT (21.1s < 90.0s) | BAD_HZ /camera_fisheye_l/ffmpeg (0.0/30.0)
2026-02-09T07:56:06Z,01,n_mora,SKILL_004_20260209_075606,87.50,3066.88,FALSE,SKILL_004,Set Screwdriver package,TOO_SHORT (87.5s < 90.0s) | BAD_HZ /camera_fisheye_l/ffmpeg (0.0/30.0)
2026-02-09T12:57:33Z,01,c_becerra,SKILL_003_20260209_125733,212.93,7589.38,FALSE,SKILL_003,Organize screwdriver bits,BAD_HZ /camera_fisheye_l/ffmpeg (0.0/30.0)
2026-02-09T09:54:46Z,01,n_mora,SKILL_023_20260209_095446,162.96,4269.54,FALSE,SKILL_023,Built up box (Present),BAD_HZ /camera_fisheye_l/ffmpeg (0.0/30.0) | BAD_HZ /camera_fisheye_r/ffmpeg (0.0/30.0)
2026-02-09T13:50:19Z,01,c_becerra,SKILL_021_20260209_135019,68.01,2461.16,FALSE,SKILL_021,Build Up Box (Mailer),TOO_SHORT (68.0s < 90.0s) | BAD_HZ /camera_fisheye_l/ffmpeg (0.0/30.0)
2026-02-09T13:46:18Z,01,c_becerra,SKILL_021_20260209_134618,78.58,2852.98,FALSE,SKILL_021,Build Up Box (Mailer),TOO_SHORT (78.6s < 90.0s) | BAD_HZ /camera_fisheye_l/ffmpeg (0.0/30.0)
2026-02-09T13:44:13Z,01,c_becerra,SKILL_021_20260209_134413,81.33,2928.35,FALSE,SKILL_021,Build Up Box (Mailer),TOO_SHORT (81.3s < 90.0s) | BAD_HZ /camera_fisheye_l/ffmpeg (0.0/30.0)
2026-02-09T13:41:35Z,01,c_becerra,SKILL_021_20260209_134135,96.85,3488.41,FALSE,SKILL_021,Build Up Box (Mailer),BAD_HZ /camera_fisheye_l/ffmpeg (0.0/30.0)
2026-02-09T09:52:49Z,01,n_mora,SKILL_021_20260209_095249,66.25,2368.18,FALSE,SKILL_021,Build Up Box (Mailer),TOO_SHORT (66.2s < 90.0s) | BAD_HZ /camera_fisheye_l/ffmpeg (0.0/30.0) | BAD_HZ /camera_fisheye_r/ffmpeg (0.0/30.0)
2026-02-09T09:50:37Z,01,n_mora,SKILL_021_20260209_095037,43.64,1548.87,FALSE,SKILL_021,Build Up Box (Mailer),TOO_SHORT (43.6s < 90.0s) | BAD_HZ /camera_fisheye_l/ffmpeg (0.0/30.0) | BAD_HZ /camera_fisheye_r/ffmpeg (0.0/30.0)
2026-02-09T09:48:30Z,01,n_mora,SKILL_021_20260209_094830,70.17,2512.56,FALSE,SKILL_021,Build Up Box (Mailer),TOO_SHORT (70.2s < 90.0s) | BAD_HZ /camera_fisheye_l/ffmpeg (0.0/30.0) | BAD_HZ /camera_fisheye_r/ffmpeg (0.0/30.0)
2026-02-09T09:46:34Z,01,n_mora,SKILL_021_20260209_094634,71.55,2555.67,FALSE,SKILL_021,Build Up Box (Mailer),TOO_SHORT (71.5s < 90.0s) | BAD_HZ /camera_fisheye_l/ffmpeg (0.0/30.0) | BAD_HZ /camera_fisheye_r/ffmpeg (0.0/30.0)
2026-02-09T13:12:46Z,01,c_becerra,SKILL_020_20260209_131246,598.06,19560.22,FALSE,SKILL_020,Open locks with their keys,BAD_HZ /camera_l/depth/image_rect_raw (25.0/30.0) | BAD_HZ /gripper_r/data (99.0/120.0) | BAD_HZ /camera_fisheye_l/ffmpeg (0.0/30.0) | BAD_HZ /gripper_l/data (99.7/120.0)
2026-02-09T13:06:31Z,01,c_becerra,SKILL_020_20260209_130631,80.69,2891.59,FALSE,SKILL_020,Open locks with their keys,TOO_SHORT (80.7s < 90.0s) | BAD_HZ /camera_fisheye_l/ffmpeg (0.0/30.0)
2026-02-09T13:04:30Z,01,c_becerra,SKILL_020_20260209_130430,68.01,2427.47,FALSE,SKILL_020,Open locks with their keys,TOO_SHORT (68.0s < 90.0s) | BAD_HZ /camera_fisheye_l/ffmpeg (0.0/30.0)
2026-02-09T13:02:37Z,01,c_becerra,SKILL_020_20260209_130237,76.33,2706.17,FALSE,SKILL_020,Open locks with their keys,TOO_SHORT (76.3s < 90.0s) | BAD_HZ /camera_fisheye_l/ffmpeg (0.0/30.0)
2026-02-09T09:06:42Z,01,n_mora,SKILL_020_20260209_090642,4.35,158.67,FALSE,SKILL_020,Open locks with their keys,TOO_SHORT (4.3s < 90.0s) | BAD_HZ /gripper_r/data (97.6/120.0) | BAD_HZ /camera_fisheye_l/ffmpeg (0.0/30.0)
2026-02-09T08:59:34Z,01,n_mora,SKILL_020_20260209_085934,88.31,3226.52,FALSE,SKILL_020,Open locks with their keys,TOO_SHORT (88.3s < 90.0s) | BAD_HZ /camera_fisheye_l/ffmpeg (0.0/30.0)
2026-02-09T08:58:15Z,01,n_mora,SKILL_020_20260209_085815,39.45,1448.99,FALSE,SKILL_020,Open locks with their keys,TOO_SHORT (39.5s < 90.0s) | BAD_HZ /camera_fisheye_l/ffmpeg (0.0/30.0)
2026-02-09T08:52:19Z,01,n_mora,SKILL_020_20260209_085219,120.07,4387.62,FALSE,SKILL_020,Open locks with their keys,BAD_HZ /camera_fisheye_l/ffmpeg (0.0/30.0)
2026-02-09T08:55:30Z,01,n_mora,SKILL_020_20260209_085530,100.87,3685.99,FALSE,SKILL_020,Open locks with their keys,BAD_HZ /camera_fisheye_l/ffmpeg (0.0/30.0)
2026-02-09T12:50:21Z,01,c_becerra,SKILL_019_20260209_125021,79.61,2819.56,FALSE,SKILL_019,Put pasta in plastic containers,TOO_SHORT (79.6s < 90.0s) | BAD_HZ /camera_fisheye_l/ffmpeg (0.0/30.0)
2026-02-09T10:39:32Z,01,n_mora,SKILL_029_20260209_103932,109.48,3946.06,FALSE,SKILL_029,Button a shirt,BAD_HZ /camera_fisheye_l/ffmpeg (0.0/30.0) | BAD_HZ /camera_fisheye_r/ffmpeg (0.0/30.0)
2026-02-09T10:33:29Z,01,n_mora,SKILL_029_20260209_103329,138.04,4936.68,FALSE,SKILL_029,Button a shirt,BAD_HZ /camera_fisheye_l/ffmpeg (0.0/30.0) | BAD_HZ /camera_fisheye_r/ffmpeg (0.0/30.0)
2026-02-09T10:32:04Z,01,n_mora,SKILL_029_20260209_103204,39.22,1396.56,FALSE,SKILL_029,Button a shirt,TOO_SHORT (39.2s < 90.0s) | BAD_HZ /camera_fisheye_l/ffmpeg (0.0/30.0) | BAD_HZ /camera_fisheye_r/ffmpeg (0.0/30.0)
2026-02-09T15:32:24Z,01,l_aguilera,SKILL_028_20260209_153224,162.41,6167.51,FALSE,SKILL_028,Fold a T Shirt,BAD_HZ /camera_fisheye_l/ffmpeg (0.0/30.0)
2026-02-09T15:31:43Z,01,l_aguilera,SKILL_028_20260209_153143,35.74,1336.18,FALSE,SKILL_028,Fold a T Shirt,TOO_SHORT (35.7s < 90.0s) | BAD_HZ /camera_fisheye_l/ffmpeg (0.0/30.0)
2026-02-09T15:26:35Z,01,l_aguilera,SKILL_028_20260209_152635,268.57,10050.46,FALSE,SKILL_028,Fold a T Shirt,BAD_HZ /camera_fisheye_l/ffmpeg (0.0/30.0)
2026-02-09T13:37:46Z,01,c_becerra,SKILL_027_20260209_133746,128.50,4601.11,FALSE,SKILL_027,Build a box and pack an item,BAD_HZ /camera_fisheye_l/ffmpeg (0.0/30.0)
2026-02-09T13:34:47Z,01,c_becerra,SKILL_027_20260209_133447,130.32,4682.60,FALSE,SKILL_027,Build a box and pack an item,BAD_HZ /camera_fisheye_l/ffmpeg (0.0/30.0)
2026-02-09T10:17:37Z,01,n_mora,SKILL_027_20260209_101737,82.77,2874.28,FALSE,SKILL_027,Build a box and pack an item,TOO_SHORT (82.8s < 90.0s) | BAD_HZ /camera_fisheye_l/ffmpeg (0.0/30.0) | BAD_HZ /camera_fisheye_r/ffmpeg (0.0/30.0)
2026-02-09T10:15:53Z,01,n_mora,SKILL_027_20260209_101553,79.50,2731.01,FALSE,SKILL_027,Build a box and pack an item,TOO_SHORT (79.5s < 90.0s) | BAD_HZ /camera_fisheye_l/ffmpeg (0.0/30.0) | BAD_HZ /camera_fisheye_r/ffmpeg (0.0/30.0)
2026-02-09T10:13:11Z,01,n_mora,SKILL_027_20260209_101311,145.27,5040.62,FALSE,SKILL_027,Build a box and pack an item,BAD_HZ /camera_fisheye_l/ffmpeg (0.0/30.0) | BAD_HZ /camera_fisheye_r/ffmpeg (0.0/30.0)
2026-02-09T15:21:44Z,01,l_aguilera,SKILL_023_20260209_152144,188.44,6904.80,FALSE,SKILL_023,Built up box (Present),BAD_HZ /camera_fisheye_l/ffmpeg (0.0/30.0)
2026-02-09T15:17:36Z,01,l_aguilera,SKILL_023_20260209_151736,181.53,6643.46,FALSE,SKILL_023,Built up box (Present),BAD_HZ /camera_fisheye_l/ffmpeg (0.0/30.0)
2026-02-09T10:03:11Z,01,n_mora,SKILL_023_20260209_100311,225.92,7746.14,FALSE,SKILL_023,Built up box (Present),BAD_HZ /camera_fisheye_l/ffmpeg (0.0/30.0) | BAD_HZ /camera_fisheye_r/ffmpeg (0.0/30.0)
2026-02-09T09:58:32Z,01,n_mora,SKILL_023_20260209_095832,66.32,2282.44,FALSE,SKILL_023,Built up box (Present),TOO_SHORT (66.3s < 90.0s) | BAD_HZ /camera_fisheye_l/ffmpeg (0.0/30.0) | BAD_HZ /camera_fisheye_r/ffmpeg (0.0/30.0)
2026-02-09T09:57:32Z,01,n_mora,SKILL_023_20260209_095732,0.01,0.03,FALSE,SKILL_023,Built up box (Present),TOO_SHORT (0.0s < 90.0s) | BAD_HZ /camera_l/depth/image_rect_raw (0.0/30.0) | BAD_HZ /gripper_r/data (0.0/120.0) | BAD_HZ /pika_pose_l (445.5/100.0) | BAD_HZ /camera_fisheye_l/ffmpeg (0.0/30.0) | BAD_HZ /camera_fisheye_r/ffmpeg (0.0/30.0) | BAD_HZ /gripper_l/data (0.0/120.0) | BAD_HZ /camera_l/ffmpeg (0.0/30.0) | BAD_HZ /camera_r/ffmpeg (111.4/30.0) | BAD_HZ /pika_pose_r (445.5/100.0) | BAD_HZ /camera_r/depth/image_rect_raw (0.0/30.0)
2026-02-09T09:57:30Z,01,n_mora,SKILL_023_20260209_095730,0.02,1.81,FALSE,SKILL_023,Built up box (Present),TOO_SHORT (0.0s < 90.0s) | BAD_HZ /camera_l/depth/image_rect_raw (117.1/30.0) | BAD_HZ /gripper_r/data (0.0/120.0) | BAD_HZ /pika_pose_l (234.3/100.0) | BAD_HZ /camera_fisheye_l/ffmpeg (0.0/30.0) | BAD_HZ /camera_fisheye_r/ffmpeg (0.0/30.0) | BAD_HZ /gripper_l/data (234.3/120.0) | BAD_HZ /camera_l/ffmpeg (117.1/30.0) | BAD_HZ /camera_r/ffmpeg (0.0/30.0) | BAD_HZ /pika_pose_r (234.3/100.0) | BAD_HZ /camera_r/depth/image_rect_raw (0.0/30.0)
2026-02-09T16:09:46Z,01,l_aguilera,SKILL_032_20260209_160946,101.73,3735.96,FALSE,SKILL_032,Pack up Clothes in a paper bag,BAD_HZ /camera_fisheye_l/ffmpeg (0.0/30.0)
2026-02-09T16:05:56Z,01,l_aguilera,SKILL_032_20260209_160556,199.74,7376.17,FALSE,SKILL_032,Pack up Clothes in a paper bag,BAD_HZ /camera_fisheye_l/ffmpeg (0.0/30.0)
2026-02-09T13:30:37Z,01,c_becerra,SKILL_032_20260209_133037,120.44,4321.65,FALSE,SKILL_032,Pack up Clothes in a paper bag,BAD_HZ /camera_fisheye_l/ffmpeg (0.0/30.0)
2026-02-09T13:26:24Z,01,c_becerra,SKILL_032_20260209_132624,165.79,5921.95,FALSE,SKILL_032,Pack up Clothes in a paper bag,BAD_HZ /camera_fisheye_l/ffmpeg (0.0/30.0)
2026-02-09T15:58:06Z,01,l_aguilera,SKILL_031_20260209_155806,48.85,1799.41,FALSE,SKILL_031,Fold Pants,TOO_SHORT (48.8s < 90.0s) | BAD_HZ /camera_fisheye_l/ffmpeg (0.0/30.0)
2026-02-09T15:56:43Z,01,l_aguilera,SKILL_031_20260209_155643,56.09,2084.44,FALSE,SKILL_031,Fold Pants,TOO_SHORT (56.1s < 90.0s) | BAD_HZ /camera_fisheye_l/ffmpeg (0.0/30.0)
2026-02-09T15:54:59Z,01,l_aguilera,SKILL_031_20260209_155459,72.97,2697.09,FALSE,SKILL_031,Fold Pants,TOO_SHORT (73.0s < 90.0s) | BAD_HZ /camera_fisheye_l/ffmpeg (0.0/30.0)
2026-02-09T10:25:27Z,01,n_mora,SKILL_031_20260209_102527,50.77,1770.53,FALSE,SKILL_031,Fold Pants,TOO_SHORT (50.8s < 90.0s) | BAD_HZ /camera_fisheye_l/ffmpeg (0.0/30.0) | BAD_HZ /camera_fisheye_r/ffmpeg (0.0/30.0)
2026-02-09T15:52:41Z,01,l_aguilera,SKILL_030_20260209_155241,86.70,3179.22,FALSE,SKILL_030,Fold a shirt,TOO_SHORT (86.7s < 90.0s) | BAD_HZ /camera_fisheye_l/ffmpeg (0.0/30.0)
2026-02-09T15:51:20Z,01,l_aguilera,SKILL_030_20260209_155120,56.79,2087.94,FALSE,SKILL_030,Fold a shirt,TOO_SHORT (56.8s < 90.0s) | BAD_HZ /camera_fisheye_l/ffmpeg (0.0/30.0)
2026-02-09T15:49:34Z,01,l_aguilera,SKILL_030_20260209_154934,80.43,2935.02,FALSE,SKILL_030,Fold a shirt,TOO_SHORT (80.4s < 90.0s) | BAD_HZ /camera_fisheye_l/ffmpeg (0.0/30.0)
2026-02-09T15:48:27Z,01,l_aguilera,SKILL_030_20260209_154827,49.86,1831.01,FALSE,SKILL_030,Fold a shirt,TOO_SHORT (49.9s < 90.0s) | BAD_HZ /camera_fisheye_l/ffmpeg (0.0/30.0)
2026-02-09T15:46:44Z,01,l_aguilera,SKILL_030_20260209_154644,77.57,2838.53,FALSE,SKILL_030,Fold a shirt,TOO_SHORT (77.6s < 90.0s) | BAD_HZ /camera_fisheye_l/ffmpeg (0.0/30.0)
2026-02-09T15:45:05Z,01,l_aguilera,SKILL_030_20260209_154505,71.95,2651.52,FALSE,SKILL_030,Fold a shirt,TOO_SHORT (71.9s < 90.0s) | BAD_HZ /camera_fisheye_l/ffmpeg (0.0/30.0)
2026-02-09T10:29:06Z,01,n_mora,SKILL_030_20260209_102906,126.05,4357.71,FALSE,SKILL_030,Fold a shirt,BAD_HZ /camera_fisheye_l/ffmpeg (0.0/30.0) | BAD_HZ /camera_fisheye_r/ffmpeg (0.0/30.0)
2026-02-09T15:40:23Z,01,l_aguilera,SKILL_029_20260209_154023,173.24,6380.92,FALSE,SKILL_029,Button a shirt,BAD_HZ /camera_fisheye_l/ffmpeg (0.0/30.0)
2026-02-09T15:36:08Z,01,l_aguilera,SKILL_029_20260209_153607,193.58,6996.65,FALSE,SKILL_029,Button a shirt,BAD_HZ /camera_fisheye_l/ffmpeg (0.0/30.0)
2026-02-09T12:17:10Z,01,c_becerra,SKILL_029_20260209_121710,490.99,17324.11,FALSE,SKILL_029,Button a shirt,BAD_HZ /camera_fisheye_l/ffmpeg (0.0/30.0)
2026-02-09T11:02:04Z,01,n_mora,SKILL_029_20260209_110204,327.43,11347.27,FALSE,SKILL_029,Button a shirt,BAD_HZ /camera_fisheye_l/ffmpeg (0.0/30.0) | BAD_HZ /camera_fisheye_r/ffmpeg (0.0/30.0)
2026-02-09T10:48:40Z,01,n_mora,SKILL_034_20260209_104840,187.54,6656.87,FALSE,SKILL_034,Tie Shoelaces,BAD_HZ /camera_fisheye_l/ffmpeg (0.0/30.0) | BAD_HZ /camera_fisheye_r/ffmpeg (0.0/30.0)
2026-02-09T14:18:08Z,02,l_aguilera,SKILL_003_20260209_141808,2.42,87.89,FALSE,SKILL_003,Organize screwdriver bits,TOO_SHORT (2.4s < 90.0s) | BAD_HZ /camera_fisheye_l/ffmpeg (0.0/30.0)
2026-02-09T08:27:19Z,02,l_aguilera,SKILL_003_20260209_082719,206.32,7622.15,FALSE,SKILL_003,Organize screwdriver bits,BAD_HZ /camera_fisheye_l/ffmpeg (0.0/30.0)
2026-02-09T08:22:03Z,02,l_aguilera,SKILL_003_20260209_082203,263.60,9531.85,FALSE,SKILL_003,Organize screwdriver bits,BAD_HZ /camera_fisheye_l/ffmpeg (0.0/30.0)
2026-02-09T16:29:12Z,02,l_aguilera,SKILL_001_20260209_162912,361.60,13046.57,FALSE,SKILL_001,Organize beads per color,BAD_HZ /camera_fisheye_l/ffmpeg (0.0/30.0)
2026-02-09T14:04:23Z,02,l_aguilera,SKILL_001_20260209_140423,742.08,26589.99,FALSE,SKILL_001,Organize beads per color,BAD_HZ /camera_fisheye_l/ffmpeg (0.0/30.0)
2026-02-09T08:09:16Z,02,l_aguilera,SKILL_001_20260209_080916,672.89,23861.05,FALSE,SKILL_001,Organize beads per color,BAD_HZ /camera_fisheye_l/ffmpeg (0.0/30.0)
2026-02-09T08:04:37Z,02,l_aguilera,SKILL_001_20260209_080436,160.94,5078.83,FALSE,SKILL_001,Organize beads per color,BAD_HZ /camera_l/depth/image_rect_raw (20.7/30.0) | BAD_HZ /pika_pose_l (0.0/100.0) | BAD_HZ /camera_fisheye_r/ffmpeg (0.0/30.0) | BAD_HZ /camera_l/ffmpeg (19.8/30.0) | BAD_HZ /pika_pose_r (0.0/100.0)
2026-02-09T14:11:44Z,01,c_becerra,SKILL_040_20260209_141144,296.47,10417.29,FALSE,SKILL_040,Fasten a belt,BAD_HZ /camera_fisheye_l/ffmpeg (0.0/30.0)
2026-02-09T14:00:51Z,01,c_becerra,SKILL_040_20260209_140051,397.64,14945.43,FALSE,SKILL_040,Fasten a belt,BAD_HZ /camera_fisheye_l/ffmpeg (0.0/30.0)
2026-02-09T13:58:56Z,01,c_becerra,SKILL_040_20260209_135856,47.08,1714.49,FALSE,SKILL_040,Fasten a belt,TOO_SHORT (47.1s < 90.0s) | BAD_HZ /camera_fisheye_l/ffmpeg (0.0/30.0)
2026-02-09T10:22:21Z,01,n_mora,SKILL_040_20260209_102221,150.29,5316.37,FALSE,SKILL_040,Fasten a belt,BAD_HZ /camera_fisheye_l/ffmpeg (0.0/30.0) | BAD_HZ /camera_fisheye_r/ffmpeg (0.0/30.0)
2026-02-09T14:21:39Z,01,c_becerra,SKILL_036_20260209_142139,265.60,9374.52,FALSE,SKILL_036,Fold Socks,BAD_HZ /camera_fisheye_l/ffmpeg (0.0/30.0)
2026-02-09T16:13:00Z,01,l_aguilera,SKILL_034_20260209_161300,229.80,8533.86,FALSE,SKILL_034,Tie Shoelaces,BAD_HZ /camera_fisheye_l/ffmpeg (0.0/30.0)
2026-02-09T14:48:16Z,01,c_becerra,SKILL_034_20260209_144816,290.75,10721.43,FALSE,SKILL_034,Tie Shoelaces,BAD_HZ /camera_fisheye_l/ffmpeg (0.0/30.0)
2026-02-09T14:43:59Z,01,c_becerra,SKILL_034_20260209_144358,1.24,49.22,FALSE,SKILL_034,Tie Shoelaces,TOO_SHORT (1.3s < 90.0s) | BAD_HZ /camera_fisheye_l/ffmpeg (0.0/30.0)
2026-02-09T14:37:54Z,01,c_becerra,SKILL_034_20260209_143754,364.67,13330.60,FALSE,SKILL_034,Tie Shoelaces,BAD_HZ /camera_fisheye_l/ffmpeg (0.0/30.0)
2026-02-09T14:28:34Z,01,c_becerra,SKILL_034_20260209_142834,344.28,12768.86,FALSE,SKILL_034,Tie Shoelaces,BAD_HZ /camera_fisheye_l/ffmpeg (0.0/30.0)
2026-02-09T12:28:20Z,01,c_becerra,SKILL_034_20260209_122820,443.95,15957.84,FALSE,SKILL_034,Tie Shoelaces,BAD_HZ /camera_fisheye_l/ffmpeg (0.0/30.0)
2026-02-09T10:57:30Z,01,n_mora,SKILL_034_20260209_105730,150.90,5343.15,FALSE,SKILL_034,Tie Shoelaces,BAD_HZ /camera_fisheye_l/ffmpeg (0.0/30.0) | BAD_HZ /camera_fisheye_r/ffmpeg (0.0/30.0)
2026-02-09T14:43:26Z,02,l_aguilera,SKILL_010_20260209_144326,89.46,3245.56,FALSE,SKILL_010,Package earphones,TOO_SHORT (89.4s < 90.0s) | BAD_HZ /camera_fisheye_l/ffmpeg (0.0/30.0)
2026-02-09T14:37:52Z,02,l_aguilera,SKILL_010_20260209_143752,256.05,9320.32,FALSE,SKILL_010,Package earphones,BAD_HZ /camera_fisheye_l/ffmpeg (0.0/30.0)
2026-02-09T14:35:33Z,02,l_aguilera,SKILL_004_20260209_143533,57.68,2077.24,FALSE,SKILL_004,Set Screwdriver package,TOO_SHORT (57.7s < 90.0s) | BAD_HZ /camera_fisheye_l/ffmpeg (0.0/30.0)
2026-02-09T14:34:03Z,02,l_aguilera,SKILL_004_20260209_143403,53.62,1917.89,FALSE,SKILL_004,Set Screwdriver package,TOO_SHORT (53.6s < 90.0s) | BAD_HZ /camera_fisheye_l/ffmpeg (0.0/30.0)
2026-02-09T14:32:44Z,02,l_aguilera,SKILL_004_20260209_143244,55.00,1957.85,FALSE,SKILL_004,Set Screwdriver package,TOO_SHORT (55.0s < 90.0s) | BAD_HZ /camera_fisheye_l/ffmpeg (0.0/30.0)
2026-02-09T14:31:27Z,02,l_aguilera,SKILL_004_20260209_143127,44.50,1589.45,FALSE,SKILL_004,Set Screwdriver package,TOO_SHORT (44.5s < 90.0s) | BAD_HZ /camera_fisheye_l/ffmpeg (0.0/30.0)
2026-02-09T14:30:11Z,02,l_aguilera,SKILL_004_20260209_143010,48.65,1732.17,FALSE,SKILL_004,Set Screwdriver package,TOO_SHORT (49.2s < 90.0s) | BAD_HZ /camera_fisheye_l/ffmpeg (0.0/30.0)
2026-02-09T12:45:10Z,02,a_rodriguez,SKILL_004_20260209_124510,71.13,2583.21,FALSE,SKILL_004,Set Screwdriver package,TOO_SHORT (71.1s < 90.0s) | BAD_HZ /camera_fisheye_l/ffmpeg (0.0/30.0)
2026-02-09T12:42:59Z,02,a_rodriguez,SKILL_004_20260209_124259,60.39,2173.00,FALSE,SKILL_004,Set Screwdriver package,TOO_SHORT (60.4s < 90.0s) | BAD_HZ /camera_fisheye_l/ffmpeg (0.0/30.0)
2026-02-09T12:39:49Z,02,a_rodriguez,SKILL_004_20260209_123949,52.00,1835.35,FALSE,SKILL_004,Set Screwdriver package,TOO_SHORT (52.0s < 90.0s) | BAD_HZ /camera_fisheye_l/ffmpeg (0.0/30.0)
2026-02-09T08:36:51Z,02,l_aguilera,SKILL_004_20260209_083651,69.00,2575.86,FALSE,SKILL_004,Set Screwdriver package,TOO_SHORT (69.0s < 90.0s) | BAD_HZ /camera_fisheye_l/ffmpeg (0.0/30.0)
2026-02-09T08:35:16Z,02,l_aguilera,SKILL_004_20260209_083516,54.97,2056.98,FALSE,SKILL_004,Set Screwdriver package,TOO_SHORT (55.0s < 90.0s) | BAD_HZ /camera_fisheye_l/ffmpeg (0.0/30.0)
2026-02-09T08:33:37Z,02,l_aguilera,SKILL_004_20260209_083337,72.26,2689.82,FALSE,SKILL_004,Set Screwdriver package,TOO_SHORT (72.3s < 90.0s) | BAD_HZ /camera_fisheye_l/ffmpeg (0.0/30.0)
2026-02-09T08:31:52Z,02,l_aguilera,SKILL_004_20260209_083152,59.08,2193.69,FALSE,SKILL_004,Set Screwdriver package,TOO_SHORT (59.1s < 90.0s) | BAD_HZ /camera_fisheye_l/ffmpeg (0.0/30.0)
2026-02-09T16:54:33Z,02,l_aguilera,SKILL_003_20260209_165433,110.69,3771.70,FALSE,SKILL_003,Organize screwdriver bits,BAD_HZ /camera_r/depth/image_rect_raw (24.9/30.0) | BAD_HZ /camera_fisheye_l/ffmpeg (0.0/30.0)
2026-02-09T16:50:17Z,02,l_aguilera,SKILL_003_20260209_165017,183.04,6261.11,FALSE,SKILL_003,Organize screwdriver bits,BAD_HZ /camera_fisheye_l/ffmpeg (0.0/30.0)
2026-02-09T16:46:08Z,02,l_aguilera,SKILL_003_20260209_164607,218.11,7537.16,FALSE,SKILL_003,Organize screwdriver bits,BAD_HZ /camera_fisheye_l/ffmpeg (0.0/30.0)
2026-02-09T14:18:59Z,02,l_aguilera,SKILL_003_20260209_141859,237.39,8614.19,FALSE,SKILL_003,Organize screwdriver bits,BAD_HZ /camera_fisheye_l/ffmpeg (0.0/30.0)
2026-02-09T14:23:40Z,02,l_aguilera,SKILL_003_20260209_142340,206.35,7495.33,FALSE,SKILL_003,Organize screwdriver bits,BAD_HZ /camera_fisheye_l/ffmpeg (0.0/30.0)
2026-02-09T11:22:22Z,02,l_aguilera,SKILL_019_20260209_112222,215.42,8077.19,FALSE,SKILL_019,Put pasta in plastic containers,BAD_HZ /camera_fisheye_l/ffmpeg (0.0/30.0)
2026-02-09T09:21:47Z,02,l_aguilera,SKILL_019_20260209_092147,150.43,5571.88,FALSE,SKILL_019,Put pasta in plastic containers,BAD_HZ /camera_fisheye_l/ffmpeg (0.0/30.0)
2026-02-09T09:18:01Z,02,l_aguilera,SKILL_019_20260209_091801,167.84,6234.96,FALSE,SKILL_019,Put pasta in plastic containers,BAD_HZ /camera_fisheye_l/ffmpeg (0.0/30.0)
2026-02-09T09:17:29Z,02,l_aguilera,SKILL_019_20260209_091729,23.25,834.86,FALSE,SKILL_019,Put pasta in plastic containers,TOO_SHORT (23.2s < 90.0s) | BAD_HZ /gripper_r/data (98.8/120.0) | BAD_HZ /camera_fisheye_l/ffmpeg (0.0/30.0)
2026-02-09T09:13:42Z,02,l_aguilera,SKILL_019_20260209_091342,170.38,6275.69,FALSE,SKILL_019,Put pasta in plastic containers,BAD_HZ /camera_fisheye_l/ffmpeg (0.0/30.0)
2026-02-09T12:50:25Z,02,a_rodriguez,SKILL_018_20260209_125025,328.92,11627.34,FALSE,SKILL_018,Close bags with twist ties,BAD_HZ /camera_fisheye_l/ffmpeg (0.0/30.0)
2026-02-09T09:09:40Z,02,l_aguilera,SKILL_018_20260209_090940,134.91,4986.03,FALSE,SKILL_018,Close bags with twist ties,BAD_HZ /camera_fisheye_l/ffmpeg (0.0/30.0)
2026-02-09T09:04:57Z,02,l_aguilera,SKILL_018_20260209_090457,225.21,8333.35,FALSE,SKILL_018,Close bags with twist ties,BAD_HZ /camera_fisheye_l/ffmpeg (0.0/30.0)
2026-02-09T14:51:45Z,02,l_aguilera,SKILL_017_20260209_145145,102.76,3642.78,FALSE,SKILL_017,Put pasta in ziploc bags,BAD_HZ /camera_fisheye_l/ffmpeg (0.0/30.0)
2026-02-09T14:46:45Z,02,l_aguilera,SKILL_017_20260209_144645,212.56,7608.80,FALSE,SKILL_017,Put pasta in ziploc bags,BAD_HZ /camera_fisheye_l/ffmpeg (0.0/30.0)
2026-02-09T13:21:35Z,02,a_rodriguez,SKILL_019_20260209_132134,301.86,9924.14,FALSE,SKILL_019,Put pasta in plastic containers,BAD_HZ /camera_fisheye_l/ffmpeg (0.0/30.0)
2026-02-09T08:52:10Z,02,l_aguilera,SKILL_017_20260209_085210,240.56,8928.38,FALSE,SKILL_017,Put pasta in ziploc bags,BAD_HZ /camera_fisheye_l/ffmpeg (0.0/30.0)
2026-02-09T13:42:50Z,02,a_rodriguez,SKILL_012_20260209_134250,527.85,19332.11,FALSE,SKILL_012,Put pasta in jars,BAD_HZ /camera_fisheye_l/ffmpeg (0.0/30.0)
2026-02-09T13:35:39Z,02,a_rodriguez,SKILL_012_20260209_133539,288.95,10580.31,FALSE,SKILL_012,Put pasta in jars,BAD_HZ /camera_fisheye_l/ffmpeg (0.0/30.0)
2026-02-09T08:47:39Z,02,l_aguilera,SKILL_012_20260209_084739,131.49,4839.58,FALSE,SKILL_012,Put pasta in jars,BAD_HZ /camera_fisheye_l/ffmpeg (0.0/30.0)
2026-02-09T08:44:41Z,02,l_aguilera,SKILL_012_20260209_084441,127.42,4685.44,FALSE,SKILL_012,Put pasta in jars,BAD_HZ /camera_fisheye_l/ffmpeg (0.0/30.0)
2026-02-09T08:42:02Z,02,l_aguilera,SKILL_012_20260209_084202,113.38,4218.86,FALSE,SKILL_012,Put pasta in jars,BAD_HZ /camera_fisheye_l/ffmpeg (0.0/30.0)
2026-02-09T08:39:09Z,02,l_aguilera,SKILL_012_20260209_083909,138.26,5152.86,FALSE,SKILL_012,Put pasta in jars,BAD_HZ /camera_fisheye_l/ffmpeg (0.0/30.0)
2026-02-09T08:57:19Z,02,l_aguilera,SKILL_017_20260209_085719,130.09,4790.85,FALSE,SKILL_017,Put pasta in ziploc bags,BAD_HZ /camera_fisheye_l/ffmpeg (0.0/30.0)
2026-02-09T13:13:19Z,02,a_rodriguez,SKILL_019_20260209_131319,234.30,8642.37,FALSE,SKILL_019,Put pasta in plastic containers,BAD_HZ /camera_fisheye_l/ffmpeg (0.0/30.0)
2026-02-09T09:50:54Z,02,l_aguilera,SKILL_023_20260209_095054,149.23,5461.00,FALSE,SKILL_023,Built up box (Present),BAD_HZ /camera_fisheye_l/ffmpeg (0.0/30.0)
2026-02-09T09:44:59Z,02,l_aguilera,SKILL_023_20260209_094459,244.43,8877.42,FALSE,SKILL_023,Built up box (Present),BAD_HZ /camera_fisheye_l/ffmpeg (0.0/30.0)
2026-02-09T15:12:53Z,02,l_aguilera,SKILL_021_20260209_151253,73.42,2557.35,FALSE,SKILL_021,Build Up Box (Mailer),TOO_SHORT (73.4s < 90.0s) | BAD_HZ /camera_fisheye_l/ffmpeg (0.0/30.0) | BAD_HZ /camera_l/depth/image_rect_raw (25.4/30.0)
2026-02-09T09:43:09Z,02,l_aguilera,SKILL_021_20260209_094309,40.99,1515.07,FALSE,SKILL_021,Build Up Box (Mailer),TOO_SHORT (41.0s < 90.0s) | BAD_HZ /camera_fisheye_l/ffmpeg (0.0/30.0)
2026-02-09T09:41:58Z,02,l_aguilera,SKILL_021_20260209_094158,48.53,1792.51,FALSE,SKILL_021,Build Up Box (Mailer),TOO_SHORT (48.5s < 90.0s) | BAD_HZ /camera_fisheye_l/ffmpeg (0.0/30.0)
2026-02-09T09:40:26Z,02,l_aguilera,SKILL_021_20260209_094026,54.01,1995.41,FALSE,SKILL_021,Build Up Box (Mailer),TOO_SHORT (54.0s < 90.0s) | BAD_HZ /camera_fisheye_l/ffmpeg (0.0/30.0)
2026-02-09T09:38:47Z,02,l_aguilera,SKILL_021_20260209_093847,48.86,1809.73,FALSE,SKILL_021,Build Up Box (Mailer),TOO_SHORT (48.9s < 90.0s) | BAD_HZ /camera_fisheye_l/ffmpeg (0.0/30.0)
2026-02-09T09:37:06Z,02,l_aguilera,SKILL_021_20260209_093706,67.28,2481.19,FALSE,SKILL_021,Build Up Box (Mailer),TOO_SHORT (67.3s < 90.0s) | BAD_HZ /camera_fisheye_l/ffmpeg (0.0/30.0)
2026-02-09T09:35:20Z,02,l_aguilera,SKILL_021_20260209_093520,79.48,2903.35,FALSE,SKILL_021,Build Up Box (Mailer),TOO_SHORT (79.5s < 90.0s) | BAD_HZ /camera_fisheye_l/ffmpeg (0.0/30.0)
2026-02-09T15:10:32Z,02,l_aguilera,SKILL_020_20260209_151032,64.19,2295.80,FALSE,SKILL_020,Open locks with their keys,TOO_SHORT (64.2s < 90.0s) | BAD_HZ /camera_fisheye_l/ffmpeg (0.0/30.0)
2026-02-09T15:08:25Z,02,l_aguilera,SKILL_020_20260209_150825,80.90,2880.52,FALSE,SKILL_020,Open locks with their keys,TOO_SHORT (80.9s < 90.0s) | BAD_HZ /camera_fisheye_l/ffmpeg (0.0/30.0)
2026-02-09T15:06:20Z,02,l_aguilera,SKILL_020_20260209_150620,65.90,2372.24,FALSE,SKILL_020,Open locks with their keys,TOO_SHORT (65.9s < 90.0s) | BAD_HZ /camera_fisheye_l/ffmpeg (0.0/30.0)
2026-02-09T15:03:34Z,02,l_aguilera,SKILL_020_20260209_150334,71.96,2552.94,FALSE,SKILL_020,Open locks with their keys,TOO_SHORT (72.0s < 90.0s) | BAD_HZ /camera_fisheye_l/ffmpeg (0.0/30.0)
2026-02-09T12:21:40Z,02,a_rodriguez,SKILL_020_20260209_122140,178.54,6565.44,FALSE,SKILL_020,Open locks with their keys,BAD_HZ /camera_fisheye_l/ffmpeg (0.0/30.0)
2026-02-09T12:19:52Z,02,a_rodriguez,SKILL_020_20260209_121952,42.91,1563.53,FALSE,SKILL_020,Open locks with their keys,TOO_SHORT (42.9s < 90.0s) | BAD_HZ /camera_fisheye_l/ffmpeg (0.0/30.0)
2026-02-09T12:12:53Z,02,a_rodriguez,SKILL_020_20260209_121253,232.36,8443.27,FALSE,SKILL_020,Open locks with their keys,BAD_HZ /camera_fisheye_l/ffmpeg (0.0/30.0)
2026-02-09T09:31:09Z,02,l_aguilera,SKILL_020_20260209_093109,83.91,3053.11,FALSE,SKILL_020,Open locks with their keys,TOO_SHORT (83.9s < 90.0s) | BAD_HZ /camera_fisheye_l/ffmpeg (0.0/30.0)
2026-02-09T09:29:06Z,02,l_aguilera,SKILL_020_20260209_092906,68.86,2512.59,FALSE,SKILL_020,Open locks with their keys,TOO_SHORT (68.8s < 90.0s) | BAD_HZ /camera_fisheye_l/ffmpeg (0.0/30.0)
2026-02-09T09:26:19Z,02,l_aguilera,SKILL_020_20260209_092619,104.20,3807.94,FALSE,SKILL_020,Open locks with their keys,BAD_HZ /camera_fisheye_l/ffmpeg (0.0/30.0)
2026-02-09T11:12:12Z,02,l_aguilera,SKILL_034_20260209_111212,423.15,14439.77,FALSE,SKILL_034,Tie Shoelaces,BAD_HZ /camera_fisheye_l/ffmpeg (0.0/30.0)
2026-02-09T11:08:37Z,02,l_aguilera,SKILL_032_20260209_110837,61.34,2288.51,FALSE,SKILL_032,Pack up Clothes in a paper bag,TOO_SHORT (61.3s < 90.0s) | BAD_HZ /camera_fisheye_l/ffmpeg (0.0/30.0)
2026-02-09T11:06:23Z,02,l_aguilera,SKILL_032_20260209_110623,56.25,2109.40,FALSE,SKILL_032,Pack up Clothes in a paper bag,TOO_SHORT (56.5s < 90.0s) | BAD_HZ /camera_fisheye_l/ffmpeg (0.0/30.0)
2026-02-09T11:02:52Z,02,l_aguilera,SKILL_032_20260209_110252,60.79,2266.12,FALSE,SKILL_032,Pack up Clothes in a paper bag,TOO_SHORT (60.8s < 90.0s) | BAD_HZ /camera_fisheye_l/ffmpeg (0.0/30.0)
2026-02-09T10:57:43Z,02,l_aguilera,SKILL_031_20260209_105743,61.73,2337.61,FALSE,SKILL_031,Fold Pants,TOO_SHORT (61.7s < 90.0s) | BAD_HZ /camera_fisheye_l/ffmpeg (0.0/30.0)
2026-02-09T10:55:53Z,02,l_aguilera,SKILL_031_20260209_105553,65.95,2502.05,FALSE,SKILL_031,Fold Pants,TOO_SHORT (65.9s < 90.0s) | BAD_HZ /camera_fisheye_l/ffmpeg (0.0/30.0)
2026-02-09T10:54:07Z,02,l_aguilera,SKILL_031_20260209_105407,54.10,2068.14,FALSE,SKILL_031,Fold Pants,TOO_SHORT (54.1s < 90.0s) | BAD_HZ /camera_fisheye_l/ffmpeg (0.0/30.0)
2026-02-09T10:52:32Z,02,l_aguilera,SKILL_031_20260209_105232,56.97,2166.29,FALSE,SKILL_031,Fold Pants,TOO_SHORT (57.0s < 90.0s) | BAD_HZ /camera_fisheye_l/ffmpeg (0.0/30.0)
2026-02-09T10:51:26Z,02,l_aguilera,SKILL_031_20260209_105126,47.14,1780.75,FALSE,SKILL_031,Fold Pants,TOO_SHORT (47.1s < 90.0s) | BAD_HZ /camera_fisheye_l/ffmpeg (0.0/30.0)
2026-02-09T10:50:10Z,02,l_aguilera,SKILL_031_20260209_105009,54.32,2099.81,FALSE,SKILL_031,Fold Pants,TOO_SHORT (54.8s < 90.0s) | BAD_HZ /camera_fisheye_l/ffmpeg (0.0/30.0)
2026-02-09T10:38:37Z,02,l_aguilera,SKILL_030_20260209_103837,51.81,1846.11,FALSE,SKILL_030,Fold a shirt,TOO_SHORT (51.8s < 90.0s) | BAD_HZ /camera_fisheye_l/ffmpeg (0.0/30.0)
2026-02-09T10:32:42Z,02,l_aguilera,SKILL_030_20260209_103242,73.50,2558.60,FALSE,SKILL_030,Fold a shirt,TOO_SHORT (73.5s < 90.0s) | BAD_HZ /camera_fisheye_l/ffmpeg (0.0/30.0)
2026-02-09T10:34:54Z,02,l_aguilera,SKILL_029_20260209_103454,162.12,5793.89,FALSE,SKILL_029,Button a shirt,BAD_HZ /camera_fisheye_l/ffmpeg (0.0/30.0)
2026-02-09T10:29:11Z,02,l_aguilera,SKILL_029_20260209_102911,169.09,5919.09,FALSE,SKILL_029,Button a shirt,BAD_HZ /camera_fisheye_l/ffmpeg (0.0/30.0)
2026-02-09T10:12:34Z,02,l_aguilera,SKILL_029_20260209_101234,211.71,7861.42,FALSE,SKILL_029,Button a shirt,BAD_HZ /pika_pose_r (15.5/100.0) | BAD_HZ /pika_pose_l (19.7/100.0) | BAD_HZ /camera_fisheye_l/ffmpeg (0.0/30.0)
2026-02-09T10:40:34Z,02,l_aguilera,SKILL_028_20260209_104034,249.27,9109.22,FALSE,SKILL_028,Fold a T Shirt,BAD_HZ /camera_fisheye_l/ffmpeg (0.0/30.0)
2026-02-09T10:03:16Z,02,l_aguilera,SKILL_027_20260209_100316,142.00,5289.15,FALSE,SKILL_027,Build a box and pack an item,BAD_HZ /pika_pose_l (0.0/100.0) | BAD_HZ /camera_fisheye_l/ffmpeg (0.0/30.0) | BAD_HZ /pika_pose_r (0.0/100.0)
2026-02-09T09:58:46Z,02,l_aguilera,SKILL_027_20260209_095846,94.05,3508.24,FALSE,SKILL_027,Build a box and pack an item,BAD_HZ /pika_pose_l (0.0/100.0) | BAD_HZ /camera_fisheye_l/ffmpeg (0.0/30.0) | BAD_HZ /pika_pose_r (0.0/100.0)
2026-02-09T09:55:32Z,02,l_aguilera,SKILL_027_20260209_095532,151.78,5723.75,FALSE,SKILL_027,Build a box and pack an item,BAD_HZ /camera_fisheye_l/ffmpeg (0.0/30.0) | BAD_HZ /pika_pose_r (0.0/100.0) | BAD_HZ /pika_pose_l (0.0/100.0)
2026-02-09T08:33:37Z,03,,SKILL_004_20260209_083337,52.93,1993.68,FALSE,,Set Screwdriver package,TOO_SHORT (52.9s)
2026-02-09T08:30:49Z,03,a_rodriguez,SKILL_004_20260209_083049,66.49,2499.10,FALSE,SKILL_004,Set Screwdriver package,TOO_SHORT (66.5s < 90.0s)
2026-02-09T08:28:14Z,03,a_rodriguez,SKILL_004_20260209_082814,49.50,1854.67,FALSE,SKILL_004,Set Screwdriver package,TOO_SHORT (49.5s < 90.0s)
2026-02-09T07:29:24Z,03,c_becerra,SKILL_004_20260209_072924,174.25,6205.05,TRUE,SKILL_004,Set Screwdriver package,
2026-02-09T07:25:35Z,03,c_becerra,SKILL_004_20260209_072535,196.48,7471.99,TRUE,SKILL_004,Set Screwdriver package,
2026-02-09T13:30:04Z,03,e_martinez,SKILL_003_20260209_133004,205.49,7450.00,TRUE,SKILL_003,Organize screwdriver bits,
2026-02-09T13:24:00Z,03,e_martinez,SKILL_003_20260209_132400,257.67,9209.93,TRUE,SKILL_003,Organize screwdriver bits,
2026-02-09T10:12:59Z,03,a_rodriguez,SKILL_003_20260209_101259,393.07,14315.80,TRUE,SKILL_003,Organize screwdriver bits,
2026-02-09T10:05:37Z,03,a_rodriguez,SKILL_003_20260209_100537,269.02,9778.57,TRUE,SKILL_003,Organize screwdriver bits,
2026-02-09T08:19:15Z,03,a_rodriguez,SKILL_003_20260209_081915,337.86,11476.48,TRUE,SKILL_003,Organize screwdriver bits,
2026-02-09T07:21:26Z,03,c_becerra,SKILL_003_20260209_072126,198.75,7461.29,TRUE,SKILL_003,Organize screwdriver bits,
2026-02-09T07:17:24Z,03,c_becerra,SKILL_003_20260209_071724,200.42,6641.02,TRUE,SKILL_003,Organize screwdriver bits,
2026-02-09T15:08:15Z,03,a_rodriguez,SKILL_001_20260209_150815,553.67,20902.01,TRUE,SKILL_001,Organize beads per color,
2026-02-09T13:43:02Z,03,e_martinez,SKILL_001_20260209_134302,617.32,21366.82,FALSE,SKILL_001,Organize beads per color,BAD_HZ /pika_pose_r (70.9/100.0) | BAD_HZ /gripper_r/data (82.1/120.0) | BAD_HZ /pika_pose_l (71.2/100.0) | BAD_HZ /gripper_l/data (82.0/120.0)
2026-02-09T09:44:01Z,03,a_rodriguez,SKILL_001_20260209_094401,601.37,21965.97,TRUE,SKILL_001,Organize beads per color,
2026-02-09T09:43:09Z,03,a_rodriguez,SKILL_001_20260209_094309,41.54,1504.27,FALSE,SKILL_001,Organize beads per color,TOO_SHORT (41.5s < 90.0s)
2026-02-09T08:03:36Z,03,a_rodriguez,SKILL_001_20260209_080336,710.65,25272.98,TRUE,SKILL_001,Organize beads per color,
2026-02-09T07:05:18Z,03,c_becerra,SKILL_001_20260209_070517,682.51,25903.23,TRUE,SKILL_001,Organize beads per color,
2026-02-09T13:02:02Z,02,a_rodriguez,SKILL_034_20260209_130202,358.96,13247.21,FALSE,SKILL_034,Tie Shoelaces,BAD_HZ /camera_fisheye_l/ffmpeg (0.0/30.0)
2026-02-09T10:22:03Z,03,a_rodriguez,SKILL_004_20260209_102203,81.02,2974.26,FALSE,SKILL_004,Set Screwdriver package,TOO_SHORT (81.0s < 90.0s)
2026-02-09T07:41:25Z,03,c_becerra,SKILL_007_20260209_074125,390.94,11893.99,FALSE,SKILL_007,Separate tongue depressors by color,BAD_HZ /camera_r/depth/image_rect_raw (23.7/30.0) | BAD_HZ /camera_l/depth/image_rect_raw (23.3/30.0) | BAD_HZ /gripper_r/data (77.3/120.0) | BAD_HZ /pika_pose_l (67.6/100.0) | BAD_HZ /camera_fisheye_l/ffmpeg (23.4/30.0) | BAD_HZ /camera_fisheye_r/ffmpeg (23.4/30.0) | BAD_HZ /gripper_l/data (78.6/120.0) | BAD_HZ /camera_l/ffmpeg (24.1/30.0) | BAD_HZ /camera_r/ffmpeg (24.1/30.0) | BAD_HZ /pika_pose_r (67.3/100.0)
2026-02-09T11:00:37Z,03,a_rodriguez,SKILL_006_20260209_110037,623.09,22805.83,TRUE,SKILL_006,Separate tongue depressors by size,
2026-02-09T15:41:16Z,03,a_rodriguez,SKILL_005_20260209_154116,158.44,5856.51,TRUE,SKILL_005,Insert allen keys in package,
2026-02-09T15:37:32Z,03,a_rodriguez,SKILL_005_20260209_153732,132.57,4878.22,TRUE,SKILL_005,Insert allen keys in package,
2026-02-09T12:20:31Z,03,e_martinez,SKILL_005_20260209_122031,133.77,4694.71,TRUE,SKILL_005,Insert allen keys in package,
2026-02-09T10:43:16Z,03,a_rodriguez,SKILL_005_20260209_104316,159.64,5813.26,TRUE,SKILL_005,Insert allen keys in package,
2026-02-09T10:36:42Z,03,a_rodriguez,SKILL_005_20260209_103642,210.55,7649.50,TRUE,SKILL_005,Insert allen keys in package,
2026-02-09T10:47:27Z,03,a_rodriguez,SKILL_005_20260209_104727,138.50,5048.95,TRUE,SKILL_005,Insert allen keys in package,
2026-02-09T10:32:07Z,03,a_rodriguez,SKILL_005_20260209_103207,165.33,6056.74,TRUE,SKILL_005,Insert allen keys in package,
2026-02-09T08:42:16Z,03,a_rodriguez,SKILL_005_20260209_084216,165.98,6105.62,TRUE,SKILL_005,Insert allen keys in package,
2026-02-09T07:38:44Z,03,c_becerra,SKILL_005_20260209_073844,136.58,4974.94,TRUE,SKILL_005,Insert allen keys in package,
2026-02-09T07:36:11Z,03,c_becerra,SKILL_005_20260209_073611,130.78,4721.38,TRUE,SKILL_005,Insert allen keys in package,
2026-02-09T07:33:02Z,03,c_becerra,SKILL_005_20260209_073302,168.52,6327.50,TRUE,SKILL_005,Insert allen keys in package,
2026-02-09T16:42:49Z,03,a_rodriguez,SKILL_004_20260209_164249,406.80,13597.65,FALSE,SKILL_004,Set Screwdriver package,BAD_HZ /camera_r/depth/image_rect_raw (25.4/30.0)
2026-02-09T16:21:42Z,03,a_rodriguez,SKILL_004_20260209_162142,62.79,2314.85,FALSE,SKILL_004,Set Screwdriver package,TOO_SHORT (62.8s < 90.0s)
2026-02-09T16:17:21Z,03,a_rodriguez,SKILL_004_20260209_161721,71.31,2626.04,FALSE,SKILL_004,Set Screwdriver package,TOO_SHORT (71.3s < 90.0s)
2026-02-09T12:56:58Z,03,e_martinez,SKILL_004_20260209_125658,215.13,7462.09,TRUE,SKILL_004,Set Screwdriver package,
2026-02-09T10:27:12Z,03,a_rodriguez,SKILL_004_20260209_102712,65.13,2390.85,FALSE,SKILL_004,Set Screwdriver package,TOO_SHORT (65.1s < 90.0s)
2026-02-09T10:25:09Z,03,a_rodriguez,SKILL_004_20260209_102509,47.22,1738.09,FALSE,SKILL_004,Set Screwdriver package,TOO_SHORT (47.2s < 90.0s)
2026-02-09T09:33:04Z,03,a_rodriguez,SKILL_013_20260209_093304,272.37,9987.66,TRUE,SKILL_013,Set up a hand lamp,
2026-02-09T09:26:55Z,03,a_rodriguez,SKILL_013_20260209_092655,240.36,8783.20,TRUE,SKILL_013,Set up a hand lamp,
2026-02-09T15:51:00Z,03,a_rodriguez,SKILL_010_20260209_155100,382.40,14212.22,TRUE,SKILL_010,Package earphones,
2026-02-09T15:47:11Z,03,a_rodriguez,SKILL_010_20260209_154711,50.56,962.46,FALSE,SKILL_010,Package earphones,TOO_SHORT (50.5s < 90.0s) | BAD_HZ /camera_l/ffmpeg (0.0/30.0) | BAD_HZ /camera_l/depth/image_rect_raw (0.0/30.0)
2026-02-09T13:55:56Z,03,e_martinez,SKILL_010_20260209_135556,138.86,5231.52,TRUE,SKILL_010,Package earphones,
2026-02-09T09:17:59Z,03,a_rodriguez,SKILL_010_20260209_091759,338.17,12316.73,TRUE,SKILL_010,Package earphones,
2026-02-09T16:11:35Z,03,a_rodriguez,SKILL_009_20260209_161135,178.27,6508.44,TRUE,SKILL_009,Package Cotton set,
2026-02-09T16:06:21Z,03,a_rodriguez,SKILL_009_20260209_160621,230.29,8489.45,TRUE,SKILL_009,Package Cotton set,
2026-02-09T12:16:19Z,03,e_martinez,SKILL_009_20260209_121619,195.58,6886.89,TRUE,SKILL_009,Package Cotton set,
2026-02-09T12:09:47Z,03,e_martinez,SKILL_009_20260209_120947,356.03,12586.96,TRUE,SKILL_009,Package Cotton set,
2026-02-09T11:28:51Z,03,a_rodriguez,SKILL_009_20260209_112851,128.04,4680.56,TRUE,SKILL_009,Package Cotton set,
2026-02-09T11:23:11Z,03,a_rodriguez,SKILL_009_20260209_112311,224.86,8157.00,TRUE,SKILL_009,Package Cotton set,
2026-02-09T11:17:52Z,03,a_rodriguez,SKILL_009_20260209_111752,257.82,9357.92,TRUE,SKILL_009,Package Cotton set,
2026-02-09T09:10:59Z,03,a_rodriguez,SKILL_009_20260209_091059,196.16,7230.68,TRUE,SKILL_009,Package Cotton set,
2026-02-09T09:05:32Z,03,a_rodriguez,SKILL_009_20260209_090532,249.66,9160.54,TRUE,SKILL_009,Package Cotton set,
2026-02-09T07:50:41Z,03,c_becerra,SKILL_009_20260209_075041,551.33,16727.08,FALSE,SKILL_009,Package Cotton set,BAD_HZ /camera_r/depth/image_rect_raw (24.0/30.0) | BAD_HZ /camera_l/depth/image_rect_raw (23.6/30.0) | BAD_HZ /gripper_r/data (74.5/120.0) | BAD_HZ /pika_pose_l (65.0/100.0) | BAD_HZ /camera_fisheye_l/ffmpeg (23.5/30.0) | BAD_HZ /camera_fisheye_r/ffmpeg (23.5/30.0) | BAD_HZ /gripper_l/data (74.7/120.0) | BAD_HZ /camera_l/ffmpeg (24.3/30.0) | BAD_HZ /camera_r/ffmpeg (24.3/30.0) | BAD_HZ /pika_pose_r (64.7/100.0)
2026-02-09T13:11:50Z,03,e_martinez,SKILL_007_20260209_131150,535.53,19088.10,FALSE,SKILL_007,Separate tongue depressors by color,BAD_HZ /gripper_r/data (101.0/120.0) | BAD_HZ /gripper_l/data (100.4/120.0)
2026-02-09T13:11:28Z,03,e_martinez,SKILL_007_20260209_131128,2.90,94.51,FALSE,SKILL_007,Separate tongue depressors by color,TOO_SHORT (2.8s < 90.0s)
2026-02-09T08:49:08Z,03,a_rodriguez,SKILL_007_20260209_084908,466.21,17326.31,TRUE,SKILL_007,Separate tongue depressors by color,
2026-02-09T14:33:17Z,03,e_martinez,SKILL_031_20260209_143317,45.33,1734.33,FALSE,SKILL_031,Fold Pants,TOO_SHORT (45.3s < 90.0s)
2026-02-09T14:32:21Z,03,e_martinez,SKILL_031_20260209_143221,45.26,1731.09,FALSE,SKILL_031,Fold Pants,TOO_SHORT (45.2s < 90.0s)
2026-02-09T14:31:17Z,03,e_martinez,SKILL_031_20260209_143117,48.53,1874.61,FALSE,SKILL_031,Fold Pants,TOO_SHORT (48.5s < 90.0s)
2026-02-09T14:29:55Z,03,e_martinez,SKILL_031_20260209_142955,50.05,1899.32,FALSE,SKILL_031,Fold Pants,TOO_SHORT (50.0s < 90.0s)
2026-02-09T14:20:53Z,03,e_martinez,SKILL_030_20260209_142053,168.67,6381.04,TRUE,SKILL_030,Fold a shirt,
2026-02-09T14:15:03Z,03,e_martinez,SKILL_030_20260209_141503,159.89,5981.62,TRUE,SKILL_030,Fold a shirt,
2026-02-09T14:10:56Z,03,e_martinez,SKILL_030_20260209_141056,194.70,7205.81,TRUE,SKILL_030,Fold a shirt,
2026-02-09T14:53:15Z,03,e_martinez,SKILL_029_20260209_145315,314.84,12552.35,TRUE,SKILL_029,Button a shirt,
2026-02-09T13:34:52Z,03,e_martinez,SKILL_014_20260209_133452,289.83,10205.61,TRUE,SKILL_014,Fasten nuts onto bolts,
2026-02-09T16:57:00Z,03,a_rodriguez,SKILL_013_20260209_165700,85.63,2992.67,FALSE,SKILL_013,Set up a hand lamp,TOO_SHORT (85.6s < 90.0s)
2026-02-09T16:52:19Z,03,a_rodriguez,SKILL_013_20260209_165219,184.13,6378.53,TRUE,SKILL_013,Set up a hand lamp,
2026-02-09T15:31:45Z,03,a_rodriguez,SKILL_013_20260209_153145,213.30,7877.37,TRUE,SKILL_013,Set up a hand lamp,
2026-02-09T15:29:44Z,03,a_rodriguez,SKILL_013_20260209_152944,0.64,22.81,FALSE,SKILL_013,Set up a hand lamp,TOO_SHORT (0.6s < 90.0s)
2026-02-09T15:29:36Z,03,a_rodriguez,SKILL_013_20260209_152936,8.27,294.60,FALSE,SKILL_013,Set up a hand lamp,TOO_SHORT (8.3s < 90.0s)
2026-02-09T15:21:27Z,03,a_rodriguez,SKILL_013_20260209_152127,173.80,6441.07,TRUE,SKILL_013,Set up a hand lamp,
2026-02-09T13:08:44Z,03,e_martinez,SKILL_013_20260209_130844,145.14,5235.84,TRUE,SKILL_013,Set up a hand lamp,
2026-02-09T13:04:57Z,03,e_martinez,SKILL_013_20260209_130457,149.70,5384.96,TRUE,SKILL_013,Set up a hand lamp,
2026-02-09T13:03:42Z,03,e_martinez,SKILL_013_20260209_130341,68.84,2366.08,FALSE,SKILL_013,Set up a hand lamp,TOO_SHORT (68.9s < 90.0s)
2026-02-09T13:01:05Z,03,e_martinez,SKILL_013_20260209_130105,154.19,5389.08,TRUE,SKILL_013,Set up a hand lamp,
2026-02-09T14:34:41Z,03,e_martinez,SKILL_031_20260209_143441,42.98,1628.43,FALSE,SKILL_031,Fold Pants,TOO_SHORT (43.0s < 90.0s)
2026-02-09T12:27:36Z,04,d_vargas,SKILL_003_20260209_122736,198.83,7336.18,FALSE,SKILL_003,Organize screwdriver bits,BAD_HZ /camera_l/ffmpeg (0.0/30.0) | BAD_HZ /camera_r/ffmpeg (0.0/30.0)
2026-02-09T12:22:20Z,04,d_vargas,SKILL_003_20260209_122220,260.51,9570.36,FALSE,SKILL_003,Organize screwdriver bits,BAD_HZ /camera_l/ffmpeg (0.0/30.0) | BAD_HZ /camera_r/ffmpeg (0.0/30.0)
2026-02-09T10:06:55Z,04,e_martinez,SKILL_003_20260209_100655,203.25,7174.02,FALSE,SKILL_003,Organize screwdriver bits,BAD_HZ /camera_fisheye_l/ffmpeg (0.0/30.0) | BAD_HZ /camera_fisheye_r/ffmpeg (0.0/30.0) | BAD_HZ /camera_l/ffmpeg (0.0/30.0) | BAD_HZ /camera_r/ffmpeg (0.0/30.0)
2026-02-09T09:55:06Z,04,e_martinez,SKILL_003_20260209_095506,239.16,8419.20,FALSE,SKILL_003,Organize screwdriver bits,BAD_HZ /camera_fisheye_l/ffmpeg (0.0/30.0) | BAD_HZ /camera_fisheye_r/ffmpeg (0.0/30.0) | BAD_HZ /camera_l/ffmpeg (0.0/30.0) | BAD_HZ /camera_r/ffmpeg (0.0/30.0)
2026-02-09T07:14:27Z,04,e_martinez,SKILL_003_20260209_071427,263.19,9263.42,FALSE,SKILL_003,Organize screwdriver bits,BAD_HZ /camera_l/ffmpeg (0.0/30.0) | BAD_HZ /camera_r/ffmpeg (0.0/30.0) | BAD_HZ /camera_fisheye_l/ffmpeg (0.0/30.0) | BAD_HZ /camera_fisheye_r/ffmpeg (0.0/30.0)
2026-02-09T07:08:31Z,04,e_martinez,SKILL_003_20260209_070831,301.92,10353.30,FALSE,SKILL_003,Organize screwdriver bits,BAD_HZ /camera_fisheye_l/ffmpeg (0.0/30.0) | BAD_HZ /camera_fisheye_r/ffmpeg (0.0/30.0) | BAD_HZ /camera_l/ffmpeg (0.0/30.0) | BAD_HZ /camera_r/ffmpeg (0.0/30.0)
2026-02-09T16:20:54Z,04,d_vargas,SKILL_001_20260209_162054,531.19,16641.52,FALSE,SKILL_001,Organize beads per color,BAD_HZ /gripper_r/data (71.4/120.0) | BAD_HZ /pika_pose_l (62.4/100.0) | BAD_HZ /camera_fisheye_l/ffmpeg (0.0/30.0) | BAD_HZ /camera_fisheye_r/ffmpeg (0.0/30.0) | BAD_HZ /gripper_l/data (71.5/120.0) | BAD_HZ /camera_l/ffmpeg (0.0/30.0) | BAD_HZ /camera_r/ffmpeg (0.0/30.0) | BAD_HZ /pika_pose_r (62.3/100.0)
2026-02-09T12:13:01Z,04,d_vargas,SKILL_001_20260209_121301,507.38,18873.03,FALSE,SKILL_001,Organize beads per color,BAD_HZ /camera_l/ffmpeg (0.0/30.0) | BAD_HZ /camera_r/ffmpeg (0.0/30.0)
2026-02-09T10:43:32Z,04,e_martinez,SKILL_001_20260209_104332,295.57,10390.36,FALSE,SKILL_001,Organize beads per color,BAD_HZ /camera_fisheye_l/ffmpeg (0.0/30.0) | BAD_HZ /camera_fisheye_r/ffmpeg (0.0/30.0) | BAD_HZ /camera_l/ffmpeg (0.0/30.0) | BAD_HZ /camera_r/ffmpeg (0.0/30.0)
2026-02-09T08:28:32Z,04,e_martinez,SKILL_001_20260209_082832,370.32,13037.95,FALSE,SKILL_001,Organize beads per color,BAD_HZ /camera_fisheye_l/ffmpeg (0.0/30.0) | BAD_HZ /camera_fisheye_r/ffmpeg (0.0/30.0) | BAD_HZ /camera_l/ffmpeg (0.0/30.0) | BAD_HZ /camera_r/ffmpeg (0.0/30.0)
2026-02-09T14:51:20Z,03,e_martinez,SKILL_040_20260209_145120,43.43,1645.37,FALSE,SKILL_040,Fasten a belt,TOO_SHORT (43.4s < 90.0s)
2026-02-09T14:49:56Z,03,e_martinez,SKILL_040_20260209_144956,38.88,1465.19,FALSE,SKILL_040,Fasten a belt,TOO_SHORT (38.9s < 90.0s)
2026-02-09T14:49:09Z,03,e_martinez,SKILL_040_20260209_144909,31.82,1219.40,FALSE,SKILL_040,Fasten a belt,TOO_SHORT (31.8s < 90.0s)
2026-02-09T14:47:40Z,03,e_martinez,SKILL_040_20260209_144740,47.25,1783.39,FALSE,SKILL_040,Fasten a belt,TOO_SHORT (47.2s < 90.0s)
2026-02-09T16:34:51Z,03,a_rodriguez,SKILL_036_20260209_163451,279.59,9691.01,TRUE,SKILL_036,Fold Socks,
2026-02-09T16:27:40Z,03,a_rodriguez,SKILL_036_20260209_162739,313.56,10991.03,TRUE,SKILL_036,Fold Socks,
2026-02-09T14:42:39Z,03,e_martinez,SKILL_036_20260209_144239,189.64,7252.81,TRUE,SKILL_036,Fold Socks,
2026-02-09T14:38:27Z,03,e_martinez,SKILL_036_20260209_143827,113.49,4317.96,TRUE,SKILL_036,Fold Socks,
2026-02-09T14:24:52Z,03,e_martinez,SKILL_033_20260209_142452,105.17,4049.06,TRUE,SKILL_033,Fold towels,
2026-02-09T16:55:56Z,04,d_vargas,SKILL_007_20260209_165555,0.57,2.38,FALSE,SKILL_007,Separate tongue depressors by color,TOO_SHORT (1.2s < 90.0s) | BAD_HZ /camera_fisheye_r/ffmpeg (0.0/30.0) | BAD_HZ /gripper_l/data (1.6/120.0) | BAD_HZ /camera_l/ffmpeg (0.0/30.0) | BAD_HZ /camera_r/ffmpeg (0.0/30.0) | BAD_HZ /pika_pose_r (1.6/100.0) | BAD_HZ /camera_r/depth/image_rect_raw (1.6/30.0) | BAD_HZ /camera_l/depth/image_rect_raw (1.6/30.0) | BAD_HZ /gripper_r/data (1.6/120.0) | BAD_HZ /pika_pose_l (1.6/100.0) | BAD_HZ /camera_fisheye_l/ffmpeg (0.0/30.0)
2026-02-09T16:49:47Z,04,d_vargas,SKILL_007_20260209_164947,368.54,8829.07,FALSE,SKILL_007,Separate tongue depressors by color,BAD_HZ /camera_fisheye_l/ffmpeg (0.0/30.0) | BAD_HZ /camera_fisheye_r/ffmpeg (0.0/30.0) | BAD_HZ /gripper_l/data (56.4/120.0) | BAD_HZ /camera_l/ffmpeg (0.0/30.0) | BAD_HZ /camera_r/ffmpeg (0.0/30.0) | BAD_HZ /pika_pose_r (50.0/100.0) | BAD_HZ /camera_r/depth/image_rect_raw (20.5/30.0) | BAD_HZ /camera_l/depth/image_rect_raw (20.5/30.0) | BAD_HZ /gripper_r/data (57.4/120.0) | BAD_HZ /pika_pose_l (50.1/100.0)
2026-02-09T12:54:20Z,04,d_vargas,SKILL_007_20260209_125420,89.63,3370.97,FALSE,SKILL_007,Separate tongue depressors by color,TOO_SHORT (89.6s < 90.0s) | BAD_HZ /camera_l/ffmpeg (0.0/30.0) | BAD_HZ /camera_r/ffmpeg (0.0/30.0)
2026-02-09T12:45:00Z,04,d_vargas,SKILL_007_20260209_124500,497.06,18582.49,FALSE,SKILL_007,Separate tongue depressors by color,BAD_HZ /camera_l/ffmpeg (0.0/30.0) | BAD_HZ /camera_r/ffmpeg (0.0/30.0)
2026-02-09T07:33:33Z,04,e_martinez,SKILL_007_20260209_073333,415.17,14585.60,FALSE,SKILL_007,Separate tongue depressors by color,BAD_HZ /camera_fisheye_l/ffmpeg (0.0/30.0) | BAD_HZ /camera_fisheye_r/ffmpeg (0.0/30.0) | BAD_HZ /camera_l/ffmpeg (0.0/30.0) | BAD_HZ /camera_r/ffmpeg (0.0/30.0)
2026-02-09T16:46:07Z,04,d_vargas,SKILL_005_20260209_164607,178.24,5873.11,FALSE,SKILL_005,Insert allen keys in package,BAD_HZ /camera_fisheye_l/ffmpeg (0.0/30.0) | BAD_HZ /camera_fisheye_r/ffmpeg (0.0/30.0) | BAD_HZ /camera_l/ffmpeg (0.0/30.0) | BAD_HZ /camera_r/ffmpeg (0.0/30.0)
2026-02-09T16:41:35Z,04,d_vargas,SKILL_005_20260209_164135,232.07,8135.32,FALSE,SKILL_005,Insert allen keys in package,BAD_HZ /camera_fisheye_l/ffmpeg (0.0/30.0) | BAD_HZ /camera_fisheye_r/ffmpeg (0.0/30.0) | BAD_HZ /camera_l/ffmpeg (0.0/30.0) | BAD_HZ /camera_r/ffmpeg (0.0/30.0)
2026-02-09T12:33:34Z,04,d_vargas,SKILL_005_20260209_123334,219.59,8148.98,FALSE,SKILL_005,Insert allen keys in package,BAD_HZ /camera_l/ffmpeg (0.0/30.0) | BAD_HZ /camera_r/ffmpeg (0.0/30.0)
2026-02-09T07:28:02Z,04,e_martinez,SKILL_005_20260209_072802,180.31,6350.28,FALSE,SKILL_005,Insert allen keys in package,BAD_HZ /camera_fisheye_l/ffmpeg (0.0/30.0) | BAD_HZ /camera_fisheye_r/ffmpeg (0.0/30.0) | BAD_HZ /camera_l/ffmpeg (0.0/30.0) | BAD_HZ /camera_r/ffmpeg (0.0/30.0)
2026-02-09T12:41:29Z,04,d_vargas,SKILL_005_20260209_124129,135.77,4924.90,FALSE,SKILL_005,Insert allen keys in package,BAD_HZ /camera_l/ffmpeg (0.0/30.0) | BAD_HZ /camera_r/ffmpeg (0.0/30.0)
2026-02-09T12:38:09Z,04,d_vargas,SKILL_005_20260209_123809,176.48,6579.99,FALSE,SKILL_005,Insert allen keys in package,BAD_HZ /camera_l/ffmpeg (0.0/30.0) | BAD_HZ /camera_r/ffmpeg (0.0/30.0)
2026-02-09T10:17:46Z,04,e_martinez,SKILL_005_20260209_101746,152.05,5367.19,FALSE,SKILL_005,Insert allen keys in package,BAD_HZ /camera_fisheye_l/ffmpeg (0.0/30.0) | BAD_HZ /camera_fisheye_r/ffmpeg (0.0/30.0) | BAD_HZ /camera_l/ffmpeg (0.0/30.0) | BAD_HZ /camera_r/ffmpeg (0.0/30.0)
2026-02-09T07:22:32Z,04,e_martinez,SKILL_005_20260209_072232,288.47,10126.34,FALSE,SKILL_005,Insert allen keys in package,BAD_HZ /camera_l/ffmpeg (0.0/30.0) | BAD_HZ /camera_r/ffmpeg (0.0/30.0) | BAD_HZ /camera_fisheye_l/ffmpeg (0.0/30.0) | BAD_HZ /camera_fisheye_r/ffmpeg (0.0/30.0)
2026-02-09T16:35:54Z,04,d_vargas,SKILL_003_20260209_163554,223.61,7824.97,FALSE,SKILL_003,Organize screwdriver bits,BAD_HZ /camera_fisheye_l/ffmpeg (0.0/30.0) | BAD_HZ /camera_fisheye_r/ffmpeg (0.0/30.0) | BAD_HZ /camera_l/ffmpeg (0.0/30.0) | BAD_HZ /camera_r/ffmpeg (0.0/30.0)
2026-02-09T07:21:54Z,04,e_martinez,SKILL_005_20260209_072154,7.04,248.06,FALSE,SKILL_005,Insert allen keys in package,TOO_SHORT (7.0s < 90.0s) | BAD_HZ /camera_l/ffmpeg (0.0/30.0) | BAD_HZ /camera_r/ffmpeg (0.0/30.0) | BAD_HZ /camera_fisheye_l/ffmpeg (0.0/30.0) | BAD_HZ /camera_fisheye_r/ffmpeg (0.0/30.0)
2026-02-09T10:12:51Z,04,e_martinez,SKILL_005_20260209_101251,258.09,9088.43,FALSE,SKILL_005,Insert allen keys in package,BAD_HZ /camera_r/ffmpeg (0.0/30.0) | BAD_HZ /camera_fisheye_l/ffmpeg (0.0/30.0) | BAD_HZ /camera_fisheye_r/ffmpeg (0.0/30.0) | BAD_HZ /camera_l/ffmpeg (0.0/30.0)
2026-02-09T12:31:30Z,04,d_vargas,SKILL_003_20260209_123130,62.64,2320.83,FALSE,SKILL_003,Organize screwdriver bits,TOO_SHORT (62.6s < 90.0s) | BAD_HZ /camera_l/ffmpeg (0.0/30.0) | BAD_HZ /camera_r/ffmpeg (0.0/30.0)
2026-02-09T16:30:39Z,04,d_vargas,SKILL_003_20260209_163039,25.05,879.04,FALSE,SKILL_003,Organize screwdriver bits,TOO_SHORT (25.1s < 90.0s) | BAD_HZ /camera_fisheye_l/ffmpeg (0.0/30.0) | BAD_HZ /camera_fisheye_r/ffmpeg (0.0/30.0) | BAD_HZ /camera_l/ffmpeg (0.0/30.0) | BAD_HZ /camera_r/ffmpeg (0.0/30.0)
2026-02-09T16:31:12Z,04,d_vargas,SKILL_003_20260209_163112,223.73,7849.43,FALSE,SKILL_003,Organize screwdriver bits,BAD_HZ /camera_l/ffmpeg (0.0/30.0) | BAD_HZ /camera_r/ffmpeg (0.0/30.0) | BAD_HZ /camera_fisheye_l/ffmpeg (0.0/30.0) | BAD_HZ /camera_fisheye_r/ffmpeg (0.0/30.0)
2026-02-09T13:56:57Z,04,d_vargas,SKILL_012_20260209_135656,138.14,4338.14,FALSE,SKILL_012,Put pasta in jars,BAD_HZ /camera_r/depth/image_rect_raw (25.1/30.0) | BAD_HZ /camera_l/depth/image_rect_raw (24.9/30.0) | BAD_HZ /gripper_r/data (96.9/120.0) | BAD_HZ /pika_pose_l (83.8/100.0) | BAD_HZ /camera_fisheye_l/ffmpeg (25.4/30.0) | BAD_HZ /camera_fisheye_r/ffmpeg (25.4/30.0) | BAD_HZ /gripper_l/data (97.2/120.0) | BAD_HZ /camera_l/ffmpeg (0.0/30.0) | BAD_HZ /camera_r/ffmpeg (0.0/30.0) | BAD_HZ /pika_pose_r (83.8/100.0)
2026-02-09T13:53:31Z,04,d_vargas,SKILL_012_20260209_135331,151.98,5562.37,FALSE,SKILL_012,Put pasta in jars,BAD_HZ /camera_l/ffmpeg (0.0/30.0) | BAD_HZ /camera_r/ffmpeg (0.0/30.0)
2026-02-09T13:50:07Z,04,d_vargas,SKILL_012_20260209_135007,170.56,6246.65,FALSE,SKILL_012,Put pasta in jars,BAD_HZ /camera_l/ffmpeg (0.0/30.0) | BAD_HZ /camera_r/ffmpeg (0.0/30.0)
2026-02-09T12:56:24Z,04,d_vargas,SKILL_012_20260209_125624,105.20,3921.97,FALSE,SKILL_012,Put pasta in jars,BAD_HZ /camera_l/ffmpeg (0.0/30.0) | BAD_HZ /camera_r/ffmpeg (0.0/30.0)
2026-02-09T12:58:24Z,04,d_vargas,SKILL_012_20260209_125824,40.85,1521.35,FALSE,SKILL_012,Put pasta in jars,TOO_SHORT (40.8s < 90.0s) | BAD_HZ /camera_l/ffmpeg (0.0/30.0) | BAD_HZ /camera_r/ffmpeg (0.0/30.0)
2026-02-09T13:43:24Z,04,d_vargas,SKILL_009_20260209_134324,167.99,5576.25,FALSE,SKILL_009,Package Cotton set,BAD_HZ /camera_l/ffmpeg (0.0/30.0) | BAD_HZ /camera_r/ffmpeg (0.0/30.0)
2026-02-09T08:11:34Z,04,e_martinez,SKILL_012_20260209_081134,179.99,6345.63,FALSE,SKILL_012,Put pasta in jars,BAD_HZ /camera_fisheye_l/ffmpeg (0.0/30.0) | BAD_HZ /camera_fisheye_r/ffmpeg (0.0/30.0) | BAD_HZ /camera_l/ffmpeg (0.0/30.0) | BAD_HZ /camera_r/ffmpeg (0.0/30.0)
2026-02-09T08:07:25Z,04,e_martinez,SKILL_012_20260209_080725,174.69,6148.90,FALSE,SKILL_012,Put pasta in jars,BAD_HZ /camera_fisheye_l/ffmpeg (0.0/30.0) | BAD_HZ /camera_fisheye_r/ffmpeg (0.0/30.0) | BAD_HZ /camera_l/ffmpeg (0.0/30.0) | BAD_HZ /camera_r/ffmpeg (0.0/30.0)
2026-02-09T13:37:52Z,04,d_vargas,SKILL_009_20260209_133751,238.19,8165.60,FALSE,SKILL_009,Package Cotton set,BAD_HZ /camera_l/ffmpeg (0.0/30.0) | BAD_HZ /camera_r/ffmpeg (0.0/30.0)
2026-02-09T13:05:43Z,04,d_vargas,SKILL_009_20260209_130543,176.78,6594.06,FALSE,SKILL_009,Package Cotton set,BAD_HZ /camera_l/ffmpeg (0.0/30.0) | BAD_HZ /camera_r/ffmpeg (0.0/30.0)
2026-02-09T13:05:22Z,04,d_vargas,SKILL_009_20260209_130522,6.75,249.28,FALSE,SKILL_009,Package Cotton set,TOO_SHORT (6.7s < 90.0s) | BAD_HZ /camera_l/ffmpeg (0.0/30.0) | BAD_HZ /camera_r/ffmpeg (0.0/30.0)
2026-02-09T07:49:11Z,04,e_martinez,SKILL_009_20260209_074911,118.87,4174.87,FALSE,SKILL_009,Package Cotton set,BAD_HZ /camera_l/ffmpeg (0.0/30.0) | BAD_HZ /camera_r/ffmpeg (0.0/30.0) | BAD_HZ /camera_fisheye_l/ffmpeg (0.0/30.0) | BAD_HZ /camera_fisheye_r/ffmpeg (0.0/30.0)
2026-02-09T07:43:18Z,04,e_martinez,SKILL_009_20260209_074318,308.32,9843.55,FALSE,SKILL_009,Package Cotton set,BAD_HZ /camera_fisheye_l/ffmpeg (0.0/30.0) | BAD_HZ /camera_fisheye_r/ffmpeg (0.0/30.0) | BAD_HZ /camera_l/ffmpeg (0.0/30.0) | BAD_HZ /camera_r/ffmpeg (0.0/30.0)
2026-02-09T16:55:57Z,04,d_vargas,SKILL_007_20260209_165557,0.01,3.56,FALSE,SKILL_007,Separate tongue depressors by color,TOO_SHORT (0.3s < 90.0s) | BAD_HZ /camera_r/depth/image_rect_raw (8.8/30.0) | BAD_HZ /camera_l/depth/image_rect_raw (8.8/30.0) | BAD_HZ /gripper_r/data (5.9/120.0) | BAD_HZ /pika_pose_l (5.9/100.0) | BAD_HZ /camera_fisheye_l/ffmpeg (0.0/30.0) | BAD_HZ /camera_fisheye_r/ffmpeg (0.0/30.0) | BAD_HZ /gripper_l/data (5.9/120.0) | BAD_HZ /camera_l/ffmpeg (0.0/30.0) | BAD_HZ /camera_r/ffmpeg (0.0/30.0) | BAD_HZ /pika_pose_r (5.9/100.0)
2026-02-09T10:40:12Z,04,e_martinez,SKILL_013_20260209_104012,123.64,4365.30,FALSE,SKILL_013,Set up a hand lamp,BAD_HZ /camera_fisheye_l/ffmpeg (0.0/30.0) | BAD_HZ /camera_fisheye_r/ffmpeg (0.0/30.0) | BAD_HZ /camera_l/ffmpeg (0.0/30.0) | BAD_HZ /camera_r/ffmpeg (0.0/30.0)
2026-02-09T10:35:54Z,04,e_martinez,SKILL_013_20260209_103554,151.57,5348.40,FALSE,SKILL_013,Set up a hand lamp,BAD_HZ /camera_l/ffmpeg (0.0/30.0) | BAD_HZ /camera_r/ffmpeg (0.0/30.0) | BAD_HZ /camera_fisheye_l/ffmpeg (0.0/30.0) | BAD_HZ /camera_fisheye_r/ffmpeg (0.0/30.0)
2026-02-09T08:24:39Z,04,e_martinez,SKILL_013_20260209_082439,143.54,5060.91,FALSE,SKILL_013,Set up a hand lamp,BAD_HZ /camera_fisheye_l/ffmpeg (0.0/30.0) | BAD_HZ /camera_fisheye_r/ffmpeg (0.0/30.0) | BAD_HZ /camera_l/ffmpeg (0.0/30.0) | BAD_HZ /camera_r/ffmpeg (0.0/30.0)
2026-02-09T08:21:07Z,04,e_martinez,SKILL_013_20260209_082107,145.77,5139.81,FALSE,SKILL_013,Set up a hand lamp,BAD_HZ /camera_fisheye_l/ffmpeg (0.0/30.0) | BAD_HZ /camera_fisheye_r/ffmpeg (0.0/30.0) | BAD_HZ /camera_l/ffmpeg (0.0/30.0) | BAD_HZ /camera_r/ffmpeg (0.0/30.0)
2026-02-09T13:59:31Z,04,d_vargas,SKILL_012_20260209_135931,0.04,4.89,FALSE,SKILL_012,Put pasta in jars,TOO_SHORT (0.0s < 90.0s) | BAD_HZ /camera_r/depth/image_rect_raw (146.1/30.0) | BAD_HZ /camera_l/depth/image_rect_raw (146.1/30.0) | BAD_HZ /gripper_r/data (146.1/120.0) | BAD_HZ /pika_pose_l (146.1/100.0) | BAD_HZ /camera_fisheye_l/ffmpeg (146.1/30.0) | BAD_HZ /camera_fisheye_r/ffmpeg (109.6/30.0) | BAD_HZ /gripper_l/data (146.1/120.0) | BAD_HZ /camera_l/ffmpeg (0.0/30.0) | BAD_HZ /camera_r/ffmpeg (0.0/30.0) | BAD_HZ /pika_pose_r (146.1/100.0)
2026-02-09T08:16:53Z,04,e_martinez,SKILL_012_20260209_081653,155.35,5478.08,FALSE,SKILL_012,Put pasta in jars,BAD_HZ /camera_fisheye_l/ffmpeg (0.0/30.0) | BAD_HZ /camera_fisheye_r/ffmpeg (0.0/30.0) | BAD_HZ /camera_l/ffmpeg (0.0/30.0) | BAD_HZ /camera_r/ffmpeg (0.0/30.0)
2026-02-09T15:08:41Z,04,d_vargas,SKILL_026_20260209_150841,273.43,9545.29,FALSE,SKILL_026,Pack on a cardboard box (Present),BAD_HZ /camera_fisheye_l/ffmpeg (0.0/30.0) | BAD_HZ /camera_fisheye_r/ffmpeg (0.0/30.0) | BAD_HZ /camera_l/ffmpeg (0.0/30.0) | BAD_HZ /camera_r/ffmpeg (0.0/30.0)
2026-02-09T14:55:43Z,04,d_vargas,SKILL_025_20260209_145541,237.24,7141.05,FALSE,SKILL_025,Pack on a paper bag,BAD_HZ /gripper_r/data (55.7/120.0) | BAD_HZ /pika_pose_l (50.6/100.0) | BAD_HZ /camera_fisheye_l/ffmpeg (0.0/30.0) | BAD_HZ /camera_fisheye_r/ffmpeg (0.0/30.0) | BAD_HZ /gripper_l/data (55.7/120.0) | BAD_HZ /camera_l/ffmpeg (0.0/30.0) | BAD_HZ /camera_r/ffmpeg (0.0/30.0) | BAD_HZ /pika_pose_r (50.3/100.0)
2026-02-09T14:50:01Z,04,d_vargas,SKILL_025_20260209_145001,308.21,9119.67,FALSE,SKILL_025,Pack on a paper bag,BAD_HZ /camera_l/depth/image_rect_raw (25.2/30.0) | BAD_HZ /gripper_r/data (94.0/120.0) | BAD_HZ /pika_pose_l (80.8/100.0) | BAD_HZ /camera_fisheye_l/ffmpeg (0.0/30.0) | BAD_HZ /camera_fisheye_r/ffmpeg (0.0/30.0) | BAD_HZ /gripper_l/data (93.5/120.0) | BAD_HZ /camera_l/ffmpeg (0.0/30.0) | BAD_HZ /camera_r/ffmpeg (0.0/30.0) | BAD_HZ /pika_pose_r (80.8/100.0) | BAD_HZ /camera_r/depth/image_rect_raw (25.1/30.0)
2026-02-09T11:05:58Z,04,d_vargas,SKILL_025_20260209_110558,401.41,14136.37,FALSE,SKILL_025,Pack on a paper bag,BAD_HZ /camera_fisheye_l/ffmpeg (0.0/30.0) | BAD_HZ /camera_fisheye_r/ffmpeg (0.0/30.0) | BAD_HZ /camera_l/ffmpeg (0.0/30.0) | BAD_HZ /camera_r/ffmpeg (0.0/30.0)
2026-02-09T11:04:52Z,04,d_vargas,SKILL_025_20260209_110451,48.29,1696.04,FALSE,SKILL_025,Pack on a paper bag,TOO_SHORT (48.3s < 90.0s) | BAD_HZ /camera_fisheye_l/ffmpeg (0.0/30.0) | BAD_HZ /camera_fisheye_r/ffmpeg (0.0/30.0) | BAD_HZ /camera_l/ffmpeg (0.0/30.0) | BAD_HZ /camera_r/ffmpeg (0.0/30.0)
2026-02-09T14:45:09Z,04,d_vargas,SKILL_021_20260209_144509,120.79,4236.50,FALSE,SKILL_021,Build Up Box (Mailer),BAD_HZ /camera_fisheye_l/ffmpeg (0.0/30.0) | BAD_HZ /camera_fisheye_r/ffmpeg (0.0/30.0) | BAD_HZ /camera_l/ffmpeg (0.0/30.0) | BAD_HZ /camera_r/ffmpeg (0.0/30.0)
2026-02-09T14:42:33Z,04,d_vargas,SKILL_021_20260209_144233,99.46,3487.11,FALSE,SKILL_021,Build Up Box (Mailer),BAD_HZ /camera_fisheye_l/ffmpeg (0.0/30.0) | BAD_HZ /camera_fisheye_r/ffmpeg (0.0/30.0) | BAD_HZ /camera_l/ffmpeg (0.0/30.0) | BAD_HZ /camera_r/ffmpeg (0.0/30.0)
2026-02-09T14:38:04Z,04,d_vargas,SKILL_021_20260209_143803,190.08,6672.66,FALSE,SKILL_021,Build Up Box (Mailer),BAD_HZ /camera_fisheye_l/ffmpeg (0.0/30.0) | BAD_HZ /camera_fisheye_r/ffmpeg (0.0/30.0) | BAD_HZ /camera_l/ffmpeg (0.0/30.0) | BAD_HZ /camera_r/ffmpeg (0.0/30.0)
2026-02-09T10:59:19Z,04,d_vargas,SKILL_021_20260209_105919,126.33,4453.06,FALSE,SKILL_021,Build Up Box (Mailer),BAD_HZ /camera_fisheye_l/ffmpeg (0.0/30.0) | BAD_HZ /camera_fisheye_r/ffmpeg (0.0/30.0) | BAD_HZ /camera_l/ffmpeg (0.0/30.0) | BAD_HZ /camera_r/ffmpeg (0.0/30.0)
2026-02-09T10:56:38Z,04,d_vargas,SKILL_021_20260209_105638,70.53,2484.82,FALSE,SKILL_021,Build Up Box (Mailer),TOO_SHORT (70.5s < 90.0s) | BAD_HZ /camera_fisheye_l/ffmpeg (0.0/30.0) | BAD_HZ /camera_fisheye_r/ffmpeg (0.0/30.0) | BAD_HZ /camera_l/ffmpeg (0.0/30.0) | BAD_HZ /camera_r/ffmpeg (0.0/30.0)
2026-02-09T10:52:46Z,04,d_vargas,SKILL_021_20260209_105246,179.42,6325.20,FALSE,SKILL_021,Build Up Box (Mailer),BAD_HZ /camera_fisheye_l/ffmpeg (0.0/30.0) | BAD_HZ /camera_fisheye_r/ffmpeg (0.0/30.0) | BAD_HZ /camera_l/ffmpeg (0.0/30.0) | BAD_HZ /camera_r/ffmpeg (0.0/30.0)
2026-02-09T14:26:18Z,04,d_vargas,SKILL_014_20260209_142617,240.25,7528.72,FALSE,SKILL_014,Fasten nuts onto bolts,BAD_HZ /camera_fisheye_r/ffmpeg (22.9/30.0) | BAD_HZ /gripper_l/data (64.6/120.0) | BAD_HZ /camera_l/ffmpeg (0.0/30.0) | BAD_HZ /camera_r/ffmpeg (0.0/30.0) | BAD_HZ /pika_pose_r (56.3/100.0) | BAD_HZ /camera_r/depth/image_rect_raw (25.4/30.0) | BAD_HZ /camera_l/depth/image_rect_raw (25.3/30.0) | BAD_HZ /gripper_r/data (64.7/120.0) | BAD_HZ /pika_pose_l (56.5/100.0) | BAD_HZ /camera_fisheye_l/ffmpeg (22.9/30.0)
2026-02-09T10:29:06Z,04,e_martinez,SKILL_014_20260209_102906,298.48,10531.95,FALSE,SKILL_014,Fasten nuts onto bolts,BAD_HZ /camera_fisheye_l/ffmpeg (0.0/30.0) | BAD_HZ /camera_fisheye_r/ffmpeg (0.0/30.0) | BAD_HZ /camera_l/ffmpeg (0.0/30.0) | BAD_HZ /camera_r/ffmpeg (0.0/30.0)
2026-02-09T07:54:08Z,04,e_martinez,SKILL_014_20260209_075408,307.47,10830.52,FALSE,SKILL_014,Fasten nuts onto bolts,BAD_HZ /camera_fisheye_l/ffmpeg (0.0/30.0) | BAD_HZ /camera_fisheye_r/ffmpeg (0.0/30.0) | BAD_HZ /camera_l/ffmpeg (0.0/30.0) | BAD_HZ /camera_r/ffmpeg (0.0/30.0)
2026-02-09T14:24:30Z,04,d_vargas,SKILL_013_20260209_142430,44.69,1653.27,FALSE,SKILL_013,Set up a hand lamp,TOO_SHORT (44.7s < 90.0s) | BAD_HZ /camera_l/ffmpeg (0.0/30.0) | BAD_HZ /camera_r/ffmpeg (0.0/30.0)
2026-02-09T14:22:41Z,04,d_vargas,SKILL_013_20260209_142241,86.82,2619.37,FALSE,SKILL_013,Set up a hand lamp,TOO_SHORT (86.8s < 90.0s) | BAD_HZ /camera_l/depth/image_rect_raw (24.3/30.0) | BAD_HZ /gripper_r/data (69.5/120.0) | BAD_HZ /pika_pose_l (59.6/100.0) | BAD_HZ /camera_fisheye_l/ffmpeg (22.1/30.0) | BAD_HZ /camera_fisheye_r/ffmpeg (22.2/30.0) | BAD_HZ /gripper_l/data (69.5/120.0) | BAD_HZ /camera_l/ffmpeg (0.0/30.0) | BAD_HZ /camera_r/ffmpeg (0.0/30.0) | BAD_HZ /pika_pose_r (59.5/100.0) | BAD_HZ /camera_r/depth/image_rect_raw (24.4/30.0)
2026-02-09T14:19:49Z,04,d_vargas,SKILL_013_20260209_141949,147.34,4442.48,FALSE,SKILL_013,Set up a hand lamp,BAD_HZ /camera_fisheye_l/ffmpeg (21.8/30.0) | BAD_HZ /camera_fisheye_r/ffmpeg (21.8/30.0) | BAD_HZ /gripper_l/data (64.3/120.0) | BAD_HZ /camera_l/ffmpeg (0.0/30.0) | BAD_HZ /camera_r/ffmpeg (0.0/30.0) | BAD_HZ /pika_pose_r (56.4/100.0) | BAD_HZ /camera_r/depth/image_rect_raw (24.3/30.0) | BAD_HZ /camera_l/depth/image_rect_raw (24.3/30.0) | BAD_HZ /gripper_r/data (65.1/120.0) | BAD_HZ /pika_pose_l (56.5/100.0)
2026-02-09T14:15:58Z,04,d_vargas,SKILL_013_20260209_141558,190.20,6971.89,FALSE,SKILL_013,Set up a hand lamp,BAD_HZ /camera_l/ffmpeg (0.0/30.0) | BAD_HZ /camera_r/ffmpeg (0.0/30.0)
2026-02-09T14:15:12Z,04,d_vargas,SKILL_013_20260209_141512,0.51,22.22,FALSE,SKILL_013,Set up a hand lamp,TOO_SHORT (0.5s < 90.0s) | BAD_HZ /camera_r/depth/image_rect_raw (36.1/30.0) | BAD_HZ /gripper_r/data (138.8/120.0) | BAD_HZ /pika_pose_l (116.0/100.0) | BAD_HZ /camera_fisheye_l/ffmpeg (36.1/30.0) | BAD_HZ /camera_fisheye_r/ffmpeg (36.1/30.0) | BAD_HZ /gripper_l/data (138.8/120.0) | BAD_HZ /camera_l/ffmpeg (0.0/30.0) | BAD_HZ /camera_r/ffmpeg (0.0/30.0) | BAD_HZ /pika_pose_r (116.0/100.0)
2026-02-09T15:33:08Z,04,d_vargas,SKILL_029_20260209_153308,217.37,7133.77,FALSE,SKILL_029,Button a shirt,BAD_HZ /camera_l/ffmpeg (0.0/30.0) | BAD_HZ /camera_r/ffmpeg (0.0/30.0) | BAD_HZ /camera_fisheye_l/ffmpeg (0.0/30.0) | BAD_HZ /camera_fisheye_r/ffmpeg (0.0/30.0)
2026-02-09T09:41:48Z,04,e_martinez,SKILL_029_20260209_094148,299.65,10566.65,FALSE,SKILL_029,Button a shirt,BAD_HZ /camera_r/ffmpeg (0.0/30.0) | BAD_HZ /camera_fisheye_l/ffmpeg (0.0/30.0) | BAD_HZ /camera_fisheye_r/ffmpeg (0.0/30.0) | BAD_HZ /camera_l/ffmpeg (0.0/30.0)
2026-02-09T09:06:10Z,04,e_martinez,SKILL_029_20260209_090610,218.37,7596.95,FALSE,SKILL_029,Button a shirt,BAD_HZ /camera_fisheye_l/ffmpeg (0.0/30.0) | BAD_HZ /camera_fisheye_r/ffmpeg (0.0/30.0) | BAD_HZ /camera_l/ffmpeg (0.0/30.0) | BAD_HZ /camera_r/ffmpeg (0.0/30.0)
2026-02-09T08:56:43Z,04,e_martinez,SKILL_029_20260209_085643,127.82,4499.65,FALSE,SKILL_029,Button a shirt,BAD_HZ /camera_l/ffmpeg (0.0/30.0) | BAD_HZ /camera_r/ffmpeg (0.0/30.0) | BAD_HZ /camera_fisheye_l/ffmpeg (0.0/30.0) | BAD_HZ /camera_fisheye_r/ffmpeg (0.0/30.0)
2026-02-09T15:26:12Z,04,d_vargas,SKILL_028_20260209_152612,227.14,6506.37,FALSE,SKILL_028,Fold a T Shirt,BAD_HZ /camera_l/ffmpeg (0.0/30.0) | BAD_HZ /camera_r/ffmpeg (0.0/30.0) | BAD_HZ /pika_pose_r (52.7/100.0) | BAD_HZ /camera_r/depth/image_rect_raw (24.4/30.0) | BAD_HZ /camera_l/depth/image_rect_raw (24.3/30.0) | BAD_HZ /gripper_r/data (59.3/120.0) | BAD_HZ /pika_pose_l (52.9/100.0) | BAD_HZ /camera_fisheye_l/ffmpeg (0.0/30.0) | BAD_HZ /camera_fisheye_r/ffmpeg (0.0/30.0) | BAD_HZ /gripper_l/data (60.4/120.0)
2026-02-09T15:20:44Z,04,d_vargas,SKILL_028_20260209_152044,278.08,9739.72,FALSE,SKILL_028,Fold a T Shirt,BAD_HZ /camera_fisheye_l/ffmpeg (0.0/30.0) | BAD_HZ /camera_fisheye_r/ffmpeg (0.0/30.0) | BAD_HZ /camera_l/ffmpeg (0.0/30.0) | BAD_HZ /camera_r/ffmpeg (0.0/30.0)
2026-02-09T09:29:51Z,04,e_martinez,SKILL_028_20260209_092951,110.22,3878.53,FALSE,SKILL_028,Fold a T Shirt,BAD_HZ /camera_fisheye_l/ffmpeg (0.0/30.0) | BAD_HZ /camera_fisheye_r/ffmpeg (0.0/30.0) | BAD_HZ /camera_l/ffmpeg (0.0/30.0) | BAD_HZ /camera_r/ffmpeg (0.0/30.0)
2026-02-09T09:27:20Z,04,e_martinez,SKILL_028_20260209_092720,101.55,3578.81,FALSE,SKILL_028,Fold a T Shirt,BAD_HZ /camera_l/ffmpeg (0.0/30.0) | BAD_HZ /camera_r/ffmpeg (0.0/30.0) | BAD_HZ /camera_fisheye_l/ffmpeg (0.0/30.0) | BAD_HZ /camera_fisheye_r/ffmpeg (0.0/30.0)
2026-02-09T09:24:48Z,04,e_martinez,SKILL_028_20260209_092448,112.64,3960.58,FALSE,SKILL_028,Fold a T Shirt,BAD_HZ /camera_fisheye_l/ffmpeg (0.0/30.0) | BAD_HZ /camera_fisheye_r/ffmpeg (0.0/30.0) | BAD_HZ /camera_l/ffmpeg (0.0/30.0) | BAD_HZ /camera_r/ffmpeg (0.0/30.0)
2026-02-09T11:24:17Z,04,d_vargas,SKILL_027_20260209_112417,78.77,2780.00,FALSE,SKILL_027,Build a box and pack an item,TOO_SHORT (78.8s < 90.0s) | BAD_HZ /camera_r/ffmpeg (0.0/30.0) | BAD_HZ /camera_fisheye_l/ffmpeg (0.0/30.0) | BAD_HZ /camera_fisheye_r/ffmpeg (0.0/30.0) | BAD_HZ /camera_l/ffmpeg (0.0/30.0)
2026-02-09T11:22:41Z,04,d_vargas,SKILL_027_20260209_112241,65.02,2294.00,FALSE,SKILL_027,Build a box and pack an item,TOO_SHORT (65.0s < 90.0s) | BAD_HZ /camera_fisheye_l/ffmpeg (0.0/30.0) | BAD_HZ /camera_fisheye_r/ffmpeg (0.0/30.0) | BAD_HZ /camera_l/ffmpeg (0.0/30.0) | BAD_HZ /camera_r/ffmpeg (0.0/30.0)
2026-02-09T11:21:15Z,04,d_vargas,SKILL_027_20260209_112115,45.81,1617.15,FALSE,SKILL_027,Build a box and pack an item,TOO_SHORT (45.8s < 90.0s) | BAD_HZ /camera_fisheye_l/ffmpeg (0.0/30.0) | BAD_HZ /camera_fisheye_r/ffmpeg (0.0/30.0) | BAD_HZ /camera_l/ffmpeg (0.0/30.0) | BAD_HZ /camera_r/ffmpeg (0.0/30.0)
2026-02-09T11:19:28Z,04,d_vargas,SKILL_027_20260209_111928,47.98,1693.05,FALSE,SKILL_027,Build a box and pack an item,TOO_SHORT (48.0s < 90.0s) | BAD_HZ /camera_fisheye_l/ffmpeg (0.0/30.0) | BAD_HZ /camera_fisheye_r/ffmpeg (0.0/30.0) | BAD_HZ /camera_l/ffmpeg (0.0/30.0) | BAD_HZ /camera_r/ffmpeg (0.0/30.0)
2026-02-09T11:17:53Z,04,d_vargas,SKILL_027_20260209_111753,70.00,2470.13,FALSE,SKILL_027,Build a box and pack an item,TOO_SHORT (70.0s < 90.0s) | BAD_HZ /camera_fisheye_l/ffmpeg (0.0/30.0) | BAD_HZ /camera_fisheye_r/ffmpeg (0.0/30.0) | BAD_HZ /camera_l/ffmpeg (0.0/30.0) | BAD_HZ /camera_r/ffmpeg (0.0/30.0)
2026-02-09T11:15:34Z,04,d_vargas,SKILL_027_20260209_111534,95.50,3367.96,FALSE,SKILL_027,Build a box and pack an item,BAD_HZ /camera_fisheye_l/ffmpeg (0.0/30.0) | BAD_HZ /camera_fisheye_r/ffmpeg (0.0/30.0) | BAD_HZ /camera_l/ffmpeg (0.0/30.0) | BAD_HZ /camera_r/ffmpeg (0.0/30.0)
2026-02-09T09:21:15Z,04,e_martinez,SKILL_027_20260209_092115,56.87,1997.67,FALSE,SKILL_027,Build a box and pack an item,TOO_SHORT (56.9s < 90.0s) | BAD_HZ /camera_l/ffmpeg (0.0/30.0) | BAD_HZ /camera_r/ffmpeg (0.0/30.0) | BAD_HZ /camera_fisheye_l/ffmpeg (0.0/30.0) | BAD_HZ /camera_fisheye_r/ffmpeg (0.0/30.0)
2026-02-09T09:18:32Z,04,e_martinez,SKILL_027_20260209_091832,87.24,3063.40,FALSE,SKILL_027,Build a box and pack an item,TOO_SHORT (87.2s < 90.0s) | BAD_HZ /camera_fisheye_l/ffmpeg (0.0/30.0) | BAD_HZ /camera_fisheye_r/ffmpeg (0.0/30.0) | BAD_HZ /camera_l/ffmpeg (0.0/30.0) | BAD_HZ /camera_r/ffmpeg (0.0/30.0)
2026-02-09T09:13:42Z,04,e_martinez,SKILL_027_20260209_091342,180.09,6334.11,FALSE,SKILL_027,Build a box and pack an item,BAD_HZ /camera_l/ffmpeg (0.0/30.0) | BAD_HZ /camera_r/ffmpeg (0.0/30.0) | BAD_HZ /camera_fisheye_l/ffmpeg (0.0/30.0) | BAD_HZ /camera_fisheye_r/ffmpeg (0.0/30.0)
2026-02-09T15:14:43Z,04,d_vargas,SKILL_026_20260209_151442,216.68,6859.26,FALSE,SKILL_026,Pack on a cardboard box (Present),BAD_HZ /pika_pose_r (73.7/100.0) | BAD_HZ /gripper_r/data (83.5/120.0) | BAD_HZ /pika_pose_l (73.9/100.0) | BAD_HZ /camera_fisheye_l/ffmpeg (0.0/30.0) | BAD_HZ /camera_fisheye_r/ffmpeg (0.0/30.0) | BAD_HZ /gripper_l/data (84.6/120.0) | BAD_HZ /camera_l/ffmpeg (0.0/30.0) | BAD_HZ /camera_r/ffmpeg (0.0/30.0)
2026-02-09T09:32:26Z,04,e_martinez,SKILL_040_20260209_093226,28.11,990.97,FALSE,SKILL_040,Fasten a belt,TOO_SHORT (28.1s < 90.0s) | BAD_HZ /camera_fisheye_l/ffmpeg (0.0/30.0) | BAD_HZ /camera_fisheye_r/ffmpeg (0.0/30.0) | BAD_HZ /camera_l/ffmpeg (0.0/30.0) | BAD_HZ /camera_r/ffmpeg (0.0/30.0)
2026-02-09T14:12:14Z,04,d_vargas,SKILL_036_20260209_141214,116.01,4275.08,FALSE,SKILL_036,Fold Socks,BAD_HZ /camera_l/ffmpeg (0.0/30.0) | BAD_HZ /camera_r/ffmpeg (0.0/30.0)
2026-02-09T14:09:08Z,04,d_vargas,SKILL_036_20260209_140908,151.93,2588.48,FALSE,SKILL_036,Fold Socks,BAD_HZ /camera_l/depth/image_rect_raw (13.4/30.0) | BAD_HZ /gripper_r/data (50.0/120.0) | BAD_HZ /pika_pose_l (44.4/100.0) | BAD_HZ /camera_fisheye_l/ffmpeg (13.9/30.0) | BAD_HZ /camera_fisheye_r/ffmpeg (13.9/30.0) | BAD_HZ /gripper_l/data (53.0/120.0) | BAD_HZ /camera_l/ffmpeg (0.0/30.0) | BAD_HZ /camera_r/ffmpeg (0.0/30.0) | BAD_HZ /pika_pose_r (44.4/100.0) | BAD_HZ /camera_r/depth/image_rect_raw (13.8/30.0)
2026-02-09T14:06:34Z,04,d_vargas,SKILL_036_20260209_140634,115.27,4229.31,FALSE,SKILL_036,Fold Socks,BAD_HZ /camera_l/ffmpeg (0.0/30.0) | BAD_HZ /camera_r/ffmpeg (0.0/30.0)
2026-02-09T14:04:22Z,04,d_vargas,SKILL_036_20260209_140421,99.62,3600.43,FALSE,SKILL_036,Fold Socks,BAD_HZ /camera_l/ffmpeg (0.0/30.0) | BAD_HZ /camera_r/ffmpeg (0.0/30.0)
2026-02-09T16:17:44Z,04,d_vargas,SKILL_035_20260209_161744,95.83,3370.66,FALSE,SKILL_035,Pack shoes in a box,BAD_HZ /camera_fisheye_l/ffmpeg (0.0/30.0) | BAD_HZ /camera_fisheye_r/ffmpeg (0.0/30.0) | BAD_HZ /camera_l/ffmpeg (0.0/30.0) | BAD_HZ /camera_r/ffmpeg (0.0/30.0)
2026-02-09T16:15:54Z,04,d_vargas,SKILL_035_20260209_161554,76.29,2685.61,FALSE,SKILL_035,Pack shoes in a box,TOO_SHORT (76.3s < 90.0s) | BAD_HZ /camera_fisheye_l/ffmpeg (0.0/30.0) | BAD_HZ /camera_fisheye_r/ffmpeg (0.0/30.0) | BAD_HZ /camera_l/ffmpeg (0.0/30.0) | BAD_HZ /camera_r/ffmpeg (0.0/30.0)
2026-02-09T16:13:07Z,04,d_vargas,SKILL_035_20260209_161307,115.92,4081.16,FALSE,SKILL_035,Pack shoes in a box,BAD_HZ /camera_fisheye_l/ffmpeg (0.0/30.0) | BAD_HZ /camera_fisheye_r/ffmpeg (0.0/30.0) | BAD_HZ /camera_l/ffmpeg (0.0/30.0) | BAD_HZ /camera_r/ffmpeg (0.0/30.0)
2026-02-09T16:10:03Z,04,d_vargas,SKILL_035_20260209_161003,128.48,4499.43,FALSE,SKILL_035,Pack shoes in a box,BAD_HZ /camera_l/ffmpeg (0.0/30.0) | BAD_HZ /camera_r/ffmpeg (0.0/30.0) | BAD_HZ /camera_fisheye_l/ffmpeg (0.0/30.0) | BAD_HZ /camera_fisheye_r/ffmpeg (0.0/30.0)
2026-02-09T16:00:05Z,04,d_vargas,SKILL_034_20260209_160005,372.46,12237.46,FALSE,SKILL_034,Tie Shoelaces,BAD_HZ /camera_l/ffmpeg (0.0/30.0) | BAD_HZ /camera_r/ffmpeg (0.0/30.0) | BAD_HZ /pika_pose_r (83.0/100.0) | BAD_HZ /gripper_r/data (95.7/120.0) | BAD_HZ /pika_pose_l (83.1/100.0) | BAD_HZ /camera_fisheye_l/ffmpeg (0.0/30.0) | BAD_HZ /camera_fisheye_r/ffmpeg (0.0/30.0) | BAD_HZ /gripper_l/data (96.1/120.0)
2026-02-09T16:08:08Z,04,d_vargas,SKILL_035_20260209_160808,0.41,14.18,FALSE,SKILL_035,Pack shoes in a box,TOO_SHORT (0.4s < 90.0s) | BAD_HZ /gripper_r/data (99.5/120.0) | BAD_HZ /camera_fisheye_l/ffmpeg (0.0/30.0) | BAD_HZ /camera_fisheye_r/ffmpeg (0.0/30.0) | BAD_HZ /camera_l/ffmpeg (0.0/30.0) | BAD_HZ /camera_r/ffmpeg (0.0/30.0)
2026-02-09T08:45:45Z,04,e_martinez,SKILL_034_20260209_084545,334.79,11761.18,FALSE,SKILL_034,Tie Shoelaces,BAD_HZ /camera_fisheye_l/ffmpeg (0.0/30.0) | BAD_HZ /camera_fisheye_r/ffmpeg (0.0/30.0) | BAD_HZ /camera_l/ffmpeg (0.0/30.0) | BAD_HZ /camera_r/ffmpeg (0.0/30.0)
2026-02-09T09:53:05Z,04,e_martinez,SKILL_031_20260209_095305,37.56,1324.93,FALSE,SKILL_031,Fold Pants,TOO_SHORT (37.6s < 90.0s) | BAD_HZ /camera_fisheye_l/ffmpeg (0.0/30.0) | BAD_HZ /camera_fisheye_r/ffmpeg (0.0/30.0) | BAD_HZ /camera_l/ffmpeg (0.0/30.0) | BAD_HZ /camera_r/ffmpeg (0.0/30.0)
2026-02-09T15:51:42Z,04,d_vargas,SKILL_034_20260209_155142,324.56,10878.36,FALSE,SKILL_034,Tie Shoelaces,BAD_HZ /camera_fisheye_l/ffmpeg (0.0/30.0) | BAD_HZ /camera_fisheye_r/ffmpeg (0.0/30.0) | BAD_HZ /camera_l/ffmpeg (0.0/30.0) | BAD_HZ /camera_r/ffmpeg (0.0/30.0)
2026-02-09T09:52:37Z,04,e_martinez,SKILL_031_20260209_095237,9.53,269.30,FALSE,SKILL_031,Fold Pants,TOO_SHORT (9.5s < 90.0s) | BAD_HZ /camera_l/depth/image_rect_raw (18.6/30.0) | BAD_HZ /camera_fisheye_l/ffmpeg (0.0/30.0) | BAD_HZ /camera_fisheye_r/ffmpeg (0.0/30.0) | BAD_HZ /gripper_l/data (61.5/120.0) | BAD_HZ /camera_l/ffmpeg (0.0/30.0) | BAD_HZ /camera_r/ffmpeg (0.0/30.0)
2026-02-09T08:38:31Z,04,e_martinez,SKILL_034_20260209_083831,360.99,12721.01,FALSE,SKILL_034,Tie Shoelaces,BAD_HZ /camera_l/ffmpeg (0.0/30.0) | BAD_HZ /camera_r/ffmpeg (0.0/30.0) | BAD_HZ /camera_fisheye_l/ffmpeg (0.0/30.0) | BAD_HZ /camera_fisheye_r/ffmpeg (0.0/30.0)
2026-02-09T09:51:15Z,04,e_martinez,SKILL_031_20260209_095115,42.71,1505.77,FALSE,SKILL_031,Fold Pants,TOO_SHORT (42.7s < 90.0s) | BAD_HZ /camera_r/ffmpeg (0.0/30.0) | BAD_HZ /camera_fisheye_l/ffmpeg (0.0/30.0) | BAD_HZ /camera_fisheye_r/ffmpeg (0.0/30.0) | BAD_HZ /camera_l/ffmpeg (0.0/30.0)
2026-02-09T09:48:55Z,04,e_martinez,SKILL_031_20260209_094855,70.04,2468.89,FALSE,SKILL_031,Fold Pants,TOO_SHORT (70.0s < 90.0s) | BAD_HZ /camera_fisheye_l/ffmpeg (0.0/30.0) | BAD_HZ /camera_fisheye_r/ffmpeg (0.0/30.0) | BAD_HZ /camera_l/ffmpeg (0.0/30.0) | BAD_HZ /camera_r/ffmpeg (0.0/30.0)
2026-02-09T15:40:09Z,04,d_vargas,SKILL_029_20260209_154009,550.69,16475.85,FALSE,SKILL_029,Button a shirt,BAD_HZ /gripper_r/data (69.8/120.0) | BAD_HZ /pika_pose_l (61.6/100.0) | BAD_HZ /camera_fisheye_l/ffmpeg (0.0/30.0) | BAD_HZ /camera_fisheye_r/ffmpeg (0.0/30.0) | BAD_HZ /gripper_l/data (69.9/120.0) | BAD_HZ /camera_l/ffmpeg (0.0/30.0) | BAD_HZ /camera_r/ffmpeg (0.0/30.0) | BAD_HZ /pika_pose_r (61.4/100.0) | BAD_HZ /camera_r/depth/image_rect_raw (25.4/30.0) | BAD_HZ /camera_l/depth/image_rect_raw (25.4/30.0)
2026-02-09T09:33:24Z,04,e_martinez,SKILL_040_20260209_093324,37.09,1305.42,FALSE,SKILL_040,Fasten a belt,TOO_SHORT (37.1s < 90.0s) | BAD_HZ /camera_l/ffmpeg (0.0/30.0) | BAD_HZ /camera_r/ffmpeg (0.0/30.0) | BAD_HZ /camera_fisheye_l/ffmpeg (0.0/30.0) | BAD_HZ /camera_fisheye_r/ffmpeg (0.0/30.0) | BAD_HZ /gripper_l/data (100.5/120.0)
2026-02-09T07:37:59Z,05,d_vargas,SKILL_005_20260209_073759,132.00,2545.39,FALSE,SKILL_005,Insert allen keys in package,BAD_HZ /camera_r/depth/image_rect_raw (14.8/30.0) | BAD_HZ /camera_l/depth/image_rect_raw (14.4/30.0) | BAD_HZ /camera_fisheye_r/ffmpeg (0.0/30.0)
2026-02-09T07:34:37Z,05,d_vargas,SKILL_005_20260209_073437,131.93,2572.23,FALSE,SKILL_005,Insert allen keys in package,BAD_HZ /camera_r/depth/image_rect_raw (15.3/30.0) | BAD_HZ /camera_l/depth/image_rect_raw (14.6/30.0) | BAD_HZ /camera_fisheye_r/ffmpeg (0.0/30.0)
2026-02-09T07:31:35Z,05,d_vargas,SKILL_005_20260209_073135,142.85,1952.05,FALSE,SKILL_005,Insert allen keys in package,BAD_HZ /camera_fisheye_r/ffmpeg (11.9/30.0) | BAD_HZ /camera_r/ffmpeg (9.4/30.0) | BAD_HZ /camera_r/depth/image_rect_raw (4.9/30.0) | BAD_HZ /camera_l/depth/image_rect_raw (14.7/30.0)
2026-02-09T14:35:32Z,05,n_mora,SKILL_004_20260209_143532,105.01,2020.93,FALSE,SKILL_004,Set Screwdriver package,BAD_HZ /camera_l/depth/image_rect_raw (14.9/30.0) | BAD_HZ /pika_pose_l (0.0/100.0) | BAD_HZ /camera_fisheye_l/ffmpeg (0.0/30.0) | BAD_HZ /camera_fisheye_r/ffmpeg (0.0/30.0) | BAD_HZ /pika_pose_r (0.0/100.0) | BAD_HZ /camera_r/depth/image_rect_raw (15.6/30.0)
2026-02-09T14:32:45Z,05,n_mora,SKILL_004_20260209_143245,70.25,1331.89,FALSE,SKILL_004,Set Screwdriver package,TOO_SHORT (70.3s < 90.0s) | BAD_HZ /camera_l/depth/image_rect_raw (15.3/30.0) | BAD_HZ /pika_pose_l (0.0/100.0) | BAD_HZ /camera_fisheye_l/ffmpeg (0.0/30.0) | BAD_HZ /camera_fisheye_r/ffmpeg (0.0/30.0) | BAD_HZ /pika_pose_r (0.0/100.0) | BAD_HZ /camera_r/depth/image_rect_raw (14.7/30.0)
2026-02-09T12:57:27Z,05,l_aguilera,SKILL_004_20260209_125727,54.36,989.50,FALSE,SKILL_004,Set Screwdriver package,TOO_SHORT (54.4s < 90.0s) | BAD_HZ /camera_l/depth/image_rect_raw (13.0/30.0) | BAD_HZ /camera_fisheye_r/ffmpeg (0.0/30.0) | BAD_HZ /camera_r/depth/image_rect_raw (14.4/30.0)
2026-02-09T12:56:11Z,05,l_aguilera,SKILL_004_20260209_125611,62.28,1205.20,FALSE,SKILL_004,Set Screwdriver package,TOO_SHORT (62.3s < 90.0s) | BAD_HZ /camera_r/depth/image_rect_raw (14.3/30.0) | BAD_HZ /camera_l/depth/image_rect_raw (15.3/30.0) | BAD_HZ /camera_fisheye_r/ffmpeg (0.0/30.0)
2026-02-09T12:55:03Z,05,l_aguilera,SKILL_004_20260209_125503,56.89,1076.64,FALSE,SKILL_004,Set Screwdriver package,TOO_SHORT (56.9s < 90.0s) | BAD_HZ /camera_r/depth/image_rect_raw (15.1/30.0) | BAD_HZ /camera_l/depth/image_rect_raw (13.5/30.0) | BAD_HZ /camera_fisheye_r/ffmpeg (0.0/30.0)
2026-02-09T12:53:57Z,05,l_aguilera,SKILL_004_20260209_125357,50.01,1002.28,FALSE,SKILL_004,Set Screwdriver package,TOO_SHORT (50.0s < 90.0s) | BAD_HZ /camera_r/depth/image_rect_raw (15.4/30.0) | BAD_HZ /camera_l/depth/image_rect_raw (15.2/30.0) | BAD_HZ /camera_fisheye_r/ffmpeg (0.0/30.0)
2026-02-09T12:52:35Z,05,l_aguilera,SKILL_004_20260209_125235,59.47,1162.11,FALSE,SKILL_004,Set Screwdriver package,TOO_SHORT (59.5s < 90.0s) | BAD_HZ /camera_r/depth/image_rect_raw (15.6/30.0) | BAD_HZ /camera_l/depth/image_rect_raw (14.2/30.0) | BAD_HZ /camera_fisheye_r/ffmpeg (0.0/30.0)
2026-02-09T12:51:04Z,05,l_aguilera,SKILL_004_20260209_125104,74.42,1461.48,FALSE,SKILL_004,Set Screwdriver package,TOO_SHORT (74.4s < 90.0s) | BAD_HZ /camera_r/depth/image_rect_raw (15.2/30.0) | BAD_HZ /camera_l/depth/image_rect_raw (14.8/30.0) | BAD_HZ /camera_fisheye_r/ffmpeg (0.0/30.0)
2026-02-09T07:26:01Z,05,d_vargas,SKILL_003_20260209_072601,213.47,3989.35,FALSE,SKILL_003,Organize screwdriver bits,BAD_HZ /camera_l/depth/image_rect_raw (13.5/30.0) | BAD_HZ /camera_r/depth/image_rect_raw (13.6/30.0)
2026-02-09T07:20:33Z,05,d_vargas,SKILL_003_20260209_072033,285.76,5507.67,FALSE,SKILL_003,Organize screwdriver bits,BAD_HZ /camera_r/depth/image_rect_raw (13.8/30.0) | BAD_HZ /camera_l/depth/image_rect_raw (14.3/30.0)
2026-02-09T07:10:03Z,05,d_vargas,SKILL_003_20260209_071002,21.81,455.35,FALSE,SKILL_003,Organize screwdriver bits,TOO_SHORT (22.6s < 90.0s) | BAD_HZ /camera_l/depth/image_rect_raw (15.9/30.0) | BAD_HZ /gripper_r/data (101.1/120.0) | BAD_HZ /camera_r/depth/image_rect_raw (13.5/30.0)
2026-02-09T16:49:51Z,05,n_mora,SKILL_001_20260209_164951,463.72,6492.87,FALSE,SKILL_001,Organize beads per color,BAD_HZ /camera_l/depth/image_rect_raw (9.9/30.0) | BAD_HZ /gripper_r/data (86.8/120.0) | BAD_HZ /pika_pose_l (81.6/100.0) | BAD_HZ /camera_fisheye_r/ffmpeg (0.0/30.0) | BAD_HZ /gripper_l/data (87.2/120.0) | BAD_HZ /pika_pose_r (80.4/100.0) | BAD_HZ /camera_r/depth/image_rect_raw (10.0/30.0)
2026-02-09T14:22:06Z,05,n_mora,SKILL_001_20260209_142206,472.86,8974.32,FALSE,SKILL_001,Organize beads per color,BAD_HZ /camera_r/depth/image_rect_raw (15.2/30.0) | BAD_HZ /camera_l/depth/image_rect_raw (15.2/30.0) | BAD_HZ /pika_pose_l (0.0/100.0) | BAD_HZ /camera_fisheye_l/ffmpeg (0.0/30.0) | BAD_HZ /camera_fisheye_r/ffmpeg (0.0/30.0) | BAD_HZ /pika_pose_r (0.0/100.0)
2026-02-09T11:00:42Z,05,c_becerra,SKILL_001_20260209_110042,532.44,10800.48,FALSE,SKILL_001,Organize beads per color,BAD_HZ /camera_r/depth/image_rect_raw (15.5/30.0) | BAD_HZ /camera_l/depth/image_rect_raw (15.7/30.0) | BAD_HZ /camera_fisheye_r/ffmpeg (0.0/30.0)
2026-02-09T07:10:35Z,05,d_vargas,SKILL_001_20260209_071035,470.01,9072.18,FALSE,SKILL_001,Organize beads per color,BAD_HZ /camera_r/depth/image_rect_raw (14.1/30.0) | BAD_HZ /camera_l/depth/image_rect_raw (13.6/30.0)
2026-02-09T09:34:32Z,04,e_martinez,SKILL_040_20260209_093432,28.78,1013.91,FALSE,SKILL_040,Fasten a belt,TOO_SHORT (28.8s < 90.0s) | BAD_HZ /camera_fisheye_l/ffmpeg (0.0/30.0) | BAD_HZ /camera_fisheye_r/ffmpeg (0.0/30.0) | BAD_HZ /camera_l/ffmpeg (0.0/30.0) | BAD_HZ /camera_r/ffmpeg (0.0/30.0)
2026-02-09T14:07:37Z,05,n_mora,SKILL_009_20260209_140736,219.68,2397.00,FALSE,SKILL_009,Package Cotton set,BAD_HZ /camera_r/ffmpeg (0.0/30.0) | BAD_HZ /camera_r/depth/image_rect_raw (0.0/30.0) | BAD_HZ /camera_l/depth/image_rect_raw (15.9/30.0) | BAD_HZ /camera_fisheye_r/ffmpeg (0.0/30.0)
2026-02-09T13:53:56Z,05,n_mora,SKILL_009_20260209_135356,190.97,2877.10,FALSE,SKILL_009,Package Cotton set,BAD_HZ /camera_l/depth/image_rect_raw (13.1/30.0) | BAD_HZ /pika_pose_l (0.0/100.0) | BAD_HZ /camera_fisheye_r/ffmpeg (0.0/30.0) | BAD_HZ /camera_l/ffmpeg (25.5/30.0) | BAD_HZ /camera_r/ffmpeg (18.7/30.0) | BAD_HZ /pika_pose_r (0.0/100.0) | BAD_HZ /camera_r/depth/image_rect_raw (9.3/30.0)
2026-02-09T12:46:06Z,05,l_aguilera,SKILL_009_20260209_124606,213.99,4149.92,FALSE,SKILL_009,Package Cotton set,BAD_HZ /camera_fisheye_r/ffmpeg (0.0/30.0) | BAD_HZ /camera_r/depth/image_rect_raw (15.3/30.0) | BAD_HZ /camera_l/depth/image_rect_raw (14.5/30.0)
2026-02-09T12:41:45Z,05,l_aguilera,SKILL_009_20260209_124143,237.27,3648.31,FALSE,SKILL_009,Package Cotton set,BAD_HZ /camera_fisheye_r/ffmpeg (16.3/30.0) | BAD_HZ /camera_r/ffmpeg (14.5/30.0) | BAD_HZ /camera_r/depth/image_rect_raw (7.2/30.0) | BAD_HZ /camera_l/depth/image_rect_raw (14.7/30.0)
2026-02-09T08:13:40Z,05,d_vargas,SKILL_009_20260209_081340,113.85,2258.46,FALSE,SKILL_009,Package Cotton set,BAD_HZ /camera_r/depth/image_rect_raw (14.7/30.0) | BAD_HZ /camera_l/depth/image_rect_raw (13.8/30.0)
2026-02-09T08:10:47Z,05,d_vargas,SKILL_009_20260209_081047,152.94,2971.20,FALSE,SKILL_009,Package Cotton set,BAD_HZ /camera_r/depth/image_rect_raw (14.0/30.0) | BAD_HZ /camera_l/depth/image_rect_raw (13.7/30.0) | BAD_HZ /gripper_r/data (101.7/120.0)
2026-02-09T08:05:39Z,05,d_vargas,SKILL_009_20260209_080537,238.09,4786.66,FALSE,SKILL_009,Package Cotton set,BAD_HZ /camera_l/depth/image_rect_raw (14.0/30.0) | BAD_HZ /camera_r/depth/image_rect_raw (14.6/30.0)
2026-02-09T13:43:34Z,05,n_mora,SKILL_007_20260209_134334,425.30,7386.15,FALSE,SKILL_007,Separate tongue depressors by color,BAD_HZ /camera_l/ffmpeg (25.4/30.0) | BAD_HZ /pika_pose_r (0.0/100.0) | BAD_HZ /camera_r/depth/image_rect_raw (13.1/30.0) | BAD_HZ /camera_l/depth/image_rect_raw (12.3/30.0) | BAD_HZ /pika_pose_l (0.0/100.0) | BAD_HZ /camera_fisheye_r/ffmpeg (0.0/30.0)
2026-02-09T13:32:23Z,05,n_mora,SKILL_007_20260209_133223,450.51,8282.34,FALSE,SKILL_007,Separate tongue depressors by color,BAD_HZ /pika_pose_l (0.0/100.0) | BAD_HZ /camera_fisheye_r/ffmpeg (0.0/30.0) | BAD_HZ /pika_pose_r (0.0/100.0) | BAD_HZ /camera_r/depth/image_rect_raw (13.7/30.0) | BAD_HZ /camera_l/depth/image_rect_raw (13.2/30.0)
2026-02-09T13:23:20Z,05,n_mora,SKILL_007_20260209_132320,280.36,3247.36,FALSE,SKILL_007,Separate tongue depressors by color,BAD_HZ /camera_r/ffmpeg (1.9/30.0) | BAD_HZ /pika_pose_r (9.4/100.0) | BAD_HZ /camera_r/depth/image_rect_raw (1.0/30.0) | BAD_HZ /camera_l/depth/image_rect_raw (15.6/30.0) | BAD_HZ /pika_pose_l (9.4/100.0) | BAD_HZ /camera_fisheye_r/ffmpeg (0.0/30.0)
2026-02-09T13:12:25Z,05,n_mora,SKILL_007_20260209_131225,402.99,7607.65,FALSE,SKILL_007,Separate tongue depressors by color,BAD_HZ /camera_r/depth/image_rect_raw (14.2/30.0) | BAD_HZ /camera_l/depth/image_rect_raw (13.7/30.0) | BAD_HZ /camera_fisheye_r/ffmpeg (0.0/30.0)
2026-02-09T07:42:20Z,05,d_vargas,SKILL_007_20260209_074220,470.98,9309.48,FALSE,SKILL_007,Separate tongue depressors by color,BAD_HZ /camera_r/depth/image_rect_raw (14.9/30.0) | BAD_HZ /camera_l/depth/image_rect_raw (14.1/30.0) | BAD_HZ /camera_fisheye_r/ffmpeg (0.0/30.0)
2026-02-09T16:36:53Z,05,n_mora,SKILL_005_20260209_163653,168.17,2419.72,FALSE,SKILL_005,Insert allen keys in package,BAD_HZ /camera_r/depth/image_rect_raw (11.1/30.0) | BAD_HZ /camera_l/depth/image_rect_raw (9.8/30.0) | BAD_HZ /gripper_r/data (92.7/120.0) | BAD_HZ /camera_fisheye_r/ffmpeg (0.0/30.0) | BAD_HZ /gripper_l/data (93.9/120.0)
2026-02-09T16:31:34Z,05,n_mora,SKILL_005_20260209_163134,204.81,2691.27,FALSE,SKILL_005,Insert allen keys in package,BAD_HZ /camera_r/depth/image_rect_raw (10.0/30.0) | BAD_HZ /camera_l/depth/image_rect_raw (8.6/30.0) | BAD_HZ /gripper_r/data (78.6/120.0) | BAD_HZ /pika_pose_l (77.3/100.0) | BAD_HZ /camera_fisheye_r/ffmpeg (0.0/30.0) | BAD_HZ /gripper_l/data (79.6/120.0) | BAD_HZ /pika_pose_r (75.5/100.0)
2026-02-09T12:26:37Z,05,l_aguilera,SKILL_005_20260209_122636,194.81,3876.03,FALSE,SKILL_005,Insert allen keys in package,BAD_HZ /camera_r/depth/image_rect_raw (13.9/30.0) | BAD_HZ /camera_l/depth/image_rect_raw (14.7/30.0) | BAD_HZ /gripper_r/data (95.2/120.0) | BAD_HZ /gripper_l/data (96.6/120.0)
2026-02-09T12:15:06Z,05,l_aguilera,SKILL_005_20260209_121506,225.76,5144.21,FALSE,SKILL_005,Insert allen keys in package,BAD_HZ /camera_r/depth/image_rect_raw (17.4/30.0) | BAD_HZ /camera_l/depth/image_rect_raw (16.1/30.0)
2026-02-09T12:11:04Z,05,l_aguilera,SKILL_005_20260209_121103,205.20,4734.15,FALSE,SKILL_005,Insert allen keys in package,BAD_HZ /camera_l/depth/image_rect_raw (16.3/30.0) | BAD_HZ /camera_r/depth/image_rect_raw (17.6/30.0)
2026-02-09T12:07:44Z,05,l_aguilera,SKILL_005_20260209_120744,63.01,825.93,FALSE,SKILL_005,Insert allen keys in package,TOO_SHORT (63.0s < 90.0s) | BAD_HZ /camera_r/depth/image_rect_raw (0.0/30.0) | BAD_HZ /camera_l/depth/image_rect_raw (19.9/30.0) | BAD_HZ /camera_fisheye_r/ffmpeg (0.0/30.0) | BAD_HZ /camera_r/ffmpeg (0.0/30.0)
2026-02-09T11:10:53Z,05,c_becerra,SKILL_005_20260209_111053,249.76,5231.12,FALSE,SKILL_005,Insert allen keys in package,BAD_HZ /camera_fisheye_r/ffmpeg (0.0/30.0) | BAD_HZ /camera_r/depth/image_rect_raw (15.6/30.0) | BAD_HZ /camera_l/depth/image_rect_raw (16.6/30.0)
2026-02-09T12:20:03Z,05,l_aguilera,SKILL_013_20260209_122003,166.48,3698.14,FALSE,SKILL_013,Set up a hand lamp,BAD_HZ /camera_l/depth/image_rect_raw (15.2/30.0) | BAD_HZ /camera_r/depth/image_rect_raw (17.7/30.0)
2026-02-09T16:45:24Z,05,n_mora,SKILL_012_20260209_164524,139.01,2025.82,FALSE,SKILL_012,Put pasta in jars,BAD_HZ /camera_r/depth/image_rect_raw (10.8/30.0) | BAD_HZ /camera_l/depth/image_rect_raw (10.2/30.0) | BAD_HZ /camera_fisheye_r/ffmpeg (0.0/30.0)
2026-02-09T16:42:03Z,05,n_mora,SKILL_012_20260209_164203,154.89,2436.97,FALSE,SKILL_012,Put pasta in jars,BAD_HZ /camera_l/depth/image_rect_raw (11.1/30.0) | BAD_HZ /camera_fisheye_r/ffmpeg (0.0/30.0) | BAD_HZ /camera_r/depth/image_rect_raw (11.8/30.0)
2026-02-09T14:42:59Z,05,n_mora,SKILL_012_20260209_144259,141.92,2670.18,FALSE,SKILL_012,Put pasta in jars,BAD_HZ /pika_pose_r (0.0/100.0) | BAD_HZ /camera_r/depth/image_rect_raw (15.0/30.0) | BAD_HZ /camera_l/depth/image_rect_raw (14.8/30.0) | BAD_HZ /pika_pose_l (0.0/100.0) | BAD_HZ /camera_fisheye_l/ffmpeg (0.0/30.0) | BAD_HZ /camera_fisheye_r/ffmpeg (0.0/30.0)
2026-02-09T14:38:32Z,05,n_mora,SKILL_012_20260209_143832,139.72,2655.85,FALSE,SKILL_012,Put pasta in jars,BAD_HZ /camera_l/depth/image_rect_raw (15.0/30.0) | BAD_HZ /pika_pose_l (0.0/100.0) | BAD_HZ /camera_fisheye_l/ffmpeg (0.0/30.0) | BAD_HZ /camera_fisheye_r/ffmpeg (0.0/30.0) | BAD_HZ /pika_pose_r (0.0/100.0) | BAD_HZ /camera_r/depth/image_rect_raw (15.2/30.0)
2026-02-09T09:34:39Z,05,c_becerra,SKILL_012_20260209_093439,176.57,3574.97,FALSE,SKILL_012,Put pasta in jars,BAD_HZ /camera_fisheye_r/ffmpeg (0.0/30.0) | BAD_HZ /pika_pose_r (0.0/100.0) | BAD_HZ /camera_r/depth/image_rect_raw (14.6/30.0) | BAD_HZ /camera_l/depth/image_rect_raw (16.5/30.0) | BAD_HZ /pika_pose_l (0.0/100.0)
2026-02-09T09:30:12Z,05,c_becerra,SKILL_012_20260209_093012,174.77,2626.09,FALSE,SKILL_012,Put pasta in jars,BAD_HZ /camera_l/depth/image_rect_raw (12.8/30.0) | BAD_HZ /pika_pose_l (67.6/100.0) | BAD_HZ /camera_fisheye_r/ffmpeg (20.9/30.0) | BAD_HZ /camera_r/ffmpeg (18.1/30.0) | BAD_HZ /pika_pose_r (66.9/100.0) | BAD_HZ /camera_r/depth/image_rect_raw (8.0/30.0)
2026-02-09T09:26:11Z,05,c_becerra,SKILL_012_20260209_092611,182.45,3200.02,FALSE,SKILL_012,Put pasta in jars,BAD_HZ /camera_r/depth/image_rect_raw (12.3/30.0) | BAD_HZ /camera_l/depth/image_rect_raw (12.0/30.0) | BAD_HZ /gripper_r/data (99.1/120.0) | BAD_HZ /gripper_l/data (99.9/120.0)
2026-02-09T08:55:50Z,05,d_vargas,SKILL_012_20260209_085550,85.62,1604.99,FALSE,SKILL_012,Put pasta in jars,TOO_SHORT (85.6s < 90.0s) | BAD_HZ /gripper_r/data (98.5/120.0) | BAD_HZ /gripper_l/data (100.1/120.0) | BAD_HZ /camera_r/depth/image_rect_raw (13.5/30.0) | BAD_HZ /camera_l/depth/image_rect_raw (12.8/30.0)
2026-02-09T08:52:32Z,05,d_vargas,SKILL_012_20260209_085232,161.04,2947.91,FALSE,SKILL_012,Put pasta in jars,BAD_HZ /camera_r/depth/image_rect_raw (13.2/30.0) | BAD_HZ /camera_l/depth/image_rect_raw (12.3/30.0) | BAD_HZ /gripper_r/data (101.9/120.0)
2026-02-09T08:49:30Z,05,d_vargas,SKILL_012_20260209_084930,145.59,2618.37,FALSE,SKILL_012,Put pasta in jars,BAD_HZ /camera_l/depth/image_rect_raw (12.8/30.0) | BAD_HZ /gripper_r/data (100.6/120.0) | BAD_HZ /gripper_l/data (101.2/120.0) | BAD_HZ /camera_r/depth/image_rect_raw (12.2/30.0)
2026-02-09T08:46:26Z,05,d_vargas,SKILL_012_20260209_084625,137.59,2492.70,FALSE,SKILL_012,Put pasta in jars,BAD_HZ /camera_r/depth/image_rect_raw (12.8/30.0) | BAD_HZ /camera_l/depth/image_rect_raw (12.3/30.0)
2026-02-09T08:25:47Z,05,d_vargas,SKILL_011_20260209_082547,262.65,5151.93,FALSE,SKILL_011,Package plastic ice cubes,BAD_HZ /camera_r/depth/image_rect_raw (14.6/30.0) | BAD_HZ /camera_l/depth/image_rect_raw (13.4/30.0)
2026-02-09T08:20:10Z,05,d_vargas,SKILL_011_20260209_082010,302.80,6012.54,FALSE,SKILL_011,Package plastic ice cubes,BAD_HZ /camera_r/depth/image_rect_raw (15.0/30.0) | BAD_HZ /camera_l/depth/image_rect_raw (13.5/30.0)
2026-02-09T08:20:08Z,05,d_vargas,SKILL_011_20260209_082007,0.61,37.75,FALSE,SKILL_011,Package plastic ice cubes,TOO_SHORT (1.8s < 90.0s) | BAD_HZ /gripper_l/data (99.1/120.0) | BAD_HZ /camera_r/depth/image_rect_raw (16.8/30.0) | BAD_HZ /camera_l/depth/image_rect_raw (15.2/30.0)
2026-02-09T09:40:20Z,05,c_becerra,SKILL_010_20260209_094020,238.58,2661.59,FALSE,SKILL_010,Package earphones,BAD_HZ /camera_r/depth/image_rect_raw (0.0/30.0) | BAD_HZ /camera_l/depth/image_rect_raw (16.4/30.0) | BAD_HZ /pika_pose_l (0.0/100.0) | BAD_HZ /camera_fisheye_r/ffmpeg (0.0/30.0) | BAD_HZ /camera_l/ffmpeg (25.3/30.0) | BAD_HZ /camera_r/ffmpeg (0.0/30.0) | BAD_HZ /pika_pose_r (0.0/100.0)
2026-02-09T16:25:16Z,05,n_mora,SKILL_009_20260209_162516,254.62,3424.36,FALSE,SKILL_009,Package Cotton set,BAD_HZ /camera_r/depth/image_rect_raw (10.5/30.0) | BAD_HZ /camera_l/depth/image_rect_raw (9.1/30.0) | BAD_HZ /gripper_r/data (79.4/120.0) | BAD_HZ /pika_pose_l (78.4/100.0) | BAD_HZ /camera_fisheye_r/ffmpeg (0.0/30.0) | BAD_HZ /gripper_l/data (80.4/120.0) | BAD_HZ /pika_pose_r (76.4/100.0)
2026-02-09T14:18:49Z,05,n_mora,SKILL_009_20260209_141849,126.60,2352.43,FALSE,SKILL_009,Package Cotton set,BAD_HZ /camera_fisheye_l/ffmpeg (0.0/30.0) | BAD_HZ /camera_fisheye_r/ffmpeg (0.0/30.0) | BAD_HZ /pika_pose_r (0.0/100.0) | BAD_HZ /camera_r/depth/image_rect_raw (14.7/30.0) | BAD_HZ /camera_l/depth/image_rect_raw (15.1/30.0) | BAD_HZ /pika_pose_l (0.0/100.0)
2026-02-09T14:15:54Z,05,n_mora,SKILL_009_20260209_141554,152.26,2836.14,FALSE,SKILL_009,Package Cotton set,BAD_HZ /camera_l/depth/image_rect_raw (15.1/30.0) | BAD_HZ /pika_pose_l (0.0/100.0) | BAD_HZ /camera_fisheye_l/ffmpeg (0.0/30.0) | BAD_HZ /camera_fisheye_r/ffmpeg (0.0/30.0) | BAD_HZ /pika_pose_r (0.0/100.0) | BAD_HZ /camera_r/depth/image_rect_raw (14.6/30.0)
2026-02-09T12:23:24Z,05,l_aguilera,SKILL_013_20260209_122324,69.76,1262.83,FALSE,SKILL_013,Set up a hand lamp,TOO_SHORT (69.7s < 90.0s) | BAD_HZ /camera_l/depth/image_rect_raw (14.8/30.0) | BAD_HZ /camera_fisheye_r/ffmpeg (24.8/30.0) | BAD_HZ /camera_r/ffmpeg (20.2/30.0) | BAD_HZ /camera_r/depth/image_rect_raw (11.8/30.0)
2026-02-09T09:57:46Z,05,c_becerra,SKILL_027_20260209_095746,97.14,1812.59,FALSE,SKILL_027,Build a box and pack an item,BAD_HZ /pika_pose_l (0.0/100.0) | BAD_HZ /camera_fisheye_r/ffmpeg (0.0/30.0) | BAD_HZ /camera_r/ffmpeg (25.0/30.0) | BAD_HZ /pika_pose_r (0.0/100.0) | BAD_HZ /camera_r/depth/image_rect_raw (14.2/30.0) | BAD_HZ /camera_l/depth/image_rect_raw (14.6/30.0)
2026-02-09T10:31:50Z,05,c_becerra,SKILL_025_20260209_103150,174.79,3439.87,FALSE,SKILL_025,Pack on a paper bag,BAD_HZ /camera_r/depth/image_rect_raw (15.3/30.0) | BAD_HZ /camera_l/depth/image_rect_raw (14.9/30.0) | BAD_HZ /pika_pose_l (0.0/100.0) | BAD_HZ /camera_fisheye_r/ffmpeg (0.0/30.0) | BAD_HZ /pika_pose_r (0.0/100.0)
2026-02-09T10:27:37Z,05,c_becerra,SKILL_025_20260209_102736,168.34,3088.90,FALSE,SKILL_025,Pack on a paper bag,BAD_HZ /camera_r/depth/image_rect_raw (14.7/30.0) | BAD_HZ /camera_l/depth/image_rect_raw (13.4/30.0) | BAD_HZ /pika_pose_l (0.0/100.0) | BAD_HZ /camera_fisheye_r/ffmpeg (0.0/30.0) | BAD_HZ /camera_r/ffmpeg (25.2/30.0) | BAD_HZ /pika_pose_r (0.0/100.0)
2026-02-09T10:24:01Z,05,c_becerra,SKILL_025_20260209_102401,152.88,2905.64,FALSE,SKILL_025,Pack on a paper bag,BAD_HZ /camera_r/depth/image_rect_raw (14.7/30.0) | BAD_HZ /camera_l/depth/image_rect_raw (14.5/30.0) | BAD_HZ /pika_pose_l (0.0/100.0) | BAD_HZ /camera_fisheye_r/ffmpeg (0.0/30.0) | BAD_HZ /camera_r/ffmpeg (25.1/30.0) | BAD_HZ /pika_pose_r (0.0/100.0)
2026-02-09T15:27:39Z,05,n_mora,SKILL_021_20260209_152739,147.03,2546.29,FALSE,SKILL_021,Build Up Box (Mailer),BAD_HZ /camera_fisheye_l/ffmpeg (0.0/30.0) | BAD_HZ /camera_fisheye_r/ffmpeg (0.0/30.0) | BAD_HZ /camera_r/depth/image_rect_raw (14.2/30.0) | BAD_HZ /camera_l/depth/image_rect_raw (13.6/30.0)
2026-02-09T15:24:44Z,05,n_mora,SKILL_021_20260209_152444,111.08,1887.33,FALSE,SKILL_021,Build Up Box (Mailer),BAD_HZ /camera_r/depth/image_rect_raw (13.9/30.0) | BAD_HZ /camera_l/depth/image_rect_raw (13.4/30.0) | BAD_HZ /camera_fisheye_l/ffmpeg (0.0/30.0) | BAD_HZ /camera_fisheye_r/ffmpeg (0.0/30.0)
2026-02-09T09:54:03Z,05,c_becerra,SKILL_021_20260209_095403,81.15,837.13,FALSE,SKILL_021,Build Up Box (Mailer),TOO_SHORT (81.2s < 90.0s) | BAD_HZ /pika_pose_l (0.0/100.0) | BAD_HZ /camera_fisheye_r/ffmpeg (0.0/30.0) | BAD_HZ /camera_r/ffmpeg (0.0/30.0) | BAD_HZ /pika_pose_r (0.0/100.0) | BAD_HZ /camera_r/depth/image_rect_raw (0.0/30.0) | BAD_HZ /camera_l/depth/image_rect_raw (15.5/30.0)
2026-02-09T09:50:54Z,05,c_becerra,SKILL_021_20260209_095054,121.99,1320.38,FALSE,SKILL_021,Build Up Box (Mailer),BAD_HZ /camera_fisheye_r/ffmpeg (0.0/30.0) | BAD_HZ /camera_l/ffmpeg (25.4/30.0) | BAD_HZ /camera_r/ffmpeg (0.0/30.0) | BAD_HZ /pika_pose_r (0.0/100.0) | BAD_HZ /camera_r/depth/image_rect_raw (0.0/30.0) | BAD_HZ /camera_l/depth/image_rect_raw (16.3/30.0) | BAD_HZ /pika_pose_l (0.0/100.0)
2026-02-09T09:46:41Z,05,c_becerra,SKILL_021_20260209_094641,159.95,1790.11,FALSE,SKILL_021,Build Up Box (Mailer),BAD_HZ /pika_pose_l (0.0/100.0) | BAD_HZ /camera_fisheye_r/ffmpeg (0.0/30.0) | BAD_HZ /camera_l/ffmpeg (25.4/30.0) | BAD_HZ /camera_r/ffmpeg (0.0/30.0) | BAD_HZ /pika_pose_r (0.0/100.0) | BAD_HZ /camera_r/depth/image_rect_raw (0.0/30.0) | BAD_HZ /camera_l/depth/image_rect_raw (16.8/30.0)
2026-02-09T12:35:24Z,05,l_aguilera,SKILL_014_20260209_123524,171.67,2726.93,FALSE,SKILL_014,Fasten nuts onto bolts,BAD_HZ /camera_r/ffmpeg (17.8/30.0) | BAD_HZ /camera_r/depth/image_rect_raw (8.3/30.0) | BAD_HZ /camera_l/depth/image_rect_raw (14.8/30.0) | BAD_HZ /gripper_r/data (101.2/120.0) | BAD_HZ /camera_fisheye_r/ffmpeg (19.9/30.0)
2026-02-09T15:20:04Z,05,n_mora,SKILL_014_20260209_152004,117.44,2081.84,FALSE,SKILL_014,Fasten nuts onto bolts,BAD_HZ /camera_l/depth/image_rect_raw (13.8/30.0) | BAD_HZ /camera_fisheye_l/ffmpeg (0.0/30.0) | BAD_HZ /camera_fisheye_r/ffmpeg (0.0/30.0) | BAD_HZ /camera_r/depth/image_rect_raw (14.5/30.0)
2026-02-09T15:14:31Z,05,n_mora,SKILL_014_20260209_151429,139.33,2137.56,FALSE,SKILL_014,Fasten nuts onto bolts,BAD_HZ /gripper_l/data (91.7/120.0) | BAD_HZ /camera_r/depth/image_rect_raw (10.4/30.0) | BAD_HZ /camera_l/depth/image_rect_raw (10.3/30.0) | BAD_HZ /gripper_r/data (90.7/120.0)
2026-02-09T09:21:45Z,05,c_becerra,SKILL_014_20260209_092145,184.84,3213.07,FALSE,SKILL_014,Fasten nuts onto bolts,BAD_HZ /camera_r/depth/image_rect_raw (12.0/30.0) | BAD_HZ /camera_l/depth/image_rect_raw (12.2/30.0) | BAD_HZ /gripper_r/data (100.1/120.0) | BAD_HZ /gripper_l/data (100.8/120.0)
2026-02-09T12:30:29Z,05,l_aguilera,SKILL_014_20260209_123028,235.79,4564.16,FALSE,SKILL_014,Fasten nuts onto bolts,BAD_HZ /camera_l/depth/image_rect_raw (14.4/30.0) | BAD_HZ /gripper_r/data (96.2/120.0) | BAD_HZ /gripper_l/data (97.5/120.0) | BAD_HZ /camera_r/depth/image_rect_raw (13.8/30.0)
2026-02-09T09:19:51Z,05,c_becerra,SKILL_014_20260209_091951,90.99,1512.57,FALSE,SKILL_014,Fasten nuts onto bolts,BAD_HZ /camera_r/depth/image_rect_raw (10.9/30.0) | BAD_HZ /camera_l/depth/image_rect_raw (12.1/30.0)
2026-02-09T09:14:39Z,05,c_becerra,SKILL_014_20260209_091438,274.14,4825.49,FALSE,SKILL_014,Fasten nuts onto bolts,BAD_HZ /camera_l/depth/image_rect_raw (12.5/30.0) | BAD_HZ /gripper_r/data (95.9/120.0) | BAD_HZ /gripper_l/data (97.1/120.0) | BAD_HZ /camera_r/depth/image_rect_raw (12.1/30.0)
2026-02-09T14:54:26Z,05,n_mora,SKILL_013_20260209_145426,199.21,3885.36,FALSE,SKILL_013,Set up a hand lamp,BAD_HZ /camera_l/depth/image_rect_raw (15.7/30.0) | BAD_HZ /pika_pose_l (0.0/100.0) | BAD_HZ /camera_fisheye_l/ffmpeg (0.0/30.0) | BAD_HZ /camera_fisheye_r/ffmpeg (0.0/30.0) | BAD_HZ /pika_pose_r (0.0/100.0) | BAD_HZ /camera_r/depth/image_rect_raw (15.8/30.0)
2026-02-09T14:51:22Z,05,n_mora,SKILL_013_20260209_145122,127.25,2464.38,FALSE,SKILL_013,Set up a hand lamp,BAD_HZ /camera_fisheye_l/ffmpeg (0.0/30.0) | BAD_HZ /camera_fisheye_r/ffmpeg (0.0/30.0) | BAD_HZ /pika_pose_r (0.0/100.0) | BAD_HZ /camera_r/depth/image_rect_raw (15.8/30.0) | BAD_HZ /camera_l/depth/image_rect_raw (15.4/30.0) | BAD_HZ /pika_pose_l (0.0/100.0)
2026-02-09T14:48:22Z,05,n_mora,SKILL_013_20260209_144822,121.64,2486.93,FALSE,SKILL_013,Set up a hand lamp,BAD_HZ /pika_pose_l (0.0/100.0) | BAD_HZ /camera_fisheye_l/ffmpeg (0.0/30.0) | BAD_HZ /camera_fisheye_r/ffmpeg (0.0/30.0) | BAD_HZ /pika_pose_r (0.0/100.0) | BAD_HZ /camera_r/depth/image_rect_raw (16.4/30.0) | BAD_HZ /camera_l/depth/image_rect_raw (16.6/30.0)
2026-02-10T13:04:05Z,01,n_mora,SKILL_012_20260210_130405,175.81,6326.95,FALSE,SKILL_012,Put pasta in jars,BAD_HZ /camera_fisheye_l/ffmpeg (0.0/30.0)
2026-02-10T13:03:36Z,01,n_mora,SKILL_012_20260210_130336,11.26,409.11,FALSE,SKILL_012,Put pasta in jars,TOO_SHORT (11.3s < 90.0s) | BAD_HZ /camera_fisheye_l/ffmpeg (0.0/30.0)
2026-02-10T12:25:19Z,01,n_mora,SKILL_001_20260210_122519,545.26,19864.82,FALSE,SKILL_001,Organize beads per color,BAD_HZ /camera_fisheye_l/ffmpeg (0.0/30.0)
2026-02-10T12:13:43Z,01,n_mora,SKILL_001_20260210_121343,588.39,21409.76,FALSE,SKILL_001,Organize beads per color,BAD_HZ /camera_fisheye_l/ffmpeg (0.0/30.0)
2026-02-10T12:11:19Z,01,n_mora,SKILL_001_20260210_121119,45.15,1639.54,FALSE,SKILL_001,Organize beads per color,TOO_SHORT (45.4s < 90.0s) | BAD_HZ /camera_fisheye_l/ffmpeg (0.0/30.0)
2026-02-09T10:21:19Z,05,c_becerra,SKILL_040_20260209_102119,60.73,1212.19,FALSE,SKILL_040,Fasten a belt,TOO_SHORT (60.7s < 90.0s) | BAD_HZ /camera_r/depth/image_rect_raw (15.8/30.0) | BAD_HZ /camera_l/depth/image_rect_raw (15.1/30.0) | BAD_HZ /pika_pose_l (0.0/100.0) | BAD_HZ /camera_fisheye_r/ffmpeg (0.0/30.0) | BAD_HZ /pika_pose_r (0.0/100.0)
2026-02-09T10:19:33Z,05,c_becerra,SKILL_040_20260209_101933,33.23,652.16,FALSE,SKILL_040,Fasten a belt,TOO_SHORT (33.2s < 90.0s) | BAD_HZ /camera_fisheye_r/ffmpeg (0.0/30.0) | BAD_HZ /camera_l/ffmpeg (24.9/30.0) | BAD_HZ /camera_r/ffmpeg (24.5/30.0) | BAD_HZ /pika_pose_r (0.0/100.0) | BAD_HZ /camera_r/depth/image_rect_raw (15.1/30.0) | BAD_HZ /camera_l/depth/image_rect_raw (15.7/30.0) | BAD_HZ /pika_pose_l (0.0/100.0)
2026-02-09T10:13:35Z,05,c_becerra,SKILL_040_20260209_101335,46.37,965.34,FALSE,SKILL_040,Fasten a belt,TOO_SHORT (46.3s < 90.0s) | BAD_HZ /pika_pose_l (0.0/100.0) | BAD_HZ /camera_fisheye_r/ffmpeg (0.0/30.0) | BAD_HZ /camera_l/ffmpeg (25.3/30.0) | BAD_HZ /pika_pose_r (0.0/100.0) | BAD_HZ /camera_r/depth/image_rect_raw (16.7/30.0) | BAD_HZ /camera_l/depth/image_rect_raw (15.5/30.0)
2026-02-09T16:02:15Z,05,n_mora,SKILL_030_20260209_160215,108.83,1537.06,FALSE,SKILL_030,Fold a shirt,BAD_HZ /gripper_l/data (54.5/120.0) | BAD_HZ /pika_pose_r (47.9/100.0) | BAD_HZ /camera_r/depth/image_rect_raw (9.7/30.0) | BAD_HZ /camera_l/depth/image_rect_raw (9.5/30.0) | BAD_HZ /gripper_r/data (52.5/120.0) | BAD_HZ /pika_pose_l (50.7/100.0)
2026-02-09T15:59:28Z,05,n_mora,SKILL_030_20260209_155928,118.89,1866.79,FALSE,SKILL_030,Fold a shirt,BAD_HZ /gripper_l/data (69.1/120.0) | BAD_HZ /pika_pose_r (63.5/100.0) | BAD_HZ /camera_r/depth/image_rect_raw (10.8/30.0) | BAD_HZ /camera_l/depth/image_rect_raw (11.1/30.0) | BAD_HZ /gripper_r/data (67.7/120.0) | BAD_HZ /pika_pose_l (66.2/100.0)
2026-02-09T15:56:26Z,05,n_mora,SKILL_030_20260209_155626,124.00,1887.77,FALSE,SKILL_030,Fold a shirt,BAD_HZ /gripper_l/data (66.2/120.0) | BAD_HZ /pika_pose_r (60.0/100.0) | BAD_HZ /camera_r/depth/image_rect_raw (10.3/30.0) | BAD_HZ /camera_l/depth/image_rect_raw (10.8/30.0) | BAD_HZ /gripper_r/data (64.8/120.0) | BAD_HZ /pika_pose_l (62.8/100.0)
2026-02-09T15:55:51Z,05,n_mora,SKILL_030_20260209_155551,0.96,15.02,FALSE,SKILL_030,Fold a shirt,TOO_SHORT (1.0s < 90.0s) | BAD_HZ /camera_l/depth/image_rect_raw (10.4/30.0) | BAD_HZ /gripper_r/data (64.4/120.0) | BAD_HZ /pika_pose_l (60.2/100.0) | BAD_HZ /gripper_l/data (65.4/120.0) | BAD_HZ /camera_l/ffmpeg (24.9/30.0) | BAD_HZ /pika_pose_r (57.1/100.0) | BAD_HZ /camera_r/depth/image_rect_raw (13.5/30.0)
2026-02-09T15:53:10Z,05,n_mora,SKILL_030_20260209_155308,161.10,2387.93,FALSE,SKILL_030,Fold a shirt,BAD_HZ /camera_r/depth/image_rect_raw (9.8/30.0) | BAD_HZ /camera_l/depth/image_rect_raw (10.4/30.0) | BAD_HZ /gripper_r/data (56.5/120.0) | BAD_HZ /pika_pose_l (54.8/100.0) | BAD_HZ /gripper_l/data (58.6/120.0) | BAD_HZ /pika_pose_r (52.2/100.0)
2026-02-09T10:47:15Z,05,c_becerra,SKILL_029_20260209_104713,370.04,6838.10,FALSE,SKILL_029,Button a shirt,BAD_HZ /camera_r/depth/image_rect_raw (11.4/30.0) | BAD_HZ /camera_l/depth/image_rect_raw (14.7/30.0) | BAD_HZ /camera_fisheye_r/ffmpeg (25.0/30.0) | BAD_HZ /camera_r/ffmpeg (22.1/30.0)
2026-02-09T16:19:21Z,05,n_mora,SKILL_027_20260209_161921,204.36,1917.53,FALSE,SKILL_027,Build a box and pack an item,BAD_HZ /camera_r/ffmpeg (0.0/30.0) | BAD_HZ /camera_r/depth/image_rect_raw (0.0/30.0) | BAD_HZ /camera_l/depth/image_rect_raw (13.5/30.0) | BAD_HZ /camera_fisheye_r/ffmpeg (0.0/30.0)
2026-02-09T16:13:34Z,05,n_mora,SKILL_027_20260209_161333,187.30,2578.96,FALSE,SKILL_027,Build a box and pack an item,BAD_HZ /pika_pose_r (53.0/100.0) | BAD_HZ /camera_r/depth/image_rect_raw (9.2/30.0) | BAD_HZ /camera_l/depth/image_rect_raw (9.2/30.0) | BAD_HZ /gripper_r/data (56.2/120.0) | BAD_HZ /pika_pose_l (55.4/100.0) | BAD_HZ /gripper_l/data (58.8/120.0)
2026-02-09T16:05:23Z,05,n_mora,SKILL_027_20260209_160523,223.94,3353.86,FALSE,SKILL_027,Build a box and pack an item,BAD_HZ /gripper_l/data (60.3/120.0) | BAD_HZ /pika_pose_r (54.2/100.0) | BAD_HZ /camera_r/depth/image_rect_raw (10.2/30.0) | BAD_HZ /camera_l/depth/image_rect_raw (10.5/30.0) | BAD_HZ /gripper_r/data (58.6/120.0) | BAD_HZ /pika_pose_l (57.0/100.0)
2026-02-09T10:10:29Z,05,c_becerra,SKILL_027_20260209_101029,71.28,1286.79,FALSE,SKILL_027,Build a box and pack an item,TOO_SHORT (71.2s < 90.0s) | BAD_HZ /camera_fisheye_r/ffmpeg (0.0/30.0) | BAD_HZ /camera_l/ffmpeg (24.6/30.0) | BAD_HZ /camera_r/ffmpeg (25.0/30.0) | BAD_HZ /pika_pose_r (0.0/100.0) | BAD_HZ /camera_r/depth/image_rect_raw (13.7/30.0) | BAD_HZ /camera_l/depth/image_rect_raw (14.0/30.0) | BAD_HZ /pika_pose_l (0.0/100.0)
2026-02-09T10:06:06Z,05,c_becerra,SKILL_027_20260209_100606,107.00,1964.11,FALSE,SKILL_027,Build a box and pack an item,BAD_HZ /camera_r/depth/image_rect_raw (14.4/30.0) | BAD_HZ /camera_l/depth/image_rect_raw (13.8/30.0) | BAD_HZ /pika_pose_l (0.0/100.0) | BAD_HZ /camera_fisheye_r/ffmpeg (0.0/30.0) | BAD_HZ /camera_l/ffmpeg (25.2/30.0) | BAD_HZ /camera_r/ffmpeg (25.4/30.0) | BAD_HZ /pika_pose_r (0.0/100.0)
2026-02-10T10:36:46Z,02,l_aguilera,SKILL_001_20260210_103646,699.90,23421.17,FALSE,SKILL_001,Organize beads per color,BAD_HZ /gripper_r/data (81.0/120.0) | BAD_HZ /pika_pose_l (70.3/100.0) | BAD_HZ /camera_fisheye_l/ffmpeg (0.0/30.0) | BAD_HZ /camera_fisheye_r/ffmpeg (24.7/30.0) | BAD_HZ /gripper_l/data (80.9/120.0) | BAD_HZ /pika_pose_r (70.1/100.0) | BAD_HZ /camera_l/depth/image_rect_raw (25.4/30.0)
2026-02-10T08:13:00Z,02,l_aguilera,SKILL_001_20260210_081300,661.99,24593.05,FALSE,SKILL_001,Organize beads per color,BAD_HZ /camera_fisheye_l/ffmpeg (0.0/30.0)
2026-02-10T07:21:10Z,02,n_mora,SKILL_001_20260210_072110,752.31,28230.62,FALSE,SKILL_001,Organize beads per color,BAD_HZ /camera_fisheye_l/ffmpeg (0.0/30.0)
2026-02-10T07:07:48Z,02,n_mora,SKILL_001_20260210_070748,650.42,24413.43,FALSE,SKILL_001,Organize beads per color,BAD_HZ /camera_fisheye_l/ffmpeg (0.0/30.0)
2026-02-10T13:45:46Z,01,n_mora,SKILL_035_20260210_134546,443.21,15296.91,FALSE,SKILL_035,Pack shoes in a box,BAD_HZ /gripper_l/data (99.2/120.0) | BAD_HZ /pika_pose_r (84.8/100.0) | BAD_HZ /gripper_r/data (97.8/120.0) | BAD_HZ /pika_pose_l (84.8/100.0) | BAD_HZ /camera_fisheye_l/ffmpeg (0.0/30.0)
2026-02-10T13:38:57Z,01,n_mora,SKILL_035_20260210_133857,348.93,12915.78,FALSE,SKILL_035,Pack shoes in a box,BAD_HZ /camera_fisheye_l/ffmpeg (0.0/30.0)
2026-02-10T13:33:53Z,01,n_mora,SKILL_035_20260210_133353,48.19,1749.25,FALSE,SKILL_035,Pack shoes in a box,TOO_SHORT (48.2s < 90.0s) | BAD_HZ /camera_fisheye_l/ffmpeg (0.0/30.0)
2026-02-10T13:32:48Z,01,n_mora,SKILL_035_20260210_133248,17.30,617.28,FALSE,SKILL_035,Pack shoes in a box,TOO_SHORT (17.3s < 90.0s) | BAD_HZ /camera_fisheye_l/ffmpeg (0.0/30.0)
2026-02-10T13:25:36Z,01,n_mora,SKILL_034_20260210_132536,243.97,8801.76,FALSE,SKILL_034,Tie Shoelaces,BAD_HZ /camera_fisheye_l/ffmpeg (0.0/30.0)
2026-02-10T13:18:15Z,01,n_mora,SKILL_032_20260210_131815,155.60,5505.97,FALSE,SKILL_032,Pack up Clothes in a paper bag,BAD_HZ /camera_fisheye_l/ffmpeg (0.0/30.0)
2026-02-10T13:15:09Z,01,n_mora,SKILL_026_20260210_131508,38.27,1357.14,FALSE,SKILL_026,Pack on a cardboard box (Present),TOO_SHORT (38.3s < 90.0s) | BAD_HZ /camera_fisheye_l/ffmpeg (0.0/30.0)
2026-02-10T13:13:46Z,01,n_mora,SKILL_026_20260210_131346,30.52,1086.51,FALSE,SKILL_026,Pack on a cardboard box (Present),TOO_SHORT (30.5s < 90.0s) | BAD_HZ /camera_fisheye_l/ffmpeg (0.0/30.0)
2026-02-10T12:59:58Z,01,n_mora,SKILL_018_20260210_125958,91.81,3299.15,FALSE,SKILL_018,Close bags with twist ties,BAD_HZ /camera_fisheye_l/ffmpeg (0.0/30.0)
2026-02-10T12:54:01Z,01,n_mora,SKILL_018_20260210_125401,128.15,4630.66,FALSE,SKILL_018,Close bags with twist ties,BAD_HZ /camera_fisheye_l/ffmpeg (0.0/30.0)
2026-02-10T12:48:37Z,01,n_mora,SKILL_017_20260210_124837,187.82,6707.17,FALSE,SKILL_017,Put pasta in ziploc bags,BAD_HZ /camera_fisheye_l/ffmpeg (0.0/30.0)
2026-02-10T12:43:15Z,01,n_mora,SKILL_017_20260210_124315,193.08,6943.50,FALSE,SKILL_017,Put pasta in ziploc bags,BAD_HZ /camera_fisheye_l/ffmpeg (0.0/30.0)
2026-02-10T12:38:50Z,01,n_mora,SKILL_017_20260210_123850,172.68,6155.05,FALSE,SKILL_017,Put pasta in ziploc bags,BAD_HZ /camera_fisheye_l/ffmpeg (0.0/30.0)
2026-02-10T13:09:42Z,01,n_mora,SKILL_012_20260210_130942,127.30,4579.77,FALSE,SKILL_012,Put pasta in jars,BAD_HZ /camera_fisheye_l/ffmpeg (0.0/30.0)
2026-02-10T14:28:50Z,02,c_becerra,SKILL_001_20260210_142848,251.28,8878.12,FALSE,SKILL_001,Organize beads per color,BAD_HZ /camera_fisheye_l/ffmpeg (0.0/30.0)
2026-02-10T14:33:02Z,02,c_becerra,SKILL_001_20260210_143301,0.62,37.37,FALSE,SKILL_001,Organize beads per color,TOO_SHORT (0.6s < 90.0s) | BAD_HZ /camera_l/ffmpeg (45.5/30.0) | BAD_HZ /camera_r/ffmpeg (45.5/30.0) | BAD_HZ /pika_pose_r (71.5/100.0) | BAD_HZ /camera_r/depth/image_rect_raw (47.1/30.0) | BAD_HZ /camera_l/depth/image_rect_raw (45.5/30.0) | BAD_HZ /gripper_r/data (69.9/120.0) | BAD_HZ /pika_pose_l (71.5/100.0) | BAD_HZ /camera_fisheye_l/ffmpeg (0.0/30.0) | BAD_HZ /camera_fisheye_r/ffmpeg (45.5/30.0) | BAD_HZ /gripper_l/data (69.9/120.0)
2026-02-10T08:37:32Z,02,l_aguilera,SKILL_004_20260210_083732,50.43,1870.09,FALSE,SKILL_004,Set Screwdriver package,TOO_SHORT (50.4s < 90.0s) | BAD_HZ /camera_fisheye_l/ffmpeg (0.0/30.0)
2026-02-10T08:36:14Z,02,l_aguilera,SKILL_004_20260210_083614,55.92,2077.04,FALSE,SKILL_004,Set Screwdriver package,TOO_SHORT (55.9s < 90.0s) | BAD_HZ /camera_fisheye_l/ffmpeg (0.0/30.0)
2026-02-10T08:35:07Z,02,l_aguilera,SKILL_004_20260210_083507,44.05,1650.07,FALSE,SKILL_004,Set Screwdriver package,TOO_SHORT (44.0s < 90.0s) | BAD_HZ /camera_fisheye_l/ffmpeg (0.0/30.0)
2026-02-10T08:33:51Z,02,l_aguilera,SKILL_004_20260210_083351,54.67,2021.66,FALSE,SKILL_004,Set Screwdriver package,TOO_SHORT (54.7s < 90.0s) | BAD_HZ /camera_fisheye_l/ffmpeg (0.0/30.0)
2026-02-10T07:58:47Z,02,n_mora,SKILL_004_20260210_075847,48.43,1791.44,FALSE,SKILL_004,Set Screwdriver package,TOO_SHORT (48.4s < 90.0s) | BAD_HZ /camera_fisheye_l/ffmpeg (0.0/30.0)
2026-02-10T07:56:55Z,02,n_mora,SKILL_004_20260210_075655,74.89,2758.48,FALSE,SKILL_004,Set Screwdriver package,TOO_SHORT (74.9s < 90.0s) | BAD_HZ /camera_fisheye_l/ffmpeg (0.0/30.0)
2026-02-10T15:25:57Z,02,l_aguilera,SKILL_003_20260210_152556,209.60,8095.53,FALSE,SKILL_003,Organize screwdriver bits,BAD_HZ /camera_fisheye_r/ffmpeg (0.0/30.0)
2026-02-10T14:56:37Z,02,c_becerra,SKILL_003_20260210_145637,179.97,6642.76,FALSE,SKILL_003,Organize screwdriver bits,BAD_HZ /camera_fisheye_r/ffmpeg (0.0/30.0)
2026-02-10T14:51:53Z,02,c_becerra,SKILL_003_20260210_145153,187.30,6865.30,FALSE,SKILL_003,Organize screwdriver bits,BAD_HZ /camera_fisheye_r/ffmpeg (0.0/30.0)
2026-02-10T14:45:58Z,02,c_becerra,SKILL_003_20260210_144558,208.68,7944.99,FALSE,SKILL_003,Organize screwdriver bits,BAD_HZ /camera_fisheye_r/ffmpeg (0.0/30.0)
2026-02-10T10:55:53Z,02,l_aguilera,SKILL_003_20260210_105553,152.68,5905.97,FALSE,SKILL_003,Organize screwdriver bits,BAD_HZ /camera_fisheye_l/ffmpeg (0.0/30.0)
2026-02-10T10:50:22Z,02,l_aguilera,SKILL_003_20260210_105022,231.76,8769.56,FALSE,SKILL_003,Organize screwdriver bits,BAD_HZ /camera_fisheye_l/ffmpeg (0.0/30.0)
2026-02-10T08:29:09Z,02,l_aguilera,SKILL_003_20260210_082909,202.95,7513.71,FALSE,SKILL_003,Organize screwdriver bits,BAD_HZ /camera_fisheye_l/ffmpeg (0.0/30.0)
2026-02-10T08:25:06Z,02,l_aguilera,SKILL_003_20260210_082506,182.94,6772.82,FALSE,SKILL_003,Organize screwdriver bits,BAD_HZ /camera_fisheye_l/ffmpeg (0.0/30.0)
2026-02-10T07:51:26Z,02,n_mora,SKILL_003_20260210_075126,239.51,8796.57,FALSE,SKILL_003,Organize screwdriver bits,BAD_HZ /camera_fisheye_l/ffmpeg (0.0/30.0)
2026-02-10T07:45:26Z,02,n_mora,SKILL_003_20260210_074526,281.77,10308.24,FALSE,SKILL_003,Organize screwdriver bits,BAD_HZ /camera_fisheye_l/ffmpeg (0.0/30.0)
2026-02-10T07:38:56Z,02,n_mora,SKILL_002_20260210_073855,257.73,9471.50,FALSE,SKILL_002,Organize beads per character,BAD_HZ /camera_fisheye_l/ffmpeg (0.0/30.0)
2026-02-10T15:15:54Z,02,l_aguilera,SKILL_001_20260210_151554,367.17,13261.12,FALSE,SKILL_001,Organize beads per color,BAD_HZ /camera_fisheye_r/ffmpeg (0.0/30.0)
2026-02-10T14:35:52Z,02,c_becerra,SKILL_001_20260210_143552,460.78,16084.41,FALSE,SKILL_001,Organize beads per color,BAD_HZ /camera_fisheye_r/ffmpeg (0.0/30.0) | BAD_HZ /gripper_l/data (100.1/120.0) | BAD_HZ /gripper_r/data (100.1/120.0)
2026-02-10T09:12:39Z,02,l_aguilera,SKILL_020_20260210_091239,82.35,2908.11,FALSE,SKILL_020,Open locks with their keys,TOO_SHORT (82.3s < 90.0s) | BAD_HZ /camera_fisheye_l/ffmpeg (0.0/30.0)
2026-02-10T09:10:44Z,02,l_aguilera,SKILL_020_20260210_091044,70.95,2550.18,FALSE,SKILL_020,Open locks with their keys,TOO_SHORT (70.9s < 90.0s) | BAD_HZ /camera_fisheye_l/ffmpeg (0.0/30.0)
2026-02-10T09:09:06Z,02,l_aguilera,SKILL_020_20260210_090906,59.44,2161.95,FALSE,SKILL_020,Open locks with their keys,TOO_SHORT (59.4s < 90.0s) | BAD_HZ /camera_fisheye_l/ffmpeg (0.0/30.0)
2026-02-10T09:07:00Z,02,l_aguilera,SKILL_020_20260210_090700,70.77,2579.83,FALSE,SKILL_020,Open locks with their keys,TOO_SHORT (70.8s < 90.0s) | BAD_HZ /camera_fisheye_l/ffmpeg (0.0/30.0)
2026-02-10T08:09:07Z,02,n_mora,SKILL_020_20260210_080907,124.17,4506.54,FALSE,SKILL_020,Open locks with their keys,BAD_HZ /camera_fisheye_l/ffmpeg (0.0/30.0)
2026-02-10T08:06:09Z,02,n_mora,SKILL_020_20260210_080609,123.65,4475.91,FALSE,SKILL_020,Open locks with their keys,BAD_HZ /camera_fisheye_l/ffmpeg (0.0/30.0)
2026-02-10T08:03:07Z,02,n_mora,SKILL_020_20260210_080307,111.20,3994.68,FALSE,SKILL_020,Open locks with their keys,BAD_HZ /camera_fisheye_l/ffmpeg (0.0/30.0)
2026-02-10T08:00:35Z,02,n_mora,SKILL_020_20260210_080035,123.64,4473.94,FALSE,SKILL_020,Open locks with their keys,BAD_HZ /camera_fisheye_l/ffmpeg (0.0/30.0)
2026-02-10T12:19:37Z,02,c_becerra,SKILL_018_20260210_121937,194.57,7346.14,FALSE,SKILL_018,Close bags with twist ties,BAD_HZ /camera_fisheye_l/ffmpeg (0.0/30.0)
2026-02-10T12:15:26Z,02,c_becerra,SKILL_018_20260210_121526,192.00,7254.31,FALSE,SKILL_018,Close bags with twist ties,BAD_HZ /camera_fisheye_l/ffmpeg (0.0/30.0)
2026-02-10T11:23:54Z,02,d_vargas,SKILL_018_20260210_112354,150.56,5674.04,FALSE,SKILL_018,Close bags with twist ties,BAD_HZ /camera_fisheye_l/ffmpeg (0.0/30.0)
2026-02-10T11:20:56Z,02,d_vargas,SKILL_018_20260210_112056,121.31,4578.28,FALSE,SKILL_018,Close bags with twist ties,BAD_HZ /camera_fisheye_l/ffmpeg (0.0/30.0)
2026-02-10T08:55:37Z,02,l_aguilera,SKILL_017_20260210_085537,183.58,6804.95,FALSE,SKILL_017,Put pasta in ziploc bags,BAD_HZ /camera_fisheye_l/ffmpeg (0.0/30.0)
2026-02-10T08:41:22Z,02,l_aguilera,SKILL_004_20260210_084122,49.74,1858.59,FALSE,SKILL_004,Set Screwdriver package,TOO_SHORT (49.7s < 90.0s) | BAD_HZ /camera_fisheye_l/ffmpeg (0.0/30.0)
2026-02-10T08:43:02Z,02,l_aguilera,SKILL_017_20260210_084302,280.97,10490.83,FALSE,SKILL_017,Put pasta in ziploc bags,BAD_HZ /camera_fisheye_l/ffmpeg (0.0/30.0)
2026-02-10T08:38:46Z,02,l_aguilera,SKILL_004_20260210_083846,71.04,2634.77,FALSE,SKILL_004,Set Screwdriver package,TOO_SHORT (71.0s < 90.0s) | BAD_HZ /camera_fisheye_l/ffmpeg (0.0/30.0)
2026-02-10T08:40:16Z,02,l_aguilera,SKILL_004_20260210_084016,50.70,1879.56,FALSE,SKILL_004,Set Screwdriver package,TOO_SHORT (50.7s < 90.0s) | BAD_HZ /camera_fisheye_l/ffmpeg (0.0/30.0)
2026-02-10T08:48:14Z,02,l_aguilera,SKILL_017_20260210_084814,282.67,10465.99,FALSE,SKILL_017,Put pasta in ziploc bags,BAD_HZ /camera_fisheye_l/ffmpeg (0.0/30.0)
2026-02-10T08:53:28Z,02,l_aguilera,SKILL_017_20260210_085328,67.56,2463.99,FALSE,SKILL_017,Put pasta in ziploc bags,TOO_SHORT (67.5s < 90.0s) | BAD_HZ /camera_fisheye_l/ffmpeg (0.0/30.0)
2026-02-10T09:25:39Z,02,l_aguilera,SKILL_023_20260210_092539,176.16,6391.46,FALSE,SKILL_023,Built up box (Present),BAD_HZ /camera_fisheye_l/ffmpeg (0.0/30.0)
2026-02-10T09:24:17Z,02,l_aguilera,SKILL_021_20260210_092417,46.10,1652.80,FALSE,SKILL_021,Build Up Box (Mailer),TOO_SHORT (46.1s < 90.0s) | BAD_HZ /camera_fisheye_l/ffmpeg (0.0/30.0)
2026-02-10T09:23:08Z,02,l_aguilera,SKILL_021_20260210_092308,44.10,1599.97,FALSE,SKILL_021,Build Up Box (Mailer),TOO_SHORT (44.1s < 90.0s) | BAD_HZ /camera_fisheye_l/ffmpeg (0.0/30.0)
2026-02-10T09:21:34Z,02,l_aguilera,SKILL_021_20260210_092134,40.79,1480.34,FALSE,SKILL_021,Build Up Box (Mailer),TOO_SHORT (40.8s < 90.0s) | BAD_HZ /camera_fisheye_l/ffmpeg (0.0/30.0)
2026-02-10T09:20:04Z,02,l_aguilera,SKILL_021_20260210_092004,56.62,2008.56,FALSE,SKILL_021,Build Up Box (Mailer),TOO_SHORT (56.6s < 90.0s) | BAD_HZ /camera_fisheye_l/ffmpeg (0.0/30.0)
2026-02-10T09:18:33Z,02,l_aguilera,SKILL_021_20260210_091833,54.41,1953.85,FALSE,SKILL_021,Build Up Box (Mailer),TOO_SHORT (54.4s < 90.0s) | BAD_HZ /camera_fisheye_l/ffmpeg (0.0/30.0)
2026-02-10T09:17:14Z,02,l_aguilera,SKILL_021_20260210_091714,48.15,1748.39,FALSE,SKILL_021,Build Up Box (Mailer),TOO_SHORT (48.2s < 90.0s) | BAD_HZ /camera_fisheye_l/ffmpeg (0.0/30.0)
2026-02-10T11:19:11Z,02,d_vargas,SKILL_020_20260210_111911,72.44,2704.84,FALSE,SKILL_020,Open locks with their keys,TOO_SHORT (72.4s < 90.0s) | BAD_HZ /camera_fisheye_l/ffmpeg (0.0/30.0)
2026-02-10T11:15:21Z,02,d_vargas,SKILL_020_20260210_111521,70.76,2717.69,FALSE,SKILL_020,Open locks with their keys,TOO_SHORT (70.7s < 90.0s) | BAD_HZ /camera_fisheye_l/ffmpeg (0.0/30.0)
2026-02-10T11:12:30Z,02,d_vargas,SKILL_020_20260210_111230,114.27,4410.53,FALSE,SKILL_020,Open locks with their keys,BAD_HZ /camera_fisheye_l/ffmpeg (0.0/30.0)
2026-02-10T11:11:52Z,02,d_vargas,SKILL_020_20260210_111152,2.86,107.28,FALSE,SKILL_020,Open locks with their keys,TOO_SHORT (2.9s < 90.0s) | BAD_HZ /gripper_r/data (99.4/120.0) | BAD_HZ /camera_fisheye_l/ffmpeg (0.0/30.0)
2026-02-10T11:09:03Z,02,d_vargas,SKILL_020_20260210_110903,90.62,3474.22,FALSE,SKILL_020,Open locks with their keys,BAD_HZ /camera_fisheye_l/ffmpeg (0.0/30.0)
2026-02-10T09:14:29Z,02,l_aguilera,SKILL_020_20260210_091429,72.57,2635.05,FALSE,SKILL_020,Open locks with their keys,TOO_SHORT (72.6s < 90.0s) | BAD_HZ /camera_fisheye_l/ffmpeg (0.0/30.0)
2026-02-10T11:17:10Z,02,d_vargas,SKILL_020_20260210_111710,76.47,2871.95,FALSE,SKILL_020,Open locks with their keys,TOO_SHORT (76.5s < 90.0s) | BAD_HZ /camera_fisheye_l/ffmpeg (0.0/30.0)
2026-02-10T09:41:02Z,02,l_aguilera,SKILL_028_20260210_094102,209.64,7935.58,FALSE,SKILL_028,Fold a T Shirt,BAD_HZ /camera_fisheye_l/ffmpeg (0.0/30.0)
2026-02-10T09:37:19Z,02,l_aguilera,SKILL_028_20260210_093719,185.28,6954.61,FALSE,SKILL_028,Fold a T Shirt,BAD_HZ /camera_fisheye_l/ffmpeg (0.0/30.0)
2026-02-10T13:12:31Z,02,c_becerra,SKILL_026_20260210_131231,48.74,1842.00,FALSE,SKILL_026,Pack on a cardboard box (Present),TOO_SHORT (48.7s < 90.0s) | BAD_HZ /camera_fisheye_l/ffmpeg (0.0/30.0)
2026-02-10T13:11:03Z,02,c_becerra,SKILL_026_20260210_131103,64.19,2390.46,FALSE,SKILL_026,Pack on a cardboard box (Present),TOO_SHORT (64.2s < 90.0s) | BAD_HZ /camera_fisheye_l/ffmpeg (0.0/30.0)
2026-02-10T13:09:30Z,02,c_becerra,SKILL_026_20260210_130930,66.68,2478.92,FALSE,SKILL_026,Pack on a cardboard box (Present),TOO_SHORT (66.7s < 90.0s) | BAD_HZ /camera_fisheye_l/ffmpeg (0.0/30.0)
2026-02-10T13:06:56Z,02,c_becerra,SKILL_026_20260210_130656,87.46,3274.44,FALSE,SKILL_026,Pack on a cardboard box (Present),TOO_SHORT (87.4s < 90.0s) | BAD_HZ /camera_fisheye_l/ffmpeg (0.0/30.0)
2026-02-10T09:33:05Z,02,l_aguilera,SKILL_023_20260210_093305,127.00,4531.94,FALSE,SKILL_023,Built up box (Present),BAD_HZ /camera_fisheye_l/ffmpeg (0.0/30.0)
2026-02-10T09:29:30Z,02,l_aguilera,SKILL_023_20260210_092930,148.15,5219.68,FALSE,SKILL_023,Built up box (Present),BAD_HZ /camera_fisheye_l/ffmpeg (0.0/30.0)
2026-02-10T12:32:19Z,02,c_becerra,SKILL_034_20260210_123219,312.06,11513.51,FALSE,SKILL_034,Tie Shoelaces,BAD_HZ /camera_fisheye_r/ffmpeg (0.0/30.0)
2026-02-10T10:22:19Z,02,l_aguilera,SKILL_034_20260210_102219,280.62,10716.27,FALSE,SKILL_034,Tie Shoelaces,BAD_HZ /camera_fisheye_l/ffmpeg (0.0/30.0)
2026-02-10T13:03:09Z,02,c_becerra,SKILL_032_20260210_130309,137.24,5193.83,FALSE,SKILL_032,Pack up Clothes in a paper bag,BAD_HZ /camera_fisheye_l/ffmpeg (0.0/30.0)
2026-02-10T13:00:01Z,02,c_becerra,SKILL_032_20260210_130001,123.83,4711.37,FALSE,SKILL_032,Pack up Clothes in a paper bag,BAD_HZ /camera_fisheye_l/ffmpeg (0.0/30.0)
2026-02-10T12:56:09Z,02,c_becerra,SKILL_032_20260210_125609,161.48,5925.75,FALSE,SKILL_032,Pack up Clothes in a paper bag,BAD_HZ /camera_fisheye_l/ffmpeg (0.0/30.0)
2026-02-10T10:17:12Z,02,l_aguilera,SKILL_032_20260210_101712,40.69,1507.41,FALSE,SKILL_032,Pack up Clothes in a paper bag,TOO_SHORT (40.7s < 90.0s) | BAD_HZ /camera_fisheye_l/ffmpeg (0.0/30.0)
2026-02-10T10:14:51Z,02,l_aguilera,SKILL_032_20260210_101451,58.50,2132.39,FALSE,SKILL_032,Pack up Clothes in a paper bag,TOO_SHORT (58.5s < 90.0s) | BAD_HZ /camera_fisheye_l/ffmpeg (0.0/30.0)
2026-02-10T10:12:47Z,02,l_aguilera,SKILL_031_20260210_101247,53.85,2008.18,FALSE,SKILL_031,Fold Pants,TOO_SHORT (53.8s < 90.0s) | BAD_HZ /camera_fisheye_l/ffmpeg (0.0/30.0)
2026-02-10T10:11:01Z,02,l_aguilera,SKILL_031_20260210_101101,61.87,2301.09,FALSE,SKILL_031,Fold Pants,TOO_SHORT (61.9s < 90.0s) | BAD_HZ /camera_fisheye_l/ffmpeg (0.0/30.0)
2026-02-10T10:09:34Z,02,l_aguilera,SKILL_031_20260210_100934,60.86,2300.59,FALSE,SKILL_031,Fold Pants,TOO_SHORT (60.9s < 90.0s) | BAD_HZ /camera_fisheye_l/ffmpeg (0.0/30.0)
2026-02-10T10:07:37Z,02,l_aguilera,SKILL_031_20260210_100737,49.97,1882.58,FALSE,SKILL_031,Fold Pants,TOO_SHORT (50.0s < 90.0s) | BAD_HZ /camera_fisheye_l/ffmpeg (0.0/30.0)
2026-02-10T10:06:21Z,02,l_aguilera,SKILL_031_20260210_100621,61.72,2321.48,FALSE,SKILL_031,Fold Pants,TOO_SHORT (61.7s < 90.0s) | BAD_HZ /camera_fisheye_l/ffmpeg (0.0/30.0)
2026-02-10T09:58:09Z,02,l_aguilera,SKILL_030_20260210_095809,76.09,2811.33,FALSE,SKILL_030,Fold a shirt,TOO_SHORT (76.1s < 90.0s) | BAD_HZ /camera_fisheye_l/ffmpeg (0.0/30.0)
2026-02-10T09:56:50Z,02,l_aguilera,SKILL_030_20260210_095650,59.95,2208.53,FALSE,SKILL_030,Fold a shirt,TOO_SHORT (59.9s < 90.0s) | BAD_HZ /camera_fisheye_l/ffmpeg (0.0/30.0)
2026-02-10T14:23:39Z,02,c_becerra,SKILL_029_20260210_142339,257.30,9435.29,FALSE,SKILL_029,Button a shirt,BAD_HZ /camera_fisheye_l/ffmpeg (0.0/30.0)
2026-02-10T14:17:34Z,02,c_becerra,SKILL_029_20260210_141733,234.51,8896.03,FALSE,SKILL_029,Button a shirt,BAD_HZ /camera_fisheye_l/ffmpeg (0.0/30.0)
2026-02-10T09:54:15Z,02,l_aguilera,SKILL_029_20260210_095415,75.75,2819.10,FALSE,SKILL_029,Button a shirt,TOO_SHORT (75.7s < 90.0s) | BAD_HZ /camera_fisheye_l/ffmpeg (0.0/30.0)
2026-02-10T09:50:21Z,02,l_aguilera,SKILL_029_20260210_095021,132.23,4826.39,FALSE,SKILL_029,Button a shirt,BAD_HZ /camera_fisheye_l/ffmpeg (0.0/30.0)
2026-02-10T09:46:18Z,02,l_aguilera,SKILL_029_20260210_094618,178.46,6569.66,FALSE,SKILL_029,Button a shirt,BAD_HZ /camera_fisheye_l/ffmpeg (0.0/30.0)
2026-02-10T07:41:31Z,03,e_martinez,SKILL_005_20260210_074131,155.73,5799.12,TRUE,SKILL_005,Insert allen keys in package,
2026-02-10T07:38:30Z,03,e_martinez,SKILL_005_20260210_073830,157.61,5924.74,TRUE,SKILL_005,Insert allen keys in package,
2026-02-10T07:34:12Z,03,e_martinez,SKILL_004_20260210_073412,166.91,6324.06,TRUE,SKILL_004,Set Screwdriver package,
2026-02-10T07:32:09Z,03,e_martinez,SKILL_004_20260210_073209,92.37,3477.14,TRUE,SKILL_004,Set Screwdriver package,
2026-02-10T07:26:55Z,03,e_martinez,SKILL_004_20260210_072655,290.32,11011.06,TRUE,SKILL_004,Set Screwdriver package,
2026-02-10T07:18:57Z,03,e_martinez,SKILL_004_20260210_071857,421.20,15864.02,TRUE,SKILL_004,Set Screwdriver package,
2026-02-10T07:14:11Z,03,e_martinez,SKILL_004_20260210_071411,252.56,9521.69,TRUE,SKILL_004,Set Screwdriver package,
2026-02-10T15:25:14Z,03,d_vargas,SKILL_003_20260210_152514,62.50,2193.35,FALSE,SKILL_003,Organize screwdriver bits,TOO_SHORT (62.5s < 90.0s)
2026-02-10T15:16:24Z,03,d_vargas,SKILL_003_20260210_151624,496.01,17373.92,TRUE,SKILL_003,Organize screwdriver bits,
2026-02-10T14:37:43Z,03,e_martinez,SKILL_003_20260210_143743,385.34,14194.58,TRUE,SKILL_003,Organize screwdriver bits,
2026-02-10T14:33:19Z,03,e_martinez,SKILL_003_20260210_143319,175.94,6459.90,TRUE,SKILL_003,Organize screwdriver bits,
2026-02-10T07:02:31Z,03,e_martinez,SKILL_002_20260210_070231,597.43,22644.71,TRUE,SKILL_002,Organize beads per character,
2026-02-10T15:05:27Z,03,d_vargas,SKILL_001_20260210_150527,589.48,21256.82,TRUE,SKILL_001,Organize beads per color,
2026-02-10T14:16:59Z,03,e_martinez,SKILL_001_20260210_141659,629.32,23380.57,TRUE,SKILL_001,Organize beads per color,
2026-02-10T15:12:16Z,02,l_aguilera,SKILL_036_20260210_151216,135.87,5125.33,FALSE,SKILL_036,Fold Socks,BAD_HZ /camera_fisheye_r/ffmpeg (0.0/30.0)
2026-02-10T15:06:49Z,02,l_aguilera,SKILL_036_20260210_150648,211.10,7647.11,FALSE,SKILL_036,Fold Socks,BAD_HZ /camera_l/depth/image_rect_raw (23.6/30.0) | BAD_HZ /camera_fisheye_r/ffmpeg (0.0/30.0)
2026-02-10T10:31:49Z,02,l_aguilera,SKILL_035_20260210_103149,230.49,8882.34,FALSE,SKILL_035,Pack shoes in a box,BAD_HZ /camera_fisheye_l/ffmpeg (0.0/30.0)
2026-02-10T10:28:38Z,02,l_aguilera,SKILL_035_20260210_102838,158.42,6013.36,FALSE,SKILL_035,Pack shoes in a box,BAD_HZ /camera_fisheye_l/ffmpeg (0.0/30.0)
2026-02-10T12:41:59Z,02,c_becerra,SKILL_034_20260210_124159,311.91,11530.27,FALSE,SKILL_034,Tie Shoelaces,BAD_HZ /camera_fisheye_l/ffmpeg (0.0/30.0)
2026-02-10T12:10:23Z,03,e_martinez,SKILL_014_20260210_121023,487.20,17766.40,TRUE,SKILL_014,Fasten nuts onto bolts,
2026-02-10T12:04:27Z,03,e_martinez,SKILL_013_20260210_120427,116.18,4329.88,TRUE,SKILL_013,Set up a hand lamp,
2026-02-10T12:02:38Z,03,e_martinez,SKILL_013_20260210_120238,70.50,2586.46,FALSE,SKILL_013,Set up a hand lamp,TOO_SHORT (70.9s < 90.0s)
2026-02-10T16:48:57Z,03,d_vargas,SKILL_010_20260210_164857,335.48,12149.85,TRUE,SKILL_010,Package earphones,
2026-02-10T16:44:53Z,03,d_vargas,SKILL_010_20260210_164452,215.59,7699.03,TRUE,SKILL_010,Package earphones,
2026-02-10T08:40:39Z,03,e_martinez,SKILL_010_20260210_084039,229.91,8530.02,TRUE,SKILL_010,Package earphones,
2026-02-10T08:36:27Z,03,e_martinez,SKILL_009_20260210_083627,153.82,5677.16,TRUE,SKILL_009,Package Cotton set,
2026-02-10T15:49:37Z,03,d_vargas,SKILL_007_20260210_154937,510.37,18400.65,FALSE,SKILL_007,Separate tongue depressors by color,BAD_HZ /camera_r/depth/image_rect_raw (24.8/30.0)
2026-02-10T07:55:41Z,03,e_martinez,SKILL_007_20260210_075541,271.61,10272.88,TRUE,SKILL_007,Separate tongue depressors by color,
2026-02-10T07:48:14Z,03,e_martinez,SKILL_007_20260210_074814,406.21,15427.25,TRUE,SKILL_007,Separate tongue depressors by color,
2026-02-10T15:46:15Z,03,d_vargas,SKILL_005_20260210_154615,152.61,5266.99,FALSE,SKILL_005,Insert allen keys in package,BAD_HZ /camera_r/depth/image_rect_raw (23.8/30.0)
2026-02-10T15:42:58Z,03,d_vargas,SKILL_005_20260210_154258,168.26,5927.89,FALSE,SKILL_005,Insert allen keys in package,BAD_HZ /camera_r/depth/image_rect_raw (24.9/30.0)
2026-02-10T15:39:22Z,03,d_vargas,SKILL_005_20260210_153922,184.60,6602.84,TRUE,SKILL_005,Insert allen keys in package,
2026-02-10T15:28:30Z,03,d_vargas,SKILL_005_20260210_152830,490.52,17954.43,TRUE,SKILL_005,Insert allen keys in package,
2026-02-10T14:53:07Z,03,e_martinez,SKILL_005_20260210_145307,146.23,5093.39,TRUE,SKILL_005,Insert allen keys in package,
2026-02-10T14:50:17Z,03,e_martinez,SKILL_005_20260210_145017,147.27,5201.17,TRUE,SKILL_005,Insert allen keys in package,
2026-02-10T08:29:25Z,03,e_martinez,SKILL_009_20260210_082925,395.88,14618.99,TRUE,SKILL_009,Package Cotton set,
2026-02-10T07:44:34Z,03,e_martinez,SKILL_005_20260210_074434,163.34,6117.66,TRUE,SKILL_005,Insert allen keys in package,
2026-02-10T12:20:23Z,03,e_martinez,SKILL_015_20260210_122023,300.14,11042.31,TRUE,SKILL_015,Thread a needle,
2026-02-10T14:46:37Z,03,e_martinez,SKILL_005_20260210_144637,153.04,5475.86,TRUE,SKILL_005,Insert allen keys in package,
2026-02-10T13:43:57Z,03,e_martinez,SKILL_033_20260210_134357,226.57,8480.19,TRUE,SKILL_033,Fold towels,
2026-02-10T13:38:35Z,03,e_martinez,SKILL_029_20260210_133835,183.07,7082.95,TRUE,SKILL_029,Button a shirt,
2026-02-10T13:33:03Z,03,e_martinez,SKILL_029_20260210_133303,178.33,6111.84,FALSE,SKILL_029,Button a shirt,BAD_HZ /camera_r/depth/image_rect_raw (23.8/30.0)
2026-02-10T13:27:28Z,03,e_martinez,SKILL_028_20260210_132728,193.39,7035.35,TRUE,SKILL_028,Fold a T Shirt,
2026-02-10T13:21:47Z,03,e_martinez,SKILL_028_20260210_132147,200.76,7246.95,TRUE,SKILL_028,Fold a T Shirt,
2026-02-10T13:16:33Z,03,e_martinez,SKILL_027_20260210_131633,89.96,3184.81,FALSE,SKILL_027,Build a box and pack an item,TOO_SHORT (89.9s < 90.0s)
2026-02-10T13:14:04Z,03,e_martinez,SKILL_027_20260210_131404,76.34,2682.48,FALSE,SKILL_027,Build a box and pack an item,TOO_SHORT (76.3s < 90.0s)
2026-02-10T13:11:25Z,03,e_martinez,SKILL_027_20260210_131125,111.51,3975.16,TRUE,SKILL_027,Build a box and pack an item,
2026-02-10T14:12:29Z,03,e_martinez,SKILL_024_20260210_141229,161.01,5853.30,TRUE,SKILL_024,Put hooks on shower courtain,
2026-02-10T14:09:08Z,03,e_martinez,SKILL_024_20260210_140908,163.98,5960.28,TRUE,SKILL_024,Put hooks on shower courtain,
2026-02-10T12:57:41Z,03,e_martinez,SKILL_023_20260210_125741,93.30,3433.88,TRUE,SKILL_023,Built up box (Present),
2026-02-10T12:53:45Z,03,e_martinez,SKILL_023_20260210_125345,195.86,7187.10,TRUE,SKILL_023,Built up box (Present),
2026-02-10T12:47:12Z,03,e_martinez,SKILL_021_20260210_124712,273.84,9915.19,TRUE,SKILL_021,Build Up Box (Mailer),
2026-02-10T12:36:34Z,03,e_martinez,SKILL_017_20260210_123634,173.66,6411.56,TRUE,SKILL_017,Put pasta in ziploc bags,
2026-02-10T12:31:46Z,03,e_martinez,SKILL_017_20260210_123146,258.37,9554.52,TRUE,SKILL_017,Put pasta in ziploc bags,
2026-02-10T12:25:54Z,03,e_martinez,SKILL_015_20260210_122554,265.20,9768.54,TRUE,SKILL_015,Thread a needle,
2026-02-10T07:37:44Z,04,d_vargas,SKILL_005_20260210_073744,0.90,32.74,FALSE,SKILL_005,Insert allen keys in package,TOO_SHORT (0.9s < 90.0s) | BAD_HZ /camera_l/ffmpeg (0.0/30.0) | BAD_HZ /camera_r/ffmpeg (0.0/30.0)
2026-02-10T07:33:49Z,04,d_vargas,SKILL_005_20260210_073349,234.24,8603.00,FALSE,SKILL_005,Insert allen keys in package,BAD_HZ /camera_l/ffmpeg (0.0/30.0) | BAD_HZ /camera_r/ffmpeg (0.0/30.0)
2026-02-10T07:29:45Z,04,d_vargas,SKILL_005_20260210_072944,208.86,7659.36,FALSE,SKILL_005,Insert allen keys in package,BAD_HZ /camera_l/ffmpeg (0.0/30.0) | BAD_HZ /camera_r/ffmpeg (0.0/30.0)
2026-02-10T13:46:37Z,04,l_aguilera,SKILL_003_20260210_134637,194.56,6612.78,FALSE,SKILL_003,Organize screwdriver bits,BAD_HZ /gripper_r/data (94.1/120.0) | BAD_HZ /pika_pose_l (82.0/100.0) | BAD_HZ /gripper_l/data (95.6/120.0) | BAD_HZ /camera_l/ffmpeg (0.0/30.0) | BAD_HZ /camera_r/ffmpeg (0.0/30.0) | BAD_HZ /pika_pose_r (82.0/100.0)
2026-02-10T13:42:58Z,04,l_aguilera,SKILL_003_20260210_134258,183.43,6286.24,FALSE,SKILL_003,Organize screwdriver bits,BAD_HZ /camera_l/ffmpeg (0.0/30.0) | BAD_HZ /camera_r/ffmpeg (0.0/30.0) | BAD_HZ /gripper_r/data (101.2/120.0) | BAD_HZ /gripper_l/data (97.8/120.0)
2026-02-10T13:37:33Z,04,l_aguilera,SKILL_003_20260210_133733,206.76,7664.97,FALSE,SKILL_003,Organize screwdriver bits,BAD_HZ /camera_l/ffmpeg (0.0/30.0) | BAD_HZ /camera_r/ffmpeg (0.0/30.0)
2026-02-10T09:25:11Z,04,d_vargas,SKILL_003_20260210_092511,236.21,8099.36,FALSE,SKILL_003,Organize screwdriver bits,BAD_HZ /camera_l/ffmpeg (0.0/30.0) | BAD_HZ /camera_r/ffmpeg (0.0/30.0) | BAD_HZ /gripper_r/data (99.2/120.0) | BAD_HZ /gripper_l/data (98.5/120.0)
2026-02-10T09:20:17Z,04,d_vargas,SKILL_003_20260210_092017,243.39,8918.11,FALSE,SKILL_003,Organize screwdriver bits,BAD_HZ /camera_l/ffmpeg (0.0/30.0) | BAD_HZ /camera_r/ffmpeg (0.0/30.0)
2026-02-10T07:17:25Z,04,d_vargas,SKILL_003_20260210_071725,46.85,1541.48,FALSE,SKILL_003,Organize screwdriver bits,TOO_SHORT (46.8s < 90.0s) | BAD_HZ /gripper_l/data (101.8/120.0) | BAD_HZ /camera_l/ffmpeg (0.0/30.0) | BAD_HZ /camera_r/ffmpeg (0.0/30.0) | BAD_HZ /gripper_r/data (98.7/120.0)
2026-02-10T07:12:41Z,04,d_vargas,SKILL_003_20260210_071241,258.23,9278.67,FALSE,SKILL_003,Organize screwdriver bits,BAD_HZ /camera_l/ffmpeg (0.0/30.0) | BAD_HZ /camera_r/ffmpeg (0.0/30.0)
2026-02-10T07:08:13Z,04,d_vargas,SKILL_003_20260210_070813,229.29,8238.38,FALSE,SKILL_003,Organize screwdriver bits,BAD_HZ /camera_l/ffmpeg (0.0/30.0) | BAD_HZ /camera_r/ffmpeg (0.0/30.0)
2026-02-10T16:47:07Z,04,l_aguilera,SKILL_001_20260210_164706,406.47,11358.32,FALSE,SKILL_001,Organize beads per color,BAD_HZ /gripper_r/data (95.2/120.0) | BAD_HZ /pika_pose_l (82.5/100.0) | BAD_HZ /camera_fisheye_l/ffmpeg (25.3/30.0) | BAD_HZ /camera_fisheye_r/ffmpeg (25.3/30.0) | BAD_HZ /gripper_l/data (96.4/120.0) | BAD_HZ /camera_l/ffmpeg (0.0/30.0) | BAD_HZ /camera_r/ffmpeg (0.0/30.0) | BAD_HZ /pika_pose_r (82.5/100.0) | BAD_HZ /camera_r/depth/image_rect_raw (22.5/30.0) | BAD_HZ /camera_l/depth/image_rect_raw (21.7/30.0)
2026-02-10T13:28:12Z,04,l_aguilera,SKILL_001_20260210_132811,484.22,18131.13,FALSE,SKILL_001,Organize beads per color,BAD_HZ /camera_l/ffmpeg (0.0/30.0) | BAD_HZ /camera_r/ffmpeg (0.0/30.0)
2026-02-10T09:09:05Z,04,d_vargas,SKILL_001_20260210_090905,566.78,20679.02,FALSE,SKILL_001,Organize beads per color,BAD_HZ /camera_l/ffmpeg (0.0/30.0) | BAD_HZ /camera_r/ffmpeg (0.0/30.0)
2026-02-10T07:19:16Z,04,d_vargas,SKILL_001_20260210_071916,346.37,11741.95,FALSE,SKILL_001,Organize beads per color,BAD_HZ /camera_l/ffmpeg (0.0/30.0) | BAD_HZ /camera_r/ffmpeg (0.0/30.0)
2026-02-10T14:06:12Z,03,e_martinez,SKILL_040_20260210_140612,43.11,1568.53,FALSE,SKILL_040,Fasten a belt,TOO_SHORT (43.1s < 90.0s)
2026-02-10T13:56:05Z,03,e_martinez,SKILL_036_20260210_135605,142.58,5261.55,TRUE,SKILL_036,Fold Socks,
2026-02-10T13:53:25Z,03,e_martinez,SKILL_036_20260210_135325,113.20,4195.37,TRUE,SKILL_036,Fold Socks,
2026-02-10T13:48:21Z,03,e_martinez,SKILL_033_20260210_134821,173.91,6491.60,TRUE,SKILL_033,Fold towels,
2026-02-10T09:54:47Z,04,d_vargas,SKILL_009_20260210_095447,126.28,4545.51,FALSE,SKILL_009,Package Cotton set,BAD_HZ /camera_l/ffmpeg (0.0/30.0) | BAD_HZ /camera_r/ffmpeg (0.0/30.0)
2026-02-10T09:50:24Z,04,d_vargas,SKILL_009_20260210_095024,220.03,7995.30,FALSE,SKILL_009,Package Cotton set,BAD_HZ /camera_l/ffmpeg (0.0/30.0) | BAD_HZ /camera_r/ffmpeg (0.0/30.0)
2026-02-10T09:46:53Z,04,d_vargas,SKILL_009_20260210_094653,168.52,6194.10,FALSE,SKILL_009,Package Cotton set,BAD_HZ /camera_l/ffmpeg (0.0/30.0) | BAD_HZ /camera_r/ffmpeg (0.0/30.0)
2026-02-10T09:46:41Z,04,d_vargas,SKILL_009_20260210_094641,2.88,103.65,FALSE,SKILL_009,Package Cotton set,TOO_SHORT (2.9s < 90.0s) | BAD_HZ /gripper_r/data (97.8/120.0) | BAD_HZ /camera_l/ffmpeg (0.0/30.0) | BAD_HZ /camera_r/ffmpeg (0.0/30.0)
2026-02-10T07:59:11Z,04,d_vargas,SKILL_009_20260210_075911,57.26,2018.89,FALSE,SKILL_009,Package Cotton set,TOO_SHORT (57.2s < 90.0s) | BAD_HZ /camera_l/ffmpeg (0.0/30.0) | BAD_HZ /camera_r/ffmpeg (0.0/30.0)
2026-02-10T07:55:52Z,04,d_vargas,SKILL_009_20260210_075552,159.79,5859.22,FALSE,SKILL_009,Package Cotton set,BAD_HZ /camera_l/ffmpeg (0.0/30.0) | BAD_HZ /camera_r/ffmpeg (0.0/30.0)
2026-02-10T07:52:38Z,04,d_vargas,SKILL_009_20260210_075238,167.25,6157.01,FALSE,SKILL_009,Package Cotton set,BAD_HZ /camera_l/ffmpeg (0.0/30.0) | BAD_HZ /camera_r/ffmpeg (0.0/30.0)
2026-02-10T16:00:36Z,04,l_aguilera,SKILL_007_20260210_160036,267.53,9376.01,FALSE,SKILL_007,Separate tongue depressors by color,BAD_HZ /camera_fisheye_l/ffmpeg (0.0/30.0) | BAD_HZ /camera_l/ffmpeg (0.0/30.0) | BAD_HZ /camera_r/ffmpeg (0.0/30.0)
2026-02-10T07:42:16Z,04,d_vargas,SKILL_007_20260210_074215,474.99,14749.02,FALSE,SKILL_007,Separate tongue depressors by color,BAD_HZ /gripper_r/data (100.3/120.0) | BAD_HZ /gripper_l/data (100.2/120.0) | BAD_HZ /camera_l/ffmpeg (0.0/30.0) | BAD_HZ /camera_r/ffmpeg (0.0/30.0) | BAD_HZ /camera_r/depth/image_rect_raw (24.5/30.0) | BAD_HZ /camera_l/depth/image_rect_raw (24.0/30.0)
2026-02-10T15:49:46Z,04,l_aguilera,SKILL_005_20260210_154946,254.08,8845.31,FALSE,SKILL_005,Insert allen keys in package,BAD_HZ /camera_fisheye_l/ffmpeg (0.0/30.0) | BAD_HZ /camera_l/ffmpeg (0.0/30.0) | BAD_HZ /camera_r/ffmpeg (0.0/30.0)
2026-02-10T15:45:25Z,04,l_aguilera,SKILL_005_20260210_154524,218.82,7901.21,FALSE,SKILL_005,Insert allen keys in package,BAD_HZ /camera_fisheye_l/ffmpeg (0.0/30.0) | BAD_HZ /camera_l/ffmpeg (0.0/30.0) | BAD_HZ /camera_r/ffmpeg (0.0/30.0)
2026-02-10T13:56:21Z,04,l_aguilera,SKILL_005_20260210_135621,221.46,8213.65,FALSE,SKILL_005,Insert allen keys in package,BAD_HZ /camera_l/ffmpeg (0.0/30.0) | BAD_HZ /camera_r/ffmpeg (0.0/30.0)
2026-02-10T13:51:24Z,04,l_aguilera,SKILL_005_20260210_135124,216.65,7243.88,FALSE,SKILL_005,Insert allen keys in package,BAD_HZ /camera_l/ffmpeg (0.0/30.0) | BAD_HZ /camera_r/ffmpeg (0.0/30.0)
2026-02-10T09:44:29Z,04,d_vargas,SKILL_005_20260210_094429,76.62,2771.30,FALSE,SKILL_005,Insert allen keys in package,TOO_SHORT (76.6s < 90.0s) | BAD_HZ /camera_l/ffmpeg (0.0/30.0) | BAD_HZ /camera_r/ffmpeg (0.0/30.0) | BAD_HZ /gripper_l/data (101.7/120.0)
2026-02-10T09:40:39Z,04,d_vargas,SKILL_005_20260210_094039,212.96,7711.84,FALSE,SKILL_005,Insert allen keys in package,BAD_HZ /camera_l/ffmpeg (0.0/30.0) | BAD_HZ /camera_r/ffmpeg (0.0/30.0)
2026-02-10T09:36:59Z,04,d_vargas,SKILL_005_20260210_093659,190.43,7007.20,FALSE,SKILL_005,Insert allen keys in package,BAD_HZ /camera_l/ffmpeg (0.0/30.0) | BAD_HZ /camera_r/ffmpeg (0.0/30.0)
2026-02-10T09:36:52Z,04,d_vargas,SKILL_005_20260210_093652,3.08,114.64,FALSE,SKILL_005,Insert allen keys in package,TOO_SHORT (3.1s < 90.0s) | BAD_HZ /camera_l/ffmpeg (0.0/30.0) | BAD_HZ /camera_r/ffmpeg (0.0/30.0)
2026-02-10T09:36:22Z,04,d_vargas,SKILL_005_20260210_093621,1.44,75.38,FALSE,SKILL_005,Insert allen keys in package,TOO_SHORT (2.0s < 90.0s) | BAD_HZ /camera_l/ffmpeg (0.0/30.0) | BAD_HZ /camera_r/ffmpeg (0.0/30.0)
2026-02-10T07:38:33Z,04,d_vargas,SKILL_005_20260210_073824,0.02,3.78,FALSE,SKILL_005,Insert allen keys in package,TOO_SHORT (0.0s < 90.0s) | BAD_HZ /camera_l/depth/image_rect_raw (133.6/30.0) | BAD_HZ /pika_pose_l (133.6/100.0) | BAD_HZ /camera_fisheye_l/ffmpeg (133.6/30.0) | BAD_HZ /camera_fisheye_r/ffmpeg (133.6/30.0) | BAD_HZ /camera_l/ffmpeg (0.0/30.0) | BAD_HZ /camera_r/ffmpeg (0.0/30.0) | BAD_HZ /pika_pose_r (133.6/100.0) | BAD_HZ /camera_r/depth/image_rect_raw (133.6/30.0)
2026-02-10T08:51:42Z,04,d_vargas,SKILL_010_20260210_085142,200.26,5513.19,FALSE,SKILL_010,Package earphones,BAD_HZ /camera_l/depth/image_rect_raw (22.3/30.0) | BAD_HZ /gripper_r/data (59.0/120.0) | BAD_HZ /pika_pose_l (51.3/100.0) | BAD_HZ /camera_fisheye_l/ffmpeg (19.6/30.0) | BAD_HZ /camera_fisheye_r/ffmpeg (19.7/30.0) | BAD_HZ /gripper_l/data (59.3/120.0) | BAD_HZ /camera_l/ffmpeg (0.0/30.0) | BAD_HZ /camera_r/ffmpeg (0.0/30.0) | BAD_HZ /pika_pose_r (51.1/100.0) | BAD_HZ /camera_r/depth/image_rect_raw (22.1/30.0)
2026-02-10T08:46:42Z,04,d_vargas,SKILL_010_20260210_084642,250.42,9229.13,FALSE,SKILL_010,Package earphones,BAD_HZ /camera_l/ffmpeg (0.0/30.0) | BAD_HZ /camera_r/ffmpeg (0.0/30.0)
2026-02-10T16:10:03Z,04,l_aguilera,SKILL_009_20260210_161003,393.20,13382.22,FALSE,SKILL_009,Package Cotton set,BAD_HZ /camera_l/ffmpeg (0.0/30.0) | BAD_HZ /camera_r/ffmpeg (0.0/30.0)
2026-02-10T14:06:00Z,04,l_aguilera,SKILL_009_20260210_140600,354.08,13200.91,FALSE,SKILL_009,Package Cotton set,BAD_HZ /camera_l/ffmpeg (0.0/30.0) | BAD_HZ /camera_r/ffmpeg (0.0/30.0)
2026-02-10T10:27:15Z,04,n_mora,SKILL_009_20260210_102715,228.38,8548.83,FALSE,SKILL_009,Package Cotton set,BAD_HZ /camera_l/ffmpeg (0.0/30.0) | BAD_HZ /camera_r/ffmpeg (0.0/30.0)
2026-02-10T08:34:12Z,04,d_vargas,SKILL_013_20260210_083412,51.42,1888.41,FALSE,SKILL_013,Set up a hand lamp,TOO_SHORT (51.4s < 90.0s) | BAD_HZ /camera_l/ffmpeg (0.0/30.0) | BAD_HZ /camera_r/ffmpeg (0.0/30.0)
2026-02-10T08:31:40Z,04,d_vargas,SKILL_013_20260210_083140,119.80,4366.16,FALSE,SKILL_013,Set up a hand lamp,BAD_HZ /camera_l/ffmpeg (0.0/30.0) | BAD_HZ /camera_r/ffmpeg (0.0/30.0)
2026-02-10T08:27:46Z,04,d_vargas,SKILL_013_20260210_082746,148.64,5463.70,FALSE,SKILL_013,Set up a hand lamp,BAD_HZ /camera_l/ffmpeg (0.0/30.0) | BAD_HZ /camera_r/ffmpeg (0.0/30.0)
2026-02-10T08:25:19Z,04,d_vargas,SKILL_013_20260210_082518,103.87,3844.47,FALSE,SKILL_013,Set up a hand lamp,BAD_HZ /camera_l/ffmpeg (0.0/30.0) | BAD_HZ /camera_r/ffmpeg (0.0/30.0)
2026-02-10T08:21:05Z,04,d_vargas,SKILL_013_20260210_082105,0.01,0.04,FALSE,SKILL_013,Set up a hand lamp,TOO_SHORT (0.0s < 90.0s) | BAD_HZ /camera_r/depth/image_rect_raw (0.0/30.0) | BAD_HZ /camera_l/depth/image_rect_raw (0.0/30.0) | BAD_HZ /gripper_r/data (301.3/120.0) | BAD_HZ /pika_pose_l (401.8/100.0) | BAD_HZ /camera_fisheye_l/ffmpeg (0.0/30.0) | BAD_HZ /camera_fisheye_r/ffmpeg (0.0/30.0) | BAD_HZ /gripper_l/data (301.3/120.0) | BAD_HZ /camera_l/ffmpeg (0.0/30.0) | BAD_HZ /camera_r/ffmpeg (0.0/30.0) | BAD_HZ /pika_pose_r (401.8/100.0)
2026-02-10T08:21:03Z,04,d_vargas,SKILL_013_20260210_082103,0.01,0.06,FALSE,SKILL_013,Set up a hand lamp,TOO_SHORT (0.0s < 90.0s) | BAD_HZ /camera_l/depth/image_rect_raw (0.0/30.0) | BAD_HZ /pika_pose_l (134.3/100.0) | BAD_HZ /camera_fisheye_l/ffmpeg (0.0/30.0) | BAD_HZ /camera_fisheye_r/ffmpeg (134.3/30.0) | BAD_HZ /camera_l/ffmpeg (0.0/30.0) | BAD_HZ /camera_r/ffmpeg (0.0/30.0) | BAD_HZ /pika_pose_r (134.3/100.0) | BAD_HZ /camera_r/depth/image_rect_raw (0.0/30.0)
2026-02-10T08:21:02Z,04,d_vargas,SKILL_013_20260210_082102,0.40,27.73,FALSE,SKILL_013,Set up a hand lamp,TOO_SHORT (0.5s < 90.0s) | BAD_HZ /camera_fisheye_l/ffmpeg (38.6/30.0) | BAD_HZ /camera_fisheye_r/ffmpeg (40.5/30.0) | BAD_HZ /gripper_l/data (84.6/120.0) | BAD_HZ /camera_l/ffmpeg (0.0/30.0) | BAD_HZ /camera_r/ffmpeg (0.0/30.0) | BAD_HZ /pika_pose_r (79.1/100.0) | BAD_HZ /camera_r/depth/image_rect_raw (42.3/30.0) | BAD_HZ /camera_l/depth/image_rect_raw (40.5/30.0) | BAD_HZ /gripper_r/data (79.1/120.0) | BAD_HZ /pika_pose_l (77.2/100.0)
2026-02-10T08:20:48Z,04,d_vargas,SKILL_013_20260210_082048,1.31,46.87,FALSE,SKILL_013,Set up a hand lamp,TOO_SHORT (1.3s < 90.0s) | BAD_HZ /gripper_l/data (100.9/120.0) | BAD_HZ /camera_l/ffmpeg (0.0/30.0) | BAD_HZ /camera_r/ffmpeg (0.0/30.0) | BAD_HZ /gripper_r/data (100.9/120.0)
2026-02-10T16:25:34Z,04,l_aguilera,SKILL_012_20260210_162534,112.39,4172.04,FALSE,SKILL_012,Put pasta in jars,BAD_HZ /camera_l/ffmpeg (0.0/30.0) | BAD_HZ /camera_r/ffmpeg (0.0/30.0)
2026-02-10T16:20:09Z,04,l_aguilera,SKILL_012_20260210_162009,128.53,4760.74,FALSE,SKILL_012,Put pasta in jars,BAD_HZ /camera_l/ffmpeg (0.0/30.0) | BAD_HZ /camera_r/ffmpeg (0.0/30.0)
2026-02-10T16:17:30Z,04,l_aguilera,SKILL_012_20260210_161730,134.61,4936.39,FALSE,SKILL_012,Put pasta in jars,BAD_HZ /camera_l/ffmpeg (0.0/30.0) | BAD_HZ /camera_r/ffmpeg (0.0/30.0)
2026-02-10T14:27:31Z,04,l_aguilera,SKILL_012_20260210_142731,120.28,4535.86,FALSE,SKILL_012,Put pasta in jars,BAD_HZ /camera_l/ffmpeg (0.0/30.0) | BAD_HZ /camera_r/ffmpeg (0.0/30.0)
2026-02-10T14:24:18Z,04,l_aguilera,SKILL_012_20260210_142418,114.30,4267.05,FALSE,SKILL_012,Put pasta in jars,BAD_HZ /camera_l/ffmpeg (0.0/30.0) | BAD_HZ /camera_r/ffmpeg (0.0/30.0)
2026-02-10T14:21:22Z,04,l_aguilera,SKILL_012_20260210_142122,145.78,5495.17,FALSE,SKILL_012,Put pasta in jars,BAD_HZ /camera_l/ffmpeg (0.0/30.0) | BAD_HZ /camera_r/ffmpeg (0.0/30.0)
2026-02-10T08:17:27Z,04,d_vargas,SKILL_012_20260210_081727,140.68,5231.57,FALSE,SKILL_012,Put pasta in jars,BAD_HZ /camera_l/ffmpeg (0.0/30.0) | BAD_HZ /camera_r/ffmpeg (0.0/30.0)
2026-02-10T08:14:34Z,04,d_vargas,SKILL_012_20260210_081434,142.83,5321.28,FALSE,SKILL_012,Put pasta in jars,BAD_HZ /camera_l/ffmpeg (0.0/30.0) | BAD_HZ /camera_r/ffmpeg (0.0/30.0)
2026-02-10T08:11:59Z,04,d_vargas,SKILL_012_20260210_081159,129.50,3763.15,FALSE,SKILL_012,Put pasta in jars,BAD_HZ /camera_l/depth/image_rect_raw (23.1/30.0) | BAD_HZ /gripper_r/data (85.4/120.0) | BAD_HZ /pika_pose_l (75.9/100.0) | BAD_HZ /camera_fisheye_l/ffmpeg (23.3/30.0) | BAD_HZ /camera_fisheye_r/ffmpeg (23.3/30.0) | BAD_HZ /gripper_l/data (90.4/120.0) | BAD_HZ /camera_l/ffmpeg (0.0/30.0) | BAD_HZ /camera_r/ffmpeg (0.0/30.0) | BAD_HZ /pika_pose_r (75.9/100.0) | BAD_HZ /camera_r/depth/image_rect_raw (23.1/30.0)
2026-02-10T08:09:01Z,04,d_vargas,SKILL_012_20260210_080901,158.20,5909.81,FALSE,SKILL_012,Put pasta in jars,BAD_HZ /camera_l/ffmpeg (0.0/30.0) | BAD_HZ /camera_r/ffmpeg (0.0/30.0)
2026-02-10T08:55:35Z,04,d_vargas,SKILL_010_20260210_085535,151.98,4366.65,FALSE,SKILL_010,Package earphones,BAD_HZ /camera_fisheye_l/ffmpeg (20.2/30.0) | BAD_HZ /camera_fisheye_r/ffmpeg (20.2/30.0) | BAD_HZ /gripper_l/data (60.8/120.0) | BAD_HZ /camera_l/ffmpeg (0.0/30.0) | BAD_HZ /camera_r/ffmpeg (0.0/30.0) | BAD_HZ /pika_pose_r (52.8/100.0) | BAD_HZ /camera_r/depth/image_rect_raw (23.1/30.0) | BAD_HZ /camera_l/depth/image_rect_raw (23.2/30.0) | BAD_HZ /gripper_r/data (59.0/120.0) | BAD_HZ /pika_pose_l (53.0/100.0)
2026-02-10T07:08:29Z,05,c_becerra,SKILL_001_20260210_070828,478.96,8897.62,FALSE,SKILL_001,Organize beads per color,BAD_HZ /camera_r/depth/image_rect_raw (13.0/30.0) | BAD_HZ /camera_l/depth/image_rect_raw (13.2/30.0) | BAD_HZ /camera_l/ffmpeg (25.5/30.0) | BAD_HZ /camera_r/ffmpeg (25.4/30.0)
2026-02-10T16:40:46Z,04,l_aguilera,SKILL_014_20260210_164046,168.78,5502.87,FALSE,SKILL_014,Fasten nuts onto bolts,BAD_HZ /camera_l/ffmpeg (0.0/30.0) | BAD_HZ /camera_r/ffmpeg (0.0/30.0)
2026-02-10T16:36:33Z,04,l_aguilera,SKILL_014_20260210_163632,203.98,6461.29,FALSE,SKILL_014,Fasten nuts onto bolts,BAD_HZ /camera_l/ffmpeg (0.0/30.0) | BAD_HZ /camera_r/ffmpeg (0.0/30.0) | BAD_HZ /camera_l/depth/image_rect_raw (24.6/30.0)
2026-02-10T10:10:40Z,04,n_mora,SKILL_014_20260210_101040,150.89,4840.71,FALSE,SKILL_014,Fasten nuts onto bolts,BAD_HZ /camera_l/ffmpeg (0.0/30.0) | BAD_HZ /camera_r/ffmpeg (0.0/30.0) | BAD_HZ /camera_r/depth/image_rect_raw (25.1/30.0)
2026-02-10T10:07:32Z,04,n_mora,SKILL_014_20260210_100732,140.95,5134.28,FALSE,SKILL_014,Fasten nuts onto bolts,BAD_HZ /camera_l/ffmpeg (0.0/30.0) | BAD_HZ /camera_r/ffmpeg (0.0/30.0)
2026-02-10T08:43:59Z,04,d_vargas,SKILL_014_20260210_084359,64.87,2376.75,FALSE,SKILL_014,Fasten nuts onto bolts,TOO_SHORT (64.9s < 90.0s) | BAD_HZ /camera_l/ffmpeg (0.0/30.0) | BAD_HZ /camera_r/ffmpeg (0.0/30.0)
2026-02-10T08:40:58Z,04,d_vargas,SKILL_014_20260210_084058,138.88,4723.85,FALSE,SKILL_014,Fasten nuts onto bolts,BAD_HZ /camera_l/ffmpeg (0.0/30.0) | BAD_HZ /camera_r/ffmpeg (0.0/30.0)
2026-02-10T08:37:25Z,04,d_vargas,SKILL_014_20260210_083725,146.92,5413.26,FALSE,SKILL_014,Fasten nuts onto bolts,BAD_HZ /camera_l/ffmpeg (0.0/30.0) | BAD_HZ /camera_r/ffmpeg (0.0/30.0)
2026-02-10T08:35:42Z,04,d_vargas,SKILL_014_20260210_083542,60.74,1985.27,FALSE,SKILL_014,Fasten nuts onto bolts,TOO_SHORT (60.7s < 90.0s) | BAD_HZ /gripper_r/data (93.9/120.0) | BAD_HZ /pika_pose_l (84.9/100.0) | BAD_HZ /gripper_l/data (101.7/120.0) | BAD_HZ /camera_l/ffmpeg (0.0/30.0) | BAD_HZ /camera_r/ffmpeg (0.0/30.0) | BAD_HZ /pika_pose_r (84.9/100.0)
2026-02-10T16:28:09Z,04,l_aguilera,SKILL_013_20260210_162809,87.16,2912.62,FALSE,SKILL_013,Set up a hand lamp,TOO_SHORT (87.2s < 90.0s) | BAD_HZ /camera_l/ffmpeg (0.0/30.0) | BAD_HZ /camera_r/ffmpeg (0.0/30.0)
2026-02-10T14:42:30Z,04,l_aguilera,SKILL_013_20260210_144229,158.67,5784.80,FALSE,SKILL_013,Set up a hand lamp,BAD_HZ /camera_l/ffmpeg (0.0/30.0) | BAD_HZ /camera_r/ffmpeg (0.0/30.0)
2026-02-10T14:34:44Z,04,l_aguilera,SKILL_013_20260210_143444,4.26,160.05,FALSE,SKILL_013,Set up a hand lamp,TOO_SHORT (4.3s < 90.0s) | BAD_HZ /camera_l/ffmpeg (0.0/30.0) | BAD_HZ /camera_r/ffmpeg (0.0/30.0)
2026-02-10T14:31:01Z,04,l_aguilera,SKILL_013_20260210_143101,147.19,5438.93,FALSE,SKILL_013,Set up a hand lamp,BAD_HZ /camera_r/ffmpeg (0.0/30.0) | BAD_HZ /camera_l/ffmpeg (0.0/30.0)
2026-02-10T10:26:08Z,04,n_mora,SKILL_013_20260210_102608,2.98,107.78,FALSE,SKILL_013,Set up a hand lamp,TOO_SHORT (3.0s < 90.0s) | BAD_HZ /camera_l/ffmpeg (0.0/30.0) | BAD_HZ /camera_r/ffmpeg (0.0/30.0) | BAD_HZ /gripper_l/data (98.3/120.0)
2026-02-10T10:23:24Z,04,n_mora,SKILL_013_20260210_102324,97.86,3613.89,FALSE,SKILL_013,Set up a hand lamp,BAD_HZ /camera_l/ffmpeg (0.0/30.0) | BAD_HZ /camera_r/ffmpeg (0.0/30.0)
2026-02-10T10:20:46Z,04,n_mora,SKILL_013_20260210_102046,92.50,3254.07,FALSE,SKILL_013,Set up a hand lamp,BAD_HZ /camera_l/ffmpeg (0.0/30.0) | BAD_HZ /camera_r/ffmpeg (0.0/30.0)
2026-02-10T10:16:56Z,04,n_mora,SKILL_013_20260210_101656,125.99,4594.42,FALSE,SKILL_013,Set up a hand lamp,BAD_HZ /camera_l/ffmpeg (0.0/30.0) | BAD_HZ /camera_r/ffmpeg (0.0/30.0)
2026-02-10T10:14:45Z,04,n_mora,SKILL_013_20260210_101445,99.97,3661.57,FALSE,SKILL_013,Set up a hand lamp,BAD_HZ /camera_l/ffmpeg (0.0/30.0) | BAD_HZ /camera_r/ffmpeg (0.0/30.0)
2026-02-10T10:44:01Z,05,c_becerra,SKILL_005_20260210_104401,335.68,7906.36,FALSE,SKILL_005,Insert allen keys in package,BAD_HZ /camera_r/depth/image_rect_raw (16.0/30.0) | BAD_HZ /camera_l/depth/image_rect_raw (16.0/30.0)
2026-02-10T10:42:58Z,05,c_becerra,SKILL_005_20260210_104257,8.64,242.42,FALSE,SKILL_005,Insert allen keys in package,TOO_SHORT (10.0s < 90.0s) | BAD_HZ /camera_r/depth/image_rect_raw (18.1/30.0) | BAD_HZ /camera_l/depth/image_rect_raw (16.3/30.0)
2026-02-10T09:27:35Z,05,n_mora,SKILL_005_20260210_092735,135.54,2280.69,FALSE,SKILL_005,Insert allen keys in package,BAD_HZ /camera_r/depth/image_rect_raw (12.0/30.0) | BAD_HZ /camera_l/depth/image_rect_raw (11.0/30.0)
2026-02-10T09:24:28Z,05,n_mora,SKILL_005_20260210_092428,134.00,2279.05,FALSE,SKILL_005,Insert allen keys in package,BAD_HZ /camera_l/depth/image_rect_raw (11.3/30.0) | BAD_HZ /camera_r/depth/image_rect_raw (12.1/30.0)
2026-02-10T09:21:16Z,05,n_mora,SKILL_005_20260210_092116,147.45,2473.78,FALSE,SKILL_005,Insert allen keys in package,BAD_HZ /camera_r/depth/image_rect_raw (12.3/30.0) | BAD_HZ /camera_l/depth/image_rect_raw (10.8/30.0)
2026-02-10T09:17:53Z,05,n_mora,SKILL_005_20260210_091753,130.58,2347.58,FALSE,SKILL_005,Insert allen keys in package,BAD_HZ /gripper_r/data (101.2/120.0) | BAD_HZ /gripper_l/data (101.1/120.0) | BAD_HZ /camera_r/depth/image_rect_raw (13.2/30.0) | BAD_HZ /camera_l/depth/image_rect_raw (11.8/30.0)
2026-02-10T09:13:49Z,05,n_mora,SKILL_005_20260210_091347,0.97,70.29,FALSE,SKILL_005,Insert allen keys in package,TOO_SHORT (2.9s < 90.0s) | BAD_HZ /gripper_l/data (97.0/120.0) | BAD_HZ /camera_r/depth/image_rect_raw (19.7/30.0) | BAD_HZ /camera_l/depth/image_rect_raw (17.7/30.0)
2026-02-10T07:22:15Z,05,c_becerra,SKILL_005_20260210_072215,259.06,4620.49,FALSE,SKILL_005,Insert allen keys in package,BAD_HZ /camera_r/depth/image_rect_raw (12.4/30.0) | BAD_HZ /camera_l/depth/image_rect_raw (12.6/30.0)
2026-02-10T07:17:42Z,05,c_becerra,SKILL_005_20260210_071742,243.56,4434.80,FALSE,SKILL_005,Insert allen keys in package,BAD_HZ /camera_r/depth/image_rect_raw (12.7/30.0) | BAD_HZ /camera_l/depth/image_rect_raw (13.1/30.0)
2026-02-10T12:31:58Z,05,d_vargas,SKILL_003_20260210_123158,234.31,4886.18,FALSE,SKILL_003,Organize screwdriver bits,BAD_HZ /camera_r/depth/image_rect_raw (14.4/30.0) | BAD_HZ /camera_l/depth/image_rect_raw (14.3/30.0)
2026-02-10T12:26:57Z,05,d_vargas,SKILL_003_20260210_122656,233.48,4531.13,FALSE,SKILL_003,Organize screwdriver bits,BAD_HZ /camera_r/depth/image_rect_raw (13.3/30.0) | BAD_HZ /camera_l/depth/image_rect_raw (13.4/30.0)
2026-02-10T10:15:41Z,05,c_becerra,SKILL_003_20260210_101541,181.45,2982.90,FALSE,SKILL_003,Organize screwdriver bits,BAD_HZ /camera_l/depth/image_rect_raw (10.9/30.0) | BAD_HZ /camera_r/depth/image_rect_raw (12.2/30.0)
2026-02-10T10:11:25Z,05,c_becerra,SKILL_003_20260210_101124,208.11,3561.23,FALSE,SKILL_003,Organize screwdriver bits,BAD_HZ /camera_r/depth/image_rect_raw (12.9/30.0) | BAD_HZ /camera_l/depth/image_rect_raw (11.4/30.0)
2026-02-10T08:27:06Z,05,c_becerra,SKILL_003_20260210_082706,119.85,2357.93,FALSE,SKILL_003,Organize screwdriver bits,BAD_HZ /camera_fisheye_r/ffmpeg (0.0/30.0) | BAD_HZ /pika_pose_r (0.0/100.0) | BAD_HZ /camera_r/depth/image_rect_raw (15.8/30.0) | BAD_HZ /camera_l/depth/image_rect_raw (14.5/30.0) | BAD_HZ /pika_pose_l (0.0/100.0)
2026-02-10T08:22:55Z,05,c_becerra,SKILL_003_20260210_082255,189.23,3534.68,FALSE,SKILL_003,Organize screwdriver bits,BAD_HZ /camera_r/depth/image_rect_raw (15.0/30.0) | BAD_HZ /camera_l/depth/image_rect_raw (13.6/30.0) | BAD_HZ /pika_pose_l (0.0/100.0) | BAD_HZ /camera_fisheye_r/ffmpeg (0.0/30.0) | BAD_HZ /pika_pose_r (0.0/100.0)
2026-02-10T12:11:58Z,05,d_vargas,SKILL_001_20260210_121157,548.70,9222.28,FALSE,SKILL_001,Organize beads per color,BAD_HZ /camera_l/depth/image_rect_raw (15.1/30.0) | BAD_HZ /camera_fisheye_r/ffmpeg (17.1/30.0) | BAD_HZ /camera_r/ffmpeg (15.3/30.0) | BAD_HZ /camera_r/depth/image_rect_raw (8.1/30.0)
2026-02-10T09:48:22Z,05,n_mora,SKILL_001_20260210_094820,359.14,6394.59,FALSE,SKILL_001,Organize beads per color,BAD_HZ /camera_r/depth/image_rect_raw (10.3/30.0) | BAD_HZ /camera_l/depth/image_rect_raw (15.0/30.0) | BAD_HZ /camera_fisheye_r/ffmpeg (21.7/30.0) | BAD_HZ /camera_r/ffmpeg (19.1/30.0)
2026-02-10T09:39:20Z,05,n_mora,SKILL_001_20260210_093920,16.86,199.78,FALSE,SKILL_001,Organize beads per color,TOO_SHORT (16.9s < 90.0s) | BAD_HZ /camera_l/depth/image_rect_raw (10.4/30.0) | BAD_HZ /gripper_r/data (96.0/120.0) | BAD_HZ /camera_r/ffmpeg (13.6/30.0) | BAD_HZ /camera_r/depth/image_rect_raw (5.3/30.0)
2026-02-10T09:30:47Z,05,n_mora,SKILL_001_20260210_093047,448.01,7834.53,FALSE,SKILL_001,Organize beads per color,BAD_HZ /camera_r/depth/image_rect_raw (12.3/30.0) | BAD_HZ /camera_l/depth/image_rect_raw (11.7/30.0)
2026-02-10T12:39:26Z,05,d_vargas,SKILL_005_20260210_123926,116.82,1605.06,FALSE,SKILL_005,Insert allen keys in package,BAD_HZ /camera_r/depth/image_rect_raw (1.7/30.0) | BAD_HZ /camera_l/depth/image_rect_raw (16.7/30.0) | BAD_HZ /pika_pose_l (16.8/100.0) | BAD_HZ /camera_fisheye_r/ffmpeg (5.0/30.0) | BAD_HZ /camera_r/ffmpeg (2.9/30.0) | BAD_HZ /pika_pose_r (16.8/100.0)
2026-02-10T10:58:45Z,05,c_becerra,SKILL_012_20260210_105844,141.06,2668.63,FALSE,SKILL_012,Put pasta in jars,BAD_HZ /camera_r/depth/image_rect_raw (12.0/30.0) | BAD_HZ /camera_l/depth/image_rect_raw (12.9/30.0)
2026-02-10T10:52:52Z,05,c_becerra,SKILL_012_20260210_105251,114.10,2428.53,FALSE,SKILL_012,Put pasta in jars,BAD_HZ /camera_r/ffmpeg (24.7/30.0) | BAD_HZ /camera_r/depth/image_rect_raw (12.9/30.0) | BAD_HZ /camera_l/depth/image_rect_raw (14.5/30.0)
2026-02-10T13:26:39Z,05,d_vargas,SKILL_009_20260210_132639,90.21,1711.04,FALSE,SKILL_009,Package Cotton set,BAD_HZ /camera_l/depth/image_rect_raw (13.0/30.0) | BAD_HZ /camera_l/ffmpeg (23.9/30.0) | BAD_HZ /camera_r/ffmpeg (24.0/30.0) | BAD_HZ /camera_r/depth/image_rect_raw (12.4/30.0)
2026-02-10T13:22:50Z,05,d_vargas,SKILL_009_20260210_132250,185.23,3460.61,FALSE,SKILL_009,Package Cotton set,BAD_HZ /camera_l/depth/image_rect_raw (12.3/30.0) | BAD_HZ /camera_l/ffmpeg (24.1/30.0) | BAD_HZ /camera_r/ffmpeg (24.4/30.0) | BAD_HZ /camera_r/depth/image_rect_raw (12.6/30.0)
2026-02-10T13:20:07Z,05,d_vargas,SKILL_009_20260210_132007,130.91,2413.70,FALSE,SKILL_009,Package Cotton set,BAD_HZ /camera_l/ffmpeg (24.1/30.0) | BAD_HZ /camera_r/ffmpeg (24.1/30.0) | BAD_HZ /camera_r/depth/image_rect_raw (12.6/30.0) | BAD_HZ /camera_l/depth/image_rect_raw (12.7/30.0)
2026-02-10T13:16:12Z,05,d_vargas,SKILL_009_20260210_131612,198.93,3646.70,FALSE,SKILL_009,Package Cotton set,BAD_HZ /camera_r/ffmpeg (24.4/30.0) | BAD_HZ /camera_r/depth/image_rect_raw (12.3/30.0) | BAD_HZ /camera_l/depth/image_rect_raw (12.7/30.0) | BAD_HZ /camera_l/ffmpeg (24.7/30.0)
2026-02-10T13:16:08Z,05,d_vargas,SKILL_009_20260210_131607,0.58,46.27,FALSE,SKILL_009,Package Cotton set,TOO_SHORT (1.7s < 90.0s) | BAD_HZ /camera_r/depth/image_rect_raw (19.6/30.0) | BAD_HZ /camera_l/depth/image_rect_raw (20.8/30.0)
2026-02-10T12:07:47Z,05,c_becerra,SKILL_009_20260210_120746,44.60,1020.34,FALSE,SKILL_009,Package Cotton set,TOO_SHORT (46.1s < 90.0s) | BAD_HZ /camera_r/depth/image_rect_raw (15.6/30.0) | BAD_HZ /camera_l/depth/image_rect_raw (15.3/30.0)
2026-02-10T11:22:19Z,05,c_becerra,SKILL_009_20260210_112219,452.03,9029.13,FALSE,SKILL_009,Package Cotton set,BAD_HZ /camera_r/depth/image_rect_raw (15.3/30.0) | BAD_HZ /camera_l/depth/image_rect_raw (15.4/30.0) | BAD_HZ /camera_fisheye_r/ffmpeg (0.0/30.0)
2026-02-10T07:38:04Z,05,c_becerra,SKILL_009_20260210_073804,517.29,6513.11,FALSE,SKILL_009,Package Cotton set,BAD_HZ /camera_r/depth/image_rect_raw (3.6/30.0) | BAD_HZ /camera_l/depth/image_rect_raw (14.5/30.0) | BAD_HZ /camera_fisheye_r/ffmpeg (9.1/30.0) | BAD_HZ /camera_r/ffmpeg (7.8/30.0)
2026-02-10T07:28:18Z,05,c_becerra,SKILL_009_20260210_072818,569.30,9988.28,FALSE,SKILL_009,Package Cotton set,BAD_HZ /camera_r/depth/image_rect_raw (12.5/30.0) | BAD_HZ /camera_l/depth/image_rect_raw (12.8/30.0)
2026-02-10T13:29:47Z,05,d_vargas,SKILL_007_20260210_132947,573.15,11725.58,FALSE,SKILL_007,Separate tongue depressors by color,BAD_HZ /camera_l/depth/image_rect_raw (13.1/30.0) | BAD_HZ /camera_l/ffmpeg (24.7/30.0) | BAD_HZ /camera_r/ffmpeg (25.0/30.0) | BAD_HZ /camera_r/depth/image_rect_raw (13.4/30.0)
2026-02-10T10:29:28Z,05,c_becerra,SKILL_007_20260210_102927,411.98,8317.56,FALSE,SKILL_007,Separate tongue depressors by color,BAD_HZ /camera_r/depth/image_rect_raw (13.2/30.0) | BAD_HZ /camera_l/depth/image_rect_raw (12.7/30.0) | BAD_HZ /gripper_r/data (99.0/120.0) | BAD_HZ /gripper_l/data (99.6/120.0)
2026-02-10T10:25:59Z,05,c_becerra,SKILL_007_20260210_102559,6.72,59.11,FALSE,SKILL_007,Separate tongue depressors by color,TOO_SHORT (6.7s < 90.0s) | BAD_HZ /gripper_r/data (101.6/120.0) | BAD_HZ /camera_r/ffmpeg (0.0/30.0) | BAD_HZ /camera_r/depth/image_rect_raw (0.0/30.0) | BAD_HZ /camera_l/depth/image_rect_raw (9.4/30.0)
2026-02-10T10:21:25Z,05,c_becerra,SKILL_007_20260210_102125,267.82,4090.89,FALSE,SKILL_007,Separate tongue depressors by color,BAD_HZ /camera_r/ffmpeg (19.6/30.0) | BAD_HZ /camera_r/depth/image_rect_raw (8.9/30.0) | BAD_HZ /camera_l/depth/image_rect_raw (10.7/30.0)
2026-02-10T08:16:17Z,05,c_becerra,SKILL_007_20260210_081617,334.78,6375.01,FALSE,SKILL_007,Separate tongue depressors by color,BAD_HZ /camera_r/depth/image_rect_raw (14.9/30.0) | BAD_HZ /camera_l/depth/image_rect_raw (13.7/30.0) | BAD_HZ /pika_pose_l (0.0/100.0) | BAD_HZ /camera_fisheye_r/ffmpeg (0.0/30.0) | BAD_HZ /pika_pose_r (0.0/100.0)
2026-02-10T08:15:59Z,05,c_becerra,SKILL_007_20260210_081559,3.00,32.59,FALSE,SKILL_007,Separate tongue depressors by color,TOO_SHORT (3.0s < 90.0s) | BAD_HZ /camera_r/ffmpeg (0.0/30.0) | BAD_HZ /camera_r/depth/image_rect_raw (0.0/30.0) | BAD_HZ /camera_l/depth/image_rect_raw (15.4/30.0) | BAD_HZ /camera_fisheye_r/ffmpeg (0.0/30.0) | BAD_HZ /gripper_l/data (98.5/120.0)
2026-02-10T12:48:30Z,05,d_vargas,SKILL_005_20260210_124829,238.06,4763.55,FALSE,SKILL_005,Insert allen keys in package,BAD_HZ /camera_r/depth/image_rect_raw (13.1/30.0) | BAD_HZ /camera_l/depth/image_rect_raw (13.0/30.0)
2026-02-10T12:42:11Z,05,d_vargas,SKILL_005_20260210_124211,5.24,101.38,FALSE,SKILL_005,Insert allen keys in package,TOO_SHORT (5.2s < 90.0s) | BAD_HZ /camera_l/depth/image_rect_raw (13.9/30.0) | BAD_HZ /pika_pose_l (0.0/100.0) | BAD_HZ /camera_fisheye_r/ffmpeg (0.0/30.0) | BAD_HZ /camera_l/ffmpeg (22.7/30.0) | BAD_HZ /pika_pose_r (0.0/100.0) | BAD_HZ /camera_r/depth/image_rect_raw (14.5/30.0)
2026-02-10T14:14:26Z,05,d_vargas,SKILL_021_20260210_141426,169.16,3787.96,FALSE,SKILL_021,Build Up Box (Mailer),BAD_HZ /camera_l/depth/image_rect_raw (15.3/30.0) | BAD_HZ /camera_r/depth/image_rect_raw (15.9/30.0)
2026-02-10T14:10:19Z,05,d_vargas,SKILL_021_20260210_141018,195.66,4409.44,FALSE,SKILL_021,Build Up Box (Mailer),BAD_HZ /camera_r/depth/image_rect_raw (15.7/30.0) | BAD_HZ /camera_l/depth/image_rect_raw (15.7/30.0)
2026-02-10T10:02:09Z,05,n_mora,SKILL_014_20260210_100209,115.86,2259.29,FALSE,SKILL_014,Fasten nuts onto bolts,BAD_HZ /camera_r/depth/image_rect_raw (15.8/30.0) | BAD_HZ /camera_l/depth/image_rect_raw (15.5/30.0) | BAD_HZ /camera_fisheye_l/ffmpeg (0.0/30.0) | BAD_HZ /camera_fisheye_r/ffmpeg (0.0/30.0)
2026-02-10T10:00:59Z,05,n_mora,SKILL_014_20260210_100059,1.36,23.33,FALSE,SKILL_014,Fasten nuts onto bolts,TOO_SHORT (1.3s < 90.0s) | BAD_HZ /camera_r/depth/image_rect_raw (14.9/30.0) | BAD_HZ /camera_l/depth/image_rect_raw (14.2/30.0) | BAD_HZ /camera_fisheye_l/ffmpeg (0.0/30.0) | BAD_HZ /camera_fisheye_r/ffmpeg (0.0/30.0) | BAD_HZ /gripper_l/data (97.2/120.0)
2026-02-10T09:58:36Z,05,n_mora,SKILL_014_20260210_095836,143.04,2742.97,FALSE,SKILL_014,Fasten nuts onto bolts,BAD_HZ /camera_fisheye_l/ffmpeg (0.0/30.0) | BAD_HZ /camera_fisheye_r/ffmpeg (0.0/30.0) | BAD_HZ /camera_r/depth/image_rect_raw (15.4/30.0) | BAD_HZ /camera_l/depth/image_rect_raw (15.3/30.0)
2026-02-10T13:58:08Z,05,d_vargas,SKILL_013_20260210_135808,61.12,842.83,FALSE,SKILL_013,Set up a hand lamp,TOO_SHORT (61.1s < 90.0s) | BAD_HZ /camera_l/depth/image_rect_raw (13.1/30.0) | BAD_HZ /pika_pose_l (54.6/100.0) | BAD_HZ /camera_fisheye_r/ffmpeg (16.4/30.0) | BAD_HZ /camera_l/ffmpeg (24.6/30.0) | BAD_HZ /camera_r/ffmpeg (11.2/30.0) | BAD_HZ /pika_pose_r (54.7/100.0) | BAD_HZ /camera_r/depth/image_rect_raw (5.3/30.0)
2026-02-10T13:56:02Z,05,d_vargas,SKILL_013_20260210_135602,105.05,2164.21,FALSE,SKILL_013,Set up a hand lamp,BAD_HZ /camera_l/depth/image_rect_raw (13.8/30.0) | BAD_HZ /camera_l/ffmpeg (25.3/30.0) | BAD_HZ /camera_r/ffmpeg (25.3/30.0) | BAD_HZ /camera_r/depth/image_rect_raw (14.5/30.0)
2026-02-10T13:53:21Z,05,d_vargas,SKILL_013_20260210_135321,115.32,2342.28,FALSE,SKILL_013,Set up a hand lamp,BAD_HZ /camera_l/depth/image_rect_raw (14.2/30.0) | BAD_HZ /camera_r/ffmpeg (24.7/30.0) | BAD_HZ /camera_r/depth/image_rect_raw (14.1/30.0)
2026-02-10T13:50:59Z,05,d_vargas,SKILL_013_20260210_135058,109.01,2356.21,FALSE,SKILL_013,Set up a hand lamp,BAD_HZ /camera_l/depth/image_rect_raw (14.8/30.0) | BAD_HZ /camera_r/depth/image_rect_raw (15.3/30.0)
2026-02-10T11:16:50Z,05,c_becerra,SKILL_013_20260210_111650,177.33,3554.13,FALSE,SKILL_013,Set up a hand lamp,BAD_HZ /camera_r/depth/image_rect_raw (14.6/30.0) | BAD_HZ /camera_l/depth/image_rect_raw (15.2/30.0) | BAD_HZ /camera_fisheye_r/ffmpeg (0.0/30.0)
2026-02-10T11:13:00Z,05,c_becerra,SKILL_013_20260210_111300,170.72,3511.64,FALSE,SKILL_013,Set up a hand lamp,BAD_HZ /camera_fisheye_r/ffmpeg (0.0/30.0) | BAD_HZ /camera_r/depth/image_rect_raw (14.8/30.0) | BAD_HZ /camera_l/depth/image_rect_raw (15.3/30.0)
2026-02-10T08:11:13Z,05,c_becerra,SKILL_013_20260210_081113,170.10,1838.56,FALSE,SKILL_013,Set up a hand lamp,BAD_HZ /camera_fisheye_r/ffmpeg (0.0/30.0) | BAD_HZ /camera_r/ffmpeg (0.0/30.0) | BAD_HZ /camera_r/depth/image_rect_raw (0.0/30.0) | BAD_HZ /camera_l/depth/image_rect_raw (15.5/30.0)
2026-02-10T07:53:47Z,05,c_becerra,SKILL_013_20260210_075347,261.00,2873.65,FALSE,SKILL_013,Set up a hand lamp,BAD_HZ /camera_fisheye_r/ffmpeg (0.0/30.0) | BAD_HZ /camera_r/ffmpeg (0.0/30.0) | BAD_HZ /camera_r/depth/image_rect_raw (0.0/30.0) | BAD_HZ /camera_l/depth/image_rect_raw (15.8/30.0)
2026-02-10T07:49:47Z,05,c_becerra,SKILL_013_20260210_074947,185.07,2058.61,FALSE,SKILL_013,Set up a hand lamp,BAD_HZ /camera_l/depth/image_rect_raw (16.1/30.0) | BAD_HZ /camera_fisheye_r/ffmpeg (0.0/30.0) | BAD_HZ /camera_r/ffmpeg (0.0/30.0) | BAD_HZ /camera_r/depth/image_rect_raw (0.0/30.0)
2026-02-10T13:45:07Z,05,d_vargas,SKILL_012_20260210_134507,201.63,3313.44,FALSE,SKILL_012,Put pasta in jars,BAD_HZ /camera_l/ffmpeg (25.2/30.0) | BAD_HZ /camera_r/ffmpeg (13.2/30.0) | BAD_HZ /camera_r/depth/image_rect_raw (7.3/30.0) | BAD_HZ /camera_l/depth/image_rect_raw (15.1/30.0) | BAD_HZ /camera_fisheye_r/ffmpeg (16.7/30.0)
2026-02-10T13:41:09Z,05,d_vargas,SKILL_012_20260210_134108,183.14,3821.37,FALSE,SKILL_012,Put pasta in jars,BAD_HZ /camera_l/ffmpeg (25.3/30.0) | BAD_HZ /camera_r/depth/image_rect_raw (14.2/30.0) | BAD_HZ /camera_l/depth/image_rect_raw (14.0/30.0)
2026-02-10T11:11:04Z,05,c_becerra,SKILL_012_20260210_111104,93.89,1831.30,FALSE,SKILL_012,Put pasta in jars,BAD_HZ /camera_fisheye_r/ffmpeg (0.0/30.0) | BAD_HZ /camera_r/depth/image_rect_raw (14.3/30.0) | BAD_HZ /camera_l/depth/image_rect_raw (14.4/30.0)
2026-02-10T11:06:09Z,05,c_becerra,SKILL_012_20260210_110609,178.36,3622.20,FALSE,SKILL_012,Put pasta in jars,BAD_HZ /camera_r/depth/image_rect_raw (15.2/30.0) | BAD_HZ /camera_l/depth/image_rect_raw (15.3/30.0) | BAD_HZ /camera_fisheye_r/ffmpeg (0.0/30.0)
2026-02-10T11:02:17Z,05,c_becerra,SKILL_012_20260210_110217,160.68,3352.55,FALSE,SKILL_012,Put pasta in jars,BAD_HZ /camera_r/depth/image_rect_raw (15.6/30.0) | BAD_HZ /camera_l/depth/image_rect_raw (15.1/30.0) | BAD_HZ /camera_fisheye_r/ffmpeg (0.0/30.0)
2026-02-11T15:08:50Z,01,d_vargas,SKILL_003_20260211_150848,59.60,2033.87,FALSE,SKILL_003,Organize screwdriver bits,TOO_SHORT (59.6s < 90.0s) | BAD_HZ /pika_pose_l (77.7/100.0) | BAD_HZ /camera_fisheye_l/ffmpeg (0.0/30.0) | BAD_HZ /gripper_l/data (91.5/120.0) | BAD_HZ /pika_pose_r (77.5/100.0) | BAD_HZ /gripper_r/data (90.2/120.0)
2026-02-11T14:59:45Z,01,d_vargas,SKILL_003_20260211_145944,537.09,16469.74,FALSE,SKILL_003,Organize screwdriver bits,BAD_HZ /camera_r/ffmpeg (24.6/30.0) | BAD_HZ /pika_pose_r (77.3/100.0) | BAD_HZ /camera_r/depth/image_rect_raw (23.8/30.0) | BAD_HZ /camera_l/depth/image_rect_raw (24.3/30.0) | BAD_HZ /gripper_r/data (89.5/120.0) | BAD_HZ /pika_pose_l (77.4/100.0) | BAD_HZ /camera_fisheye_l/ffmpeg (0.0/30.0) | BAD_HZ /camera_fisheye_r/ffmpeg (24.5/30.0) | BAD_HZ /gripper_l/data (89.7/120.0) | BAD_HZ /camera_l/ffmpeg (24.6/30.0)
2026-02-11T13:22:23Z,01,e_martinez,SKILL_003_20260211_132223,521.49,17971.43,FALSE,SKILL_003,Organize screwdriver bits,BAD_HZ /pika_pose_r (77.9/100.0) | BAD_HZ /gripper_r/data (89.6/120.0) | BAD_HZ /pika_pose_l (78.1/100.0) | BAD_HZ /camera_fisheye_r/ffmpeg (0.0/30.0) | BAD_HZ /gripper_l/data (89.8/120.0)
2026-02-11T11:25:08Z,01,e_martinez,SKILL_003_20260211_112508,223.55,7348.09,FALSE,SKILL_003,Organize screwdriver bits,BAD_HZ /camera_l/depth/image_rect_raw (25.0/30.0) | BAD_HZ /gripper_r/data (90.1/120.0) | BAD_HZ /pika_pose_l (77.1/100.0) | BAD_HZ /camera_fisheye_l/ffmpeg (0.0/30.0) | BAD_HZ /gripper_l/data (89.8/120.0) | BAD_HZ /pika_pose_r (77.0/100.0)
2026-02-11T11:14:12Z,01,e_martinez,SKILL_003_20260211_111412,44.96,1563.91,FALSE,SKILL_003,Organize screwdriver bits,TOO_SHORT (45.3s < 90.0s) | BAD_HZ /camera_fisheye_l/ffmpeg (0.0/30.0)
2026-02-11T07:28:18Z,01,l_aguilera,SKILL_003_20260211_072818,71.95,2788.30,FALSE,SKILL_003,Organize screwdriver bits,TOO_SHORT (71.9s < 90.0s) | BAD_HZ /camera_fisheye_l/ffmpeg (0.0/30.0)
2026-02-11T07:20:36Z,01,l_aguilera,SKILL_003_20260211_072036,226.98,8708.27,FALSE,SKILL_003,Organize screwdriver bits,BAD_HZ /camera_fisheye_l/ffmpeg (0.0/30.0)
2026-02-11T12:13:37Z,01,e_martinez,SKILL_001_20260211_121336,447.09,16085.57,FALSE,SKILL_001,Organize beads per color,BAD_HZ /camera_fisheye_l/ffmpeg (0.0/30.0)
2026-02-11T07:24:45Z,01,l_aguilera,SKILL_003_20260211_072445,193.27,7453.84,FALSE,SKILL_003,Organize screwdriver bits,BAD_HZ /camera_fisheye_l/ffmpeg (0.0/30.0)
2026-02-11T07:12:40Z,01,l_aguilera,SKILL_001_20260211_071240,444.63,17008.24,FALSE,SKILL_001,Organize beads per color,BAD_HZ /camera_fisheye_l/ffmpeg (0.0/30.0)
2026-02-11T12:05:40Z,01,e_martinez,SKILL_001_20260211_120539,296.11,10341.22,FALSE,SKILL_001,Organize beads per color,BAD_HZ /camera_fisheye_l/ffmpeg (0.0/30.0)
2026-02-10T14:54:24Z,05,d_vargas,SKILL_025_20260210_145424,202.47,4163.16,FALSE,SKILL_025,Pack on a paper bag,BAD_HZ /camera_r/depth/image_rect_raw (11.9/30.0) | BAD_HZ /camera_l/depth/image_rect_raw (13.4/30.0) | BAD_HZ /gripper_r/data (99.6/120.0) | BAD_HZ /gripper_l/data (101.2/120.0) | BAD_HZ /camera_r/ffmpeg (24.7/30.0)
2026-02-10T14:50:30Z,05,d_vargas,SKILL_025_20260210_145030,194.26,4096.75,FALSE,SKILL_025,Pack on a paper bag,BAD_HZ /camera_r/depth/image_rect_raw (12.9/30.0) | BAD_HZ /camera_l/depth/image_rect_raw (13.6/30.0) | BAD_HZ /gripper_r/data (101.5/120.0)
2026-02-10T14:45:05Z,05,d_vargas,SKILL_025_20260210_144504,256.23,5313.15,FALSE,SKILL_025,Pack on a paper bag,BAD_HZ /camera_r/depth/image_rect_raw (12.6/30.0) | BAD_HZ /camera_l/depth/image_rect_raw (13.4/30.0) | BAD_HZ /gripper_r/data (99.9/120.0) | BAD_HZ /gripper_l/data (101.4/120.0)
2026-02-10T14:35:10Z,05,d_vargas,SKILL_023_20260210_143510,84.19,1748.94,FALSE,SKILL_023,Built up box (Present),TOO_SHORT (84.2s < 90.0s) | BAD_HZ /gripper_l/data (101.7/120.0) | BAD_HZ /camera_r/depth/image_rect_raw (13.7/30.0) | BAD_HZ /camera_l/depth/image_rect_raw (12.8/30.0) | BAD_HZ /gripper_r/data (101.2/120.0)
2026-02-10T14:32:28Z,05,d_vargas,SKILL_023_20260210_143228,101.12,1967.97,FALSE,SKILL_023,Built up box (Present),BAD_HZ /camera_r/depth/image_rect_raw (13.4/30.0) | BAD_HZ /camera_l/depth/image_rect_raw (12.5/30.0) | BAD_HZ /gripper_r/data (100.1/120.0) | BAD_HZ /gripper_l/data (100.6/120.0)
2026-02-10T14:29:48Z,05,d_vargas,SKILL_023_20260210_142948,76.70,1482.02,FALSE,SKILL_023,Built up box (Present),TOO_SHORT (76.7s < 90.0s) | BAD_HZ /gripper_r/data (99.9/120.0) | BAD_HZ /gripper_l/data (101.1/120.0) | BAD_HZ /camera_r/depth/image_rect_raw (12.9/30.0) | BAD_HZ /camera_l/depth/image_rect_raw (12.8/30.0)
2026-02-10T14:27:06Z,05,d_vargas,SKILL_023_20260210_142706,95.65,1921.98,FALSE,SKILL_023,Built up box (Present),BAD_HZ /camera_r/depth/image_rect_raw (13.1/30.0) | BAD_HZ /camera_l/depth/image_rect_raw (13.3/30.0)
2026-02-10T14:24:04Z,05,d_vargas,SKILL_023_20260210_142402,113.93,2288.46,FALSE,SKILL_023,Built up box (Present),BAD_HZ /camera_l/depth/image_rect_raw (13.2/30.0) | BAD_HZ /camera_r/depth/image_rect_raw (13.3/30.0)
2026-02-11T13:49:09Z,01,e_martinez,SKILL_007_20260211_134909,548.85,18717.33,FALSE,SKILL_007,Separate tongue depressors by color,BAD_HZ /gripper_r/data (91.3/120.0) | BAD_HZ /pika_pose_l (79.8/100.0) | BAD_HZ /camera_fisheye_l/ffmpeg (0.0/30.0) | BAD_HZ /camera_fisheye_r/ffmpeg (0.0/30.0) | BAD_HZ /gripper_l/data (91.7/120.0) | BAD_HZ /pika_pose_r (79.6/100.0)
2026-02-11T07:30:58Z,01,l_aguilera,SKILL_007_20260211_073058,545.31,20970.32,FALSE,SKILL_007,Separate tongue depressors by color,BAD_HZ /camera_fisheye_l/ffmpeg (0.0/30.0)
2026-02-11T14:28:14Z,01,e_martinez,SKILL_004_20260211_142814,492.07,18155.26,FALSE,SKILL_004,Set Screwdriver package,BAD_HZ /camera_fisheye_l/ffmpeg (0.0/30.0) | BAD_HZ /camera_fisheye_r/ffmpeg (0.0/30.0)
2026-02-11T11:05:07Z,01,e_martinez,SKILL_017_20260211_110507,246.64,8580.69,FALSE,SKILL_017,Put pasta in ziploc bags,BAD_HZ /camera_fisheye_l/ffmpeg (0.0/30.0)
2026-02-11T10:57:55Z,01,e_martinez,SKILL_017_20260211_105754,196.58,6929.97,FALSE,SKILL_017,Put pasta in ziploc bags,BAD_HZ /camera_fisheye_l/ffmpeg (0.0/30.0)
2026-02-11T10:36:12Z,01,e_martinez,SKILL_017_20260211_103611,263.29,8630.67,FALSE,SKILL_017,Put pasta in ziploc bags,BAD_HZ /gripper_l/data (90.9/120.0) | BAD_HZ /pika_pose_r (78.3/100.0) | BAD_HZ /camera_r/depth/image_rect_raw (23.5/30.0) | BAD_HZ /gripper_r/data (89.9/120.0) | BAD_HZ /pika_pose_l (78.4/100.0) | BAD_HZ /camera_fisheye_l/ffmpeg (0.0/30.0)
2026-02-11T10:29:24Z,01,e_martinez,SKILL_017_20260211_102924,356.62,12220.20,FALSE,SKILL_017,Put pasta in ziploc bags,BAD_HZ /camera_fisheye_l/ffmpeg (0.0/30.0) | BAD_HZ /camera_r/depth/image_rect_raw (23.5/30.0)
2026-02-11T08:12:53Z,01,l_aguilera,SKILL_017_20260211_081252,398.95,13984.78,FALSE,SKILL_017,Put pasta in ziploc bags,BAD_HZ /camera_fisheye_l/ffmpeg (0.0/30.0)
2026-02-11T08:07:21Z,01,l_aguilera,SKILL_017_20260211_080721,295.66,10990.04,FALSE,SKILL_017,Put pasta in ziploc bags,BAD_HZ /camera_fisheye_l/ffmpeg (0.0/30.0)
2026-02-11T12:40:30Z,01,e_martinez,SKILL_012_20260211_124011,79.92,2501.12,FALSE,SKILL_012,Put pasta in jars,TOO_SHORT (79.9s < 90.0s) | BAD_HZ /camera_r/depth/image_rect_raw (25.2/30.0) | BAD_HZ /gripper_r/data (95.7/120.0) | BAD_HZ /pika_pose_l (84.4/100.0) | BAD_HZ /camera_fisheye_l/ffmpeg (0.0/30.0) | BAD_HZ /gripper_l/data (95.1/120.0) | BAD_HZ /pika_pose_r (84.4/100.0)
2026-02-11T12:36:37Z,01,e_martinez,SKILL_012_20260211_123637,214.14,7786.44,FALSE,SKILL_012,Put pasta in jars,BAD_HZ /camera_fisheye_l/ffmpeg (0.0/30.0)
2026-02-11T12:27:52Z,01,e_martinez,SKILL_012_20260211_122752,420.38,15741.38,FALSE,SKILL_012,Put pasta in jars,BAD_HZ /camera_fisheye_l/ffmpeg (0.0/30.0)
2026-02-11T07:58:00Z,01,l_aguilera,SKILL_012_20260211_075800,66.57,2547.07,FALSE,SKILL_012,Put pasta in jars,TOO_SHORT (66.6s < 90.0s) | BAD_HZ /camera_fisheye_l/ffmpeg (0.0/30.0)
2026-02-11T07:51:03Z,01,l_aguilera,SKILL_012_20260211_075103,323.85,12597.41,FALSE,SKILL_012,Put pasta in jars,BAD_HZ /camera_fisheye_l/ffmpeg (0.0/30.0)
2026-02-11T15:34:47Z,01,d_vargas,SKILL_010_20260211_153447,158.76,6008.00,FALSE,SKILL_010,Package earphones,BAD_HZ /camera_fisheye_l/ffmpeg (0.0/30.0)
2026-02-11T15:32:38Z,01,d_vargas,SKILL_010_20260211_153238,9.45,173.51,FALSE,SKILL_010,Package earphones,TOO_SHORT (9.4s < 90.0s) | BAD_HZ /camera_fisheye_l/ffmpeg (0.0/30.0) | BAD_HZ /camera_fisheye_r/ffmpeg (0.0/30.0) | BAD_HZ /camera_l/ffmpeg (0.0/30.0) | BAD_HZ /camera_l/depth/image_rect_raw (0.0/30.0)
2026-02-11T14:17:23Z,01,e_martinez,SKILL_010_20260211_141723,372.74,13627.78,FALSE,SKILL_010,Package earphones,BAD_HZ /camera_fisheye_l/ffmpeg (0.0/30.0) | BAD_HZ /camera_fisheye_r/ffmpeg (0.0/30.0)
2026-02-11T10:50:17Z,01,e_martinez,SKILL_010_20260211_105017,270.46,8970.95,FALSE,SKILL_010,Package earphones,BAD_HZ /gripper_r/data (87.3/120.0) | BAD_HZ /pika_pose_l (75.3/100.0) | BAD_HZ /camera_fisheye_l/ffmpeg (0.0/30.0) | BAD_HZ /gripper_l/data (86.0/120.0) | BAD_HZ /pika_pose_r (75.2/100.0)
2026-02-11T07:44:08Z,01,l_aguilera,SKILL_010_20260211_074408,323.34,12555.15,FALSE,SKILL_010,Package earphones,BAD_HZ /camera_fisheye_l/ffmpeg (0.0/30.0)
2026-02-11T15:21:23Z,01,d_vargas,SKILL_007_20260211_152123,526.37,17664.49,FALSE,SKILL_007,Separate tongue depressors by color,BAD_HZ /gripper_l/data (87.3/120.0) | BAD_HZ /pika_pose_r (76.1/100.0) | BAD_HZ /gripper_r/data (87.3/120.0) | BAD_HZ /pika_pose_l (76.3/100.0) | BAD_HZ /camera_fisheye_r/ffmpeg (0.0/30.0)
2026-02-11T15:10:58Z,01,d_vargas,SKILL_007_20260211_151058,548.83,18055.50,FALSE,SKILL_007,Separate tongue depressors by color,BAD_HZ /camera_r/depth/image_rect_raw (24.8/30.0) | BAD_HZ /gripper_r/data (69.5/120.0) | BAD_HZ /pika_pose_l (60.8/100.0) | BAD_HZ /camera_fisheye_l/ffmpeg (0.0/30.0) | BAD_HZ /camera_fisheye_r/ffmpeg (23.5/30.0) | BAD_HZ /gripper_l/data (68.8/120.0) | BAD_HZ /pika_pose_r (60.4/100.0)
2026-02-11T13:58:19Z,01,e_martinez,SKILL_007_20260211_135819,2.51,3.65,FALSE,SKILL_007,Separate tongue depressors by color,TOO_SHORT (1.0s < 90.0s) | BAD_HZ /camera_r/depth/image_rect_raw (2.9/30.0) | BAD_HZ /camera_l/depth/image_rect_raw (2.9/30.0) | BAD_HZ /gripper_r/data (2.9/120.0) | BAD_HZ /pika_pose_l (2.9/100.0) | BAD_HZ /camera_fisheye_l/ffmpeg (0.0/30.0) | BAD_HZ /camera_fisheye_r/ffmpeg (0.0/30.0) | BAD_HZ /gripper_l/data (2.9/120.0) | BAD_HZ /camera_l/ffmpeg (1.9/30.0) | BAD_HZ /camera_r/ffmpeg (2.9/30.0) | BAD_HZ /pika_pose_r (2.9/100.0)
2026-02-11T12:56:32Z,01,e_martinez,SKILL_036_20260211_125632,271.30,10054.65,FALSE,SKILL_036,Fold Socks,BAD_HZ /camera_fisheye_l/ffmpeg (0.0/30.0)
2026-02-11T10:20:25Z,01,e_martinez,SKILL_036_20260211_102025,359.67,12452.62,FALSE,SKILL_036,Fold Socks,BAD_HZ /camera_fisheye_l/ffmpeg (0.0/30.0)
2026-02-11T08:41:35Z,01,l_aguilera,SKILL_036_20260211_084135,471.61,17211.37,FALSE,SKILL_036,Fold Socks,BAD_HZ /camera_fisheye_l/ffmpeg (0.0/30.0)
2026-02-11T14:12:56Z,01,e_martinez,SKILL_029_20260211_141256,152.41,5616.56,FALSE,SKILL_029,Button a shirt,BAD_HZ /camera_fisheye_l/ffmpeg (0.0/30.0) | BAD_HZ /camera_fisheye_r/ffmpeg (0.0/30.0)
2026-02-11T14:10:19Z,01,e_martinez,SKILL_029_20260211_141019,125.67,4633.66,FALSE,SKILL_029,Button a shirt,BAD_HZ /camera_fisheye_l/ffmpeg (0.0/30.0) | BAD_HZ /camera_fisheye_r/ffmpeg (0.0/30.0)
2026-02-11T12:49:12Z,01,e_martinez,SKILL_029_20260211_124912,215.55,8084.93,FALSE,SKILL_029,Button a shirt,BAD_HZ /camera_fisheye_l/ffmpeg (0.0/30.0)
2026-02-11T12:43:11Z,01,e_martinez,SKILL_029_20260211_124311,245.48,9212.26,FALSE,SKILL_029,Button a shirt,BAD_HZ /camera_fisheye_l/ffmpeg (0.0/30.0)
2026-02-11T10:46:45Z,01,e_martinez,SKILL_029_20260211_104644,83.91,2789.97,FALSE,SKILL_029,Button a shirt,TOO_SHORT (83.9s < 90.0s) | BAD_HZ /gripper_r/data (47.7/120.0) | BAD_HZ /pika_pose_l (44.2/100.0) | BAD_HZ /camera_fisheye_l/ffmpeg (0.0/30.0) | BAD_HZ /camera_fisheye_r/ffmpeg (23.8/30.0) | BAD_HZ /gripper_l/data (48.3/120.0) | BAD_HZ /pika_pose_r (43.6/100.0)
2026-02-11T10:42:06Z,01,e_martinez,SKILL_029_20260211_104204,272.63,8308.48,FALSE,SKILL_029,Button a shirt,BAD_HZ /camera_r/depth/image_rect_raw (22.8/30.0) | BAD_HZ /camera_l/depth/image_rect_raw (24.9/30.0) | BAD_HZ /gripper_r/data (77.7/120.0) | BAD_HZ /pika_pose_l (68.3/100.0) | BAD_HZ /camera_fisheye_l/ffmpeg (0.0/30.0) | BAD_HZ /camera_fisheye_r/ffmpeg (24.9/30.0) | BAD_HZ /gripper_l/data (74.1/120.0) | BAD_HZ /camera_l/ffmpeg (25.0/30.0) | BAD_HZ /pika_pose_r (68.1/100.0)
2026-02-11T08:57:08Z,01,l_aguilera,SKILL_028_20260211_085708,145.17,5764.35,FALSE,SKILL_028,Fold a T Shirt,BAD_HZ /camera_fisheye_l/ffmpeg (0.0/30.0)
2026-02-11T08:53:21Z,01,l_aguilera,SKILL_028_20260211_085321,199.69,8024.40,FALSE,SKILL_028,Fold a T Shirt,BAD_HZ /camera_fisheye_l/ffmpeg (0.0/30.0)
2026-02-11T14:44:51Z,01,e_martinez,SKILL_023_20260211_144451,157.08,5718.12,FALSE,SKILL_023,Built up box (Present),BAD_HZ /camera_fisheye_l/ffmpeg (0.0/30.0) | BAD_HZ /camera_fisheye_r/ffmpeg (0.0/30.0)
2026-02-11T14:40:09Z,01,e_martinez,SKILL_023_20260211_144009,197.21,7213.35,FALSE,SKILL_023,Built up box (Present),BAD_HZ /camera_fisheye_l/ffmpeg (0.0/30.0) | BAD_HZ /camera_fisheye_r/ffmpeg (0.0/30.0)
2026-02-11T08:27:05Z,01,l_aguilera,SKILL_019_20260211_082705,220.35,8186.30,FALSE,SKILL_019,Put pasta in plastic containers,BAD_HZ /camera_fisheye_l/ffmpeg (0.0/30.0)
2026-02-11T08:22:33Z,01,l_aguilera,SKILL_019_20260211_082232,29.13,1013.54,FALSE,SKILL_019,Put pasta in plastic containers,TOO_SHORT (29.5s < 90.0s) | BAD_HZ /camera_fisheye_l/ffmpeg (0.0/30.0) | BAD_HZ /gripper_l/data (99.1/120.0) | BAD_HZ /camera_r/depth/image_rect_raw (24.3/30.0)
2026-02-11T13:37:10Z,01,e_martinez,SKILL_018_20260211_133710,400.28,12994.68,FALSE,SKILL_018,Close bags with twist ties,BAD_HZ /camera_fisheye_l/ffmpeg (0.0/30.0) | BAD_HZ /camera_fisheye_r/ffmpeg (0.0/30.0) | BAD_HZ /gripper_l/data (99.4/120.0) | BAD_HZ /gripper_r/data (99.2/120.0)
2026-02-11T08:31:52Z,01,l_aguilera,SKILL_018_20260211_083152,377.24,12795.18,FALSE,SKILL_018,Close bags with twist ties,BAD_HZ /camera_fisheye_l/ffmpeg (0.0/30.0)
2026-02-11T13:11:49Z,01,e_martinez,SKILL_017_20260211_131149,306.34,11437.08,FALSE,SKILL_017,Put pasta in ziploc bags,BAD_HZ /camera_fisheye_r/ffmpeg (0.0/30.0)
2026-02-11T13:07:32Z,01,e_martinez,SKILL_017_20260211_130732,176.64,6182.51,FALSE,SKILL_017,Put pasta in ziploc bags,BAD_HZ /camera_fisheye_l/ffmpeg (0.5/30.0)
2026-02-11T13:31:26Z,02,d_vargas,SKILL_029_20260211_133126,152.39,5762.74,FALSE,SKILL_029,Button a shirt,BAD_HZ /camera_fisheye_r/ffmpeg (0.0/30.0)
2026-02-11T13:23:55Z,02,d_vargas,SKILL_029_20260211_132355,428.30,15990.18,FALSE,SKILL_029,Button a shirt,BAD_HZ /camera_fisheye_r/ffmpeg (0.0/30.0)
2026-02-11T14:19:20Z,02,d_vargas,SKILL_023_20260211_141919,67.67,2453.71,FALSE,SKILL_023,Built up box (Present),TOO_SHORT (67.7s < 90.0s) | BAD_HZ /camera_fisheye_r/ffmpeg (0.0/30.0)
2026-02-11T14:15:17Z,02,d_vargas,SKILL_023_20260211_141517,216.59,7740.01,FALSE,SKILL_023,Built up box (Present),BAD_HZ /camera_fisheye_r/ffmpeg (0.0/30.0)
2026-02-11T14:10:38Z,02,d_vargas,SKILL_023_20260211_141038,162.73,5963.49,FALSE,SKILL_023,Built up box (Present),BAD_HZ /camera_fisheye_r/ffmpeg (0.0/30.0)
2026-02-11T12:58:42Z,02,d_vargas,SKILL_018_20260211_125842,90.97,3367.71,FALSE,SKILL_018,Close bags with twist ties,BAD_HZ /camera_fisheye_r/ffmpeg (0.0/30.0)
2026-02-11T12:51:10Z,02,d_vargas,SKILL_018_20260211_125110,389.28,12350.55,FALSE,SKILL_018,Close bags with twist ties,BAD_HZ /pika_pose_l (61.9/100.0) | BAD_HZ /camera_fisheye_l/ffmpeg (23.4/30.0) | BAD_HZ /camera_fisheye_r/ffmpeg (0.0/30.0) | BAD_HZ /gripper_l/data (71.6/120.0) | BAD_HZ /pika_pose_r (61.7/100.0) | BAD_HZ /camera_r/depth/image_rect_raw (24.7/30.0) | BAD_HZ /camera_l/depth/image_rect_raw (25.3/30.0) | BAD_HZ /gripper_r/data (71.4/120.0)
2026-02-11T13:46:21Z,02,d_vargas,SKILL_012_20260211_134621,343.61,12727.30,FALSE,SKILL_012,Put pasta in jars,BAD_HZ /camera_fisheye_l/ffmpeg (0.0/30.0) | BAD_HZ /gripper_l/data (97.4/120.0) | BAD_HZ /pika_pose_r (83.6/100.0) | BAD_HZ /gripper_r/data (97.5/120.0) | BAD_HZ /pika_pose_l (83.8/100.0)
2026-02-11T13:39:03Z,02,d_vargas,SKILL_012_20260211_133902,384.18,14934.53,FALSE,SKILL_012,Put pasta in jars,BAD_HZ /camera_fisheye_l/ffmpeg (0.0/30.0)
2026-02-11T08:41:38Z,02,e_martinez,SKILL_012_20260211_084138,399.85,16053.05,FALSE,SKILL_012,Put pasta in jars,BAD_HZ /camera_fisheye_r/ffmpeg (0.0/30.0)
2026-02-11T12:40:49Z,02,d_vargas,SKILL_010_20260211_124049,558.40,19501.10,FALSE,SKILL_010,Package earphones,BAD_HZ /camera_fisheye_r/ffmpeg (0.0/30.0)
2026-02-11T08:51:49Z,02,e_martinez,SKILL_007_20260211_085149,431.29,18067.27,FALSE,SKILL_007,Separate tongue depressors by color,BAD_HZ /camera_fisheye_r/ffmpeg (0.0/30.0)
2026-02-11T12:29:38Z,02,d_vargas,SKILL_003_20260211_122937,573.44,21102.49,FALSE,SKILL_003,Organize screwdriver bits,BAD_HZ /camera_fisheye_r/ffmpeg (0.0/30.0)
2026-02-11T08:36:26Z,02,e_martinez,SKILL_003_20260211_083626,239.37,9417.18,FALSE,SKILL_003,Organize screwdriver bits,BAD_HZ /camera_fisheye_r/ffmpeg (0.0/30.0)
2026-02-11T08:25:36Z,02,e_martinez,SKILL_003_20260211_082535,564.10,21974.93,FALSE,SKILL_003,Organize screwdriver bits,BAD_HZ /camera_fisheye_r/ffmpeg (0.0/30.0)
2026-02-11T13:56:14Z,02,d_vargas,SKILL_001_20260211_135614,242.63,6272.61,FALSE,SKILL_001,Organize beads per color,BAD_HZ /camera_l/ffmpeg (20.1/30.0) | BAD_HZ /camera_r/ffmpeg (19.9/30.0) | BAD_HZ /pika_pose_r (46.9/100.0) | BAD_HZ /camera_r/depth/image_rect_raw (19.9/30.0) | BAD_HZ /camera_l/depth/image_rect_raw (20.1/30.0) | BAD_HZ /gripper_r/data (54.0/120.0) | BAD_HZ /pika_pose_l (47.3/100.0) | BAD_HZ /camera_fisheye_l/ffmpeg (0.0/30.0) | BAD_HZ /camera_fisheye_r/ffmpeg (0.0/30.0) | BAD_HZ /gripper_l/data (53.5/120.0)
2026-02-11T13:55:55Z,02,d_vargas,SKILL_001_20260211_135555,4.10,165.95,FALSE,SKILL_001,Organize beads per color,TOO_SHORT (4.1s < 90.0s) | BAD_HZ /camera_fisheye_l/ffmpeg (0.0/30.0) | BAD_HZ /camera_fisheye_r/ffmpeg (0.0/30.0) | BAD_HZ /gripper_r/data (98.4/120.0)
2026-02-11T13:52:26Z,02,d_vargas,SKILL_001_20260211_135226,209.09,7387.58,FALSE,SKILL_001,Organize beads per color,BAD_HZ /gripper_r/data (72.8/120.0) | BAD_HZ /pika_pose_l (67.5/100.0) | BAD_HZ /camera_fisheye_l/ffmpeg (0.0/30.0) | BAD_HZ /camera_fisheye_r/ffmpeg (21.4/30.0) | BAD_HZ /gripper_l/data (78.9/120.0) | BAD_HZ /pika_pose_r (67.3/100.0) | BAD_HZ /camera_r/depth/image_rect_raw (24.7/30.0)
2026-02-11T08:07:32Z,02,e_martinez,SKILL_001_20260211_080731,631.80,24729.27,FALSE,SKILL_001,Organize beads per color,BAD_HZ /camera_fisheye_r/ffmpeg (0.0/30.0)
2026-02-11T13:08:30Z,02,d_vargas,SKILL_036_20260211_130830,679.75,23146.19,FALSE,SKILL_036,Fold Socks,BAD_HZ /camera_r/depth/image_rect_raw (25.5/30.0) | BAD_HZ /gripper_r/data (97.3/120.0) | BAD_HZ /pika_pose_l (84.7/100.0) | BAD_HZ /camera_fisheye_r/ffmpeg (0.0/30.0) | BAD_HZ /gripper_l/data (97.8/120.0) | BAD_HZ /pika_pose_r (84.7/100.0)
2026-02-11T14:24:08Z,02,d_vargas,SKILL_034_20260211_142408,571.98,21438.81,FALSE,SKILL_034,Tie Shoelaces,BAD_HZ /camera_fisheye_r/ffmpeg (0.0/30.0)
2026-02-11T07:57:45Z,03,c_becerra,SKILL_007_20260211_075745,168.58,6415.61,TRUE,SKILL_007,Separate tongue depressors by color,
2026-02-11T07:49:55Z,03,c_becerra,SKILL_007_20260211_074954,420.98,16124.28,TRUE,SKILL_007,Separate tongue depressors by color,
2026-02-11T16:02:04Z,03,d_vargas,SKILL_004_20260211_160204,428.70,16543.04,TRUE,SKILL_004,Set Screwdriver package,
2026-02-11T14:25:34Z,03,c_becerra,SKILL_004_20260211_142534,202.39,7765.77,TRUE,SKILL_004,Set Screwdriver package,
2026-02-11T11:59:21Z,03,c_becerra,SKILL_004_20260211_115921,311.81,12100.38,TRUE,SKILL_004,Set Screwdriver package,
2026-02-11T12:04:55Z,03,c_becerra,SKILL_004_20260211_120455,188.46,7242.06,TRUE,SKILL_004,Set Screwdriver package,
2026-02-11T07:48:04Z,03,c_becerra,SKILL_004_20260211_074804,77.28,2932.62,FALSE,SKILL_004,Set Screwdriver package,TOO_SHORT (77.3s < 90.0s)
2026-02-11T14:20:03Z,03,c_becerra,SKILL_004_20260211_142003,296.60,11427.43,TRUE,SKILL_004,Set Screwdriver package,
2026-02-11T07:38:20Z,03,c_becerra,SKILL_004_20260211_073820,327.85,12474.38,TRUE,SKILL_004,Set Screwdriver package,
2026-02-11T07:44:16Z,03,c_becerra,SKILL_004_20260211_074416,205.86,7801.29,TRUE,SKILL_004,Set Screwdriver package,
2026-02-11T15:53:19Z,03,d_vargas,SKILL_003_20260211_155319,407.54,15565.74,TRUE,SKILL_003,Organize screwdriver bits,
2026-02-11T15:51:48Z,03,d_vargas,SKILL_003_20260211_155148,75.31,2879.09,FALSE,SKILL_003,Organize screwdriver bits,TOO_SHORT (75.3s < 90.0s)
2026-02-11T14:11:45Z,03,c_becerra,SKILL_003_20260211_141145,405.68,15415.50,TRUE,SKILL_003,Organize screwdriver bits,
2026-02-11T09:52:18Z,03,c_becerra,SKILL_003_20260211_095218,357.84,13593.37,TRUE,SKILL_003,Organize screwdriver bits,
2026-02-11T07:30:28Z,03,c_becerra,SKILL_003_20260211_073028,387.89,14414.05,TRUE,SKILL_003,Organize screwdriver bits,
2026-02-11T15:42:07Z,03,d_vargas,SKILL_001_20260211_154207,492.48,19033.87,TRUE,SKILL_001,Organize beads per color,
2026-02-11T14:02:42Z,03,c_becerra,SKILL_001_20260211_140242,480.27,18454.69,TRUE,SKILL_001,Organize beads per color,
2026-02-11T09:40:41Z,03,c_becerra,SKILL_001_20260211_094041,581.90,22221.84,TRUE,SKILL_001,Organize beads per color,
2026-02-11T07:07:39Z,03,c_becerra,SKILL_001_20260211_070739,641.24,23323.57,TRUE,SKILL_001,Organize beads per color,
2026-02-11T13:05:05Z,03,c_becerra,SKILL_023_20260211_130505,148.39,5633.84,TRUE,SKILL_023,Built up box (Present),
2026-02-11T09:14:08Z,03,c_becerra,SKILL_023_20260211_091408,146.43,5454.53,TRUE,SKILL_023,Built up box (Present),
2026-02-11T13:14:04Z,03,c_becerra,SKILL_021_20260211_131404,388.24,14599.54,TRUE,SKILL_021,Build Up Box (Mailer),
2026-02-11T09:05:52Z,03,c_becerra,SKILL_021_20260211_090552,450.39,16758.02,TRUE,SKILL_021,Build Up Box (Mailer),
2026-02-11T14:48:07Z,03,c_becerra,SKILL_017_20260211_144807,396.36,14853.38,TRUE,SKILL_017,Put pasta in ziploc bags,
2026-02-11T12:50:17Z,03,c_becerra,SKILL_017_20260211_125017,470.46,17930.73,TRUE,SKILL_017,Put pasta in ziploc bags,
2026-02-11T08:57:08Z,03,c_becerra,SKILL_017_20260211_085708,478.71,18080.72,TRUE,SKILL_017,Put pasta in ziploc bags,
2026-02-11T12:40:31Z,03,c_becerra,SKILL_014_20260211_124031,555.36,21340.64,TRUE,SKILL_014,Fasten nuts onto bolts,
2026-02-11T12:37:48Z,03,c_becerra,SKILL_014_20260211_123748,97.66,3745.89,TRUE,SKILL_014,Fasten nuts onto bolts,
2026-02-11T12:30:08Z,03,c_becerra,SKILL_014_20260211_123008,423.97,16235.95,TRUE,SKILL_014,Fasten nuts onto bolts,
2026-02-11T08:31:27Z,03,c_becerra,SKILL_014_20260211_083127,416.02,15664.57,TRUE,SKILL_014,Fasten nuts onto bolts,
2026-02-11T08:20:03Z,03,c_becerra,SKILL_010_20260211_082003,611.85,23274.03,TRUE,SKILL_010,Package earphones,
2026-02-11T16:20:49Z,03,d_vargas,SKILL_009_20260211_162049,572.09,21731.60,TRUE,SKILL_009,Package Cotton set,
2026-02-11T14:30:15Z,03,c_becerra,SKILL_009_20260211_143015,467.15,17256.09,TRUE,SKILL_009,Package Cotton set,
2026-02-11T12:10:01Z,03,c_becerra,SKILL_009_20260211_121001,606.60,23202.03,TRUE,SKILL_009,Package Cotton set,
2026-02-11T07:19:18Z,03,c_becerra,SKILL_009_20260211_071918,550.11,20012.20,TRUE,SKILL_009,Package Cotton set,
2026-02-11T16:10:09Z,03,d_vargas,SKILL_008_20260211_161009,563.75,21986.74,TRUE,SKILL_008,Separate tongue depressors by type,
2026-02-11T14:39:03Z,03,c_becerra,SKILL_007_20260211_143903,464.73,17329.44,TRUE,SKILL_007,Separate tongue depressors by color,
2026-02-11T12:20:23Z,03,c_becerra,SKILL_007_20260211_122022,456.34,16620.21,TRUE,SKILL_007,Separate tongue depressors by color,
2026-02-11T07:28:01Z,04,e_martinez,SKILL_005_20260211_072801,93.39,3485.61,FALSE,SKILL_005,Insert allen keys in package,BAD_HZ /camera_l/ffmpeg (0.0/30.0) | BAD_HZ /camera_r/ffmpeg (0.0/30.0)
2026-02-11T07:22:51Z,04,e_martinez,SKILL_005_20260211_072251,282.50,10516.04,FALSE,SKILL_005,Insert allen keys in package,BAD_HZ /camera_l/ffmpeg (0.0/30.0) | BAD_HZ /camera_r/ffmpeg (0.0/30.0)
2026-02-11T07:17:25Z,04,e_martinez,SKILL_005_20260211_071725,291.29,10901.62,FALSE,SKILL_005,Insert allen keys in package,BAD_HZ /camera_l/ffmpeg (0.0/30.0) | BAD_HZ /camera_r/ffmpeg (0.0/30.0)
2026-02-11T11:16:25Z,04,l_aguilera,SKILL_004_20260211_111625,139.44,5125.54,FALSE,SKILL_004,Set Screwdriver package,BAD_HZ /camera_l/ffmpeg (0.0/30.0) | BAD_HZ /camera_r/ffmpeg (0.0/30.0)
2026-02-11T11:13:08Z,04,l_aguilera,SKILL_004_20260211_111307,152.81,4819.03,FALSE,SKILL_004,Set Screwdriver package,BAD_HZ /camera_l/ffmpeg (0.0/30.0) | BAD_HZ /camera_r/ffmpeg (0.0/30.0) | BAD_HZ /camera_l/depth/image_rect_raw (23.3/30.0)
2026-02-11T07:36:11Z,04,e_martinez,SKILL_004_20260211_073611,173.11,6478.08,FALSE,SKILL_004,Set Screwdriver package,BAD_HZ /camera_l/ffmpeg (0.0/30.0) | BAD_HZ /camera_r/ffmpeg (0.0/30.0)
2026-02-11T07:31:01Z,04,e_martinez,SKILL_004_20260211_073101,237.19,8915.04,FALSE,SKILL_004,Set Screwdriver package,BAD_HZ /camera_l/ffmpeg (0.0/30.0) | BAD_HZ /camera_r/ffmpeg (0.0/30.0)
2026-02-11T12:30:48Z,04,l_aguilera,SKILL_001_20260211_123048,479.85,15831.58,FALSE,SKILL_001,Organize beads per color,BAD_HZ /gripper_r/data (82.2/120.0) | BAD_HZ /pika_pose_l (72.5/100.0) | BAD_HZ /camera_fisheye_r/ffmpeg (0.0/30.0) | BAD_HZ /gripper_l/data (82.9/120.0) | BAD_HZ /camera_l/ffmpeg (0.0/30.0) | BAD_HZ /camera_r/ffmpeg (0.0/30.0) | BAD_HZ /pika_pose_r (72.5/100.0)
2026-02-11T09:51:41Z,04,l_aguilera,SKILL_001_20260211_095141,498.45,15743.12,FALSE,SKILL_001,Organize beads per color,BAD_HZ /gripper_r/data (94.0/120.0) | BAD_HZ /pika_pose_l (82.5/100.0) | BAD_HZ /camera_fisheye_l/ffmpeg (0.0/30.0) | BAD_HZ /gripper_l/data (94.7/120.0) | BAD_HZ /camera_l/ffmpeg (0.0/30.0) | BAD_HZ /camera_r/ffmpeg (0.0/30.0) | BAD_HZ /pika_pose_r (82.5/100.0)
2026-02-11T13:39:18Z,03,c_becerra,SKILL_033_20260211_133918,273.93,10676.47,TRUE,SKILL_033,Fold towels,
2026-02-11T09:35:51Z,03,c_becerra,SKILL_033_20260211_093551,259.52,10153.07,TRUE,SKILL_033,Fold towels,
2026-02-11T09:18:04Z,03,c_becerra,SKILL_032_20260211_091804,288.07,10948.23,TRUE,SKILL_032,Pack up Clothes in a paper bag,
2026-02-11T13:44:48Z,03,c_becerra,SKILL_029_20260211_134448,542.12,21690.12,TRUE,SKILL_029,Button a shirt,
2026-02-11T09:24:21Z,03,c_becerra,SKILL_029_20260211_092421,536.52,21445.59,TRUE,SKILL_029,Button a shirt,
2026-02-11T13:33:53Z,03,c_becerra,SKILL_025_20260211_133353,214.59,8169.20,TRUE,SKILL_025,Pack on a paper bag,
2026-02-11T13:22:11Z,03,c_becerra,SKILL_024_20260211_132211,544.47,20307.32,TRUE,SKILL_024,Put hooks on shower courtain,
2026-02-11T08:43:22Z,03,c_becerra,SKILL_024_20260211_084322,565.07,20883.51,TRUE,SKILL_024,Put hooks on shower courtain,
2026-02-11T13:11:02Z,03,c_becerra,SKILL_023_20260211_131102,132.14,5028.94,TRUE,SKILL_023,Built up box (Present),
2026-02-11T13:08:07Z,03,c_becerra,SKILL_023_20260211_130807,145.33,5492.38,TRUE,SKILL_023,Built up box (Present),
2026-02-11T10:40:12Z,04,l_aguilera,SKILL_005_20260211_104012,7.35,270.77,FALSE,SKILL_005,Insert allen keys in package,TOO_SHORT (7.4s < 90.0s) | BAD_HZ /camera_fisheye_l/ffmpeg (0.0/30.0) | BAD_HZ /camera_l/ffmpeg (0.0/30.0) | BAD_HZ /camera_r/ffmpeg (0.0/30.0)
2026-02-11T09:12:51Z,04,l_aguilera,SKILL_005_20260211_091251,376.22,13950.56,FALSE,SKILL_005,Insert allen keys in package,BAD_HZ /camera_l/ffmpeg (0.0/30.0) | BAD_HZ /camera_r/ffmpeg (0.0/30.0)
2026-02-11T09:10:55Z,04,l_aguilera,SKILL_005_20260211_091054,70.68,2618.12,FALSE,SKILL_005,Insert allen keys in package,TOO_SHORT (71.3s < 90.0s) | BAD_HZ /camera_r/ffmpeg (0.0/30.0) | BAD_HZ /camera_l/ffmpeg (0.0/30.0)
2026-02-11T10:11:40Z,04,l_aguilera,SKILL_014_20260211_101140,279.57,9970.46,FALSE,SKILL_014,Fasten nuts onto bolts,BAD_HZ /camera_fisheye_l/ffmpeg (0.0/30.0) | BAD_HZ /camera_l/ffmpeg (0.0/30.0) | BAD_HZ /camera_r/ffmpeg (0.0/30.0)
2026-02-11T10:06:25Z,04,l_aguilera,SKILL_014_20260211_100625,246.39,8897.20,FALSE,SKILL_014,Fasten nuts onto bolts,BAD_HZ /camera_fisheye_l/ffmpeg (0.0/30.0) | BAD_HZ /camera_l/ffmpeg (0.0/30.0) | BAD_HZ /camera_r/ffmpeg (0.0/30.0)
2026-02-11T13:16:27Z,04,l_aguilera,SKILL_013_20260211_131627,185.72,6780.68,FALSE,SKILL_013,Set up a hand lamp,BAD_HZ /camera_fisheye_r/ffmpeg (0.0/30.0) | BAD_HZ /camera_l/ffmpeg (0.0/30.0) | BAD_HZ /camera_r/ffmpeg (0.0/30.0)
2026-02-11T13:12:55Z,04,l_aguilera,SKILL_013_20260211_131255,171.76,6342.53,FALSE,SKILL_013,Set up a hand lamp,BAD_HZ /camera_l/ffmpeg (0.0/30.0) | BAD_HZ /camera_r/ffmpeg (0.0/30.0) | BAD_HZ /camera_fisheye_r/ffmpeg (0.0/30.0)
2026-02-11T13:12:12Z,04,l_aguilera,SKILL_013_20260211_131212,0.01,7.32,FALSE,SKILL_013,Set up a hand lamp,TOO_SHORT (0.6s < 90.0s) | BAD_HZ /camera_l/depth/image_rect_raw (10.5/30.0) | BAD_HZ /gripper_r/data (10.5/120.0) | BAD_HZ /pika_pose_l (10.5/100.0) | BAD_HZ /camera_fisheye_l/ffmpeg (10.5/30.0) | BAD_HZ /camera_fisheye_r/ffmpeg (0.0/30.0) | BAD_HZ /gripper_l/data (10.5/120.0) | BAD_HZ /camera_l/ffmpeg (0.0/30.0) | BAD_HZ /camera_r/ffmpeg (0.0/30.0) | BAD_HZ /pika_pose_r (8.8/100.0) | BAD_HZ /camera_r/depth/image_rect_raw (10.5/30.0)
2026-02-11T13:05:46Z,04,l_aguilera,SKILL_013_20260211_130546,385.73,12233.43,FALSE,SKILL_013,Set up a hand lamp,BAD_HZ /camera_fisheye_r/ffmpeg (0.0/30.0) | BAD_HZ /camera_l/ffmpeg (0.0/30.0) | BAD_HZ /camera_r/ffmpeg (0.0/30.0)
2026-02-11T11:03:55Z,04,l_aguilera,SKILL_013_20260211_110355,361.47,11701.16,FALSE,SKILL_013,Set up a hand lamp,BAD_HZ /camera_l/ffmpeg (0.0/30.0) | BAD_HZ /camera_r/ffmpeg (0.0/30.0) | BAD_HZ /camera_fisheye_l/ffmpeg (0.0/30.0)
2026-02-11T12:51:16Z,04,l_aguilera,SKILL_009_20260211_125116,491.51,17917.22,FALSE,SKILL_009,Package Cotton set,BAD_HZ /camera_fisheye_r/ffmpeg (0.0/30.0) | BAD_HZ /camera_l/ffmpeg (0.0/30.0) | BAD_HZ /camera_r/ffmpeg (0.0/30.0)
2026-02-11T10:52:11Z,04,l_aguilera,SKILL_009_20260211_105211,338.98,12265.43,FALSE,SKILL_009,Package Cotton set,BAD_HZ /camera_fisheye_l/ffmpeg (0.0/30.0) | BAD_HZ /camera_l/ffmpeg (0.0/30.0) | BAD_HZ /camera_r/ffmpeg (0.0/30.0)
2026-02-11T10:51:17Z,04,l_aguilera,SKILL_009_20260211_105117,2.14,78.67,FALSE,SKILL_009,Package Cotton set,TOO_SHORT (2.1s < 90.0s) | BAD_HZ /camera_fisheye_l/ffmpeg (0.0/30.0) | BAD_HZ /gripper_l/data (100.2/120.0) | BAD_HZ /camera_l/ffmpeg (0.0/30.0) | BAD_HZ /camera_r/ffmpeg (0.0/30.0) | BAD_HZ /gripper_r/data (95.5/120.0)
2026-02-11T09:38:48Z,04,l_aguilera,SKILL_009_20260211_093848,62.81,2376.09,FALSE,SKILL_009,Package Cotton set,TOO_SHORT (62.8s < 90.0s) | BAD_HZ /camera_l/ffmpeg (0.0/30.0) | BAD_HZ /camera_r/ffmpeg (0.0/30.0)
2026-02-11T09:35:33Z,04,l_aguilera,SKILL_009_20260211_093532,170.28,5168.16,FALSE,SKILL_009,Package Cotton set,BAD_HZ /camera_l/depth/image_rect_raw (23.7/30.0) | BAD_HZ /gripper_r/data (87.5/120.0) | BAD_HZ /pika_pose_l (76.5/100.0) | BAD_HZ /camera_fisheye_l/ffmpeg (23.8/30.0) | BAD_HZ /camera_fisheye_r/ffmpeg (23.8/30.0) | BAD_HZ /gripper_l/data (94.1/120.0) | BAD_HZ /camera_l/ffmpeg (0.0/30.0) | BAD_HZ /camera_r/ffmpeg (0.0/30.0) | BAD_HZ /pika_pose_r (76.5/100.0) | BAD_HZ /camera_r/depth/image_rect_raw (23.7/30.0)
2026-02-11T09:31:01Z,04,l_aguilera,SKILL_009_20260211_093101,231.95,8221.23,FALSE,SKILL_009,Package Cotton set,BAD_HZ /gripper_r/data (88.2/120.0) | BAD_HZ /pika_pose_l (76.5/100.0) | BAD_HZ /gripper_l/data (86.4/120.0) | BAD_HZ /camera_l/ffmpeg (0.0/30.0) | BAD_HZ /camera_r/ffmpeg (0.0/30.0) | BAD_HZ /pika_pose_r (76.4/100.0)
2026-02-11T09:26:55Z,04,l_aguilera,SKILL_009_20260211_092655,186.19,5776.09,FALSE,SKILL_009,Package Cotton set,BAD_HZ /camera_r/depth/image_rect_raw (24.6/30.0) | BAD_HZ /camera_l/depth/image_rect_raw (24.7/30.0) | BAD_HZ /gripper_r/data (53.9/120.0) | BAD_HZ /pika_pose_l (46.3/100.0) | BAD_HZ /camera_fisheye_l/ffmpeg (21.6/30.0) | BAD_HZ /camera_fisheye_r/ffmpeg (21.6/30.0) | BAD_HZ /gripper_l/data (50.5/120.0) | BAD_HZ /camera_l/ffmpeg (0.0/30.0) | BAD_HZ /camera_r/ffmpeg (0.0/30.0) | BAD_HZ /pika_pose_r (46.0/100.0)
2026-02-11T09:20:50Z,04,l_aguilera,SKILL_009_20260211_092050,347.67,12581.22,FALSE,SKILL_009,Package Cotton set,BAD_HZ /camera_l/ffmpeg (0.0/30.0) | BAD_HZ /camera_r/ffmpeg (0.0/30.0)
2026-02-11T10:30:45Z,04,l_aguilera,SKILL_008_20260211_103045,391.90,14379.05,FALSE,SKILL_008,Separate tongue depressors by type,BAD_HZ /camera_fisheye_l/ffmpeg (0.0/30.0) | BAD_HZ /camera_l/ffmpeg (0.0/30.0) | BAD_HZ /camera_r/ffmpeg (0.0/30.0)
2026-02-11T12:42:41Z,04,l_aguilera,SKILL_005_20260211_124241,424.33,14712.43,FALSE,SKILL_005,Insert allen keys in package,BAD_HZ /camera_fisheye_r/ffmpeg (0.0/30.0) | BAD_HZ /gripper_l/data (96.9/120.0) | BAD_HZ /camera_l/ffmpeg (0.0/30.0) | BAD_HZ /camera_r/ffmpeg (0.0/30.0) | BAD_HZ /pika_pose_r (83.9/100.0) | BAD_HZ /gripper_r/data (97.0/120.0) | BAD_HZ /pika_pose_l (83.9/100.0)
2026-02-11T10:48:22Z,04,l_aguilera,SKILL_005_20260211_104822,118.19,4253.70,FALSE,SKILL_005,Insert allen keys in package,BAD_HZ /camera_fisheye_l/ffmpeg (0.0/30.0) | BAD_HZ /camera_l/ffmpeg (0.0/30.0) | BAD_HZ /camera_r/ffmpeg (0.0/30.0)
2026-02-11T10:41:16Z,04,l_aguilera,SKILL_005_20260211_104116,373.09,13517.41,FALSE,SKILL_005,Insert allen keys in package,BAD_HZ /camera_fisheye_l/ffmpeg (0.0/30.0) | BAD_HZ /camera_l/ffmpeg (0.0/30.0) | BAD_HZ /camera_r/ffmpeg (0.0/30.0)
2026-02-11T13:48:35Z,04,l_aguilera,SKILL_025_20260211_134835,65.78,2383.87,FALSE,SKILL_025,Pack on a paper bag,TOO_SHORT (65.8s < 90.0s) | BAD_HZ /camera_fisheye_r/ffmpeg (0.0/30.0) | BAD_HZ /camera_l/ffmpeg (0.0/30.0) | BAD_HZ /camera_r/ffmpeg (0.0/30.0)
2026-02-11T13:47:06Z,04,l_aguilera,SKILL_025_20260211_134706,52.39,1909.97,FALSE,SKILL_025,Pack on a paper bag,TOO_SHORT (52.4s < 90.0s) | BAD_HZ /camera_fisheye_r/ffmpeg (0.0/30.0) | BAD_HZ /camera_l/ffmpeg (0.0/30.0) | BAD_HZ /camera_r/ffmpeg (0.0/30.0)
2026-02-11T13:45:30Z,04,l_aguilera,SKILL_025_20260211_134530,58.68,2125.74,FALSE,SKILL_025,Pack on a paper bag,TOO_SHORT (58.7s < 90.0s) | BAD_HZ /camera_fisheye_r/ffmpeg (0.0/30.0) | BAD_HZ /camera_l/ffmpeg (0.0/30.0) | BAD_HZ /camera_r/ffmpeg (0.0/30.0)
2026-02-11T13:43:49Z,04,l_aguilera,SKILL_025_20260211_134349,61.81,2086.21,FALSE,SKILL_025,Pack on a paper bag,TOO_SHORT (61.8s < 90.0s) | BAD_HZ /camera_l/ffmpeg (0.0/30.0) | BAD_HZ /camera_r/ffmpeg (0.0/30.0) | BAD_HZ /camera_fisheye_r/ffmpeg (0.0/30.0)
2026-02-11T13:41:48Z,04,l_aguilera,SKILL_025_20260211_134148,84.65,2806.65,FALSE,SKILL_025,Pack on a paper bag,TOO_SHORT (84.6s < 90.0s) | BAD_HZ /camera_r/depth/image_rect_raw (25.2/30.0) | BAD_HZ /camera_fisheye_r/ffmpeg (0.0/30.0) | BAD_HZ /camera_l/ffmpeg (0.0/30.0) | BAD_HZ /camera_r/ffmpeg (0.0/30.0)
2026-02-11T13:38:18Z,04,l_aguilera,SKILL_024_20260211_133818,75.71,2730.14,FALSE,SKILL_024,Put hooks on shower courtain,TOO_SHORT (75.7s < 90.0s) | BAD_HZ /camera_fisheye_r/ffmpeg (0.0/30.0) | BAD_HZ /camera_l/ffmpeg (0.0/30.0) | BAD_HZ /camera_r/ffmpeg (0.0/30.0)
2026-02-11T13:34:05Z,04,l_aguilera,SKILL_024_20260211_133405,170.08,6151.25,FALSE,SKILL_024,Put hooks on shower courtain,BAD_HZ /camera_fisheye_r/ffmpeg (0.0/30.0) | BAD_HZ /camera_l/ffmpeg (0.0/30.0) | BAD_HZ /camera_r/ffmpeg (0.0/30.0)
2026-02-11T13:30:39Z,04,l_aguilera,SKILL_024_20260211_133039,162.50,5904.96,FALSE,SKILL_024,Put hooks on shower courtain,BAD_HZ /camera_fisheye_r/ffmpeg (0.0/30.0) | BAD_HZ /camera_l/ffmpeg (0.0/30.0) | BAD_HZ /camera_r/ffmpeg (0.0/30.0)
2026-02-11T12:08:54Z,04,l_aguilera,SKILL_021_20260211_120854,23.33,834.88,FALSE,SKILL_021,Build Up Box (Mailer),TOO_SHORT (23.3s < 90.0s) | BAD_HZ /camera_fisheye_r/ffmpeg (0.0/30.0) | BAD_HZ /camera_l/ffmpeg (0.0/30.0) | BAD_HZ /camera_r/ffmpeg (0.0/30.0)
2026-02-11T12:05:41Z,04,l_aguilera,SKILL_021_20260211_120541,80.20,1947.26,FALSE,SKILL_021,Build Up Box (Mailer),TOO_SHORT (80.2s < 90.0s) | BAD_HZ /camera_l/ffmpeg (0.0/30.0) | BAD_HZ /camera_r/ffmpeg (0.0/30.0) | BAD_HZ /camera_r/depth/image_rect_raw (18.7/30.0) | BAD_HZ /camera_l/depth/image_rect_raw (19.8/30.0) | BAD_HZ /camera_fisheye_r/ffmpeg (0.0/30.0)
2026-02-11T12:01:43Z,04,l_aguilera,SKILL_021_20260211_120143,85.48,3111.79,FALSE,SKILL_021,Build Up Box (Mailer),TOO_SHORT (85.5s < 90.0s) | BAD_HZ /camera_fisheye_r/ffmpeg (0.0/30.0) | BAD_HZ /camera_l/ffmpeg (0.0/30.0) | BAD_HZ /camera_r/ffmpeg (0.0/30.0)
2026-02-11T12:07:19Z,04,l_aguilera,SKILL_021_20260211_120719,79.56,2889.08,FALSE,SKILL_021,Build Up Box (Mailer),TOO_SHORT (79.5s < 90.0s) | BAD_HZ /camera_fisheye_r/ffmpeg (0.0/30.0) | BAD_HZ /camera_l/ffmpeg (0.0/30.0) | BAD_HZ /camera_r/ffmpeg (0.0/30.0)
2026-02-11T12:03:36Z,04,l_aguilera,SKILL_021_20260211_120336,100.96,3663.61,FALSE,SKILL_021,Build Up Box (Mailer),BAD_HZ /camera_fisheye_r/ffmpeg (0.0/30.0) | BAD_HZ /camera_l/ffmpeg (0.0/30.0) | BAD_HZ /camera_r/ffmpeg (0.0/30.0)
2026-02-11T11:24:06Z,04,l_aguilera,SKILL_021_20260211_112406,104.63,3920.23,FALSE,SKILL_021,Build Up Box (Mailer),BAD_HZ /camera_l/ffmpeg (0.0/30.0) | BAD_HZ /camera_r/ffmpeg (0.0/30.0)
2026-02-11T11:20:13Z,04,l_aguilera,SKILL_021_20260211_112013,193.40,7258.18,FALSE,SKILL_021,Build Up Box (Mailer),BAD_HZ /camera_r/ffmpeg (0.0/30.0) | BAD_HZ /camera_l/ffmpeg (0.0/30.0)
2026-02-11T11:28:27Z,04,l_aguilera,SKILL_021_20260211_112827,50.04,1884.41,FALSE,SKILL_021,Build Up Box (Mailer),TOO_SHORT (50.0s < 90.0s) | BAD_HZ /camera_l/ffmpeg (0.0/30.0) | BAD_HZ /camera_r/ffmpeg (0.0/30.0)
2026-02-11T13:27:22Z,04,l_aguilera,SKILL_014_20260211_132722,70.47,2568.35,FALSE,SKILL_014,Fasten nuts onto bolts,TOO_SHORT (70.5s < 90.0s) | BAD_HZ /camera_fisheye_r/ffmpeg (0.0/30.0) | BAD_HZ /camera_l/ffmpeg (0.0/30.0) | BAD_HZ /camera_r/ffmpeg (0.0/30.0)
2026-02-11T13:20:28Z,04,l_aguilera,SKILL_014_20260211_132027,354.56,12875.15,FALSE,SKILL_014,Fasten nuts onto bolts,BAD_HZ /camera_fisheye_r/ffmpeg (0.0/30.0) | BAD_HZ /camera_l/ffmpeg (0.0/30.0) | BAD_HZ /camera_r/ffmpeg (0.0/30.0)
2026-02-11T10:17:39Z,04,l_aguilera,SKILL_014_20260211_101739,129.45,4714.33,FALSE,SKILL_014,Fasten nuts onto bolts,BAD_HZ /camera_l/ffmpeg (0.0/30.0) | BAD_HZ /camera_r/ffmpeg (0.0/30.0) | BAD_HZ /camera_fisheye_l/ffmpeg (0.0/30.0)
2026-02-11T16:48:52Z,05,d_vargas,SKILL_005_20260211_164852,190.73,4003.07,FALSE,SKILL_005,Insert allen keys in package,BAD_HZ /camera_l/depth/image_rect_raw (13.3/30.0) | BAD_HZ /camera_l/ffmpeg (24.9/30.0) | BAD_HZ /camera_r/ffmpeg (25.1/30.0) | BAD_HZ /camera_r/depth/image_rect_raw (13.2/30.0)
2026-02-11T16:42:32Z,05,d_vargas,SKILL_005_20260211_164231,351.07,7133.56,FALSE,SKILL_005,Insert allen keys in package,BAD_HZ /camera_l/ffmpeg (25.4/30.0) | BAD_HZ /camera_r/ffmpeg (25.4/30.0) | BAD_HZ /camera_r/depth/image_rect_raw (12.5/30.0) | BAD_HZ /camera_l/depth/image_rect_raw (12.8/30.0)
2026-02-11T08:28:36Z,05,d_vargas,SKILL_003_20260211_082836,108.21,2155.37,FALSE,SKILL_003,Organize screwdriver bits,BAD_HZ /camera_fisheye_r/ffmpeg (0.0/30.0) | BAD_HZ /camera_l/ffmpeg (25.3/30.0) | BAD_HZ /camera_r/depth/image_rect_raw (15.9/30.0) | BAD_HZ /camera_l/depth/image_rect_raw (14.4/30.0)
2026-02-11T08:25:51Z,05,d_vargas,SKILL_003_20260211_082551,162.58,2394.43,FALSE,SKILL_003,Organize screwdriver bits,BAD_HZ /camera_r/depth/image_rect_raw (7.5/30.0) | BAD_HZ /camera_l/depth/image_rect_raw (13.2/30.0) | BAD_HZ /camera_fisheye_r/ffmpeg (15.4/30.0) | BAD_HZ /camera_r/ffmpeg (15.2/30.0)
2026-02-11T08:21:24Z,05,d_vargas,SKILL_003_20260211_082124,240.38,4277.56,FALSE,SKILL_003,Organize screwdriver bits,BAD_HZ /camera_l/depth/image_rect_raw (11.9/30.0) | BAD_HZ /camera_r/depth/image_rect_raw (12.3/30.0)
2026-02-11T14:40:21Z,05,l_aguilera,SKILL_001_20260211_144020,462.72,9641.61,FALSE,SKILL_001,Organize beads per color,BAD_HZ /camera_r/depth/image_rect_raw (14.2/30.0) | BAD_HZ /camera_l/depth/image_rect_raw (13.2/30.0)
2026-02-11T07:17:43Z,05,d_vargas,SKILL_001_20260211_071742,658.05,12732.24,FALSE,SKILL_001,Organize beads per color,BAD_HZ /camera_r/depth/image_rect_raw (13.8/30.0) | BAD_HZ /camera_l/depth/image_rect_raw (13.5/30.0)
2026-02-11T12:20:32Z,04,l_aguilera,SKILL_034_20260211_122032,554.69,18065.10,FALSE,SKILL_034,Tie Shoelaces,BAD_HZ /gripper_r/data (100.5/120.0) | BAD_HZ /camera_fisheye_r/ffmpeg (0.0/30.0) | BAD_HZ /gripper_l/data (100.0/120.0) | BAD_HZ /camera_l/ffmpeg (0.0/30.0) | BAD_HZ /camera_r/ffmpeg (0.0/30.0)
2026-02-11T10:20:59Z,04,l_aguilera,SKILL_034_20260211_102059,484.52,16644.45,FALSE,SKILL_034,Tie Shoelaces,BAD_HZ /gripper_r/data (94.3/120.0) | BAD_HZ /pika_pose_l (82.9/100.0) | BAD_HZ /camera_fisheye_l/ffmpeg (0.0/30.0) | BAD_HZ /gripper_l/data (96.8/120.0) | BAD_HZ /camera_l/ffmpeg (0.0/30.0) | BAD_HZ /camera_r/ffmpeg (0.0/30.0) | BAD_HZ /pika_pose_r (82.9/100.0)
2026-02-11T14:24:48Z,04,l_aguilera,SKILL_031_20260211_142448,145.27,5366.67,FALSE,SKILL_031,Fold Pants,BAD_HZ /camera_fisheye_r/ffmpeg (0.0/30.0) | BAD_HZ /camera_l/ffmpeg (0.0/30.0) | BAD_HZ /camera_r/ffmpeg (0.0/30.0)
2026-02-11T14:20:52Z,04,l_aguilera,SKILL_031_20260211_142052,202.83,7441.13,FALSE,SKILL_031,Fold Pants,BAD_HZ /camera_fisheye_r/ffmpeg (0.0/30.0) | BAD_HZ /camera_l/ffmpeg (0.0/30.0) | BAD_HZ /camera_r/ffmpeg (0.0/30.0)
2026-02-11T12:19:00Z,04,l_aguilera,SKILL_031_20260211_121900,45.58,1676.43,FALSE,SKILL_031,Fold Pants,TOO_SHORT (45.6s < 90.0s) | BAD_HZ /camera_fisheye_r/ffmpeg (0.0/30.0) | BAD_HZ /camera_l/ffmpeg (0.0/30.0) | BAD_HZ /camera_r/ffmpeg (0.0/30.0)
2026-02-11T12:10:53Z,04,l_aguilera,SKILL_031_20260211_121053,404.49,13301.19,FALSE,SKILL_031,Fold Pants,BAD_HZ /camera_l/ffmpeg (0.0/30.0) | BAD_HZ /camera_r/ffmpeg (0.0/30.0) | BAD_HZ /pika_pose_r (72.8/100.0) | BAD_HZ /gripper_r/data (83.7/120.0) | BAD_HZ /pika_pose_l (72.8/100.0) | BAD_HZ /camera_fisheye_r/ffmpeg (0.0/30.0) | BAD_HZ /gripper_l/data (83.1/120.0)
2026-02-11T14:16:45Z,04,l_aguilera,SKILL_029_20260211_141645,156.42,5743.07,FALSE,SKILL_029,Button a shirt,BAD_HZ /camera_fisheye_r/ffmpeg (0.0/30.0) | BAD_HZ /camera_l/ffmpeg (0.0/30.0) | BAD_HZ /camera_r/ffmpeg (0.0/30.0)
2026-02-11T14:11:52Z,04,l_aguilera,SKILL_029_20260211_141152,249.72,9167.91,FALSE,SKILL_029,Button a shirt,BAD_HZ /camera_fisheye_r/ffmpeg (0.0/30.0) | BAD_HZ /camera_l/ffmpeg (0.0/30.0) | BAD_HZ /camera_r/ffmpeg (0.0/30.0)
2026-02-11T14:06:25Z,04,l_aguilera,SKILL_029_20260211_140625,274.59,10135.44,FALSE,SKILL_029,Button a shirt,BAD_HZ /camera_fisheye_r/ffmpeg (0.0/30.0) | BAD_HZ /camera_l/ffmpeg (0.0/30.0) | BAD_HZ /camera_r/ffmpeg (0.0/30.0)
2026-02-11T13:56:17Z,04,l_aguilera,SKILL_028_20260211_135617,183.92,6734.83,FALSE,SKILL_028,Fold a T Shirt,BAD_HZ /camera_fisheye_r/ffmpeg (0.0/30.0) | BAD_HZ /camera_l/ffmpeg (0.0/30.0) | BAD_HZ /camera_r/ffmpeg (0.0/30.0)
2026-02-11T13:51:31Z,04,l_aguilera,SKILL_028_20260211_135131,258.07,9446.45,FALSE,SKILL_028,Fold a T Shirt,BAD_HZ /camera_fisheye_r/ffmpeg (0.0/30.0) | BAD_HZ /camera_l/ffmpeg (0.0/30.0) | BAD_HZ /camera_r/ffmpeg (0.0/30.0)
2026-02-11T14:51:17Z,05,l_aguilera,SKILL_004_20260211_145117,26.53,559.54,FALSE,SKILL_004,Set Screwdriver package,TOO_SHORT (26.5s < 90.0s) | BAD_HZ /camera_l/ffmpeg (24.9/30.0) | BAD_HZ /camera_r/ffmpeg (24.2/30.0) | BAD_HZ /camera_r/depth/image_rect_raw (14.1/30.0) | BAD_HZ /camera_l/depth/image_rect_raw (13.0/30.0)
2026-02-11T07:29:59Z,05,d_vargas,SKILL_007_20260211_072959,70.76,1464.29,FALSE,SKILL_007,Separate tongue depressors by color,TOO_SHORT (70.8s < 90.0s) | BAD_HZ /camera_r/depth/image_rect_raw (13.8/30.0) | BAD_HZ /camera_l/depth/image_rect_raw (14.3/30.0)
2026-02-11T16:52:25Z,05,d_vargas,SKILL_005_20260211_165225,51.01,978.28,FALSE,SKILL_005,Insert allen keys in package,TOO_SHORT (51.0s < 90.0s) | BAD_HZ /camera_l/ffmpeg (24.5/30.0) | BAD_HZ /camera_r/ffmpeg (24.7/30.0) | BAD_HZ /camera_r/depth/image_rect_raw (11.4/30.0) | BAD_HZ /camera_l/depth/image_rect_raw (11.9/30.0)
2026-02-12T07:22:06Z,02,c_becerra,SKILL_003_20260212_072205,581.85,11010.01,FALSE,SKILL_003,Organize screwdriver bits,BAD_HZ /camera_fisheye_r/ffmpeg (0.0/30.0) | BAD_HZ /camera_l/ffmpeg (0.0/30.0) | BAD_HZ /camera_l/depth/image_rect_raw (0.0/30.0)
2026-02-12T07:06:54Z,02,c_becerra,SKILL_001_20260212_070654,834.61,28904.28,FALSE,SKILL_001,Organize beads per color,BAD_HZ /camera_fisheye_r/ffmpeg (0.0/30.0)
2026-02-11T14:31:12Z,05,l_aguilera,SKILL_034_20260211_143110,487.46,9897.62,FALSE,SKILL_034,Tie Shoelaces,BAD_HZ /camera_r/depth/image_rect_raw (13.7/30.0) | BAD_HZ /camera_l/depth/image_rect_raw (13.2/30.0)
2026-02-11T09:39:00Z,05,d_vargas,SKILL_034_20260211_093900,36.45,690.75,FALSE,SKILL_034,Tie Shoelaces,TOO_SHORT (36.5s < 90.0s) | BAD_HZ /camera_l/depth/image_rect_raw (13.3/30.0) | BAD_HZ /camera_fisheye_r/ffmpeg (25.1/30.0) | BAD_HZ /camera_r/ffmpeg (16.7/30.0) | BAD_HZ /camera_r/depth/image_rect_raw (10.8/30.0)
2026-02-11T09:31:46Z,05,d_vargas,SKILL_034_20260211_093146,399.39,9467.74,FALSE,SKILL_034,Tie Shoelaces,BAD_HZ /camera_l/ffmpeg (24.9/30.0) | BAD_HZ /camera_r/depth/image_rect_raw (15.6/30.0) | BAD_HZ /camera_l/depth/image_rect_raw (15.0/30.0)
2026-02-11T09:22:05Z,05,d_vargas,SKILL_034_20260211_092205,479.42,9592.84,FALSE,SKILL_034,Tie Shoelaces,BAD_HZ /pika_pose_r (77.3/100.0) | BAD_HZ /camera_r/depth/image_rect_raw (12.3/30.0) | BAD_HZ /camera_l/depth/image_rect_raw (12.1/30.0) | BAD_HZ /gripper_r/data (81.0/120.0) | BAD_HZ /pika_pose_l (79.6/100.0) | BAD_HZ /gripper_l/data (82.4/120.0)
2026-02-11T09:15:43Z,05,d_vargas,SKILL_034_20260211_091542,310.73,6380.71,FALSE,SKILL_034,Tie Shoelaces,BAD_HZ /camera_r/depth/image_rect_raw (12.9/30.0) | BAD_HZ /camera_l/depth/image_rect_raw (11.9/30.0) | BAD_HZ /gripper_r/data (76.1/120.0) | BAD_HZ /pika_pose_l (74.6/100.0) | BAD_HZ /gripper_l/data (77.8/120.0) | BAD_HZ /pika_pose_r (72.5/100.0)
2026-02-11T08:59:36Z,05,d_vargas,SKILL_024_20260211_085936,0.72,6.34,FALSE,SKILL_024,Put hooks on shower courtain,TOO_SHORT (0.7s < 90.0s) | BAD_HZ /camera_l/depth/image_rect_raw (12.6/30.0) | BAD_HZ /gripper_r/data (0.0/120.0) | BAD_HZ /pika_pose_l (0.0/100.0) | BAD_HZ /camera_fisheye_r/ffmpeg (0.0/30.0) | BAD_HZ /gripper_l/data (100.6/120.0) | BAD_HZ /camera_r/ffmpeg (0.0/30.0) | BAD_HZ /pika_pose_r (0.0/100.0) | BAD_HZ /camera_r/depth/image_rect_raw (0.0/30.0)
2026-02-11T08:52:47Z,05,d_vargas,SKILL_024_20260211_085247,408.32,8565.29,FALSE,SKILL_024,Put hooks on shower courtain,BAD_HZ /camera_fisheye_r/ffmpeg (0.0/30.0) | BAD_HZ /pika_pose_r (0.0/100.0) | BAD_HZ /camera_r/depth/image_rect_raw (14.8/30.0) | BAD_HZ /camera_l/depth/image_rect_raw (16.1/30.0) | BAD_HZ /pika_pose_l (0.0/100.0)
2026-02-11T08:47:11Z,05,d_vargas,SKILL_014_20260211_084711,178.03,3684.43,FALSE,SKILL_014,Fasten nuts onto bolts,BAD_HZ /camera_r/depth/image_rect_raw (13.4/30.0) | BAD_HZ /camera_l/depth/image_rect_raw (14.0/30.0)
2026-02-11T08:39:37Z,05,d_vargas,SKILL_014_20260211_083936,333.24,6488.68,FALSE,SKILL_014,Fasten nuts onto bolts,BAD_HZ /camera_r/depth/image_rect_raw (13.0/30.0) | BAD_HZ /camera_l/depth/image_rect_raw (14.8/30.0)
2026-02-11T07:56:48Z,05,d_vargas,SKILL_013_20260211_075648,177.99,2868.75,FALSE,SKILL_013,Set up a hand lamp,BAD_HZ /camera_l/depth/image_rect_raw (12.4/30.0) | BAD_HZ /gripper_r/data (96.8/120.0) | BAD_HZ /camera_fisheye_r/ffmpeg (0.0/30.0) | BAD_HZ /gripper_l/data (97.7/120.0) | BAD_HZ /camera_r/depth/image_rect_raw (11.0/30.0)
2026-02-11T07:51:01Z,05,d_vargas,SKILL_013_20260211_075101,344.30,5650.73,FALSE,SKILL_013,Set up a hand lamp,BAD_HZ /camera_r/ffmpeg (17.1/30.0) | BAD_HZ /camera_r/depth/image_rect_raw (10.2/30.0) | BAD_HZ /camera_l/depth/image_rect_raw (14.4/30.0) | BAD_HZ /camera_fisheye_r/ffmpeg (0.0/30.0)
2026-02-11T08:18:32Z,05,d_vargas,SKILL_009_20260211_081832,123.97,2146.38,FALSE,SKILL_009,Package Cotton set,BAD_HZ /camera_r/depth/image_rect_raw (12.5/30.0) | BAD_HZ /camera_l/depth/image_rect_raw (11.9/30.0)
2026-02-11T08:08:57Z,05,d_vargas,SKILL_009_20260211_080857,561.42,9449.32,FALSE,SKILL_009,Package Cotton set,BAD_HZ /camera_r/depth/image_rect_raw (11.8/30.0) | BAD_HZ /camera_l/depth/image_rect_raw (11.5/30.0)
2026-02-11T08:08:38Z,05,d_vargas,SKILL_009_20260211_080837,2.14,64.52,FALSE,SKILL_009,Package Cotton set,TOO_SHORT (3.3s < 90.0s) | BAD_HZ /camera_r/depth/image_rect_raw (16.3/30.0) | BAD_HZ /camera_l/depth/image_rect_raw (13.9/30.0) | BAD_HZ /gripper_r/data (98.0/120.0)
2026-02-11T07:41:59Z,05,d_vargas,SKILL_007_20260211_074159,449.42,9660.31,FALSE,SKILL_007,Separate tongue depressors by color,BAD_HZ /camera_l/depth/image_rect_raw (15.9/30.0) | BAD_HZ /camera_fisheye_r/ffmpeg (0.0/30.0) | BAD_HZ /camera_r/depth/image_rect_raw (16.8/30.0)
2026-02-11T07:37:56Z,05,d_vargas,SKILL_007_20260211_073756,126.67,2692.05,FALSE,SKILL_007,Separate tongue depressors by color,BAD_HZ /camera_l/depth/image_rect_raw (15.6/30.0) | BAD_HZ /camera_fisheye_r/ffmpeg (0.0/30.0) | BAD_HZ /camera_r/depth/image_rect_raw (16.5/30.0)
2026-02-11T07:31:24Z,05,d_vargas,SKILL_007_20260211_073124,358.47,5409.77,FALSE,SKILL_007,Separate tongue depressors by color,BAD_HZ /camera_fisheye_r/ffmpeg (11.1/30.0) | BAD_HZ /camera_r/ffmpeg (9.4/30.0) | BAD_HZ /camera_r/depth/image_rect_raw (4.9/30.0) | BAD_HZ /camera_l/depth/image_rect_raw (15.9/30.0)
2026-02-12T09:07:30Z,03,c_becerra,SKILL_017_20260212_090730,465.92,16799.31,TRUE,SKILL_017,Put pasta in ziploc bags,
2026-02-12T10:58:00Z,03,c_becerra,SKILL_014_20260212_105800,453.09,16840.49,TRUE,SKILL_014,Fasten nuts onto bolts,
2026-02-12T08:44:37Z,03,c_becerra,SKILL_014_20260212_084437,552.88,20044.25,TRUE,SKILL_014,Fasten nuts onto bolts,
2026-02-12T11:11:26Z,03,c_becerra,SKILL_010_20260212_111126,560.47,21108.33,TRUE,SKILL_010,Package earphones,
2026-02-12T08:57:29Z,03,c_becerra,SKILL_010_20260212_085729,545.83,20013.49,TRUE,SKILL_010,Package earphones,
2026-02-12T10:45:54Z,03,c_becerra,SKILL_009_20260212_104554,673.05,25060.28,TRUE,SKILL_009,Package Cotton set,
2026-02-12T13:05:03Z,03,c_becerra,SKILL_007_20260212_130503,442.24,16010.72,TRUE,SKILL_007,Separate tongue depressors by color,
2026-02-12T10:34:44Z,03,c_becerra,SKILL_007_20260212_103444,438.43,16303.49,TRUE,SKILL_007,Separate tongue depressors by color,
2026-02-12T13:14:05Z,03,c_becerra,SKILL_004_20260212_131405,379.39,14454.71,TRUE,SKILL_004,Set Screwdriver package,
2026-02-12T10:26:31Z,03,c_becerra,SKILL_004_20260212_102631,447.15,16365.54,TRUE,SKILL_004,Set Screwdriver package,
2026-02-12T08:36:59Z,03,c_becerra,SKILL_004_20260212_083659,379.87,13489.87,TRUE,SKILL_004,Set Screwdriver package,
2026-02-12T12:52:51Z,03,c_becerra,SKILL_003_20260212_125251,391.45,14817.52,TRUE,SKILL_003,Organize screwdriver bits,
2026-02-12T10:18:16Z,03,c_becerra,SKILL_003_20260212_101816,454.62,16807.70,TRUE,SKILL_003,Organize screwdriver bits,
2026-02-12T12:38:51Z,03,c_becerra,SKILL_001_20260212_123851,655.02,24855.07,TRUE,SKILL_001,Organize beads per color,
2026-02-12T10:06:06Z,03,c_becerra,SKILL_001_20260212_100606,651.49,23792.65,TRUE,SKILL_001,Organize beads per color,
2026-02-12T07:50:39Z,02,c_becerra,SKILL_019_20260212_075039,591.07,21786.85,FALSE,SKILL_019,Put pasta in plastic containers,BAD_HZ /camera_fisheye_l/ffmpeg (0.0/30.0)
2026-02-12T08:14:48Z,02,c_becerra,SKILL_009_20260212_081448,683.32,24732.07,FALSE,SKILL_009,Package Cotton set,BAD_HZ /camera_fisheye_l/ffmpeg (0.0/30.0)
2026-02-12T07:38:03Z,02,c_becerra,SKILL_007_20260212_073802,689.19,24107.27,FALSE,SKILL_007,Separate tongue depressors by color,BAD_HZ /camera_fisheye_l/ffmpeg (0.0/30.0)
2026-02-12T07:32:25Z,02,c_becerra,SKILL_007_20260212_073225,185.79,3501.58,FALSE,SKILL_007,Separate tongue depressors by color,BAD_HZ /camera_fisheye_r/ffmpeg (0.0/30.0) | BAD_HZ /camera_l/ffmpeg (0.0/30.0) | BAD_HZ /camera_l/depth/image_rect_raw (0.0/30.0)
2026-02-12T07:11:15Z,05,n_mora,SKILL_001_20260212_071115,492.03,9986.20,FALSE,SKILL_001,Organize beads per color,BAD_HZ /camera_r/depth/image_rect_raw (14.3/30.0) | BAD_HZ /camera_l/depth/image_rect_raw (13.7/30.0)
2026-02-12T07:11:12Z,05,n_mora,SKILL_001_20260212_071111,0.77,55.42,FALSE,SKILL_001,Organize beads per color,TOO_SHORT (2.0s < 90.0s) | BAD_HZ /camera_r/depth/image_rect_raw (19.5/30.0) | BAD_HZ /camera_l/depth/image_rect_raw (24.6/30.0)
2026-02-12T09:24:01Z,03,c_becerra,SKILL_032_20260212_092401,282.87,10577.42,TRUE,SKILL_032,Pack up Clothes in a paper bag,
2026-02-12T12:20:00Z,03,c_becerra,SKILL_030_20260212_122000,275.50,10691.67,TRUE,SKILL_030,Fold a shirt,
2026-02-12T12:32:05Z,03,c_becerra,SKILL_029_20260212_123205,318.62,12642.02,TRUE,SKILL_029,Button a shirt,
2026-02-12T09:54:58Z,03,c_becerra,SKILL_029_20260212_095458,376.10,14703.72,TRUE,SKILL_029,Button a shirt,
2026-02-12T09:46:37Z,03,c_becerra,SKILL_029_20260212_094637,427.75,16848.33,TRUE,SKILL_029,Button a shirt,
2026-02-12T09:36:56Z,03,c_becerra,SKILL_029_20260212_093656,18.67,739.68,FALSE,SKILL_029,Button a shirt,TOO_SHORT (18.7s < 90.0s)
2026-02-12T09:30:25Z,03,c_becerra,SKILL_028_20260212_093025,324.77,12464.55,TRUE,SKILL_028,Fold a T Shirt,
2026-02-12T12:26:36Z,03,c_becerra,SKILL_025_20260212_122636,274.56,10374.31,TRUE,SKILL_025,Pack on a paper bag,
2026-02-12T11:28:30Z,03,c_becerra,SKILL_024_20260212_112830,180.44,6697.84,TRUE,SKILL_024,Put hooks on shower courtain,
2026-02-12T11:24:00Z,03,c_becerra,SKILL_024_20260212_112400,217.69,8034.72,TRUE,SKILL_024,Put hooks on shower courtain,
2026-02-12T12:14:11Z,03,c_becerra,SKILL_023_20260212_121411,98.80,3724.06,TRUE,SKILL_023,Built up box (Present),
2026-02-12T12:16:24Z,03,c_becerra,SKILL_023_20260212_121624,105.97,3969.46,TRUE,SKILL_023,Built up box (Present),
2026-02-12T12:11:37Z,03,c_becerra,SKILL_023_20260212_121137,113.54,4260.74,TRUE,SKILL_023,Built up box (Present),
2026-02-12T09:20:15Z,03,c_becerra,SKILL_023_20260212_092015,134.72,4997.54,TRUE,SKILL_023,Built up box (Present),
2026-02-12T09:16:51Z,03,c_becerra,SKILL_023_20260212_091651,159.68,5880.40,TRUE,SKILL_023,Built up box (Present),
2026-02-12T12:06:05Z,03,c_becerra,SKILL_021_20260212_120605,290.33,10807.33,TRUE,SKILL_021,Build Up Box (Mailer),
2026-02-12T11:59:50Z,03,c_becerra,SKILL_021_20260212_115950,304.14,11386.81,TRUE,SKILL_021,Build Up Box (Mailer),
2026-02-12T07:20:19Z,05,n_mora,SKILL_001_20260212_072019,129.09,2610.65,FALSE,SKILL_001,Organize beads per color,BAD_HZ /camera_r/depth/image_rect_raw (14.5/30.0) | BAD_HZ /camera_l/depth/image_rect_raw (13.4/30.0)
2026-02-12T08:28:28Z,05,n_mora,SKILL_013_20260212_082828,231.45,4716.18,FALSE,SKILL_013,Set up a hand lamp,BAD_HZ /camera_fisheye_l/ffmpeg (0.0/30.0) | BAD_HZ /camera_fisheye_r/ffmpeg (0.0/30.0) | BAD_HZ /camera_r/depth/image_rect_raw (16.4/30.0) | BAD_HZ /camera_l/depth/image_rect_raw (16.2/30.0)
2026-02-12T08:23:02Z,05,n_mora,SKILL_013_20260212_082302,211.14,4314.51,FALSE,SKILL_013,Set up a hand lamp,BAD_HZ /camera_r/depth/image_rect_raw (16.1/30.0) | BAD_HZ /camera_l/depth/image_rect_raw (16.5/30.0) | BAD_HZ /camera_fisheye_l/ffmpeg (0.0/30.0) | BAD_HZ /camera_fisheye_r/ffmpeg (0.0/30.0)
2026-02-12T08:17:51Z,05,n_mora,SKILL_013_20260212_081751,237.88,4848.05,FALSE,SKILL_013,Set up a hand lamp,BAD_HZ /camera_l/depth/image_rect_raw (16.3/30.0) | BAD_HZ /camera_fisheye_l/ffmpeg (0.0/30.0) | BAD_HZ /camera_fisheye_r/ffmpeg (0.0/30.0) | BAD_HZ /camera_r/depth/image_rect_raw (16.3/30.0)
2026-02-12T08:08:39Z,05,n_mora,SKILL_005_20260212_080838,311.46,6311.81,FALSE,SKILL_005,Insert allen keys in package,BAD_HZ /camera_r/depth/image_rect_raw (16.3/30.0) | BAD_HZ /camera_l/depth/image_rect_raw (16.0/30.0) | BAD_HZ /camera_fisheye_l/ffmpeg (0.0/30.0) | BAD_HZ /camera_fisheye_r/ffmpeg (0.0/30.0)
2026-02-12T07:50:04Z,05,n_mora,SKILL_005_20260212_075004,315.42,5324.92,FALSE,SKILL_005,Insert allen keys in package,BAD_HZ /camera_r/ffmpeg (20.8/30.0) | BAD_HZ /camera_r/depth/image_rect_raw (11.3/30.0) | BAD_HZ /camera_l/depth/image_rect_raw (13.2/30.0) | BAD_HZ /camera_fisheye_r/ffmpeg (0.0/30.0)
2026-02-12T07:42:13Z,05,n_mora,SKILL_005_20260212_074213,354.24,7136.84,FALSE,SKILL_005,Insert allen keys in package,BAD_HZ /camera_r/depth/image_rect_raw (15.2/30.0) | BAD_HZ /camera_l/depth/image_rect_raw (14.7/30.0) | BAD_HZ /camera_fisheye_r/ffmpeg (0.0/30.0)
2026-02-12T07:32:55Z,05,n_mora,SKILL_005_20260212_073255,433.82,5163.30,FALSE,SKILL_005,Insert allen keys in package,BAD_HZ /camera_r/depth/image_rect_raw (0.1/30.0) | BAD_HZ /camera_l/depth/image_rect_raw (16.7/30.0) | BAD_HZ /camera_fisheye_r/ffmpeg (0.0/30.0) | BAD_HZ /camera_r/ffmpeg (0.1/30.0)
2026-02-12T07:23:43Z,05,n_mora,SKILL_001_20260212_072343,401.21,8009.93,FALSE,SKILL_001,Organize beads per color,BAD_HZ /camera_r/depth/image_rect_raw (13.9/30.0) | BAD_HZ /camera_l/depth/image_rect_raw (13.3/30.0)
