Start_Time,Station,Operator,BagName,Duration(s),Size(MB),IsValid,SkillID,SkillName
2026-02-12T07:30:21Z,01,e_martinez,SKILL_001_20260212_073021,693.09,22552.94,TRUE,SKILL_001,Organize beads per color
2026-02-12T07:20:16Z,01,e_martinez,SKILL_007_20260212_072016,510.51,17373.90,TRUE,SKILL_007,Separate tongue depressors by color
2026-02-12T07:45:32Z,01,e_martinez,SKILL_012_20260212_074531,315.74,11114.75,TRUE,SKILL_012,Put pasta in jars
2026-02-12T10:31:03Z,01,e_martinez,SKILL_009_20260212_103103,337.73,11669.97,TRUE,SKILL_009,Package Cotton set
2026-02-12T10:20:20Z,01,e_martinez,SKILL_007_20260212_102020,327.82,10792.93,TRUE,SKILL_007,Separate tongue depressors by color
2026-02-12T08:06:41Z,01,e_martinez,SKILL_010_20260212_080641,394.49,11731.00,TRUE,SKILL_010,Package earphones
2026-02-12T13:23:35Z,01,d_vargas,SKILL_009_20260212_132335,409.64,13664.80,TRUE,SKILL_009,Package Cotton set
2026-02-12T08:42:07Z,01,e_martinez,SKILL_009_20260212_084207,357.05,11258.18,TRUE,SKILL_009,Package Cotton set
2026-02-12T10:38:09Z,01,e_martinez,SKILL_009_20260212_103809,158.98,5841.83,TRUE,SKILL_009,Package Cotton set
2026-02-12T07:52:21Z,01,e_martinez,SKILL_012_20260212_075221,355.42,12505.75,TRUE,SKILL_012,Put pasta in jars
2026-02-12T09:12:26Z,01,e_martinez,SKILL_001_20260212_091226,101.15,3685.06,TRUE,SKILL_001,Organize beads per color
2026-02-12T08:14:23Z,01,e_martinez,SKILL_018_20260212_081423,400.76,13137.12,TRUE,SKILL_018,Close bags with twist ties
2026-02-12T09:19:48Z,01,e_martinez,SKILL_001_20260212_091948,601.68,21621.86,TRUE,SKILL_001,Organize beads per color
2026-02-12T07:41:58Z,01,e_martinez,SKILL_001_20260212_074155,1.58,3.63,FALSE,SKILL_001,Organize beads per color
2026-02-12T09:41:46Z,01,e_martinez,SKILL_012_20260212_094145,54.34,1599.10,FALSE,SKILL_012,Put pasta in jars
2026-02-12T10:10:12Z,01,e_martinez,SKILL_023_20260212_101012,166.89,6129.49,TRUE,SKILL_023,Built up box (Present)
2026-02-12T13:42:05Z,01,d_vargas,SKILL_005_20260212_134204,56.89,1998.72,FALSE,SKILL_005,Insert allen keys in package
2026-02-12T09:34:40Z,01,e_martinez,SKILL_012_20260212_093439,424.91,13457.71,TRUE,SKILL_012,Put pasta in jars
2026-02-12T13:31:20Z,01,d_vargas,SKILL_018_20260212_133120,0.28,24.12,FALSE,SKILL_018,Close bags with twist ties
2026-02-12T11:13:11Z,01,e_martinez,SKILL_013_20260212_111311,9.50,357.35,FALSE,SKILL_013,Set up a hand lamp
2026-02-12T11:26:20Z,01,e_martinez,SKILL_005_20260212_112617,174.68,5901.48,TRUE,SKILL_005,Insert allen keys in package
2026-02-12T08:27:13Z,01,e_martinez,SKILL_029_20260212_082713,129.09,4726.72,TRUE,SKILL_029,Button a shirt
2026-02-12T08:53:27Z,01,e_martinez,SKILL_003_20260212_085327,477.97,15445.12,TRUE,SKILL_003,Organize screwdriver bits
2026-02-12T10:57:55Z,01,e_martinez,SKILL_019_20260212_105754,9.75,358.21,FALSE,SKILL_019,Put pasta in plastic containers
2026-02-12T08:31:25Z,01,e_martinez,SKILL_009_20260212_083125,449.01,14626.38,TRUE,SKILL_009,Package Cotton set
2026-02-12T08:23:56Z,01,e_martinez,SKILL_029_20260212_082356,149.81,5505.54,TRUE,SKILL_029,Button a shirt
2026-02-12T09:44:30Z,01,e_martinez,SKILL_029_20260212_094430,137.27,5084.22,TRUE,SKILL_029,Button a shirt
2026-02-12T10:52:19Z,01,e_martinez,SKILL_019_20260212_105218,227.27,8323.90,TRUE,SKILL_019,Put pasta in plastic containers
2026-02-12T10:05:43Z,01,e_martinez,SKILL_036_20260212_100543,5.57,204.70,FALSE,SKILL_036,Fold Socks
2026-02-12T11:20:31Z,01,e_martinez,SKILL_013_20260212_112031,275.73,10276.06,TRUE,SKILL_013,Set up a hand lamp
2026-02-12T09:47:55Z,01,e_martinez,SKILL_029_20260212_094755,138.72,5139.63,TRUE,SKILL_029,Button a shirt
2026-02-12T13:31:21Z,01,d_vargas,SKILL_018_20260212_133121,357.23,13455.91,TRUE,SKILL_018,Close bags with twist ties
2026-02-12T13:40:04Z,02,e_martinez,SKILL_013_20260212_134004,269.87,10120.81,TRUE,SKILL_013,Set up a hand lamp
2026-02-12T13:35:19Z,02,e_martinez,SKILL_013_20260212_133519,77.22,3082.05,FALSE,SKILL_013,Set up a hand lamp
2026-02-12T10:25:50Z,01,e_martinez,SKILL_007_20260212_102548,4.67,85.49,FALSE,SKILL_007,Separate tongue depressors by color
2026-02-12T07:08:43Z,01,e_martinez,SKILL_003_20260212_070842,507.74,17873.06,TRUE,SKILL_003,Organize screwdriver bits
2026-02-12T14:39:36Z,02,e_martinez,SKILL_005_20260212_143936,351.22,14211.58,TRUE,SKILL_005,Insert allen keys in package
2026-02-12T10:43:47Z,01,e_martinez,SKILL_034_20260212_104347,331.21,12224.43,TRUE,SKILL_034,Tie Shoelaces
2026-02-12T12:39:38Z,02,e_martinez,SKILL_009_20260212_123938,139.36,5008.49,TRUE,SKILL_009,Package Cotton set
2026-02-12T14:07:41Z,02,e_martinez,SKILL_018_20260212_140741,434.17,15249.97,TRUE,SKILL_018,Close bags with twist ties
2026-02-12T14:53:34Z,02,e_martinez,SKILL_001_20260212_145334,329.24,12705.12,TRUE,SKILL_001,Organize beads per color
2026-02-12T13:24:51Z,02,e_martinez,SKILL_005_20260212_132451,367.50,13822.65,TRUE,SKILL_005,Insert allen keys in package
2026-02-12T12:27:27Z,02,e_martinez,SKILL_029_20260212_122727,123.22,4559.42,TRUE,SKILL_029,Button a shirt
2026-02-12T11:15:10Z,01,e_martinez,SKILL_013_20260212_111510,211.65,7916.11,TRUE,SKILL_013,Set up a hand lamp
2026-02-12T14:29:40Z,02,e_martinez,SKILL_023_20260212_142940,149.77,5835.66,TRUE,SKILL_023,Built up box (Present)
2026-02-12T10:14:24Z,01,e_martinez,SKILL_023_20260212_101424,157.99,5771.90,TRUE,SKILL_023,Built up box (Present)
2026-02-12T10:06:01Z,01,e_martinez,SKILL_023_20260212_100601,172.44,6345.96,TRUE,SKILL_023,Built up box (Present)
2026-02-12T12:10:02Z,02,e_martinez,SKILL_005_20260212_121001,400.54,15267.36,TRUE,SKILL_005,Insert allen keys in package
2026-02-12T16:21:32Z,03,d_vargas,SKILL_010_20260212_162132,518.90,20072.05,TRUE,SKILL_010,Package earphones
2026-02-12T14:24:07Z,02,e_martinez,SKILL_029_20260212_142407,144.14,5494.56,TRUE,SKILL_029,Button a shirt
2026-02-12T09:51:46Z,01,e_martinez,SKILL_036_20260212_095146,337.17,11695.58,TRUE,SKILL_036,Fold Socks
2026-02-12T14:50:29Z,03,c_becerra,SKILL_014_20260212_145029,503.99,17646.81,TRUE,SKILL_014,Fasten nuts onto bolts
2026-02-12T16:51:51Z,03,d_vargas,SKILL_014_20260212_165151,208.14,7845.50,TRUE,SKILL_014,Fasten nuts onto bolts
2026-02-12T16:30:42Z,03,d_vargas,SKILL_010_20260212_163041,489.11,17610.91,TRUE,SKILL_010,Package earphones
2026-02-12T14:45:04Z,03,c_becerra,SKILL_009_20260212_144503,276.57,9580.11,TRUE,SKILL_009,Package Cotton set
2026-02-12T15:31:32Z,03,d_vargas,SKILL_003_20260212_153131,529.81,19013.43,TRUE,SKILL_003,Organize screwdriver bits
2026-02-12T15:50:58Z,03,d_vargas,SKILL_007_20260212_155058,544.46,20962.89,TRUE,SKILL_007,Separate tongue depressors by color
2026-02-12T16:12:35Z,03,d_vargas,SKILL_009_20260212_161235,414.63,15781.73,TRUE,SKILL_009,Package Cotton set
2026-02-12T16:05:13Z,03,d_vargas,SKILL_009_20260212_160513,396.45,15158.39,TRUE,SKILL_009,Package Cotton set
2026-02-12T07:51:31Z,04,d_vargas,SKILL_004_20260212_075131,285.56,8579.77,TRUE,SKILL_004,Set Screwdriver package
2026-02-12T14:33:32Z,02,e_martinez,SKILL_023_20260212_143332,167.68,6505.70,TRUE,SKILL_023,Built up box (Present)
2026-02-12T15:41:18Z,03,d_vargas,SKILL_004_20260212_154118,492.04,17499.22,TRUE,SKILL_004,Set Screwdriver package
2026-02-12T07:16:07Z,04,d_vargas,SKILL_005_20260212_071607,373.56,13916.58,TRUE,SKILL_005,Insert allen keys in package
2026-02-12T10:22:37Z,04,d_vargas,SKILL_001_20260212_102237,452.97,16260.96,TRUE,SKILL_001,Organize beads per color
2026-02-12T08:15:49Z,04,d_vargas,SKILL_007_20260212_081549,4.17,167.34,FALSE,SKILL_007,Separate tongue depressors by color
2026-02-12T07:31:20Z,04,d_vargas,SKILL_001_20260212_073120,533.53,19935.31,TRUE,SKILL_001,Organize beads per color
2026-02-12T13:16:52Z,02,E_MARTINEZ,SKILL_019_20260212_131652,83.50,3156.09,FALSE,SKILL_019,Put pasta in plastic containers
2026-02-12T14:19:52Z,02,e_martinez,SKILL_029_20260212_141952,186.46,7089.00,TRUE,SKILL_029,Button a shirt
2026-02-12T10:43:39Z,04,d_vargas,SKILL_007_20260212_104339,476.80,17572.18,TRUE,SKILL_007,Separate tongue depressors by color
2026-02-12T12:51:26Z,04,d_vargas,SKILL_007_20260212_125126,463.99,17772.32,TRUE,SKILL_007,Separate tongue depressors by color
2026-02-12T10:30:10Z,04,d_vargas,SKILL_001_20260212_103010,4.42,157.37,FALSE,SKILL_001,Organize beads per color
2026-02-12T12:50:10Z,04,d_vargas,SKILL_001_20260212_125010,2.98,70.52,FALSE,SKILL_001,Organize beads per color
2026-02-12T08:18:12Z,04,d_vargas,SKILL_007_20260212_081812,716.84,25166.52,TRUE,SKILL_007,Separate tongue depressors by color
2026-02-12T12:19:22Z,02,e_martinez,SKILL_029_20260212_121922,186.20,6908.07,TRUE,SKILL_029,Button a shirt
2026-02-12T14:33:38Z,03,c_becerra,SKILL_009_20260212_143338,474.80,16725.84,TRUE,SKILL_009,Package Cotton set
2026-02-12T08:38:23Z,04,d_vargas,SKILL_014_20260212_083823,141.41,5003.91,TRUE,SKILL_014,Fasten nuts onto bolts
2026-02-12T08:15:58Z,04,d_vargas,SKILL_007_20260212_081558,36.09,1286.10,FALSE,SKILL_007,Separate tongue depressors by color
2026-02-12T13:01:20Z,02,E_MARTINEZ,SKILL_009_20260212_130120,404.83,15432.30,TRUE,SKILL_009,Package Cotton set
2026-02-12T12:27:07Z,04,d_vargas,SKILL_014_20260212_122707,189.06,7119.92,TRUE,SKILL_014,Fasten nuts onto bolts
2026-02-12T12:56:30Z,02,E_MARTINEZ,SKILL_009_20260212_125629,150.26,5731.54,TRUE,SKILL_009,Package Cotton set
2026-02-12T08:31:38Z,04,d_vargas,SKILL_014_20260212_083138,323.42,11686.59,TRUE,SKILL_014,Fasten nuts onto bolts
2026-02-12T07:47:30Z,04,d_vargas,SKILL_013_20260212_074730,201.44,7509.83,TRUE,SKILL_013,Set up a hand lamp
2026-02-12T12:40:23Z,04,d_vargas,SKILL_017_20260212_124022,64.48,2400.05,FALSE,SKILL_017,Put pasta in ziploc bags
2026-02-12T08:56:22Z,04,d_vargas,SKILL_024_20260212_085622,171.49,6061.42,TRUE,SKILL_024,Put hooks on shower courtain
2026-02-12T07:23:56Z,04,d_vargas,SKILL_005_20260212_072356,365.30,13836.73,TRUE,SKILL_005,Insert allen keys in package
2026-02-12T11:25:55Z,04,d_vargas,SKILL_024_20260212_112555,129.80,4706.21,TRUE,SKILL_024,Put hooks on shower courtain
2026-02-12T09:52:07Z,04,d_vargas,SKILL_027_20260212_095207,372.49,13213.51,TRUE,SKILL_027,Build a box and pack an item
2026-02-12T11:21:51Z,04,d_vargas,SKILL_024_20260212_112151,184.17,6639.73,TRUE,SKILL_024,Put hooks on shower courtain
2026-02-12T13:12:28Z,02,E_MARTINEZ,SKILL_019_20260212_131228,209.33,7803.94,TRUE,SKILL_019,Put pasta in plastic containers
2026-02-12T09:38:48Z,04,d_vargas,SKILL_028_20260212_093848,98.84,3537.66,TRUE,SKILL_028,Fold a T Shirt
2026-02-12T12:31:33Z,04,d_vargas,SKILL_017_20260212_123133,529.71,20128.30,TRUE,SKILL_017,Put pasta in ziploc bags
2026-02-12T08:51:57Z,04,d_vargas,SKILL_024_20260212_085157,225.78,8031.95,TRUE,SKILL_024,Put hooks on shower courtain
2026-02-12T15:20:50Z,03,d_vargas,SKILL_001_20260212_152049,579.01,22052.93,TRUE,SKILL_001,Organize beads per color
2026-02-12T13:00:20Z,04,d_vargas,SKILL_007_20260212_130020,1.48,55.98,FALSE,SKILL_007,Separate tongue depressors by color
2026-02-12T12:23:34Z,02,e_martinez,SKILL_029_20260212_122334,29.67,1113.16,FALSE,SKILL_029,Button a shirt
2026-02-12T09:47:07Z,04,d_vargas,SKILL_032_20260212_094707,195.50,7010.83,TRUE,SKILL_032,Pack up Clothes in a paper bag
2026-02-12T10:06:22Z,04,d_vargas,SKILL_029_20260212_100622,14.42,522.09,FALSE,SKILL_029,Button a shirt
2026-02-12T09:16:03Z,04,d_vargas,SKILL_034_20260212_091603,182.86,6554.44,TRUE,SKILL_034,Tie Shoelaces
2026-02-12T12:27:01Z,04,d_vargas,SKILL_014_20260212_122701,3.58,136.89,FALSE,SKILL_014,Fasten nuts onto bolts
2026-02-12T11:11:25Z,04,d_vargas,SKILL_036_20260212_111125,2.10,76.83,FALSE,SKILL_036,Fold Socks
2026-02-12T12:11:31Z,04,d_vargas,SKILL_003_20260212_121131,534.01,19857.03,TRUE,SKILL_003,Organize screwdriver bits
2026-02-12T09:22:24Z,04,d_vargas,SKILL_040_20260212_092224,178.07,6436.84,TRUE,SKILL_040,Fasten a belt
2026-02-12T13:00:19Z,04,d_vargas,SKILL_007_20260212_130018,0.97,37.05,FALSE,SKILL_007,Separate tongue depressors by color
2026-02-12T10:08:57Z,04,d_vargas,SKILL_029_20260212_100857,9.69,345.51,FALSE,SKILL_029,Button a shirt
2026-02-12T10:43:23Z,05,n_mora,SKILL_001_20260212_104322,449.60,10065.84,TRUE,SKILL_001,Organize beads per color
2026-02-12T09:41:34Z,04,d_vargas,SKILL_032_20260212_094134,301.88,10803.65,TRUE,SKILL_032,Pack up Clothes in a paper bag
2026-02-12T11:14:23Z,05,n_mora,SKILL_001_20260212_111423,230.57,4577.84,TRUE,SKILL_001,Organize beads per color
2026-02-12T10:09:24Z,04,d_vargas,SKILL_029_20260212_100924,530.79,19145.98,TRUE,SKILL_029,Button a shirt
2026-02-12T12:54:50Z,05,n_mora,SKILL_001_20260212_125450,266.45,3308.32,TRUE,SKILL_001,Organize beads per color
2026-02-12T09:32:15Z,04,d_vargas,SKILL_028_20260212_093215,337.04,12114.75,TRUE,SKILL_028,Fold a T Shirt
2026-02-12T13:41:11Z,05,n_mora,SKILL_001_20260212_134110,174.81,3959.04,TRUE,SKILL_001,Organize beads per color
2026-02-12T09:05:51Z,04,d_vargas,SKILL_034_20260212_090551,565.94,19769.83,TRUE,SKILL_034,Tie Shoelaces
2026-02-12T13:46:35Z,05,n_mora,SKILL_001_20260212_134635,399.68,6549.17,TRUE,SKILL_001,Organize beads per color
2026-02-12T07:41:37Z,04,d_vargas,SKILL_013_20260212_074137,43.08,1535.74,FALSE,SKILL_013,Set up a hand lamp
2026-02-12T14:18:02Z,05,n_mora,SKILL_001_20260212_141802,0.46,7.34,FALSE,SKILL_001,Organize beads per color
2026-02-12T07:42:30Z,04,d_vargas,SKILL_013_20260212_074229,240.04,8856.03,TRUE,SKILL_013,Set up a hand lamp
2026-02-12T12:43:33Z,05,n_mora,SKILL_003_20260212_124333,432.75,10237.81,TRUE,SKILL_003,Organize screwdriver bits
2026-02-12T10:55:44Z,05,n_mora,SKILL_001_20260212_105544,170.27,3073.38,TRUE,SKILL_001,Organize beads per color
2026-02-12T10:55:06Z,04,d_vargas,SKILL_007_20260212_105506,249.05,9074.67,TRUE,SKILL_007,Separate tongue depressors by color
2026-02-12T12:20:51Z,04,d_vargas,SKILL_014_20260212_122051,275.62,10361.80,TRUE,SKILL_014,Fasten nuts onto bolts
2026-02-12T12:24:08Z,05,n_mora,SKILL_007_20260212_122408,458.92,9639.38,TRUE,SKILL_007,Separate tongue depressors by color
2026-02-12T14:02:10Z,05,n_mora,SKILL_001_20260212_140210,415.19,9383.04,TRUE,SKILL_001,Organize beads per color
2026-02-12T11:05:58Z,05,n_mora,SKILL_001_20260212_110556,430.73,7464.33,TRUE,SKILL_001,Organize beads per color
2026-02-12T11:11:19Z,04,d_vargas,SKILL_036_20260212_111119,4.45,162.79,FALSE,SKILL_036,Fold Socks
2026-02-12T15:34:15Z,05,n_mora,SKILL_012_20260212_153415,219.37,4936.10,TRUE,SKILL_012,Put pasta in jars
2026-02-12T13:55:08Z,05,n_mora,SKILL_001_20260212_135508,321.58,7228.21,TRUE,SKILL_001,Organize beads per color
2026-02-12T08:44:53Z,05,n_mora,SKILL_007_20260212_084453,433.23,8467.76,TRUE,SKILL_007,Separate tongue depressors by color
2026-02-12T15:21:30Z,05,n_mora,SKILL_012_20260212_152129,121.92,2955.19,TRUE,SKILL_012,Put pasta in jars
2026-02-12T12:36:31Z,05,n_mora,SKILL_003_20260212_123631,279.85,6501.22,TRUE,SKILL_003,Organize screwdriver bits
2026-02-12T12:15:51Z,05,n_mora,SKILL_007_20260212_121551,418.05,10359.32,TRUE,SKILL_007,Separate tongue depressors by color
2026-02-12T08:34:14Z,05,n_mora,SKILL_007_20260212_083414,468.40,7705.29,TRUE,SKILL_007,Separate tongue depressors by color
2026-02-12T11:11:27Z,04,d_vargas,SKILL_036_20260212_111127,520.35,18850.22,TRUE,SKILL_036,Fold Socks
2026-02-12T15:26:04Z,05,n_mora,SKILL_012_20260212_152604,302.36,5905.29,TRUE,SKILL_012,Put pasta in jars
2026-02-12T15:45:52Z,05,n_mora,SKILL_012_20260212_154551,206.41,2949.25,TRUE,SKILL_012,Put pasta in jars
2026-02-12T11:19:07Z,05,n_mora,SKILL_001_20260212_111907,399.65,7649.82,TRUE,SKILL_001,Organize beads per color
2026-02-12T15:06:23Z,05,n_mora,SKILL_014_20260212_150622,118.77,2938.91,TRUE,SKILL_014,Fasten nuts onto bolts
2026-02-12T11:27:20Z,05,n_mora,SKILL_017_20260212_112720,180.73,3297.88,TRUE,SKILL_017,Put pasta in ziploc bags
2026-02-12T13:06:22Z,05,n_mora,SKILL_034_20260212_130621,371.79,4642.17,TRUE,SKILL_034,Tie Shoelaces
2026-02-12T13:12:59Z,05,n_mora,SKILL_034_20260212_131259,3.50,47.02,FALSE,SKILL_034,Tie Shoelaces
2026-02-12T14:42:24Z,05,n_mora,SKILL_014_20260212_144224,215.63,4239.58,TRUE,SKILL_014,Fasten nuts onto bolts
2026-02-12T13:13:22Z,05,n_mora,SKILL_034_20260212_131322,142.18,2945.13,TRUE,SKILL_034,Tie Shoelaces
2026-02-12T10:18:49Z,04,d_vargas,SKILL_029_20260212_101849,91.83,3273.23,TRUE,SKILL_029,Button a shirt
2026-02-12T15:25:12Z,05,n_mora,SKILL_012_20260212_152512,31.34,766.27,FALSE,SKILL_012,Put pasta in jars
2026-02-12T14:37:21Z,05,n_mora,SKILL_014_20260212_143720,186.37,3774.75,TRUE,SKILL_014,Fasten nuts onto bolts
2026-02-12T15:10:00Z,05,n_mora,SKILL_014_20260212_151000,206.79,5178.41,TRUE,SKILL_014,Fasten nuts onto bolts
2026-02-12T12:11:05Z,05,n_mora,SKILL_017_20260212_121104,179.71,4106.64,TRUE,SKILL_017,Put pasta in ziploc bags
2026-02-12T14:21:49Z,05,n_mora,SKILL_024_20260212_142149,242.78,4796.28,TRUE,SKILL_024,Put hooks on shower courtain
2026-02-12T09:05:22Z,05,n_mora,SKILL_014_20260212_090522,181.18,3630.44,TRUE,SKILL_014,Fasten nuts onto bolts
2026-02-12T09:09:06Z,05,n_mora,SKILL_014_20260212_090906,175.67,3584.36,TRUE,SKILL_014,Fasten nuts onto bolts
2026-02-12T13:19:08Z,05,n_mora,SKILL_036_20260212_131908,453.54,9324.09,TRUE,SKILL_036,Fold Socks
2026-02-13T14:34:08Z,01,n_mora,SKILL_001_20260213_143407,628.79,23729.76,TRUE,SKILL_001,Organize beads per color
2026-02-13T11:23:14Z,01,n_mora,SKILL_001_20260213_112314,0.57,20.87,FALSE,SKILL_001,Organize beads per color
2026-02-13T11:13:37Z,01,n_mora,SKILL_001_20260213_111337,576.99,19497.24,TRUE,SKILL_001,Organize beads per color
2026-02-13T09:40:05Z,01,d_vargas,SKILL_007_20260213_094005,0.66,25.04,FALSE,SKILL_007,Separate tongue depressors by color
2026-02-13T10:36:36Z,01,n_mora,SKILL_005_20260213_103636,201.94,7837.75,TRUE,SKILL_005,Insert allen keys in package
2026-02-12T14:11:43Z,05,n_mora,SKILL_001_20260212_141142,378.85,6936.15,TRUE,SKILL_001,Organize beads per color
2026-02-13T09:31:33Z,01,d_vargas,SKILL_007_20260213_093133,511.89,17579.53,TRUE,SKILL_007,Separate tongue depressors by color
2026-02-12T08:42:28Z,04,d_vargas,SKILL_017_20260212_084228,477.53,17191.71,TRUE,SKILL_017,Put pasta in ziploc bags
2026-02-12T12:41:43Z,04,d_vargas,SKILL_001_20260212_124143,506.58,18910.01,TRUE,SKILL_001,Organize beads per color
2026-02-12T07:11:13Z,04,d_vargas,SKILL_005_20260212_071113,44.64,1520.36,FALSE,SKILL_005,Insert allen keys in package
2026-02-12T09:59:16Z,04,d_vargas,SKILL_027_20260212_095916,41.65,1511.19,FALSE,SKILL_027,Build a box and pack an item
2026-02-12T16:40:20Z,03,d_vargas,SKILL_014_20260212_164020,586.61,21683.70,TRUE,SKILL_014,Fasten nuts onto bolts
2026-02-12T13:50:16Z,02,e_martinez,SKILL_010_20260212_135016,403.33,15172.61,TRUE,SKILL_010,Package earphones
2026-02-13T08:58:12Z,01,d_vargas,SKILL_013_20260213_085812,118.21,4368.32,TRUE,SKILL_013,Set up a hand lamp
2026-02-12T14:51:15Z,05,n_mora,SKILL_014_20260212_145114,231.99,5178.02,TRUE,SKILL_014,Fasten nuts onto bolts
2026-02-12T09:17:36Z,05,n_mora,SKILL_014_20260212_091735,247.78,4632.99,TRUE,SKILL_014,Fasten nuts onto bolts
2026-02-13T12:08:43Z,01,n_mora,SKILL_009_20260213_120843,211.32,8035.64,TRUE,SKILL_009,Package Cotton set
2026-02-13T08:38:24Z,01,d_vargas,SKILL_005_20260213_083824,102.57,3830.59,TRUE,SKILL_005,Insert allen keys in package
2026-02-13T10:47:07Z,01,n_mora,SKILL_013_20260213_104707,103.69,3917.76,TRUE,SKILL_013,Set up a hand lamp
2026-02-12T13:29:18Z,05,n_mora,SKILL_035_20260212_132918,244.41,5133.26,TRUE,SKILL_035,Pack shoes in a box
2026-02-13T14:25:15Z,01,n_mora,SKILL_013_20260213_142515,240.73,8445.94,TRUE,SKILL_013,Set up a hand lamp
2026-02-13T08:31:59Z,01,d_vargas,SKILL_005_20260213_083158,298.79,9976.30,TRUE,SKILL_005,Insert allen keys in package
2026-02-13T14:49:43Z,01,n_mora,SKILL_009_20260213_144943,171.11,6378.86,TRUE,SKILL_009,Package Cotton set
2026-02-13T10:49:52Z,01,n_mora,SKILL_013_20260213_104952,223.49,8488.10,TRUE,SKILL_013,Set up a hand lamp
2026-02-13T10:55:02Z,01,n_mora,SKILL_017_20260213_105502,172.34,6397.44,TRUE,SKILL_017,Put pasta in ziploc bags
2026-02-13T12:18:38Z,01,n_mora,SKILL_019_20260213_121832,0.05,15.68,FALSE,SKILL_019,Put pasta in plastic containers
2026-02-13T09:19:03Z,01,d_vargas,SKILL_013_20260213_091903,69.89,2599.13,FALSE,SKILL_013,Set up a hand lamp
2026-02-13T12:18:39Z,01,n_mora,SKILL_019_20260213_121839,221.08,7465.82,TRUE,SKILL_019,Put pasta in plastic containers
2026-02-13T13:52:06Z,01,n_mora,SKILL_019_20260213_135206,192.83,6959.62,TRUE,SKILL_019,Put pasta in plastic containers
2026-02-13T09:50:02Z,01,d_vargas,SKILL_001_20260213_095002,561.30,19621.58,TRUE,SKILL_001,Organize beads per color
2026-02-13T13:13:18Z,01,n_mora,SKILL_018_20260213_131318,245.15,8906.69,TRUE,SKILL_018,Close bags with twist ties
2026-02-13T11:07:35Z,01,n_mora,SKILL_023_20260213_110735,249.10,8948.17,TRUE,SKILL_023,Built up box (Present)
2026-02-13T08:47:06Z,01,d_vargas,SKILL_018_20260213_084706,177.77,6592.73,TRUE,SKILL_018,Close bags with twist ties
2026-02-13T13:19:51Z,01,n_mora,SKILL_018_20260213_131951,168.28,6176.28,TRUE,SKILL_018,Close bags with twist ties
2026-02-13T13:40:56Z,01,n_mora,SKILL_019_20260213_134056,217.62,7843.83,TRUE,SKILL_019,Put pasta in plastic containers
2026-02-13T08:54:00Z,01,d_vargas,SKILL_013_20260213_085400,216.33,8085.03,TRUE,SKILL_013,Set up a hand lamp
2026-02-13T09:19:50Z,02,l_aguilera,SKILL_001_20260213_091950,700.01,24620.04,TRUE,SKILL_001,Organize beads per color
2026-02-13T13:08:29Z,02,d_vargas,SKILL_001_20260213_130828,696.07,21629.84,TRUE,SKILL_001,Organize beads per color
2026-02-13T12:53:27Z,01,n_mora,SKILL_029_20260213_125327,341.36,12147.61,TRUE,SKILL_029,Button a shirt
2026-02-13T13:24:12Z,01,n_mora,SKILL_018_20260213_132412,222.95,8081.17,TRUE,SKILL_018,Close bags with twist ties
2026-02-13T10:29:29Z,01,n_mora,SKILL_005_20260213_102929,331.37,12762.28,TRUE,SKILL_005,Insert allen keys in package
2026-02-13T13:30:31Z,01,n_mora,SKILL_018_20260213_133031,282.59,10090.00,TRUE,SKILL_018,Close bags with twist ties
2026-02-13T09:06:09Z,01,d_vargas,SKILL_013_20260213_090609,736.45,23620.92,TRUE,SKILL_013,Set up a hand lamp
2026-02-13T10:42:03Z,01,n_mora,SKILL_013_20260213_104203,212.76,8122.87,TRUE,SKILL_013,Set up a hand lamp
2026-02-13T07:05:54Z,02,l_aguilera,SKILL_001_20260213_070554,401.90,15330.74,TRUE,SKILL_001,Organize beads per color
2026-02-13T09:21:17Z,01,d_vargas,SKILL_013_20260213_092117,489.89,16189.65,TRUE,SKILL_013,Set up a hand lamp
2026-02-13T09:40:51Z,02,l_aguilera,SKILL_009_20260213_094051,399.99,13862.49,TRUE,SKILL_009,Package Cotton set
2026-02-13T14:21:28Z,02,d_vargas,SKILL_009_20260213_142128,505.98,19580.79,TRUE,SKILL_009,Package Cotton set
2026-02-13T13:40:17Z,02,d_vargas,SKILL_001_20260213_134017,1.91,21.56,FALSE,SKILL_001,Organize beads per color
2026-02-13T07:40:33Z,02,l_aguilera,SKILL_010_20260213_074033,360.11,11586.30,TRUE,SKILL_010,Package earphones
2026-02-12T09:26:55Z,04,d_vargas,SKILL_040_20260212_092655,169.48,6138.29,TRUE,SKILL_040,Fasten a belt
2026-02-13T13:46:12Z,01,n_mora,SKILL_019_20260213_134612,196.41,7057.68,TRUE,SKILL_019,Put pasta in plastic containers
2026-02-13T07:21:53Z,02,l_aguilera,SKILL_005_20260213_072153,354.82,14131.66,TRUE,SKILL_005,Insert allen keys in package
2026-02-13T09:39:37Z,02,l_aguilera,SKILL_005_20260213_093937,5.26,224.32,FALSE,SKILL_005,Insert allen keys in package
2026-02-13T13:51:41Z,02,d_vargas,SKILL_010_20260213_135141,462.10,13529.41,TRUE,SKILL_010,Package earphones
2026-02-13T08:41:20Z,01,d_vargas,SKILL_018_20260213_084120,284.54,10638.91,TRUE,SKILL_018,Close bags with twist ties
2026-02-13T12:24:31Z,01,n_mora,SKILL_030_20260213_122431,147.29,5517.90,TRUE,SKILL_030,Fold a shirt
2026-02-13T12:13:15Z,01,n_mora,SKILL_019_20260213_121315,251.72,9780.57,TRUE,SKILL_019,Put pasta in plastic containers
2026-02-13T07:55:12Z,02,l_aguilera,SKILL_013_20260213_075512,248.58,7913.72,TRUE,SKILL_013,Set up a hand lamp
2026-02-13T10:17:06Z,02,l_aguilera,SKILL_013_20260213_101705,150.29,5785.76,TRUE,SKILL_013,Set up a hand lamp
2026-02-13T09:55:13Z,02,l_aguilera,SKILL_010_20260213_095513,264.51,10694.05,TRUE,SKILL_010,Package earphones
2026-02-13T10:13:40Z,02,l_aguilera,SKILL_013_20260213_101340,37.19,1277.37,FALSE,SKILL_013,Set up a hand lamp
2026-02-13T08:05:48Z,02,l_aguilera,SKILL_018_20260213_080548,467.05,17403.95,TRUE,SKILL_018,Close bags with twist ties
2026-02-13T08:18:12Z,02,l_aguilera,SKILL_018_20260213_081812,112.08,4261.66,TRUE,SKILL_018,Close bags with twist ties
2026-02-13T09:33:13Z,02,l_aguilera,SKILL_005_20260213_093313,314.57,10647.93,TRUE,SKILL_005,Insert allen keys in package
2026-02-13T08:15:10Z,02,l_aguilera,SKILL_018_20260213_081510,151.37,6197.66,TRUE,SKILL_018,Close bags with twist ties
2026-02-13T08:21:10Z,02,l_aguilera,SKILL_019_20260213_082110,240.20,7890.52,TRUE,SKILL_019,Put pasta in plastic containers
2026-02-13T14:16:55Z,02,d_vargas,SKILL_013_20260213_141653,222.08,8614.06,TRUE,SKILL_013,Set up a hand lamp
2026-02-13T10:07:06Z,02,l_aguilera,SKILL_013_20260213_100706,324.28,13088.50,TRUE,SKILL_013,Set up a hand lamp
2026-02-13T13:42:24Z,02,d_vargas,SKILL_018_20260213_134224,301.04,9517.52,TRUE,SKILL_018,Close bags with twist ties
2026-02-13T10:21:34Z,02,l_aguilera,SKILL_019_20260213_102134,197.32,7312.25,TRUE,SKILL_019,Put pasta in plastic containers
2026-02-13T08:25:49Z,02,l_aguilera,SKILL_019_20260213_082549,147.44,4918.73,TRUE,SKILL_019,Put pasta in plastic containers
2026-02-13T13:27:45Z,02,d_vargas,SKILL_019_20260213_132745,146.47,4470.51,TRUE,SKILL_019,Put pasta in plastic containers
2026-02-13T13:22:23Z,02,d_vargas,SKILL_019_20260213_132222,284.54,10125.93,TRUE,SKILL_019,Put pasta in plastic containers
2026-02-13T12:41:56Z,01,n_mora,SKILL_001_20260213_124156,509.29,17362.91,TRUE,SKILL_001,Organize beads per color
2026-02-13T10:35:25Z,02,l_aguilera,SKILL_021_20260213_103525,175.11,6976.71,TRUE,SKILL_021,Build Up Box (Mailer)
2026-02-13T11:26:05Z,01,n_mora,SKILL_009_20260213_112605,154.92,5743.36,TRUE,SKILL_009,Package Cotton set
2026-02-13T08:43:52Z,02,l_aguilera,SKILL_023_20260213_084347,136.62,3977.49,TRUE,SKILL_023,Built up box (Present)
2026-02-13T08:47:16Z,02,l_aguilera,SKILL_023_20260213_084716,115.46,4689.32,TRUE,SKILL_023,Built up box (Present)
2026-02-13T10:39:52Z,02,l_aguilera,SKILL_023_20260213_103952,133.89,5276.24,TRUE,SKILL_023,Built up box (Present)
2026-02-13T10:42:55Z,02,l_aguilera,SKILL_023_20260213_104255,123.88,4894.24,TRUE,SKILL_023,Built up box (Present)
2026-02-13T09:51:11Z,02,l_aguilera,SKILL_010_20260213_095110,191.51,7810.61,TRUE,SKILL_010,Package earphones
2026-02-13T10:45:55Z,02,l_aguilera,SKILL_023_20260213_104555,114.91,4512.05,TRUE,SKILL_023,Built up box (Present)
2026-02-13T13:57:20Z,01,n_mora,SKILL_007_20260213_135720,548.14,19015.15,TRUE,SKILL_007,Separate tongue depressors by color
2026-02-13T07:30:35Z,02,l_aguilera,SKILL_009_20260213_073035,501.02,16094.66,TRUE,SKILL_009,Package Cotton set
2026-02-13T07:28:16Z,02,l_aguilera,SKILL_005_20260213_072816,72.64,2938.77,FALSE,SKILL_005,Insert allen keys in package
2026-02-13T07:14:34Z,02,l_aguilera,SKILL_001_20260213_071434,307.83,11127.12,TRUE,SKILL_001,Organize beads per color
2026-02-13T14:19:06Z,01,n_mora,SKILL_034_20260213_141906,230.78,8122.14,TRUE,SKILL_034,Tie Shoelaces
2026-02-13T12:10:21Z,02,d_vargas,SKILL_028_20260213_121021,370.54,14298.11,TRUE,SKILL_028,Fold a T Shirt
2026-02-13T14:11:02Z,02,d_vargas,SKILL_013_20260213_141102,346.29,12649.40,TRUE,SKILL_013,Set up a hand lamp
2026-02-13T09:32:43Z,02,l_aguilera,SKILL_005_20260213_093243,6.34,272.57,FALSE,SKILL_005,Insert allen keys in package
2026-02-13T13:02:28Z,01,n_mora,SKILL_029_20260213_130228,243.50,9033.38,TRUE,SKILL_029,Button a shirt
2026-02-13T12:30:34Z,02,d_vargas,SKILL_010_20260213_123034,1.46,59.02,FALSE,SKILL_010,Package earphones
2026-02-13T07:48:09Z,02,l_aguilera,SKILL_013_20260213_074809,389.16,13363.37,TRUE,SKILL_013,Set up a hand lamp
2026-02-13T13:31:04Z,02,d_vargas,SKILL_001_20260213_133103,553.55,17494.29,TRUE,SKILL_001,Organize beads per color
2026-02-13T11:23:37Z,02,l_aguilera,SKILL_030_20260213_112337,72.03,2728.92,FALSE,SKILL_030,Fold a shirt
2026-02-13T11:25:38Z,02,l_aguilera,SKILL_030_20260213_112538,66.48,2512.15,FALSE,SKILL_030,Fold a shirt
2026-02-13T11:22:05Z,02,l_aguilera,SKILL_030_20260213_112205,62.65,2366.11,FALSE,SKILL_030,Fold a shirt
2026-02-13T09:06:41Z,02,l_aguilera,SKILL_034_20260213_090641,319.36,11734.72,TRUE,SKILL_034,Tie Shoelaces
2026-02-13T14:31:24Z,02,d_vargas,SKILL_017_20260213_143124,500.50,18958.16,TRUE,SKILL_017,Put pasta in ziploc bags
2026-02-13T11:06:22Z,02,l_aguilera,SKILL_029_20260213_110622,219.32,8590.19,TRUE,SKILL_029,Button a shirt
2026-02-13T08:52:16Z,02,l_aguilera,SKILL_029_20260213_085216,239.68,9831.69,TRUE,SKILL_029,Button a shirt
2026-02-13T07:04:58Z,03,n_mora,SKILL_001_20260213_070457,209.88,8155.00,TRUE,SKILL_001,Organize beads per color
2026-02-13T07:08:47Z,03,n_mora,SKILL_001_20260213_070847,412.18,15925.53,TRUE,SKILL_001,Organize beads per color
2026-02-13T10:48:58Z,02,l_aguilera,SKILL_023_20260213_104858,102.08,4035.82,TRUE,SKILL_023,Built up box (Present)
2026-02-13T11:27:04Z,02,l_aguilera,SKILL_030_20260213_112704,69.89,2632.21,FALSE,SKILL_030,Fold a shirt
2026-02-13T10:30:11Z,02,l_aguilera,SKILL_021_20260213_103011,258.69,10221.73,TRUE,SKILL_021,Build Up Box (Mailer)
2026-02-13T14:44:47Z,02,d_vargas,SKILL_034_20260213_144447,528.21,17872.62,TRUE,SKILL_034,Tie Shoelaces
2026-02-13T11:10:54Z,02,l_aguilera,SKILL_029_20260213_111054,176.62,6761.61,TRUE,SKILL_029,Button a shirt
2026-02-13T10:26:04Z,02,l_aguilera,SKILL_019_20260213_102604,167.68,6786.16,TRUE,SKILL_019,Put pasta in plastic containers
2026-02-13T12:16:55Z,02,d_vargas,SKILL_028_20260213_121655,182.52,6730.56,TRUE,SKILL_028,Fold a T Shirt
2026-02-13T08:30:14Z,02,l_aguilera,SKILL_021_20260213_083014,259.60,9314.56,TRUE,SKILL_021,Build Up Box (Mailer)
2026-02-13T07:49:17Z,03,n_mora,SKILL_007_20260213_074916,427.60,16708.48,TRUE,SKILL_007,Separate tongue depressors by color
2026-02-13T14:28:17Z,03,c_becerra,SKILL_004_20260213_142817,234.68,8868.03,TRUE,SKILL_004,Set Screwdriver package
2026-02-13T07:28:29Z,03,n_mora,SKILL_003_20260213_072829,438.10,16750.73,TRUE,SKILL_003,Organize screwdriver bits
2026-02-13T08:44:40Z,03,e_martinez,SKILL_009_20260213_084440,141.63,5337.73,TRUE,SKILL_009,Package Cotton set
2026-02-13T13:40:18Z,03,e_cabezas,SKILL_009_20260213_134018,588.41,22124.79,TRUE,SKILL_009,Package Cotton set
2026-02-13T11:18:19Z,02,l_aguilera,SKILL_029_20260213_111819,93.63,3636.84,TRUE,SKILL_029,Button a shirt
2026-02-13T14:14:53Z,03,c_becerra,SKILL_009_20260213_141453,630.03,23456.84,TRUE,SKILL_009,Package Cotton set
2026-02-13T08:35:38Z,02,l_aguilera,SKILL_021_20260213_083538,201.82,6983.56,TRUE,SKILL_021,Build Up Box (Mailer)
2026-02-13T08:57:37Z,03,e_martinez,SKILL_010_20260213_085737,252.20,9608.34,TRUE,SKILL_010,Package earphones
2026-02-13T07:44:47Z,03,n_mora,SKILL_003_20260213_074447,0.62,22.49,FALSE,SKILL_003,Organize screwdriver bits
2026-02-13T08:57:13Z,02,l_aguilera,SKILL_029_20260213_085713,134.94,5227.44,TRUE,SKILL_029,Button a shirt
2026-02-13T12:21:12Z,02,d_vargas,SKILL_029_20260213_122112,452.44,16713.77,TRUE,SKILL_029,Button a shirt
2026-02-13T13:51:16Z,03,e_cabezas,SKILL_001_20260213_135116,611.92,22776.15,TRUE,SKILL_001,Organize beads per color
2026-02-13T08:09:29Z,03,n_mora,SKILL_001_20260213_080929,630.64,24357.77,TRUE,SKILL_001,Organize beads per color
2026-02-13T09:13:13Z,02,l_aguilera,SKILL_034_20260213_091313,274.92,9584.70,TRUE,SKILL_034,Tie Shoelaces
2026-02-13T08:40:14Z,02,l_aguilera,SKILL_023_20260213_084014,168.84,6742.19,TRUE,SKILL_023,Built up box (Present)
2026-02-13T08:22:02Z,03,e_martinez,SKILL_003_20260213_082202,458.20,17475.64,TRUE,SKILL_003,Organize screwdriver bits
2026-02-13T13:48:55Z,02,d_vargas,SKILL_018_20260213_134855,86.42,3325.18,FALSE,SKILL_018,Close bags with twist ties
2026-02-13T10:52:03Z,02,l_aguilera,SKILL_028_20260213_105203,231.17,9521.95,TRUE,SKILL_028,Fold a T Shirt
2026-02-13T09:59:19Z,03,n_mora,SKILL_029_20260213_095918,289.77,10878.36,TRUE,SKILL_029,Button a shirt
2026-02-13T14:05:12Z,03,c_becerra,SKILL_014_20260213_140512,426.86,15905.79,TRUE,SKILL_014,Fasten nuts onto bolts
2026-02-13T12:26:54Z,04,e_martinez,SKILL_003_20260213_122654,465.22,16277.21,TRUE,SKILL_003,Organize screwdriver bits
2026-02-13T07:37:59Z,03,n_mora,SKILL_003_20260213_073759,408.63,15610.19,TRUE,SKILL_003,Organize screwdriver bits
2026-02-13T14:20:15Z,04,e_martinez,SKILL_003_20260213_142015,403.08,13833.32,TRUE,SKILL_003,Organize screwdriver bits
2026-02-13T07:21:14Z,04,d_vargas,SKILL_003_20260213_072114,541.97,19663.81,TRUE,SKILL_003,Organize screwdriver bits
2026-02-13T08:36:49Z,03,e_martinez,SKILL_009_20260213_083649,430.31,16297.68,TRUE,SKILL_009,Package Cotton set
2026-02-13T14:35:21Z,03,c_becerra,SKILL_010_20260213_143521,534.80,20178.83,TRUE,SKILL_010,Package earphones
2026-02-13T07:58:51Z,03,n_mora,SKILL_009_20260213_075851,227.68,8751.71,TRUE,SKILL_009,Package Cotton set
2026-02-13T13:12:45Z,04,e_martinez,SKILL_005_20260213_131245,332.46,12010.48,TRUE,SKILL_005,Insert allen keys in package
2026-02-13T07:09:10Z,04,d_vargas,SKILL_001_20260213_070910,685.58,23829.85,TRUE,SKILL_001,Organize beads per color
2026-02-13T10:56:41Z,04,e_martinez,SKILL_004_20260213_105641,68.38,2556.07,FALSE,SKILL_004,Set Screwdriver package
2026-02-13T13:21:30Z,04,e_martinez,SKILL_005_20260213_132130,157.91,5703.49,TRUE,SKILL_005,Insert allen keys in package
2026-02-13T14:37:11Z,04,e_martinez,SKILL_005_20260213_143711,146.47,5279.10,TRUE,SKILL_005,Insert allen keys in package
2026-02-13T14:30:29Z,04,e_martinez,SKILL_005_20260213_143029,337.03,12217.07,TRUE,SKILL_005,Insert allen keys in package
2026-02-13T10:57:27Z,02,l_aguilera,SKILL_028_20260213_105727,101.92,4199.26,TRUE,SKILL_028,Fold a T Shirt
2026-02-13T07:51:44Z,04,d_vargas,SKILL_012_20260213_075144,404.68,14714.78,TRUE,SKILL_012,Put pasta in jars
2026-02-13T10:31:58Z,04,e_martinez,SKILL_001_20260213_103158,458.18,17071.15,TRUE,SKILL_001,Organize beads per color
2026-02-13T09:58:40Z,04,e_martinez,SKILL_012_20260213_095839,128.36,4823.50,TRUE,SKILL_012,Put pasta in jars
2026-02-13T10:06:23Z,04,e_martinez,SKILL_012_20260213_100623,20.07,758.18,FALSE,SKILL_012,Put pasta in jars
2026-02-13T11:14:43Z,02,l_aguilera,SKILL_029_20260213_111443,161.88,6176.28,TRUE,SKILL_029,Button a shirt
2026-02-13T10:10:04Z,04,e_martinez,SKILL_012_20260213_101004,1.46,52.38,FALSE,SKILL_012,Put pasta in jars
2026-02-13T10:07:25Z,04,e_martinez,SKILL_012_20260213_100725,130.11,4604.52,TRUE,SKILL_012,Put pasta in jars
2026-02-13T10:13:36Z,03,n_mora,SKILL_010_20260213_101336,240.06,8789.99,TRUE,SKILL_010,Package earphones
2026-02-13T14:52:51Z,03,c_becerra,SKILL_032_20260213_145251,177.67,6638.10,TRUE,SKILL_032,Pack up Clothes in a paper bag
2026-02-13T10:41:37Z,04,e_martinez,SKILL_014_20260213_104137,372.64,13718.21,TRUE,SKILL_014,Fasten nuts onto bolts
2026-02-13T10:05:01Z,03,n_mora,SKILL_029_20260213_100501,432.21,17026.17,TRUE,SKILL_029,Button a shirt
2026-02-13T07:37:00Z,04,d_vargas,SKILL_004_20260213_073700,167.26,6059.41,TRUE,SKILL_004,Set Screwdriver package
2026-02-13T13:54:20Z,04,e_martinez,SKILL_017_20260213_135420,298.17,10807.11,TRUE,SKILL_017,Put pasta in ziploc bags
2026-02-13T14:47:06Z,03,c_becerra,SKILL_033_20260213_144706,260.03,9972.98,TRUE,SKILL_033,Fold towels
2026-02-13T07:31:24Z,04,d_vargas,SKILL_004_20260213_073123,321.33,11648.99,TRUE,SKILL_004,Set Screwdriver package
2026-02-13T12:21:01Z,04,e_martinez,SKILL_024_20260213_122101,219.80,8152.18,TRUE,SKILL_024,Put hooks on shower courtain
2026-02-13T13:41:53Z,04,e_martinez,SKILL_027_20260213_134153,76.18,2752.28,FALSE,SKILL_027,Build a box and pack an item
2026-02-13T13:43:41Z,04,e_martinez,SKILL_027_20260213_134341,132.67,4804.56,TRUE,SKILL_027,Build a box and pack an item
2026-02-13T13:49:17Z,04,e_martinez,SKILL_027_20260213_134917,277.33,9913.23,TRUE,SKILL_027,Build a box and pack an item
2026-02-13T14:07:49Z,04,e_martinez,SKILL_007_20260213_140749,419.02,14857.19,TRUE,SKILL_007,Separate tongue depressors by color
2026-02-13T07:40:26Z,04,d_vargas,SKILL_007_20260213_074026,579.22,21103.50,TRUE,SKILL_007,Separate tongue depressors by color
2026-02-13T12:37:47Z,04,e_martinez,SKILL_014_20260213_123747,368.17,13405.25,TRUE,SKILL_014,Fasten nuts onto bolts
2026-02-13T08:08:15Z,04,d_vargas,SKILL_017_20260213_080815,659.12,23562.73,TRUE,SKILL_017,Put pasta in ziploc bags
2026-02-13T13:34:11Z,04,e_martinez,SKILL_029_20260213_133411,141.10,4640.58,TRUE,SKILL_029,Button a shirt
2026-02-13T13:37:16Z,04,e_martinez,SKILL_029_20260213_133716,142.85,5132.68,TRUE,SKILL_029,Button a shirt
2026-02-13T10:55:06Z,04,e_martinez,SKILL_004_20260213_105506,84.99,3177.82,FALSE,SKILL_004,Set Screwdriver package
2026-02-13T13:26:01Z,04,e_martinez,SKILL_034_20260213_132601,284.66,10266.29,TRUE,SKILL_034,Tie Shoelaces
2026-02-13T07:23:03Z,05,c_becerra,SKILL_001_20260213_072303,498.19,10680.84,TRUE,SKILL_001,Organize beads per color
2026-02-13T09:15:00Z,05,c_becerra,SKILL_001_20260213_091500,518.48,10145.89,TRUE,SKILL_001,Organize beads per color
2026-02-13T12:11:41Z,04,e_martinez,SKILL_024_20260213_121141,199.69,7336.82,TRUE,SKILL_024,Put hooks on shower courtain
2026-02-13T07:59:06Z,04,d_vargas,SKILL_012_20260213_075906,56.72,2070.71,FALSE,SKILL_012,Put pasta in jars
2026-02-13T13:13:26Z,05,l_aguilera,SKILL_001_20260213_131324,410.02,8048.63,TRUE,SKILL_001,Organize beads per color
2026-02-13T10:04:30Z,05,c_becerra,SKILL_003_20260213_100428,407.73,7337.68,TRUE,SKILL_003,Organize screwdriver bits
2026-02-13T10:57:56Z,04,e_martinez,SKILL_004_20260213_105756,79.51,2975.19,FALSE,SKILL_004,Set Screwdriver package
2026-02-13T11:15:54Z,04,e_martinez,SKILL_034_20260213_111554,345.87,12775.24,TRUE,SKILL_034,Tie Shoelaces
2026-02-13T12:59:14Z,04,e_martinez,SKILL_012_20260213_125914,205.42,7429.05,TRUE,SKILL_012,Put pasta in jars
2026-02-13T11:24:05Z,04,e_martinez,SKILL_029_20260213_112405,6.17,229.57,FALSE,SKILL_029,Button a shirt
2026-02-13T10:13:18Z,04,e_martinez,SKILL_012_20260213_101317,329.03,12083.15,TRUE,SKILL_012,Put pasta in jars
2026-02-13T13:31:56Z,05,l_aguilera,SKILL_004_20260213_133155,186.81,3899.10,TRUE,SKILL_004,Set Screwdriver package
2026-02-13T12:46:40Z,04,e_martinez,SKILL_012_20260213_124640,140.20,5074.59,TRUE,SKILL_012,Put pasta in jars
2026-02-13T14:40:08Z,05,l_aguilera,SKILL_001_20260213_144006,448.75,10505.87,TRUE,SKILL_001,Organize beads per color
2026-02-13T11:28:18Z,04,e_martinez,SKILL_029_20260213_112818,69.61,2549.20,FALSE,SKILL_029,Button a shirt
2026-02-13T14:56:12Z,03,c_becerra,SKILL_032_20260213_145612,77.87,2890.62,FALSE,SKILL_032,Pack up Clothes in a paper bag
2026-02-13T07:45:42Z,05,c_becerra,SKILL_012_20260213_074542,191.70,3945.89,TRUE,SKILL_012,Put pasta in jars
2026-02-13T11:06:51Z,04,e_martinez,SKILL_007_20260213_110651,401.37,15150.05,TRUE,SKILL_007,Separate tongue depressors by color
2026-02-13T12:16:03Z,04,e_martinez,SKILL_024_20260213_121603,197.45,7171.17,TRUE,SKILL_024,Put hooks on shower courtain
2026-02-13T13:18:57Z,03,c_becerra,SKILL_003_20260213_131857,1044.16,38995.24,TRUE,SKILL_003,Organize screwdriver bits
2026-02-13T11:26:21Z,05,c_becerra,SKILL_012_20260213_112621,222.23,2663.78,TRUE,SKILL_012,Put pasta in jars
2026-02-13T11:24:17Z,04,e_martinez,SKILL_029_20260213_112417,169.72,6211.23,TRUE,SKILL_029,Button a shirt
2026-02-13T08:48:21Z,03,e_martinez,SKILL_014_20260213_084821,438.20,16520.58,TRUE,SKILL_014,Fasten nuts onto bolts
2026-02-13T07:17:16Z,03,n_mora,SKILL_001_20260213_071716,510.66,19722.61,TRUE,SKILL_001,Organize beads per color
2026-02-13T10:50:18Z,04,e_martinez,SKILL_004_20260213_105018,258.08,9650.01,TRUE,SKILL_004,Set Screwdriver package
2026-02-13T07:50:54Z,05,c_becerra,SKILL_014_20260213_075054,308.69,6429.23,TRUE,SKILL_014,Fasten nuts onto bolts
2026-02-13T07:56:33Z,05,c_becerra,SKILL_014_20260213_075633,122.05,2548.13,TRUE,SKILL_014,Fasten nuts onto bolts
2026-02-13T12:55:57Z,05,c_becerra,SKILL_003_20260213_125556,394.54,6185.52,TRUE,SKILL_003,Organize screwdriver bits
2026-02-13T11:19:16Z,05,c_becerra,SKILL_012_20260213_111916,324.90,4277.60,TRUE,SKILL_012,Put pasta in jars
2026-02-13T07:41:18Z,05,c_becerra,SKILL_012_20260213_074118,208.37,4256.63,TRUE,SKILL_012,Put pasta in jars
2026-02-13T13:35:54Z,05,l_aguilera,SKILL_004_20260213_133554,155.58,3213.02,TRUE,SKILL_004,Set Screwdriver package
2026-02-13T14:16:55Z,05,l_aguilera,SKILL_014_20260213_141654,132.47,2927.77,TRUE,SKILL_014,Fasten nuts onto bolts
2026-02-13T10:20:34Z,04,e_martinez,SKILL_003_20260213_102034,458.28,17074.41,TRUE,SKILL_003,Organize screwdriver bits
2026-02-13T12:06:54Z,04,e_martinez,SKILL_029_20260213_120654,157.71,5779.85,TRUE,SKILL_029,Button a shirt
2026-02-13T07:17:41Z,05,c_becerra,SKILL_004_20260213_071741,263.59,5651.15,TRUE,SKILL_004,Set Screwdriver package
2026-02-13T08:54:17Z,05,c_becerra,SKILL_021_20260213_085417,245.08,4810.61,TRUE,SKILL_021,Build Up Box (Mailer)
2026-02-13T10:34:35Z,05,c_becerra,SKILL_007_20260213_103435,614.58,9686.60,TRUE,SKILL_007,Separate tongue depressors by color
2026-02-13T13:55:21Z,05,l_aguilera,SKILL_012_20260213_135521,106.16,2377.50,TRUE,SKILL_012,Put pasta in jars
2026-02-13T13:38:59Z,05,l_aguilera,SKILL_004_20260213_133859,72.55,1486.07,FALSE,SKILL_004,Set Screwdriver package
2026-02-13T08:40:12Z,05,c_becerra,SKILL_034_20260213_084012,417.52,8223.45,TRUE,SKILL_034,Tie Shoelaces
2026-02-13T08:48:30Z,05,c_becerra,SKILL_034_20260213_084830,252.63,5054.41,TRUE,SKILL_034,Tie Shoelaces
2026-02-13T10:27:41Z,05,c_becerra,SKILL_014_20260213_102740,302.61,5373.15,TRUE,SKILL_014,Fasten nuts onto bolts
2026-02-13T08:14:20Z,05,c_becerra,SKILL_019_20260213_081420,452.85,9220.74,TRUE,SKILL_019,Put pasta in plastic containers
2026-02-13T12:03:38Z,05,c_becerra,SKILL_017_20260213_120337,446.34,9790.38,TRUE,SKILL_017,Put pasta in ziploc bags
2026-02-13T08:26:56Z,05,c_becerra,SKILL_029_20260213_082656,155.04,3286.99,TRUE,SKILL_029,Button a shirt
2026-02-13T11:12:22Z,05,c_becerra,SKILL_012_20260213_111220,344.20,6662.05,TRUE,SKILL_012,Put pasta in jars
2026-02-13T12:37:09Z,05,c_becerra,SKILL_034_20260213_123707,282.63,6363.76,TRUE,SKILL_034,Tie Shoelaces
2026-02-13T12:29:08Z,05,c_becerra,SKILL_034_20260213_122907,235.56,2686.27,TRUE,SKILL_034,Tie Shoelaces
2026-02-13T10:13:07Z,05,c_becerra,SKILL_014_20260213_101307,298.99,4599.24,TRUE,SKILL_014,Fasten nuts onto bolts
2026-02-14T07:19:34Z,station_01_lab,l_aguilera,SKILL_001_20260214_071934,472.69,4752.19,FALSE,SKILL_001,Organize beads per color
2026-02-13T10:47:31Z,05,c_becerra,SKILL_012_20260213_104731,29.45,520.33,FALSE,SKILL_012,Put pasta in jars
2026-02-13T08:32:34Z,05,c_becerra,SKILL_032_20260213_083234,153.04,2959.45,TRUE,SKILL_032,Pack up Clothes in a paper bag
2026-02-13T12:14:43Z,05,c_becerra,SKILL_034_20260213_121443,325.97,7031.93,TRUE,SKILL_034,Tie Shoelaces
2026-02-14T10:06:06Z,01,l_aguilera,SKILL_001_20260214_100606,433.84,3953.38,FALSE,SKILL_001,Organize beads per color
2026-02-13T09:06:03Z,05,c_becerra,SKILL_017_20260213_090603,428.70,8487.02,TRUE,SKILL_017,Put pasta in ziploc bags
2026-02-13T13:21:26Z,05,l_aguilera,SKILL_003_20260213_132126,444.99,6159.87,TRUE,SKILL_003,Organize screwdriver bits
2026-02-14T08:10:17Z,01,c_becerra,SKILL_007_20260214_081017,570.43,4684.23,FALSE,SKILL_007,Separate tongue depressors by color
2026-02-13T14:08:19Z,05,l_aguilera,SKILL_014_20260213_140818,286.07,6015.42,TRUE,SKILL_014,Fasten nuts onto bolts
2026-02-13T14:49:14Z,05,l_aguilera,SKILL_034_20260213_144914,290.41,6826.37,TRUE,SKILL_034,Tie Shoelaces
2026-02-13T13:58:33Z,05,l_aguilera,SKILL_012_20260213_135833,48.53,1118.40,FALSE,SKILL_012,Put pasta in jars
2026-02-14T13:19:00Z,01,c_becerra,SKILL_007_20260214_131900,567.54,4634.39,FALSE,SKILL_007,Separate tongue depressors by color
2026-02-13T07:08:54Z,05,c_becerra,SKILL_003_20260213_070853,392.93,8587.33,TRUE,SKILL_003,Organize screwdriver bits
2026-02-13T14:00:07Z,05,l_aguilera,SKILL_012_20260213_140007,58.44,1267.52,FALSE,SKILL_012,Put pasta in jars
2026-02-14T10:45:47Z,01,c_becerra,SKILL_007_20260214_104547,588.55,4603.76,FALSE,SKILL_007,Separate tongue depressors by color
2026-02-13T14:20:28Z,05,l_aguilera,SKILL_017_20260213_142028,107.72,1915.93,TRUE,SKILL_017,Put pasta in ziploc bags
2026-02-13T13:49:11Z,05,l_aguilera,SKILL_012_20260213_134910,270.90,6166.54,TRUE,SKILL_012,Put pasta in jars
2026-02-13T13:41:53Z,05,l_aguilera,SKILL_005_20260213_134153,218.41,2458.33,TRUE,SKILL_005,Insert allen keys in package
2026-02-13T08:36:20Z,05,c_becerra,SKILL_032_20260213_083620,133.85,2646.56,TRUE,SKILL_032,Pack up Clothes in a paper bag
2026-02-13T07:32:33Z,05,c_becerra,SKILL_007_20260213_073233,401.91,8123.44,TRUE,SKILL_007,Separate tongue depressors by color
2026-02-14T10:02:09Z,01,c_becerra,SKILL_001_20260214_100208,770.90,5740.15,FALSE,SKILL_001,Organize beads per color
2026-02-14T12:11:30Z,01,c_becerra,SKILL_013_20260214_121130,321.82,2613.28,FALSE,SKILL_013,Set up a hand lamp
2026-02-14T10:17:58Z,01,c_becerra,SKILL_013_20260214_101758,351.71,2877.66,FALSE,SKILL_013,Set up a hand lamp
2026-02-14T10:26:11Z,01,c_becerra,SKILL_013_20260214_102611,367.80,3054.45,FALSE,SKILL_013,Set up a hand lamp
2026-02-14T10:34:53Z,01,c_becerra,SKILL_009_20260214_103453,601.47,4615.95,FALSE,SKILL_009,Package Cotton set
2026-02-14T07:58:59Z,01,c_becerra,SKILL_007_20260214_075859,6.71,39.58,FALSE,SKILL_007,Separate tongue depressors by color
2026-02-14T12:51:12Z,01,c_becerra,SKILL_001_20260214_125111,542.83,4279.13,FALSE,SKILL_001,Organize beads per color
2026-02-14T13:31:12Z,01,c_becerra,SKILL_019_20260214_133112,194.75,1543.99,FALSE,SKILL_019,Put pasta in plastic containers
2026-02-14T09:31:14Z,01,c_becerra,SKILL_001_20260214_093114,278.12,1694.95,FALSE,SKILL_001,Organize beads per color
2026-02-14T11:05:58Z,01,c_becerra,SKILL_019_20260214_110558,339.03,2634.09,FALSE,SKILL_019,Put pasta in plastic containers
2026-02-14T08:48:29Z,01,c_becerra,SKILL_019_20260214_084829,342.93,2717.18,FALSE,SKILL_019,Put pasta in plastic containers
2026-02-14T14:47:34Z,01,c_becerra,SKILL_021_20260214_144734,119.70,868.95,FALSE,SKILL_021,Build Up Box (Mailer)
2026-02-14T12:00:06Z,01,c_becerra,SKILL_017_20260214_120006,456.01,3402.58,FALSE,SKILL_017,Put pasta in ziploc bags
2026-02-14T07:09:28Z,01,c_becerra,SKILL_001_20260214_070928,687.30,5089.71,FALSE,SKILL_001,Organize beads per color
2026-02-14T07:49:40Z,01,c_becerra,SKILL_009_20260214_074939,480.91,4003.38,FALSE,SKILL_009,Package Cotton set
2026-02-14T08:22:53Z,01,c_becerra,SKILL_011_20260214_082253,408.42,3127.47,FALSE,SKILL_011,Package plastic ice cubes
2026-02-14T07:32:24Z,01,c_becerra,SKILL_013_20260214_073224,334.71,2841.08,FALSE,SKILL_013,Set up a hand lamp
2026-02-14T14:16:12Z,01,c_becerra,SKILL_023_20260214_141612,163.82,1301.99,FALSE,SKILL_023,Built up box (Present)
2026-02-14T08:51:27Z,station_01_lab,l_aguilera,SKILL_001_20260214_085127,466.84,4741.28,FALSE,SKILL_001,Organize beads per color
2026-02-14T11:13:42Z,01,c_becerra,SKILL_023_20260214_111342,182.53,1353.15,FALSE,SKILL_023,Built up box (Present)
2026-02-14T14:19:56Z,01,c_becerra,SKILL_023_20260214_141956,146.16,1117.69,FALSE,SKILL_023,Built up box (Present)
2026-02-14T09:09:27Z,01,c_becerra,SKILL_034_20260214_090927,375.80,3134.09,FALSE,SKILL_034,Tie Shoelaces
2026-02-14T11:27:33Z,01,c_becerra,SKILL_010_20260214_112733,169.84,1228.50,FALSE,SKILL_010,Package earphones
2026-02-14T13:51:55Z,01,c_becerra,SKILL_009_20260214_135155,318.15,2411.09,FALSE,SKILL_009,Package Cotton set
2026-02-13T12:21:34Z,05,c_becerra,SKILL_034_20260213_122134,172.95,3067.14,TRUE,SKILL_034,Tie Shoelaces
2026-02-14T10:13:54Z,01,l_aguilera,SKILL_001_20260214_101354,448.09,4073.30,FALSE,SKILL_001,Organize beads per color
2026-02-14T14:22:57Z,01,c_becerra,SKILL_017_20260214_142257,521.80,3805.22,FALSE,SKILL_017,Put pasta in ziploc bags
2026-02-14T07:22:02Z,02,d_vargas,SKILL_001_20260214_072202,491.70,4202.54,FALSE,SKILL_001,Organize beads per color
2026-02-14T12:31:42Z,01,c_becerra,SKILL_034_20260214_123142,352.47,2732.77,FALSE,SKILL_034,Tie Shoelaces
2026-02-14T14:07:02Z,01,c_becerra,SKILL_034_20260214_140702,426.00,3607.02,FALSE,SKILL_034,Tie Shoelaces
2026-02-14T09:41:16Z,02,d_vargas,SKILL_007_20260214_094116,541.20,4818.73,FALSE,SKILL_007,Separate tongue depressors by color
2026-02-14T12:18:57Z,01,c_becerra,SKILL_009_20260214_121857,618.81,4747.37,FALSE,SKILL_009,Package Cotton set
2026-02-14T08:34:02Z,01,c_becerra,SKILL_017_20260214_083402,531.08,4282.52,FALSE,SKILL_017,Put pasta in ziploc bags
2026-02-14T14:44:30Z,01,c_becerra,SKILL_021_20260214_144430,126.53,911.89,FALSE,SKILL_021,Build Up Box (Mailer)
2026-02-14T12:09:29Z,02,d_vargas,SKILL_001_20260214_120929,642.49,5268.04,FALSE,SKILL_001,Organize beads per color
2026-02-14T13:09:40Z,01,c_becerra,SKILL_018_20260214_130940,422.25,3311.65,FALSE,SKILL_018,Close bags with twist ties
2026-02-14T12:21:35Z,02,d_vargas,SKILL_007_20260214_122135,507.89,4434.82,FALSE,SKILL_007,Separate tongue depressors by color
2026-02-14T12:41:56Z,01,c_becerra,SKILL_029_20260214_124156,453.15,3715.21,FALSE,SKILL_029,Button a shirt
2026-02-14T10:13:22Z,02,d_vargas,SKILL_010_20260214_101322,415.63,3051.48,FALSE,SKILL_010,Package earphones
2026-02-14T09:52:46Z,02,d_vargas,SKILL_009_20260214_095246,201.68,1432.67,FALSE,SKILL_009,Package Cotton set
2026-02-14T08:14:37Z,02,d_vargas,SKILL_013_20260214_081437,253.34,2088.67,FALSE,SKILL_013,Set up a hand lamp
2026-02-14T14:33:14Z,01,c_becerra,SKILL_034_20260214_143314,376.21,3210.44,FALSE,SKILL_034,Tie Shoelaces
2026-02-14T14:42:44Z,02,d_vargas,SKILL_004_20260214_144244,414.84,4236.49,FALSE,SKILL_004,Set Screwdriver package
2026-02-14T08:21:19Z,02,d_vargas,SKILL_013_20260214_082119,15.79,113.80,FALSE,SKILL_013,Set up a hand lamp
2026-02-14T10:31:50Z,02,d_vargas,SKILL_001_20260214_103150,496.92,4052.70,FALSE,SKILL_001,Organize beads per color
2026-02-14T12:37:24Z,02,d_vargas,SKILL_009_20260214_123724,170.88,1243.20,FALSE,SKILL_009,Package Cotton set
2026-02-14T07:09:29Z,02,d_vargas,SKILL_007_20260214_070929,651.40,5774.85,FALSE,SKILL_007,Separate tongue depressors by color
2026-02-14T08:19:14Z,02,d_vargas,SKILL_013_20260214_081914,71.05,574.36,FALSE,SKILL_013,Set up a hand lamp
2026-02-14T11:18:04Z,01,c_becerra,SKILL_023_20260214_111804,218.50,1623.49,FALSE,SKILL_023,Built up box (Present)
2026-02-14T11:23:23Z,01,c_becerra,SKILL_023_20260214_112323,137.96,993.14,FALSE,SKILL_023,Built up box (Present)
2026-02-14T12:40:03Z,01,c_becerra,SKILL_029_20260214_124003,78.30,528.95,FALSE,SKILL_029,Button a shirt
2026-02-14T08:21:45Z,02,d_vargas,SKILL_017_20260214_082145,490.19,3928.41,FALSE,SKILL_017,Put pasta in ziploc bags
2026-02-14T08:31:51Z,02,d_vargas,SKILL_018_20260214_083151,286.68,2213.35,FALSE,SKILL_018,Close bags with twist ties
2026-02-14T10:05:58Z,02,d_vargas,SKILL_010_20260214_100558,359.40,2736.26,FALSE,SKILL_010,Package earphones
2026-02-14T12:51:48Z,02,d_vargas,SKILL_010_20260214_125148,396.60,2962.60,FALSE,SKILL_010,Package earphones
2026-02-14T13:56:36Z,02,d_vargas,SKILL_018_20260214_135636,76.71,612.66,FALSE,SKILL_018,Close bags with twist ties
2026-02-14T07:50:11Z,02,d_vargas,SKILL_019_20260214_075011,282.29,2352.50,FALSE,SKILL_019,Put pasta in plastic containers
2026-02-14T13:45:03Z,02,d_vargas,SKILL_018_20260214_134502,276.27,2211.62,FALSE,SKILL_018,Close bags with twist ties
2026-02-14T13:06:30Z,02,d_vargas,SKILL_013_20260214_130630,220.27,2026.60,FALSE,SKILL_013,Set up a hand lamp
2026-02-14T08:07:37Z,02,d_vargas,SKILL_019_20260214_080737,3.32,22.64,FALSE,SKILL_019,Put pasta in plastic containers
2026-02-14T08:37:45Z,02,d_vargas,SKILL_018_20260214_083745,197.36,1575.46,FALSE,SKILL_018,Close bags with twist ties
2026-02-14T10:27:19Z,02,d_vargas,SKILL_019_20260214_102719,164.59,1328.68,FALSE,SKILL_019,Put pasta in plastic containers
2026-02-14T07:55:28Z,02,d_vargas,SKILL_019_20260214_075528,232.77,1969.75,FALSE,SKILL_019,Put pasta in plastic containers
2026-02-14T12:47:54Z,02,d_vargas,SKILL_019_20260214_124754,139.01,1108.95,FALSE,SKILL_019,Put pasta in plastic containers
2026-02-14T09:08:43Z,02,d_vargas,SKILL_021_20260214_090843,558.11,4028.87,FALSE,SKILL_021,Build Up Box (Mailer)
2026-02-14T13:51:04Z,02,d_vargas,SKILL_018_20260214_135104,300.03,2472.65,FALSE,SKILL_018,Close bags with twist ties
2026-02-14T13:44:14Z,01,c_becerra,SKILL_013_20260214_134414,353.86,2940.89,FALSE,SKILL_013,Set up a hand lamp
2026-02-14T12:33:11Z,02,d_vargas,SKILL_009_20260214_123311,233.41,1754.41,FALSE,SKILL_009,Package Cotton set
2026-02-14T10:51:31Z,02,d_vargas,SKILL_017_20260214_105131,463.61,3652.84,FALSE,SKILL_017,Put pasta in ziploc bags
2026-02-14T13:43:22Z,01,e_cabezas,SKILL_001_20260214_134322,405.92,3433.18,FALSE,SKILL_001,Organize beads per color
2026-02-14T14:12:51Z,02,d_vargas,SKILL_028_20260214_141251,392.94,3457.34,FALSE,SKILL_028,Fold a T Shirt
2026-02-14T08:07:54Z,02,d_vargas,SKILL_013_20260214_080754,348.23,2940.63,FALSE,SKILL_013,Set up a hand lamp
2026-02-14T09:26:58Z,02,d_vargas,SKILL_023_20260214_092658,173.58,1388.70,FALSE,SKILL_023,Built up box (Present)
2026-02-14T09:22:07Z,02,d_vargas,SKILL_023_20260214_092207,205.47,1666.33,FALSE,SKILL_023,Built up box (Present)
2026-02-14T13:20:07Z,02,d_vargas,SKILL_017_20260214_132007,430.18,3781.89,FALSE,SKILL_017,Put pasta in ziploc bags
2026-02-14T08:56:41Z,01,c_becerra,SKILL_023_20260214_085641,248.26,1912.44,FALSE,SKILL_023,Built up box (Present)
2026-02-14T13:36:36Z,01,c_becerra,SKILL_019_20260214_133636,266.18,2011.29,FALSE,SKILL_019,Put pasta in plastic containers
2026-02-14T09:18:58Z,01,c_becerra,SKILL_029_20260214_091858,532.94,4721.34,FALSE,SKILL_029,Button a shirt
2026-02-14T10:48:33Z,02,d_vargas,SKILL_013_20260214_104833,105.37,842.48,FALSE,SKILL_013,Set up a hand lamp
2026-02-14T11:20:11Z,02,d_vargas,SKILL_034_20260214_112011,10.22,56.22,FALSE,SKILL_034,Tie Shoelaces
2026-02-14T08:51:39Z,02,d_vargas,SKILL_035_20260214_085139,518.04,4402.45,FALSE,SKILL_035,Pack shoes in a box
2026-02-14T09:52:17Z,03,e_cabezas,SKILL_001_20260214_095217,489.17,4580.82,TRUE,SKILL_001,Organize beads per color
2026-02-14T07:16:49Z,03,e_cabezas,SKILL_001_20260214_071648,799.82,7927.20,TRUE,SKILL_001,Organize beads per color
2026-02-14T12:01:06Z,03,l_aguilera,SKILL_001_20260214_120106,556.74,5261.45,TRUE,SKILL_001,Organize beads per color
2026-02-14T14:20:29Z,02,d_vargas,SKILL_029_20260214_142029,239.40,1947.28,FALSE,SKILL_029,Button a shirt
2026-02-14T07:32:15Z,03,e_cabezas,SKILL_002_20260214_073215,467.79,4837.70,TRUE,SKILL_002,Organize beads per character
2026-02-14T14:24:58Z,02,d_vargas,SKILL_029_20260214_142458,147.20,1221.81,FALSE,SKILL_029,Button a shirt
2026-02-14T09:32:25Z,02,d_vargas,SKILL_029_20260214_093225,7.36,47.74,FALSE,SKILL_029,Button a shirt
2026-02-14T11:07:50Z,03,e_martinez,SKILL_003_20260214_110750,398.79,3849.74,TRUE,SKILL_003,Organize screwdriver bits
2026-02-14T12:18:43Z,03,l_aguilera,SKILL_003_20260214_121843,79.73,742.87,FALSE,SKILL_003,Organize screwdriver bits
2026-02-14T07:41:45Z,03,e_cabezas,SKILL_003_20260214_074145,522.98,5252.41,TRUE,SKILL_003,Organize screwdriver bits
2026-02-14T08:07:56Z,03,e_martinez,SKILL_001_20260214_080756,681.93,6415.01,TRUE,SKILL_001,Organize beads per color
2026-02-14T09:19:10Z,02,d_vargas,SKILL_021_20260214_091910,82.51,624.31,FALSE,SKILL_021,Build Up Box (Mailer)
2026-02-14T09:32:58Z,02,d_vargas,SKILL_029_20260214_093258,345.90,2734.18,FALSE,SKILL_029,Button a shirt
2026-02-14T12:21:05Z,03,l_aguilera,SKILL_004_20260214_122105,161.96,1593.45,TRUE,SKILL_004,Set Screwdriver package
2026-02-14T12:24:16Z,03,l_aguilera,SKILL_004_20260214_122416,156.32,1671.29,TRUE,SKILL_004,Set Screwdriver package
2026-02-14T08:21:21Z,03,e_martinez,SKILL_004_20260214_082121,224.65,2302.83,TRUE,SKILL_004,Set Screwdriver package
2026-02-14T13:09:59Z,03,n_mora,SKILL_001_20260214_130958,595.04,5545.64,TRUE,SKILL_001,Organize beads per color
2026-02-14T10:21:29Z,02,d_vargas,SKILL_019_20260214_102129,292.11,2469.45,FALSE,SKILL_019,Put pasta in plastic containers
2026-02-14T14:07:23Z,02,d_vargas,SKILL_028_20260214_140723,272.73,2339.23,FALSE,SKILL_028,Fold a T Shirt
2026-02-14T14:27:42Z,02,d_vargas,SKILL_029_20260214_142742,27.84,233.56,FALSE,SKILL_029,Button a shirt
2026-02-14T08:01:49Z,03,e_cabezas,SKILL_009_20260214_080149,230.52,2506.71,TRUE,SKILL_009,Package Cotton set
2026-02-14T08:40:22Z,03,e_martinez,SKILL_009_20260214_084022,349.90,2989.29,TRUE,SKILL_009,Package Cotton set
2026-02-14T12:42:19Z,02,d_vargas,SKILL_019_20260214_124219,285.27,2213.02,FALSE,SKILL_019,Put pasta in plastic containers
2026-02-14T12:41:33Z,03,l_aguilera,SKILL_009_20260214_124133,454.86,4195.63,TRUE,SKILL_009,Package Cotton set
2026-02-14T12:11:01Z,03,l_aguilera,SKILL_003_20260214_121101,420.24,4114.96,TRUE,SKILL_003,Organize screwdriver bits
2026-02-14T08:48:06Z,03,e_martinez,SKILL_009_20260214_084806,162.98,1416.29,TRUE,SKILL_009,Package Cotton set
2026-02-14T08:43:34Z,02,d_vargas,SKILL_028_20260214_084334,366.30,2806.68,FALSE,SKILL_028,Fold a T Shirt
2026-02-14T07:54:25Z,03,e_cabezas,SKILL_007_20260214_075425,350.09,3665.34,TRUE,SKILL_007,Separate tongue depressors by color
2026-02-14T12:54:40Z,03,l_aguilera,SKILL_010_20260214_125440,279.55,2590.55,TRUE,SKILL_010,Package earphones
2026-02-14T09:09:48Z,03,e_cabezas,SKILL_010_20260214_090948,567.51,5493.14,TRUE,SKILL_010,Package earphones
2026-02-14T09:20:14Z,03,e_cabezas,SKILL_014_20260214_092014,604.20,6369.76,TRUE,SKILL_014,Fasten nuts onto bolts
2026-02-14T08:51:14Z,03,e_martinez,SKILL_014_20260214_085114,470.77,5008.02,TRUE,SKILL_014,Fasten nuts onto bolts
2026-02-14T14:05:41Z,03,l_aguilera,SKILL_017_20260214_140541,340.13,3508.06,TRUE,SKILL_017,Put pasta in ziploc bags
2026-02-14T14:11:44Z,03,l_aguilera,SKILL_017_20260214_141144,355.05,3638.04,TRUE,SKILL_017,Put pasta in ziploc bags
2026-02-14T12:30:28Z,03,l_aguilera,SKILL_007_20260214_123028,551.49,5900.65,TRUE,SKILL_007,Separate tongue depressors by color
2026-02-14T11:17:29Z,03,e_martinez,SKILL_014_20260214_111729,478.44,5079.06,TRUE,SKILL_014,Fasten nuts onto bolts
2026-02-14T10:36:04Z,03,e_martinez,SKILL_020_20260214_103604,128.93,1288.45,TRUE,SKILL_020,Open locks with their keys
2026-02-14T13:44:08Z,03,n_mora,SKILL_009_20260214_134408,241.83,2362.93,TRUE,SKILL_009,Package Cotton set
2026-02-14T07:41:40Z,02,d_vargas,SKILL_010_20260214_074140,468.91,3458.05,FALSE,SKILL_010,Package earphones
2026-02-14T08:30:28Z,03,e_martinez,SKILL_007_20260214_083028,436.34,3881.05,TRUE,SKILL_007,Separate tongue depressors by color
2026-02-14T07:31:45Z,02,d_vargas,SKILL_010_20260214_073145,490.76,3963.62,FALSE,SKILL_010,Package earphones
2026-02-14T11:09:23Z,02,d_vargas,SKILL_034_20260214_110923,645.72,5674.51,FALSE,SKILL_034,Tie Shoelaces
2026-02-14T14:32:37Z,02,d_vargas,SKILL_034_20260214_143237,522.96,5178.27,FALSE,SKILL_034,Tie Shoelaces
2026-02-14T10:42:47Z,02,d_vargas,SKILL_013_20260214_104247,302.58,2518.45,FALSE,SKILL_013,Set up a hand lamp
2026-02-14T14:23:51Z,03,l_aguilera,SKILL_020_20260214_142351,120.87,1263.18,TRUE,SKILL_020,Open locks with their keys
2026-02-14T14:35:57Z,03,l_aguilera,SKILL_021_20260214_143557,117.80,954.26,TRUE,SKILL_021,Build Up Box (Mailer)
2026-02-14T14:42:30Z,03,l_aguilera,SKILL_023_20260214_144230,104.35,1038.80,TRUE,SKILL_023,Built up box (Present)
2026-02-14T08:26:00Z,03,e_martinez,SKILL_004_20260214_082600,192.69,1933.98,TRUE,SKILL_004,Set Screwdriver package
2026-02-14T12:27:21Z,03,l_aguilera,SKILL_004_20260214_122721,157.15,1642.26,TRUE,SKILL_004,Set Screwdriver package
2026-02-14T14:50:52Z,03,l_aguilera,SKILL_028_20260214_145052,163.62,1577.48,TRUE,SKILL_028,Fold a T Shirt
2026-02-14T09:42:03Z,03,e_cabezas,SKILL_029_20260214_094203,484.97,5731.65,TRUE,SKILL_029,Button a shirt
2026-02-14T13:22:05Z,03,n_mora,SKILL_003_20260214_132205,416.14,3906.54,TRUE,SKILL_003,Organize screwdriver bits
2026-02-14T10:32:25Z,03,e_martinez,SKILL_020_20260214_103225,120.84,1211.66,TRUE,SKILL_020,Open locks with their keys
2026-02-14T10:42:24Z,03,e_martinez,SKILL_029_20260214_104224,165.49,1978.85,TRUE,SKILL_029,Button a shirt
2026-02-14T10:50:36Z,03,e_martinez,SKILL_030_20260214_105036,204.40,1746.09,TRUE,SKILL_030,Fold a shirt
2026-02-14T10:15:12Z,03,e_martinez,SKILL_010_20260214_101512,350.46,3314.30,TRUE,SKILL_010,Package earphones
2026-02-14T07:28:29Z,04,l_aguilera,SKILL_003_20260214_072829,556.71,6142.69,FALSE,SKILL_003,Organize screwdriver bits
2026-02-14T12:50:06Z,03,l_aguilera,SKILL_010_20260214_125006,233.02,2291.91,TRUE,SKILL_010,Package earphones
2026-02-14T10:22:05Z,04,l_aguilera,SKILL_003_20260214_102205,368.43,3613.86,FALSE,SKILL_003,Organize screwdriver bits
2026-02-14T13:49:58Z,03,n_mora,SKILL_007_20260214_134958,482.55,4569.09,TRUE,SKILL_007,Separate tongue depressors by color
2026-02-14T10:22:33Z,03,e_martinez,SKILL_003_20260214_102233,443.48,4174.03,TRUE,SKILL_003,Organize screwdriver bits
2026-02-14T07:41:34Z,04,l_aguilera,SKILL_004_20260214_074134,187.68,2032.85,FALSE,SKILL_004,Set Screwdriver package
2026-02-14T10:45:58Z,03,e_martinez,SKILL_029_20260214_104558,200.92,2504.82,TRUE,SKILL_029,Button a shirt
2026-02-14T14:39:48Z,03,l_aguilera,SKILL_023_20260214_143948,2.43,19.14,FALSE,SKILL_023,Built up box (Present)
2026-02-14T10:57:55Z,03,e_martinez,SKILL_030_20260214_105755,98.61,863.10,TRUE,SKILL_030,Fold a shirt
2026-02-14T14:21:10Z,03,l_aguilera,SKILL_020_20260214_142110,120.52,1217.04,TRUE,SKILL_020,Open locks with their keys
2026-02-14T12:43:43Z,04,e_cabezas,SKILL_005_20260214_124343,390.68,3761.10,FALSE,SKILL_005,Insert allen keys in package
2026-02-14T14:38:12Z,03,l_aguilera,SKILL_021_20260214_143812,68.46,574.46,FALSE,SKILL_021,Build Up Box (Mailer)
2026-02-14T14:44:58Z,03,l_aguilera,SKILL_023_20260214_144458,121.89,1202.33,TRUE,SKILL_023,Built up box (Present)
2026-02-14T14:47:43Z,03,l_aguilera,SKILL_023_20260214_144743,126.86,1300.46,TRUE,SKILL_023,Built up box (Present)
2026-02-14T07:38:47Z,04,l_aguilera,SKILL_003_20260214_073847,102.36,1124.20,FALSE,SKILL_003,Organize screwdriver bits
2026-02-14T08:17:32Z,04,l_aguilera,SKILL_012_20260214_081731,250.05,2787.74,FALSE,SKILL_012,Put pasta in jars
2026-02-14T09:21:07Z,04,l_aguilera,SKILL_005_20260214_092107,284.77,2824.31,FALSE,SKILL_005,Insert allen keys in package
2026-02-14T09:31:15Z,04,l_aguilera,SKILL_012_20260214_093115,243.32,2522.63,FALSE,SKILL_012,Put pasta in jars
2026-02-14T12:10:07Z,04,e_cabezas,SKILL_012_20260214_121007,609.94,5615.66,FALSE,SKILL_012,Put pasta in jars
2026-02-14T14:28:35Z,04,e_cabezas,SKILL_012_20260214_142835,147.60,1604.80,FALSE,SKILL_012,Put pasta in jars
2026-02-14T14:36:04Z,04,e_cabezas,SKILL_012_20260214_143604,282.30,2803.91,FALSE,SKILL_012,Put pasta in jars
2026-02-14T10:51:01Z,04,l_aguilera,SKILL_014_20260214_105101,221.63,2144.23,FALSE,SKILL_014,Fasten nuts onto bolts
2026-02-14T10:55:33Z,04,l_aguilera,SKILL_014_20260214_105533,217.19,2100.30,FALSE,SKILL_014,Fasten nuts onto bolts
2026-02-14T08:23:24Z,04,l_aguilera,SKILL_005_20260214_082324,324.98,3380.50,FALSE,SKILL_005,Insert allen keys in package
2026-02-14T07:50:36Z,04,l_aguilera,SKILL_007_20260214_075036,400.29,4620.15,FALSE,SKILL_007,Separate tongue depressors by color
2026-02-14T11:12:16Z,04,l_aguilera,SKILL_014_20260214_111216,281.03,2500.92,FALSE,SKILL_014,Fasten nuts onto bolts
2026-02-14T13:11:27Z,04,e_cabezas,SKILL_014_20260214_131127,517.70,5165.37,FALSE,SKILL_014,Fasten nuts onto bolts
2026-02-14T13:54:15Z,04,e_cabezas,SKILL_014_20260214_135415,346.67,3455.24,FALSE,SKILL_014,Fasten nuts onto bolts
2026-02-14T14:43:34Z,04,e_cabezas,SKILL_014_20260214_144334,349.61,3565.39,FALSE,SKILL_014,Fasten nuts onto bolts
2026-02-14T09:32:53Z,03,e_cabezas,SKILL_028_20260214_093253,472.27,4819.24,TRUE,SKILL_028,Fold a T Shirt
2026-02-14T10:54:40Z,03,e_martinez,SKILL_030_20260214_105440,168.14,1482.39,TRUE,SKILL_030,Fold a shirt
2026-02-14T07:45:10Z,04,l_aguilera,SKILL_004_20260214_074510,166.17,1915.76,FALSE,SKILL_004,Set Screwdriver package
2026-02-14T08:40:42Z,04,l_aguilera,SKILL_021_20260214_084042,99.90,959.64,FALSE,SKILL_021,Build Up Box (Mailer)
2026-02-14T13:59:53Z,03,n_mora,SKILL_020_20260214_135953,117.77,1212.87,TRUE,SKILL_020,Open locks with their keys
2026-02-14T14:18:06Z,03,l_aguilera,SKILL_017_20260214_141806,121.34,1271.55,TRUE,SKILL_017,Put pasta in ziploc bags
2026-02-14T10:39:11Z,03,e_martinez,SKILL_020_20260214_103911,114.29,1156.44,TRUE,SKILL_020,Open locks with their keys
2026-02-14T14:18:38Z,04,e_cabezas,SKILL_021_20260214_141838,373.92,3541.97,FALSE,SKILL_021,Build Up Box (Mailer)
2026-02-14T08:47:00Z,04,l_aguilera,SKILL_021_20260214_084700,84.49,852.03,FALSE,SKILL_021,Build Up Box (Mailer)
2026-02-14T09:07:33Z,04,l_aguilera,SKILL_028_20260214_090733,197.56,1880.23,FALSE,SKILL_028,Fold a T Shirt
2026-02-14T09:11:26Z,04,l_aguilera,SKILL_028_20260214_091126,164.94,1483.99,FALSE,SKILL_028,Fold a T Shirt
2026-02-14T09:14:39Z,04,l_aguilera,SKILL_028_20260214_091439,144.02,1407.60,FALSE,SKILL_028,Fold a T Shirt
2026-02-14T09:50:49Z,04,l_aguilera,SKILL_028_20260214_095049,205.95,1991.64,FALSE,SKILL_028,Fold a T Shirt
2026-02-14T09:36:06Z,04,l_aguilera,SKILL_012_20260214_093606,213.08,2235.36,FALSE,SKILL_012,Put pasta in jars
2026-02-14T10:46:29Z,04,l_aguilera,SKILL_017_20260214_104629,164.88,1442.27,FALSE,SKILL_017,Put pasta in ziploc bags
2026-02-14T09:57:24Z,04,l_aguilera,SKILL_028_20260214_095724,116.84,1116.20,FALSE,SKILL_028,Fold a T Shirt
2026-02-14T09:44:05Z,04,l_aguilera,SKILL_029_20260214_094405,310.05,2642.81,FALSE,SKILL_029,Button a shirt
2026-02-14T11:21:16Z,04,l_aguilera,SKILL_031_20260214_112116,146.71,1405.98,FALSE,SKILL_031,Fold Pants
2026-02-14T14:40:03Z,03,l_aguilera,SKILL_023_20260214_144003,109.01,1013.36,TRUE,SKILL_023,Built up box (Present)
2026-02-14T12:23:05Z,04,e_cabezas,SKILL_031_20260214_122305,365.95,3402.90,FALSE,SKILL_031,Fold Pants
2026-02-14T11:18:30Z,04,l_aguilera,SKILL_014_20260214_111829,66.95,533.22,FALSE,SKILL_014,Fasten nuts onto bolts
2026-02-14T08:30:57Z,04,l_aguilera,SKILL_034_20260214_083057,435.03,4542.58,FALSE,SKILL_034,Tie Shoelaces
2026-02-14T10:30:15Z,04,l_aguilera,SKILL_034_20260214_103015,263.33,2536.49,FALSE,SKILL_034,Tie Shoelaces
2026-02-14T10:35:57Z,04,l_aguilera,SKILL_034_20260214_103557,209.19,1898.48,FALSE,SKILL_034,Tie Shoelaces
2026-02-14T12:52:47Z,04,e_cabezas,SKILL_034_20260214_125247,422.95,3884.68,FALSE,SKILL_034,Tie Shoelaces
2026-02-14T13:04:00Z,04,e_cabezas,SKILL_034_20260214_130400,319.25,3120.47,FALSE,SKILL_034,Tie Shoelaces
2026-02-14T13:10:38Z,04,e_cabezas,SKILL_034_20260214_131038,1.92,12.03,FALSE,SKILL_034,Tie Shoelaces
2026-02-14T13:21:38Z,04,e_cabezas,SKILL_040_20260214_132138,561.97,4607.42,FALSE,SKILL_040,Fasten a belt
2026-02-14T11:24:30Z,04,l_aguilera,SKILL_031_20260214_112430,145.13,1388.97,FALSE,SKILL_031,Fold Pants
2026-02-14T08:05:50Z,05,n_mora,SKILL_001_20260214_080550,499.56,3328.95,FALSE,SKILL_001,Organize beads per color
2026-02-14T08:44:58Z,04,l_aguilera,SKILL_021_20260214_084458,77.50,739.69,FALSE,SKILL_021,Build Up Box (Mailer)
2026-02-14T08:27:14Z,05,n_mora,SKILL_001_20260214_082714,305.42,2507.45,FALSE,SKILL_001,Organize beads per color
2026-02-14T09:54:48Z,04,l_aguilera,SKILL_028_20260214_095448,117.26,1145.96,FALSE,SKILL_028,Fold a T Shirt
2026-02-14T09:18:10Z,04,l_aguilera,SKILL_028_20260214_091810,113.84,1111.09,FALSE,SKILL_028,Fold a T Shirt
2026-02-14T08:15:48Z,05,n_mora,SKILL_001_20260214_081548,477.70,3908.84,FALSE,SKILL_001,Organize beads per color
2026-02-14T08:05:29Z,04,l_aguilera,SKILL_012_20260214_080529,276.55,3106.81,FALSE,SKILL_012,Put pasta in jars
2026-02-14T13:02:31Z,05,e_martinez,SKILL_001_20260214_130231,392.25,2571.91,FALSE,SKILL_001,Organize beads per color
2026-02-14T13:40:31Z,05,e_martinez,SKILL_003_20260214_134031,438.45,2790.73,FALSE,SKILL_003,Organize screwdriver bits
2026-02-14T07:52:52Z,05,n_mora,SKILL_004_20260214_075252,80.58,708.85,FALSE,SKILL_004,Set Screwdriver package
2026-02-14T12:25:01Z,05,e_martinez,SKILL_005_20260214_122501,149.61,1137.76,FALSE,SKILL_005,Insert allen keys in package
2026-02-14T08:40:50Z,05,n_mora,SKILL_005_20260214_084048,343.37,3752.08,FALSE,SKILL_005,Insert allen keys in package
2026-02-14T08:51:39Z,05,n_mora,SKILL_007_20260214_085137,482.15,5330.71,FALSE,SKILL_007,Separate tongue depressors by color
2026-02-14T10:50:42Z,04,l_aguilera,SKILL_017_20260214_105042,13.08,122.65,FALSE,SKILL_017,Put pasta in ziploc bags
2026-02-14T07:34:12Z,05,n_mora,SKILL_012_20260214_073411,333.81,3714.40,FALSE,SKILL_012,Put pasta in jars
2026-02-14T12:17:25Z,05,e_martinez,SKILL_005_20260214_121724,12.72,66.32,FALSE,SKILL_005,Insert allen keys in package
2026-02-14T07:48:21Z,04,l_aguilera,SKILL_004_20260214_074821,111.59,1295.72,FALSE,SKILL_004,Set Screwdriver package
2026-02-14T09:26:25Z,04,l_aguilera,SKILL_005_20260214_092625,201.25,1940.67,FALSE,SKILL_005,Insert allen keys in package
2026-02-14T13:11:19Z,02,d_vargas,SKILL_013_20260214_131119,265.03,2478.51,FALSE,SKILL_013,Set up a hand lamp
2026-02-14T13:16:45Z,02,d_vargas,SKILL_013_20260214_131645,148.69,1400.86,FALSE,SKILL_013,Set up a hand lamp
2026-02-14T12:38:41Z,05,e_martinez,SKILL_012_20260214_123840,311.16,2091.74,FALSE,SKILL_012,Put pasta in jars
2026-02-14T14:08:25Z,04,e_cabezas,SKILL_003_20260214_140825,463.38,4736.56,FALSE,SKILL_003,Organize screwdriver bits
2026-02-14T09:21:22Z,05,n_mora,SKILL_014_20260214_092122,277.21,2220.11,FALSE,SKILL_014,Fasten nuts onto bolts
2026-02-14T09:30:34Z,05,n_mora,SKILL_014_20260214_093034,176.46,1385.78,FALSE,SKILL_014,Fasten nuts onto bolts
2026-02-14T13:31:49Z,03,n_mora,SKILL_003_20260214_133149,424.00,3927.98,TRUE,SKILL_003,Organize screwdriver bits
2026-02-14T10:17:07Z,05,n_mora,SKILL_012_20260214_101707,237.30,2085.42,FALSE,SKILL_012,Put pasta in jars
2026-02-14T09:47:47Z,05,n_mora,SKILL_014_20260214_094746,232.90,2071.11,FALSE,SKILL_014,Fasten nuts onto bolts
2026-02-14T09:52:28Z,05,n_mora,SKILL_014_20260214_095228,217.96,2029.01,FALSE,SKILL_014,Fasten nuts onto bolts
2026-02-14T14:47:30Z,05,e_martinez,SKILL_003_20260214_144730,104.63,462.92,FALSE,SKILL_003,Organize screwdriver bits
2026-02-14T07:44:49Z,05,n_mora,SKILL_012_20260214_074448,303.16,3345.17,FALSE,SKILL_012,Put pasta in jars
2026-02-14T11:24:39Z,05,n_mora,SKILL_014_20260214_112439,154.59,1052.87,FALSE,SKILL_014,Fasten nuts onto bolts
2026-02-14T07:54:37Z,05,n_mora,SKILL_004_20260214_075437,182.10,1737.58,FALSE,SKILL_004,Set Screwdriver package
2026-02-14T13:33:51Z,05,e_martinez,SKILL_014_20260214_133351,235.32,1489.22,FALSE,SKILL_014,Fasten nuts onto bolts
2026-02-14T10:50:58Z,05,n_mora,SKILL_021_20260214_105058,125.76,846.74,FALSE,SKILL_021,Build Up Box (Mailer)
2026-02-14T10:40:49Z,04,l_aguilera,SKILL_017_20260214_104049,296.01,2540.97,FALSE,SKILL_017,Put pasta in ziploc bags
2026-02-14T08:11:04Z,04,l_aguilera,SKILL_012_20260214_081104,307.67,3427.12,FALSE,SKILL_012,Put pasta in jars
2026-02-14T11:05:19Z,04,l_aguilera,SKILL_014_20260214_110519,338.28,2916.16,FALSE,SKILL_014,Fasten nuts onto bolts
2026-02-14T10:56:17Z,05,n_mora,SKILL_021_20260214_105617,94.74,651.51,FALSE,SKILL_021,Build Up Box (Mailer)
2026-02-14T14:36:45Z,05,e_martinez,SKILL_024_20260214_143643,278.69,2000.83,FALSE,SKILL_024,Put hooks on shower courtain
2026-02-14T14:42:06Z,05,e_martinez,SKILL_024_20260214_144206,204.88,1290.80,FALSE,SKILL_024,Put hooks on shower courtain
2026-02-14T09:39:17Z,05,n_mora,SKILL_014_20260214_093917,43.13,215.09,FALSE,SKILL_014,Fasten nuts onto bolts
2026-02-14T13:14:03Z,05,e_martinez,SKILL_029_20260214_131403,171.78,1037.51,FALSE,SKILL_029,Button a shirt
2026-02-14T13:18:41Z,05,e_martinez,SKILL_029_20260214_131841,139.24,858.01,FALSE,SKILL_029,Button a shirt
2026-02-14T11:15:13Z,05,n_mora,SKILL_031_20260214_111513,124.78,879.10,FALSE,SKILL_031,Fold Pants
2026-02-14T13:23:16Z,05,e_martinez,SKILL_031_20260214_132316,65.57,518.45,FALSE,SKILL_031,Fold Pants
2026-02-14T12:18:35Z,05,e_martinez,SKILL_005_20260214_121834,320.84,2500.55,FALSE,SKILL_005,Insert allen keys in package
2026-02-14T07:58:30Z,05,n_mora,SKILL_004_20260214_075830,181.66,1712.60,FALSE,SKILL_004,Set Screwdriver package
2026-02-14T10:45:32Z,05,n_mora,SKILL_032_20260214_104530,242.43,1758.24,FALSE,SKILL_032,Pack up Clothes in a paper bag
2026-02-14T07:18:44Z,05,n_mora,SKILL_034_20260214_071842,562.42,6264.25,FALSE,SKILL_034,Tie Shoelaces
2026-02-14T14:22:48Z,05,e_martinez,SKILL_017_20260214_142246,161.72,1201.60,FALSE,SKILL_017,Put pasta in ziploc bags
2026-02-16T07:09:12Z,01,e_martinez,SKILL_001_20260216_070912,670.51,4859.29,FALSE,SKILL_001,Organize beads per color
2026-02-14T12:32:11Z,04,e_cabezas,SKILL_029_20260214_123211,537.61,4558.45,FALSE,SKILL_029,Button a shirt
2026-02-16T09:37:38Z,01,e_cabezas,SKILL_001_20260216_093738,543.94,4875.02,FALSE,SKILL_001,Organize beads per color
2026-02-14T09:40:15Z,05,n_mora,SKILL_014_20260214_094015,196.02,1326.37,FALSE,SKILL_014,Fasten nuts onto bolts
2026-02-14T10:31:57Z,05,n_mora,SKILL_032_20260214_103157,185.44,1197.59,FALSE,SKILL_032,Pack up Clothes in a paper bag
2026-02-14T11:09:04Z,05,n_mora,SKILL_021_20260214_110903,35.50,206.56,FALSE,SKILL_021,Build Up Box (Mailer)
2026-02-16T09:09:13Z,01,e_martinez,SKILL_005_20260216_090913,314.59,2443.57,FALSE,SKILL_005,Insert allen keys in package
2026-02-14T13:25:37Z,05,e_martinez,SKILL_031_20260214_132537,77.39,612.58,FALSE,SKILL_031,Fold Pants
2026-02-16T10:45:22Z,01,e_martinez,SKILL_005_20260216_104521,390.16,3091.70,FALSE,SKILL_005,Insert allen keys in package
2026-02-16T10:53:05Z,01,e_martinez,SKILL_005_20260216_105305,181.96,1368.02,FALSE,SKILL_005,Insert allen keys in package
2026-02-14T09:57:47Z,05,n_mora,SKILL_014_20260214_095747,176.91,1315.20,FALSE,SKILL_014,Fasten nuts onto bolts
2026-02-14T13:28:55Z,05,e_martinez,SKILL_014_20260214_132855,224.35,1439.51,FALSE,SKILL_014,Fasten nuts onto bolts
2026-02-14T11:12:01Z,05,n_mora,SKILL_021_20260214_111200,86.82,576.60,FALSE,SKILL_021,Build Up Box (Mailer)
2026-02-14T10:24:46Z,05,n_mora,SKILL_012_20260214_102446,213.49,1534.42,FALSE,SKILL_012,Put pasta in jars
2026-02-14T13:52:03Z,05,e_martinez,SKILL_007_20260214_135203,469.58,3415.52,FALSE,SKILL_007,Separate tongue depressors by color
2026-02-14T12:45:49Z,05,e_martinez,SKILL_012_20260214_124549,199.82,1364.62,FALSE,SKILL_012,Put pasta in jars
2026-02-14T10:11:22Z,05,n_mora,SKILL_012_20260214_101121,282.38,2475.19,FALSE,SKILL_012,Put pasta in jars
2026-02-14T10:53:30Z,05,n_mora,SKILL_021_20260214_105330,123.72,839.87,FALSE,SKILL_021,Build Up Box (Mailer)
2026-02-14T11:19:09Z,05,n_mora,SKILL_029_20260214_111909,291.45,2084.17,FALSE,SKILL_029,Button a shirt
2026-02-16T09:41:28Z,01,e_martinez,SKILL_001_20260216_094128,625.73,4435.25,FALSE,SKILL_001,Organize beads per color
2026-02-16T12:12:22Z,01,e_martinez,SKILL_001_20260216_121222,503.44,3504.39,FALSE,SKILL_001,Organize beads per color
2026-02-16T07:17:08Z,01,e_cabezas,SKILL_001_20260216_071708,615.51,6372.64,FALSE,SKILL_001,Organize beads per color
2026-02-16T09:16:58Z,01,e_martinez,SKILL_005_20260216_091658,324.05,2544.60,FALSE,SKILL_005,Insert allen keys in package
2026-02-14T12:56:08Z,05,e_martinez,SKILL_034_20260214_125607,260.25,1974.76,FALSE,SKILL_034,Tie Shoelaces
2026-02-14T10:24:13Z,05,n_mora,SKILL_012_20260214_102413,6.48,43.52,FALSE,SKILL_012,Put pasta in jars
2026-02-16T13:41:38Z,01,e_martinez,SKILL_001_20260216_134138,605.89,5221.67,FALSE,SKILL_001,Organize beads per color
2026-02-14T08:42:53Z,04,l_aguilera,SKILL_021_20260214_084253,105.51,1013.43,FALSE,SKILL_021,Build Up Box (Mailer)
2026-02-14T13:32:57Z,04,e_cabezas,SKILL_008_20260214_133257,473.32,4979.49,FALSE,SKILL_008,Separate tongue depressors by type
2026-02-14T09:09:06Z,05,n_mora,SKILL_007_20260214_090905,544.99,5675.73,FALSE,SKILL_007,Separate tongue depressors by color
2026-02-16T14:25:27Z,01,e_martinez,SKILL_009_20260216_142526,298.96,2072.25,FALSE,SKILL_009,Package Cotton set
2026-02-16T12:41:00Z,01,e_martinez,SKILL_009_20260216_124100,277.21,2042.56,FALSE,SKILL_009,Package Cotton set
2026-02-16T12:46:27Z,01,e_martinez,SKILL_009_20260216_124627,142.92,1069.06,FALSE,SKILL_009,Package Cotton set
2026-02-16T10:29:33Z,01,e_martinez,SKILL_009_20260216_102933,131.90,941.07,FALSE,SKILL_009,Package Cotton set
2026-02-16T10:23:09Z,01,e_martinez,SKILL_009_20260216_102309,295.73,1993.28,FALSE,SKILL_009,Package Cotton set
2026-02-16T16:30:11Z,01,l_aguilera,SKILL_009_20260216_163011,363.65,3031.07,FALSE,SKILL_009,Package Cotton set
2026-02-16T14:31:18Z,01,e_martinez,SKILL_009_20260216_143118,157.02,1101.74,FALSE,SKILL_009,Package Cotton set
2026-02-16T07:55:51Z,01,e_martinez,SKILL_009_20260216_075551,176.15,1163.87,FALSE,SKILL_009,Package Cotton set
2026-02-16T12:23:26Z,01,e_martinez,SKILL_010_20260216_122326,319.91,2577.05,FALSE,SKILL_010,Package earphones
2026-02-16T08:57:06Z,01,e_martinez,SKILL_009_20260216_085705,159.89,1145.38,FALSE,SKILL_009,Package Cotton set
2026-02-16T12:50:07Z,01,e_martinez,SKILL_007_20260216_125007,406.25,3203.48,FALSE,SKILL_007,Separate tongue depressors by color
2026-02-16T07:58:50Z,01,e_martinez,SKILL_009_20260216_075850,161.89,1160.96,FALSE,SKILL_009,Package Cotton set
2026-02-16T07:50:05Z,01,e_martinez,SKILL_009_20260216_075005,284.91,1919.49,FALSE,SKILL_009,Package Cotton set
2026-02-16T16:26:08Z,01,l_aguilera,SKILL_005_20260216_162608,176.11,1477.27,FALSE,SKILL_005,Insert allen keys in package
2026-02-16T08:28:23Z,01,e_martinez,SKILL_007_20260216_082823,530.43,3769.64,FALSE,SKILL_007,Separate tongue depressors by color
2026-02-16T14:15:04Z,01,e_martinez,SKILL_005_20260216_141503,330.37,2665.30,FALSE,SKILL_005,Insert allen keys in package
2026-02-16T08:40:11Z,01,e_martinez,SKILL_010_20260216_084011,394.73,3071.15,FALSE,SKILL_010,Package earphones
2026-02-16T12:05:39Z,01,e_martinez,SKILL_005_20260216_120539,346.50,2725.03,FALSE,SKILL_005,Insert allen keys in package
2026-02-16T07:23:07Z,01,e_martinez,SKILL_013_20260216_072307,340.44,2704.63,FALSE,SKILL_013,Set up a hand lamp
2026-02-16T14:05:38Z,01,e_martinez,SKILL_010_20260216_140538,376.08,3300.66,FALSE,SKILL_010,Package earphones
2026-02-16T12:30:24Z,01,e_martinez,SKILL_010_20260216_123024,83.16,738.56,FALSE,SKILL_010,Package earphones
2026-02-16T08:50:22Z,01,e_martinez,SKILL_009_20260216_085022,369.81,2578.86,FALSE,SKILL_009,Package Cotton set
2026-02-16T16:19:42Z,01,l_aguilera,SKILL_005_20260216_161942,360.81,3138.95,FALSE,SKILL_005,Insert allen keys in package
2026-02-16T14:50:46Z,01,e_martinez,SKILL_023_20260216_145046,138.94,1197.71,FALSE,SKILL_023,Built up box (Present)
2026-02-16T13:21:03Z,01,e_martinez,SKILL_023_20260216_132103,142.36,1237.37,FALSE,SKILL_023,Built up box (Present)
2026-02-16T13:16:03Z,01,e_martinez,SKILL_023_20260216_131603,182.74,1519.00,FALSE,SKILL_023,Built up box (Present)
2026-02-16T10:17:02Z,01,e_martinez,SKILL_023_20260216_101702,164.53,1277.86,FALSE,SKILL_023,Built up box (Present)
2026-02-16T10:08:19Z,01,e_martinez,SKILL_023_20260216_100819,158.04,1242.14,FALSE,SKILL_023,Built up box (Present)
2026-02-16T10:12:44Z,01,e_martinez,SKILL_023_20260216_101244,169.26,1301.53,FALSE,SKILL_023,Built up box (Present)
2026-02-16T16:50:30Z,01,l_aguilera,SKILL_019_20260216_165030,176.27,1594.55,FALSE,SKILL_019,Put pasta in plastic containers
2026-02-16T13:11:15Z,01,e_martinez,SKILL_019_20260216_131115,173.96,1434.14,FALSE,SKILL_019,Put pasta in plastic containers
2026-02-16T13:06:57Z,01,e_martinez,SKILL_019_20260216_130657,209.79,1677.10,FALSE,SKILL_019,Put pasta in plastic containers
2026-02-16T10:37:32Z,01,e_martinez,SKILL_019_20260216_103732,209.56,1729.39,FALSE,SKILL_019,Put pasta in plastic containers
2026-02-16T07:44:07Z,01,e_martinez,SKILL_019_20260216_074407,164.25,1349.47,FALSE,SKILL_019,Put pasta in plastic containers
2026-02-16T10:33:17Z,01,e_martinez,SKILL_019_20260216_103317,204.16,1637.58,FALSE,SKILL_019,Put pasta in plastic containers
2026-02-16T07:40:06Z,01,e_martinez,SKILL_019_20260216_074006,193.09,1522.44,FALSE,SKILL_019,Put pasta in plastic containers
2026-02-16T16:40:35Z,01,l_aguilera,SKILL_018_20260216_164035,368.04,3103.22,FALSE,SKILL_018,Close bags with twist ties
2026-02-16T13:53:59Z,01,e_martinez,SKILL_018_20260216_135359,323.87,2814.09,FALSE,SKILL_018,Close bags with twist ties
2026-02-16T16:37:15Z,01,l_aguilera,SKILL_009_20260216_163715,118.80,926.10,FALSE,SKILL_009,Package Cotton set
2026-02-16T07:34:58Z,01,e_martinez,SKILL_013_20260216_073457,255.23,2049.99,FALSE,SKILL_013,Set up a hand lamp
2026-02-16T08:06:35Z,01,e_martinez,SKILL_018_20260216_080635,383.69,3273.42,FALSE,SKILL_018,Close bags with twist ties
2026-02-16T14:35:35Z,01,e_martinez,SKILL_034_20260216_143535,241.73,2146.49,FALSE,SKILL_034,Tie Shoelaces
2026-02-16T12:33:25Z,01,e_martinez,SKILL_034_20260216_123325,309.30,2655.07,FALSE,SKILL_034,Tie Shoelaces
2026-02-16T13:33:14Z,01,e_martinez,SKILL_018_20260216_133314,340.32,2981.80,FALSE,SKILL_018,Close bags with twist ties
2026-02-16T09:25:22Z,01,e_martinez,SKILL_034_20260216_092522,85.43,718.69,FALSE,SKILL_034,Tie Shoelaces
2026-02-16T13:29:32Z,01,e_martinez,SKILL_029_20260216_132932,128.26,1252.16,FALSE,SKILL_029,Button a shirt
2026-02-16T11:22:11Z,01,e_martinez,SKILL_029_20260216_112211,128.43,1219.68,FALSE,SKILL_029,Button a shirt
2026-02-16T11:25:29Z,01,e_martinez,SKILL_029_20260216_112529,115.89,1088.61,FALSE,SKILL_029,Button a shirt
2026-02-16T11:18:38Z,01,e_martinez,SKILL_029_20260216_111838,157.62,1511.61,FALSE,SKILL_029,Button a shirt
2026-02-16T08:24:31Z,01,e_martinez,SKILL_029_20260216_082431,143.82,1389.16,FALSE,SKILL_029,Button a shirt
2026-02-16T08:21:31Z,01,e_martinez,SKILL_029_20260216_082131,125.92,1227.60,FALSE,SKILL_029,Button a shirt
2026-02-16T14:47:48Z,01,e_martinez,SKILL_028_20260216_144748,125.01,1106.27,FALSE,SKILL_028,Fold a T Shirt
2026-02-16T14:41:05Z,01,e_martinez,SKILL_028_20260216_144105,108.76,984.61,FALSE,SKILL_028,Fold a T Shirt
2026-02-16T08:18:10Z,01,e_martinez,SKILL_029_20260216_081810,139.75,1306.31,FALSE,SKILL_029,Button a shirt
2026-02-16T10:58:23Z,01,e_martinez,SKILL_028_20260216_105823,101.27,745.55,FALSE,SKILL_028,Fold a T Shirt
2026-02-16T11:14:22Z,01,e_martinez,SKILL_028_20260216_111422,151.66,1071.90,FALSE,SKILL_028,Fold a T Shirt
2026-02-16T09:29:32Z,01,e_martinez,SKILL_034_20260216_092931,352.59,2983.26,FALSE,SKILL_034,Tie Shoelaces
2026-02-16T11:08:25Z,01,e_martinez,SKILL_028_20260216_110825,166.79,1176.91,FALSE,SKILL_028,Fold a T Shirt
2026-02-16T12:52:21Z,02,n_mora,SKILL_005_20260216_125221,35.41,286.35,FALSE,SKILL_005,Insert allen keys in package
2026-02-16T10:08:54Z,02,n_mora,SKILL_005_20260216_100854,333.61,2443.23,FALSE,SKILL_005,Insert allen keys in package
2026-02-16T10:15:18Z,02,n_mora,SKILL_005_20260216_101518,261.45,1981.95,FALSE,SKILL_005,Insert allen keys in package
2026-02-16T12:37:34Z,02,n_mora,SKILL_001_20260216_123734,406.78,3078.88,FALSE,SKILL_001,Organize beads per color
2026-02-16T11:09:06Z,02,n_mora,SKILL_001_20260216_110906,589.63,4149.30,FALSE,SKILL_001,Organize beads per color
2026-02-16T10:54:15Z,02,n_mora,SKILL_001_20260216_105415,169.57,1310.07,FALSE,SKILL_001,Organize beads per color
2026-02-16T12:46:10Z,02,n_mora,SKILL_005_20260216_124610,310.33,2624.81,FALSE,SKILL_005,Insert allen keys in package
2026-02-16T12:26:29Z,02,n_mora,SKILL_001_20260216_122629,624.95,4394.21,FALSE,SKILL_001,Organize beads per color
2026-02-16T10:57:41Z,02,n_mora,SKILL_001_20260216_105741,147.00,1111.34,FALSE,SKILL_001,Organize beads per color
2026-02-16T10:22:26Z,02,n_mora,SKILL_007_20260216_102226,479.61,3536.94,FALSE,SKILL_007,Separate tongue depressors by color
2026-02-16T08:28:41Z,02,n_mora,SKILL_009_20260216_082841,250.37,1936.89,FALSE,SKILL_009,Package Cotton set
2026-02-16T07:21:54Z,02,n_mora,SKILL_007_20260216_072154,496.56,3935.05,FALSE,SKILL_007,Separate tongue depressors by color
2026-02-16T07:10:28Z,02,n_mora,SKILL_007_20260216_071028,496.22,3665.35,FALSE,SKILL_007,Separate tongue depressors by color
2026-02-16T13:56:00Z,02,n_mora,SKILL_005_20260216_135600,196.98,1863.90,FALSE,SKILL_005,Insert allen keys in package
2026-02-16T14:05:52Z,02,n_mora,SKILL_005_20260216_140552,198.90,1992.66,FALSE,SKILL_005,Insert allen keys in package
2026-02-16T11:22:12Z,02,n_mora,SKILL_010_20260216_112212,360.85,2591.35,FALSE,SKILL_010,Package earphones
2026-02-16T14:44:51Z,02,n_mora,SKILL_009_20260216_144451,244.88,2296.40,FALSE,SKILL_009,Package Cotton set
2026-02-16T13:09:43Z,02,n_mora,SKILL_009_20260216_130943,227.48,1845.58,FALSE,SKILL_009,Package Cotton set
2026-02-16T13:26:25Z,01,e_martinez,SKILL_029_20260216_132625,140.56,1303.78,FALSE,SKILL_029,Button a shirt
2026-02-16T14:10:25Z,02,n_mora,SKILL_001_20260216_141025,571.62,5827.93,FALSE,SKILL_001,Organize beads per color
2026-02-16T12:08:39Z,02,n_mora,SKILL_010_20260216_120839,469.42,3464.98,FALSE,SKILL_010,Package earphones
2026-02-16T13:05:34Z,02,n_mora,SKILL_009_20260216_130534,203.64,1578.89,FALSE,SKILL_009,Package Cotton set
2026-02-16T12:05:06Z,02,n_mora,SKILL_010_20260216_120506,181.31,1270.83,FALSE,SKILL_010,Package earphones
2026-02-16T14:40:39Z,02,n_mora,SKILL_009_20260216_144039,162.39,1582.13,FALSE,SKILL_009,Package Cotton set
2026-02-16T07:35:12Z,02,n_mora,SKILL_001_20260216_073512,162.10,1195.04,FALSE,SKILL_001,Organize beads per color
2026-02-16T08:51:05Z,02,n_mora,SKILL_013_20260216_085105,255.00,2007.88,FALSE,SKILL_013,Set up a hand lamp
2026-02-16T08:44:52Z,02,n_mora,SKILL_013_20260216_084451,224.43,1754.61,FALSE,SKILL_013,Set up a hand lamp
2026-02-16T08:56:43Z,02,n_mora,SKILL_013_20260216_085643,212.88,1671.01,FALSE,SKILL_013,Set up a hand lamp
2026-02-16T08:17:55Z,02,n_mora,SKILL_017_20260216_081754,177.41,1404.70,FALSE,SKILL_017,Put pasta in ziploc bags
2026-02-16T13:14:16Z,02,n_mora,SKILL_017_20260216_131416,200.52,1692.47,FALSE,SKILL_017,Put pasta in ziploc bags
2026-02-16T09:47:48Z,02,n_mora,SKILL_017_20260216_094748,198.82,1476.90,FALSE,SKILL_017,Put pasta in ziploc bags
2026-02-16T13:18:50Z,02,n_mora,SKILL_017_20260216_131850,245.32,2306.25,FALSE,SKILL_017,Put pasta in ziploc bags
2026-02-16T09:09:14Z,02,n_mora,SKILL_018_20260216_090914,233.73,1805.60,FALSE,SKILL_018,Close bags with twist ties
2026-02-16T08:22:53Z,02,n_mora,SKILL_017_20260216_082253,182.99,1396.60,FALSE,SKILL_017,Put pasta in ziploc bags
2026-02-16T09:07:06Z,02,n_mora,SKILL_018_20260216_090706,95.68,768.19,FALSE,SKILL_018,Close bags with twist ties
2026-02-16T12:17:31Z,02,n_mora,SKILL_019_20260216_121731,223.35,1775.44,FALSE,SKILL_019,Put pasta in plastic containers
2026-02-16T12:21:42Z,02,n_mora,SKILL_019_20260216_122142,179.78,1424.30,FALSE,SKILL_019,Put pasta in plastic containers
2026-02-16T09:41:28Z,02,n_mora,SKILL_023_20260216_094128,213.90,1757.75,FALSE,SKILL_023,Built up box (Present)
2026-02-16T14:51:04Z,02,n_mora,SKILL_019_20260216_145104,256.00,2775.86,FALSE,SKILL_019,Put pasta in plastic containers
2026-02-16T14:26:33Z,02,n_mora,SKILL_019_20260216_142633,209.20,2160.90,FALSE,SKILL_019,Put pasta in plastic containers
2026-02-16T09:20:28Z,02,n_mora,SKILL_029_20260216_092028,352.35,3053.72,FALSE,SKILL_029,Button a shirt
2026-02-16T09:54:28Z,02,n_mora,SKILL_005_20260216_095428,309.77,2415.53,FALSE,SKILL_005,Insert allen keys in package
2026-02-16T08:08:33Z,03,d_vargas,SKILL_001_20260216_080832,694.53,7144.12,TRUE,SKILL_001,Organize beads per color
2026-02-16T07:51:53Z,02,n_mora,SKILL_019_20260216_075153,186.67,1416.87,FALSE,SKILL_019,Put pasta in plastic containers
2026-02-16T08:20:50Z,03,d_vargas,SKILL_001_20260216_082050,565.56,5918.34,TRUE,SKILL_001,Organize beads per color
2026-02-16T08:32:14Z,03,d_vargas,SKILL_003_20260216_083214,446.23,4474.17,TRUE,SKILL_003,Organize screwdriver bits
2026-02-16T14:36:18Z,02,n_mora,SKILL_023_20260216_143618,130.02,1239.58,FALSE,SKILL_023,Built up box (Present)
2026-02-16T11:05:53Z,03,c_becerra,SKILL_003_20260216_110553,371.44,3620.45,TRUE,SKILL_003,Organize screwdriver bits
2026-02-16T14:13:31Z,03,d_vargas,SKILL_003_20260216_141331,226.93,2209.50,TRUE,SKILL_003,Organize screwdriver bits
2026-02-16T08:40:56Z,03,d_vargas,SKILL_004_20260216_084056,289.37,3110.36,TRUE,SKILL_004,Set Screwdriver package
2026-02-16T08:46:38Z,03,d_vargas,SKILL_004_20260216_084638,209.21,2255.20,TRUE,SKILL_004,Set Screwdriver package
2026-02-16T09:54:34Z,01,e_martinez,SKILL_017_20260216_095434,289.80,2271.82,FALSE,SKILL_017,Put pasta in ziploc bags
2026-02-16T11:22:34Z,03,c_becerra,SKILL_004_20260216_112234,239.53,2328.43,TRUE,SKILL_004,Set Screwdriver package
2026-02-16T08:51:48Z,03,d_vargas,SKILL_007_20260216_085148,504.33,5771.13,TRUE,SKILL_007,Separate tongue depressors by color
2026-02-16T14:23:07Z,03,d_vargas,SKILL_003_20260216_142306,444.23,4525.16,TRUE,SKILL_003,Organize screwdriver bits
2026-02-16T09:07:15Z,03,c_becerra,SKILL_007_20260216_090715,410.04,4110.15,TRUE,SKILL_007,Separate tongue depressors by color
2026-02-16T14:31:48Z,03,d_vargas,SKILL_007_20260216_143148,521.07,5845.78,TRUE,SKILL_007,Separate tongue depressors by color
2026-02-16T07:34:05Z,03,c_becerra,SKILL_009_20260216_073405,731.38,7147.58,TRUE,SKILL_009,Package Cotton set
2026-02-16T07:14:50Z,03,c_becerra,SKILL_003_20260216_071450,428.36,4199.94,TRUE,SKILL_003,Organize screwdriver bits
2026-02-16T10:15:16Z,03,d_vargas,SKILL_009_20260216_101516,296.28,2730.26,TRUE,SKILL_009,Package Cotton set
2026-02-16T10:07:11Z,03,d_vargas,SKILL_009_20260216_100711,439.62,4242.00,TRUE,SKILL_009,Package Cotton set
2026-02-16T09:16:29Z,03,c_becerra,SKILL_004_20260216_091629,241.75,2493.89,TRUE,SKILL_004,Set Screwdriver package
2026-02-16T10:21:33Z,03,d_vargas,SKILL_010_20260216_102133,519.60,5170.92,TRUE,SKILL_010,Package earphones
2026-02-16T14:51:54Z,03,d_vargas,SKILL_010_20260216_145154,468.50,4644.07,TRUE,SKILL_010,Package earphones
2026-02-16T13:37:55Z,02,n_mora,SKILL_007_20260216_133755,499.17,5184.40,FALSE,SKILL_007,Separate tongue depressors by color
2026-02-16T10:46:34Z,02,n_mora,SKILL_034_20260216_104634,328.08,2795.03,FALSE,SKILL_034,Tie Shoelaces
2026-02-16T10:34:46Z,03,d_vargas,SKILL_014_20260216_103446,324.05,3490.11,TRUE,SKILL_014,Fasten nuts onto bolts
2026-02-16T13:19:43Z,03,c_becerra,SKILL_007_20260216_131943,543.93,5325.88,TRUE,SKILL_007,Separate tongue depressors by color
2026-02-16T07:56:26Z,02,n_mora,SKILL_019_20260216_075626,146.00,1088.36,FALSE,SKILL_019,Put pasta in plastic containers
2026-02-16T09:30:26Z,02,n_mora,SKILL_025_20260216_093026,140.78,1058.58,FALSE,SKILL_025,Pack on a paper bag
2026-02-16T14:42:12Z,03,d_vargas,SKILL_009_20260216_144212,446.69,4245.08,TRUE,SKILL_009,Package Cotton set
2026-02-16T10:47:23Z,03,d_vargas,SKILL_015_20260216_104723,175.97,1714.28,TRUE,SKILL_015,Thread a needle
2026-02-16T07:57:44Z,03,c_becerra,SKILL_016_20260216_075743,53.07,527.57,FALSE,SKILL_016,Package a sewing set
2026-02-16T07:38:18Z,02,n_mora,SKILL_001_20260216_073818,499.46,3531.06,FALSE,SKILL_001,Organize beads per color
2026-02-16T09:48:45Z,03,c_becerra,SKILL_019_20260216_094845,458.73,4440.69,TRUE,SKILL_019,Put pasta in plastic containers
2026-02-16T13:31:19Z,03,c_becerra,SKILL_021_20260216_133119,165.54,1396.89,TRUE,SKILL_021,Build Up Box (Mailer)
2026-02-16T14:54:04Z,01,e_martinez,SKILL_023_20260216_145404,129.41,1115.90,FALSE,SKILL_023,Built up box (Present)
2026-02-16T13:37:57Z,03,c_becerra,SKILL_021_20260216_133757,93.69,839.04,TRUE,SKILL_021,Build Up Box (Mailer)
2026-02-16T13:34:44Z,03,c_becerra,SKILL_021_20260216_133444,122.36,1082.14,TRUE,SKILL_021,Build Up Box (Mailer)
2026-02-16T07:30:54Z,02,n_mora,SKILL_007_20260216_073054,1.58,9.09,FALSE,SKILL_007,Separate tongue depressors by color
2026-02-16T13:46:30Z,03,c_becerra,SKILL_023_20260216_134630,118.20,1090.22,TRUE,SKILL_023,Built up box (Present)
2026-02-16T07:53:49Z,03,c_becerra,SKILL_015_20260216_075349,174.47,1681.49,TRUE,SKILL_015,Thread a needle
2026-02-16T13:51:51Z,03,c_becerra,SKILL_023_20260216_135151,103.49,985.85,TRUE,SKILL_023,Built up box (Present)
2026-02-16T13:54:20Z,03,c_becerra,SKILL_023_20260216_135420,97.91,965.21,TRUE,SKILL_023,Built up box (Present)
2026-02-16T13:56:21Z,03,c_becerra,SKILL_023_20260216_135621,114.13,1078.01,TRUE,SKILL_023,Built up box (Present)
2026-02-16T13:58:43Z,03,c_becerra,SKILL_023_20260216_135843,93.92,916.31,TRUE,SKILL_023,Built up box (Present)
2026-02-16T10:51:38Z,03,d_vargas,SKILL_024_20260216_105138,173.68,1642.09,TRUE,SKILL_024,Put hooks on shower courtain
2026-02-16T10:32:42Z,03,d_vargas,SKILL_014_20260216_103242,111.53,1154.89,TRUE,SKILL_014,Fasten nuts onto bolts
2026-02-16T07:48:23Z,03,c_becerra,SKILL_015_20260216_074823,268.97,2523.24,TRUE,SKILL_015,Thread a needle
2026-02-16T12:31:15Z,03,d_vargas,SKILL_025_20260216_123115,178.88,2076.82,TRUE,SKILL_025,Pack on a paper bag
2026-02-16T11:13:08Z,03,c_becerra,SKILL_009_20260216_111308,490.12,4899.80,TRUE,SKILL_009,Package Cotton set
2026-02-16T09:34:39Z,02,n_mora,SKILL_023_20260216_093439,202.03,1694.96,FALSE,SKILL_023,Built up box (Present)
2026-02-16T14:31:53Z,02,n_mora,SKILL_023_20260216_143153,197.73,1913.79,FALSE,SKILL_023,Built up box (Present)
2026-02-16T13:43:13Z,03,c_becerra,SKILL_023_20260216_134313,130.13,1208.94,TRUE,SKILL_023,Built up box (Present)
2026-02-16T10:55:25Z,03,d_vargas,SKILL_024_20260216_105525,130.85,1263.58,TRUE,SKILL_024,Put hooks on shower courtain
2026-02-16T12:49:18Z,03,d_vargas,SKILL_026_20260216_124918,70.20,621.46,FALSE,SKILL_026,Pack on a cardboard box (Present)
2026-02-16T12:45:24Z,03,d_vargas,SKILL_026_20260216_124524,199.64,1997.20,TRUE,SKILL_026,Pack on a cardboard box (Present)
2026-02-16T12:10:44Z,03,d_vargas,SKILL_028_20260216_121044,328.10,3575.57,TRUE,SKILL_028,Fold a T Shirt
2026-02-16T12:16:38Z,03,d_vargas,SKILL_028_20260216_121638,1.76,10.46,FALSE,SKILL_028,Fold a T Shirt
2026-02-16T12:16:43Z,03,d_vargas,SKILL_028_20260216_121643,201.81,2175.82,TRUE,SKILL_028,Fold a T Shirt
2026-02-16T15:20:40Z,03,l_aguilera,SKILL_028_20260216_152040,175.66,1714.07,TRUE,SKILL_028,Fold a T Shirt
2026-02-16T15:24:12Z,03,l_aguilera,SKILL_028_20260216_152412,154.47,1543.41,TRUE,SKILL_028,Fold a T Shirt
2026-02-16T15:39:18Z,03,l_aguilera,SKILL_028_20260216_153918,143.30,1717.51,TRUE,SKILL_028,Fold a T Shirt
2026-02-16T13:26:21Z,02,n_mora,SKILL_007_20260216_132621,547.70,5656.50,FALSE,SKILL_007,Separate tongue depressors by color
2026-02-16T08:34:29Z,02,n_mora,SKILL_009_20260216_083429,239.12,1845.78,FALSE,SKILL_009,Package Cotton set
2026-02-16T15:27:23Z,03,l_aguilera,SKILL_028_20260216_152723,123.75,1224.00,TRUE,SKILL_028,Fold a T Shirt
2026-02-16T16:05:02Z,03,l_aguilera,SKILL_028_20260216_160502,183.68,2231.70,TRUE,SKILL_028,Fold a T Shirt
2026-02-16T09:36:35Z,03,c_becerra,SKILL_029_20260216_093635,492.48,6120.41,TRUE,SKILL_029,Button a shirt
2026-02-16T12:21:20Z,03,d_vargas,SKILL_029_20260216_122120,523.99,6562.66,TRUE,SKILL_029,Button a shirt
2026-02-16T15:06:13Z,03,l_aguilera,SKILL_029_20260216_150612,256.66,2961.32,TRUE,SKILL_029,Button a shirt
2026-02-16T15:11:06Z,03,l_aguilera,SKILL_029_20260216_151106,273.03,3195.59,TRUE,SKILL_029,Button a shirt
2026-02-16T10:42:32Z,03,d_vargas,SKILL_015_20260216_104232,263.62,2589.95,TRUE,SKILL_015,Thread a needle
2026-02-16T07:58:54Z,03,c_becerra,SKILL_016_20260216_075854,35.75,347.41,FALSE,SKILL_016,Package a sewing set
2026-02-16T15:42:27Z,03,l_aguilera,SKILL_029_20260216_154227,294.87,3495.44,TRUE,SKILL_029,Button a shirt
2026-02-16T13:02:53Z,03,c_becerra,SKILL_014_20260216_130253,459.92,4732.36,TRUE,SKILL_014,Fasten nuts onto bolts
2026-02-16T10:36:22Z,02,n_mora,SKILL_034_20260216_103622,442.73,3802.95,FALSE,SKILL_034,Tie Shoelaces
2026-02-16T14:23:10Z,02,n_mora,SKILL_019_20260216_142310,123.54,1254.75,FALSE,SKILL_019,Put pasta in plastic containers
2026-02-16T13:11:19Z,03,c_becerra,SKILL_032_20260216_131119,266.63,2574.50,TRUE,SKILL_032,Pack up Clothes in a paper bag
2026-02-16T12:52:08Z,03,d_vargas,SKILL_033_20260216_125208,232.69,2348.59,TRUE,SKILL_033,Fold towels
2026-02-16T12:38:54Z,03,d_vargas,SKILL_025_20260216_123854,102.13,1092.28,TRUE,SKILL_025,Pack on a paper bag
2026-02-16T07:22:29Z,03,c_becerra,SKILL_014_20260216_072229,523.96,5284.68,TRUE,SKILL_014,Fasten nuts onto bolts
2026-02-16T15:55:06Z,03,l_aguilera,SKILL_028_20260216_155506,177.78,1689.86,TRUE,SKILL_028,Fold a T Shirt
2026-02-16T12:56:29Z,03,d_vargas,SKILL_033_20260216_125629,222.64,2327.67,TRUE,SKILL_033,Fold towels
2026-02-16T09:47:53Z,04,e_cabezas,SKILL_001_20260216_094753,571.93,5088.36,FALSE,SKILL_001,Organize beads per color
2026-02-16T09:37:38Z,04,e_cabezas,SKILL_001_20260216_093738,543.94,4875.02,FALSE,SKILL_001,Organize beads per color
2026-02-16T14:06:21Z,04,e_cabezas,SKILL_001_20260216_140621,431.50,3884.16,FALSE,SKILL_001,Organize beads per color
2026-02-16T08:47:37Z,04,e_cabezas,SKILL_005_20260216_084737,315.81,3339.44,FALSE,SKILL_005,Insert allen keys in package
2026-02-16T07:50:00Z,04,e_cabezas,SKILL_007_20260216_075000,553.91,6105.87,FALSE,SKILL_007,Separate tongue depressors by color
2026-02-16T13:49:55Z,04,e_cabezas,SKILL_007_20260216_134955,474.58,4574.01,FALSE,SKILL_007,Separate tongue depressors by color
2026-02-16T07:29:30Z,04,e_cabezas,SKILL_012_20260216_072930,548.05,5778.78,FALSE,SKILL_012,Put pasta in jars
2026-02-16T09:59:08Z,04,e_cabezas,SKILL_012_20260216_095908,70.33,646.60,FALSE,SKILL_012,Put pasta in jars
2026-02-16T10:08:41Z,04,e_cabezas,SKILL_012_20260216_100841,448.73,4277.61,FALSE,SKILL_012,Put pasta in jars
2026-02-16T10:49:20Z,04,e_cabezas,SKILL_012_20260216_104920,542.28,4773.36,FALSE,SKILL_012,Put pasta in jars
2026-02-16T12:48:37Z,04,e_cabezas,SKILL_012_20260216_124837,589.03,5176.00,FALSE,SKILL_012,Put pasta in jars
2026-02-16T14:32:55Z,04,e_cabezas,SKILL_012_20260216_143255,576.77,5320.05,FALSE,SKILL_012,Put pasta in jars
2026-02-16T09:18:24Z,04,e_cabezas,SKILL_013_20260216_091824,322.92,3240.22,FALSE,SKILL_013,Set up a hand lamp
2026-02-16T15:51:16Z,03,l_aguilera,SKILL_028_20260216_155116,190.12,1831.11,TRUE,SKILL_028,Fold a T Shirt
2026-02-16T11:20:24Z,04,e_cabezas,SKILL_013_20260216_112024,421.51,3663.76,FALSE,SKILL_013,Set up a hand lamp
2026-02-16T12:05:31Z,04,e_cabezas,SKILL_013_20260216_120531,599.28,5391.03,FALSE,SKILL_013,Set up a hand lamp
2026-02-16T15:30:45Z,03,l_aguilera,SKILL_033_20260216_153045,446.96,4595.40,TRUE,SKILL_033,Fold towels
2026-02-16T13:39:43Z,04,e_cabezas,SKILL_013_20260216_133943,471.48,4338.99,FALSE,SKILL_013,Set up a hand lamp
2026-02-16T14:15:43Z,04,e_cabezas,SKILL_013_20260216_141543,836.30,7675.04,FALSE,SKILL_013,Set up a hand lamp
2026-02-16T14:53:26Z,04,e_cabezas,SKILL_013_20260216_145326,363.21,3257.88,FALSE,SKILL_013,Set up a hand lamp
2026-02-16T07:07:24Z,04,e_cabezas,SKILL_014_20260216_070723,453.12,5294.79,FALSE,SKILL_014,Fasten nuts onto bolts
2026-02-16T11:10:03Z,04,e_cabezas,SKILL_014_20260216_111003,509.67,5027.88,FALSE,SKILL_014,Fasten nuts onto bolts
2026-02-16T12:17:17Z,04,e_cabezas,SKILL_014_20260216_121717,480.74,4769.73,FALSE,SKILL_014,Fasten nuts onto bolts
2026-02-16T13:19:40Z,04,e_cabezas,SKILL_014_20260216_131940,497.46,5035.63,FALSE,SKILL_014,Fasten nuts onto bolts
2026-02-16T14:46:07Z,04,e_cabezas,SKILL_014_20260216_144607,299.60,3053.22,FALSE,SKILL_014,Fasten nuts onto bolts
2026-02-16T08:38:48Z,04,e_cabezas,SKILL_021_20260216_083848,451.83,4606.97,FALSE,SKILL_021,Build Up Box (Mailer)
2026-02-16T09:06:53Z,04,e_cabezas,SKILL_022_20260216_090653,529.24,5089.77,FALSE,SKILL_022,Build Up Box (Regular ECT)
2026-02-16T10:28:14Z,04,e_cabezas,SKILL_022_20260216_102814,573.54,5098.46,FALSE,SKILL_022,Build Up Box (Regular ECT)
2026-02-16T12:27:13Z,04,e_cabezas,SKILL_022_20260216_122713,625.57,5509.73,FALSE,SKILL_022,Build Up Box (Regular ECT)
2026-02-16T13:30:13Z,04,e_cabezas,SKILL_029_20260216_133012,455.43,4163.39,FALSE,SKILL_029,Button a shirt
2026-02-16T09:25:09Z,04,e_cabezas,SKILL_031_20260216_092509,596.48,6231.10,FALSE,SKILL_031,Fold Pants
2026-02-16T08:06:34Z,04,e_cabezas,SKILL_034_20260216_080634,403.95,4361.94,FALSE,SKILL_034,Tie Shoelaces
2026-02-16T10:20:00Z,04,e_cabezas,SKILL_034_20260216_102000,415.62,4156.99,FALSE,SKILL_034,Tie Shoelaces
2026-02-16T08:14:25Z,04,e_cabezas,SKILL_040_20260216_081425,648.69,6320.57,FALSE,SKILL_040,Fasten a belt
2026-02-16T07:41:49Z,04,e_cabezas,SKILL_004_20260216_074149,447.56,4946.12,FALSE,SKILL_004,Set Screwdriver package
2026-02-16T15:58:35Z,03,l_aguilera,SKILL_028_20260216_155835,93.73,899.11,TRUE,SKILL_028,Fold a T Shirt
2026-02-16T13:49:14Z,03,c_becerra,SKILL_023_20260216_134914,106.89,1033.13,TRUE,SKILL_023,Built up box (Present)
2026-02-16T15:48:35Z,03,l_aguilera,SKILL_029_20260216_154835,103.80,1241.85,TRUE,SKILL_029,Button a shirt
2026-02-16T09:27:16Z,03,c_becerra,SKILL_032_20260216_092716,194.48,1831.71,TRUE,SKILL_032,Pack up Clothes in a paper bag
2026-02-16T07:40:16Z,05,l_aguilera,SKILL_001_20260216_074016,427.69,5058.25,FALSE,SKILL_001,Organize beads per color
2026-02-16T10:32:28Z,05,l_aguilera,SKILL_001_20260216_103227,327.89,2205.76,FALSE,SKILL_001,Organize beads per color
2026-02-16T07:06:44Z,05,l_aguilera,SKILL_003_20260216_070643,512.20,5869.30,FALSE,SKILL_003,Organize screwdriver bits
2026-02-16T13:34:21Z,05,l_aguilera,SKILL_001_20260216_133421,400.72,2823.90,FALSE,SKILL_001,Organize beads per color
2026-02-16T11:01:43Z,05,l_aguilera,SKILL_003_20260216_110142,115.93,779.28,FALSE,SKILL_003,Organize screwdriver bits
2026-02-16T10:50:07Z,05,l_aguilera,SKILL_003_20260216_105006,496.94,3646.57,FALSE,SKILL_003,Organize screwdriver bits
2026-02-16T11:25:42Z,05,l_aguilera,SKILL_003_20260216_112541,272.80,2147.48,FALSE,SKILL_003,Organize screwdriver bits
2026-02-16T14:50:17Z,05,l_aguilera,SKILL_003_20260216_145016,71.46,468.55,FALSE,SKILL_003,Organize screwdriver bits
2026-02-16T07:32:19Z,05,l_aguilera,SKILL_004_20260216_073218,157.27,1959.17,FALSE,SKILL_004,Set Screwdriver package
2026-02-16T07:35:23Z,05,l_aguilera,SKILL_004_20260216_073523,180.20,2223.37,FALSE,SKILL_004,Set Screwdriver package
2026-02-16T10:42:18Z,05,l_aguilera,SKILL_004_20260216_104217,71.80,598.52,FALSE,SKILL_004,Set Screwdriver package
2026-02-16T12:34:52Z,03,d_vargas,SKILL_025_20260216_123452,226.29,2463.33,TRUE,SKILL_025,Pack on a paper bag
2026-02-16T11:00:09Z,04,e_cabezas,SKILL_040_20260216_110009,518.43,4091.53,FALSE,SKILL_040,Fasten a belt
2026-02-16T10:43:51Z,05,l_aguilera,SKILL_004_20260216_104351,60.83,457.64,FALSE,SKILL_004,Set Screwdriver package
2026-02-16T13:54:32Z,05,l_aguilera,SKILL_004_20260216_135431,70.70,485.88,FALSE,SKILL_004,Set Screwdriver package
2026-02-16T13:56:14Z,05,l_aguilera,SKILL_004_20260216_135614,62.50,427.68,FALSE,SKILL_004,Set Screwdriver package
2026-02-16T13:57:29Z,05,l_aguilera,SKILL_004_20260216_135729,63.77,416.75,FALSE,SKILL_004,Set Screwdriver package
2026-02-16T13:58:51Z,05,l_aguilera,SKILL_004_20260216_135851,67.15,452.90,FALSE,SKILL_004,Set Screwdriver package
2026-02-16T12:19:59Z,05,l_aguilera,SKILL_007_20260216_121959,462.77,3538.88,FALSE,SKILL_007,Separate tongue depressors by color
2026-02-16T09:05:43Z,05,l_aguilera,SKILL_012_20260216_090543,313.42,3222.47,FALSE,SKILL_012,Put pasta in jars
2026-02-16T09:11:36Z,05,l_aguilera,SKILL_012_20260216_091136,69.76,569.04,FALSE,SKILL_012,Put pasta in jars
2026-02-16T09:14:49Z,05,l_aguilera,SKILL_012_20260216_091447,118.15,919.56,FALSE,SKILL_012,Put pasta in jars
2026-02-16T10:45:28Z,05,l_aguilera,SKILL_004_20260216_104527,88.20,532.97,FALSE,SKILL_004,Set Screwdriver package
2026-02-16T12:05:35Z,05,l_aguilera,SKILL_012_20260216_120533,269.32,1986.87,FALSE,SKILL_012,Put pasta in jars
2026-02-16T12:10:38Z,05,l_aguilera,SKILL_012_20260216_121038,265.11,1947.56,FALSE,SKILL_012,Put pasta in jars
2026-02-16T08:26:37Z,04,e_cabezas,SKILL_003_20260216_082637,529.63,5555.68,FALSE,SKILL_003,Organize screwdriver bits
2026-02-16T13:16:26Z,03,c_becerra,SKILL_032_20260216_131626,169.84,1628.21,TRUE,SKILL_032,Pack up Clothes in a paper bag
2026-02-16T15:16:32Z,03,l_aguilera,SKILL_029_20260216_151632,203.02,2361.02,TRUE,SKILL_029,Button a shirt
2026-02-16T09:53:41Z,05,l_aguilera,SKILL_013_20260216_095340,333.56,2829.53,FALSE,SKILL_013,Set up a hand lamp
2026-02-16T14:41:42Z,05,l_aguilera,SKILL_013_20260216_144141,238.88,1627.72,FALSE,SKILL_013,Set up a hand lamp
2026-02-16T09:29:44Z,05,l_aguilera,SKILL_014_20260216_092943,137.38,976.15,FALSE,SKILL_014,Fasten nuts onto bolts
2026-02-16T13:08:35Z,04,e_cabezas,SKILL_001_20260216_130835,581.37,5032.26,FALSE,SKILL_001,Organize beads per color
2026-02-16T12:31:06Z,05,l_aguilera,SKILL_014_20260216_123105,243.03,1659.58,FALSE,SKILL_014,Fasten nuts onto bolts
2026-02-16T14:22:25Z,05,l_aguilera,SKILL_014_20260216_142224,69.43,510.67,FALSE,SKILL_014,Fasten nuts onto bolts
2026-02-16T12:35:55Z,05,l_aguilera,SKILL_014_20260216_123555,233.16,1686.51,FALSE,SKILL_014,Fasten nuts onto bolts
2026-02-16T14:24:07Z,05,l_aguilera,SKILL_014_20260216_142407,125.24,538.90,FALSE,SKILL_014,Fasten nuts onto bolts
2026-02-16T14:28:02Z,05,l_aguilera,SKILL_014_20260216_142801,111.49,661.58,FALSE,SKILL_014,Fasten nuts onto bolts
2026-02-16T14:38:11Z,05,l_aguilera,SKILL_014_20260216_143811,63.09,383.76,FALSE,SKILL_014,Fasten nuts onto bolts
2026-02-16T08:05:13Z,05,l_aguilera,SKILL_017_20260216_080512,340.65,3280.27,FALSE,SKILL_017,Put pasta in ziploc bags
2026-02-16T12:38:13Z,04,e_cabezas,SKILL_040_20260216_123813,555.85,4679.67,FALSE,SKILL_040,Fasten a belt
2026-02-16T08:16:41Z,05,l_aguilera,SKILL_017_20260216_081641,151.13,1416.43,FALSE,SKILL_017,Put pasta in ziploc bags
2026-02-16T14:05:19Z,05,l_aguilera,SKILL_017_20260216_140519,298.91,1767.45,FALSE,SKILL_017,Put pasta in ziploc bags
2026-02-16T14:10:48Z,05,l_aguilera,SKILL_017_20260216_141048,302.14,1903.87,FALSE,SKILL_017,Put pasta in ziploc bags
2026-02-16T14:16:20Z,05,l_aguilera,SKILL_017_20260216_141620,195.42,979.81,FALSE,SKILL_017,Put pasta in ziploc bags
2026-02-16T07:16:17Z,05,l_aguilera,SKILL_003_20260216_071617,184.42,2128.83,FALSE,SKILL_003,Organize screwdriver bits
2026-02-16T08:25:30Z,05,l_aguilera,SKILL_021_20260216_082530,111.71,1105.63,FALSE,SKILL_021,Build Up Box (Mailer)
2026-02-16T08:22:05Z,05,l_aguilera,SKILL_021_20260216_082205,158.38,1518.75,FALSE,SKILL_021,Build Up Box (Mailer)
2026-02-16T08:28:11Z,05,l_aguilera,SKILL_021_20260216_082811,138.30,1339.70,FALSE,SKILL_021,Build Up Box (Mailer)
2026-02-16T10:16:48Z,05,l_aguilera,SKILL_028_20260216_101647,177.85,1393.44,FALSE,SKILL_028,Fold a T Shirt
2026-02-16T10:21:17Z,05,l_aguilera,SKILL_028_20260216_102117,95.96,929.45,FALSE,SKILL_028,Fold a T Shirt
2026-02-16T10:23:35Z,05,l_aguilera,SKILL_028_20260216_102335,85.42,835.01,FALSE,SKILL_028,Fold a T Shirt
2026-02-16T10:25:23Z,05,l_aguilera,SKILL_028_20260216_102523,84.93,796.70,FALSE,SKILL_028,Fold a T Shirt
2026-02-16T10:27:10Z,05,l_aguilera,SKILL_028_20260216_102710,90.41,722.35,FALSE,SKILL_028,Fold a T Shirt
2026-02-16T08:54:31Z,04,e_cabezas,SKILL_029_20260216_085431,348.89,3562.28,FALSE,SKILL_029,Button a shirt
2026-02-16T13:31:13Z,05,l_aguilera,SKILL_028_20260216_133112,129.82,834.40,FALSE,SKILL_028,Fold a T Shirt
2026-02-16T08:32:37Z,05,l_aguilera,SKILL_034_20260216_083237,256.83,2500.10,FALSE,SKILL_034,Tie Shoelaces
2026-02-16T12:16:01Z,05,l_aguilera,SKILL_012_20260216_121601,127.42,919.29,FALSE,SKILL_012,Put pasta in jars
2026-02-16T08:31:35Z,05,l_aguilera,SKILL_021_20260216_083135,45.34,454.77,FALSE,SKILL_021,Build Up Box (Mailer)
2026-02-16T13:13:02Z,05,l_aguilera,SKILL_034_20260216_131300,247.71,1824.67,FALSE,SKILL_034,Tie Shoelaces
2026-02-17T08:42:00Z,01,c_becerra,SKILL_001_20260217_084200,783.72,6135.39,FALSE,SKILL_001,Organize beads per color
2026-02-16T13:18:29Z,05,l_aguilera,SKILL_028_20260216_131829,350.52,2651.32,FALSE,SKILL_028,Fold a T Shirt
2026-02-16T07:26:40Z,05,l_aguilera,SKILL_007_20260216_072640,232.98,2984.21,FALSE,SKILL_007,Separate tongue depressors by color
2026-02-17T07:10:37Z,01,c_becerra,SKILL_005_20260217_071037,354.21,2530.42,FALSE,SKILL_005,Insert allen keys in package
2026-02-17T10:34:50Z,01,c_becerra,SKILL_001_20260217_103450,790.35,5970.46,FALSE,SKILL_001,Organize beads per color
2026-02-16T13:40:08Z,03,c_becerra,SKILL_021_20260216_134008,150.35,1353.07,TRUE,SKILL_021,Build Up Box (Mailer)
2026-02-17T13:07:36Z,01,c_becerra,SKILL_005_20260217_130736,467.91,3310.86,FALSE,SKILL_005,Insert allen keys in package
2026-02-17T13:56:55Z,01,c_becerra,SKILL_005_20260217_135655,60.36,335.96,FALSE,SKILL_005,Insert allen keys in package
2026-02-17T14:49:40Z,01,c_becerra,SKILL_005_20260217_144940,422.36,2912.81,FALSE,SKILL_005,Insert allen keys in package
2026-02-17T07:22:59Z,01,c_becerra,SKILL_007_20260217_072259,685.71,5510.82,FALSE,SKILL_007,Separate tongue depressors by color
2026-02-17T09:31:48Z,01,c_becerra,SKILL_007_20260217_093148,614.33,5016.08,FALSE,SKILL_007,Separate tongue depressors by color
2026-02-16T12:42:31Z,03,d_vargas,SKILL_026_20260216_124231,126.27,1144.81,TRUE,SKILL_026,Pack on a cardboard box (Present)
2026-02-16T10:58:10Z,03,d_vargas,SKILL_024_20260216_105810,112.34,1089.08,TRUE,SKILL_024,Put hooks on shower courtain
2026-02-16T12:05:02Z,03,d_vargas,SKILL_028_20260216_120502,304.41,3320.62,TRUE,SKILL_028,Fold a T Shirt
2026-02-16T13:48:46Z,02,n_mora,SKILL_005_20260216_134846,359.59,3489.45,FALSE,SKILL_005,Insert allen keys in package
2026-02-16T07:38:39Z,05,l_aguilera,SKILL_004_20260216_073839,60.61,738.32,FALSE,SKILL_004,Set Screwdriver package
2026-02-16T09:20:17Z,05,l_aguilera,SKILL_012_20260216_092015,226.51,2016.52,FALSE,SKILL_012,Put pasta in jars
2026-02-16T12:43:15Z,05,l_aguilera,SKILL_013_20260216_124314,153.21,1094.50,FALSE,SKILL_013,Set up a hand lamp
2026-02-17T13:46:52Z,01,c_becerra,SKILL_009_20260217_134652,557.42,4350.50,FALSE,SKILL_009,Package Cotton set
2026-02-16T10:39:20Z,04,e_cabezas,SKILL_013_20260216_103920,432.22,3963.22,FALSE,SKILL_013,Set up a hand lamp
2026-02-17T07:16:54Z,01,c_becerra,SKILL_005_20260217_071654,331.88,2315.55,FALSE,SKILL_005,Insert allen keys in package
2026-02-17T09:09:22Z,01,c_becerra,SKILL_005_20260217_090922,479.51,3415.39,FALSE,SKILL_005,Insert allen keys in package
2026-02-16T07:02:01Z,03,c_becerra,SKILL_001_20260216_070201,693.78,6918.24,TRUE,SKILL_001,Organize beads per color
2026-02-16T14:32:50Z,05,l_aguilera,SKILL_014_20260216_143249,256.72,1808.38,FALSE,SKILL_014,Fasten nuts onto bolts
2026-02-16T08:11:26Z,05,l_aguilera,SKILL_017_20260216_081126,280.40,2644.91,FALSE,SKILL_017,Put pasta in ziploc bags
2026-02-16T12:53:41Z,02,n_mora,SKILL_005_20260216_125341,400.24,3365.58,FALSE,SKILL_005,Insert allen keys in package
2026-02-16T12:18:47Z,05,l_aguilera,SKILL_012_20260216_121847,28.96,211.40,FALSE,SKILL_012,Put pasta in jars
2026-02-17T12:44:46Z,01,c_becerra,SKILL_009_20260217_124446,616.53,4803.10,FALSE,SKILL_009,Package Cotton set
2026-02-17T11:05:57Z,01,c_becerra,SKILL_005_20260217_110557,460.09,3348.13,FALSE,SKILL_005,Insert allen keys in package
2026-02-17T09:59:07Z,01,c_becerra,SKILL_009_20260217_095907,104.22,733.60,FALSE,SKILL_009,Package Cotton set
2026-02-16T08:50:20Z,05,l_aguilera,SKILL_034_20260216_085019,204.88,1831.13,FALSE,SKILL_034,Tie Shoelaces
2026-02-17T07:45:34Z,01,c_becerra,SKILL_009_20260217_074534,729.44,5890.94,FALSE,SKILL_009,Package Cotton set
2026-02-17T14:06:10Z,01,c_becerra,SKILL_007_20260217_140610,497.23,3921.98,FALSE,SKILL_007,Separate tongue depressors by color
2026-02-17T09:50:12Z,01,c_becerra,SKILL_009_20260217_095012,515.63,3920.34,FALSE,SKILL_009,Package Cotton set
2026-02-17T12:30:02Z,01,c_becerra,SKILL_007_20260217_123002,717.65,5819.99,FALSE,SKILL_007,Separate tongue depressors by color
2026-02-16T08:54:32Z,05,l_aguilera,SKILL_034_20260216_085432,249.80,2219.19,FALSE,SKILL_034,Tie Shoelaces
2026-02-16T07:47:55Z,05,l_aguilera,SKILL_001_20260216_074755,130.01,1521.72,FALSE,SKILL_001,Organize beads per color
2026-02-17T08:31:59Z,01,c_becerra,SKILL_017_20260217_083159,528.19,4428.45,FALSE,SKILL_017,Put pasta in ziploc bags
2026-02-17T07:58:19Z,01,c_becerra,SKILL_019_20260217_075819,136.92,1155.78,FALSE,SKILL_019,Put pasta in plastic containers
2026-02-17T10:52:42Z,01,c_becerra,SKILL_021_20260217_105242,147.55,1020.58,FALSE,SKILL_021,Build Up Box (Mailer)
2026-02-17T09:43:45Z,01,c_becerra,SKILL_010_20260217_094345,308.88,2454.30,FALSE,SKILL_010,Package earphones
2026-02-17T10:24:01Z,01,c_becerra,SKILL_018_20260217_102401,464.13,3621.75,FALSE,SKILL_018,Close bags with twist ties
2026-02-17T10:58:51Z,01,c_becerra,SKILL_021_20260217_105851,92.31,628.30,FALSE,SKILL_021,Build Up Box (Mailer)
2026-02-17T08:22:40Z,01,c_becerra,SKILL_018_20260217_082240,466.92,3623.24,FALSE,SKILL_018,Close bags with twist ties
2026-02-17T13:37:34Z,01,c_becerra,SKILL_019_20260217_133734,391.33,3190.38,FALSE,SKILL_019,Put pasta in plastic containers
2026-02-17T13:17:19Z,01,c_becerra,SKILL_018_20260217_131719,423.33,3301.34,FALSE,SKILL_018,Close bags with twist ties
2026-02-17T13:33:14Z,01,c_becerra,SKILL_019_20260217_133313,5.98,48.02,FALSE,SKILL_019,Put pasta in plastic containers
2026-02-17T08:57:29Z,01,c_becerra,SKILL_021_20260217_085729,213.09,1451.51,FALSE,SKILL_021,Build Up Box (Mailer)
2026-02-17T09:19:13Z,01,c_becerra,SKILL_019_20260217_091913,320.14,2633.52,FALSE,SKILL_019,Put pasta in plastic containers
2026-02-17T10:58:10Z,01,c_becerra,SKILL_021_20260217_105810,36.44,171.42,FALSE,SKILL_021,Build Up Box (Mailer)
2026-02-17T13:26:54Z,01,c_becerra,SKILL_019_20260217_132654,18.21,161.49,FALSE,SKILL_019,Put pasta in plastic containers
2026-02-17T09:05:18Z,01,c_becerra,SKILL_021_20260217_090518,137.48,957.06,FALSE,SKILL_021,Build Up Box (Mailer)
2026-02-17T10:56:24Z,01,c_becerra,SKILL_021_20260217_105624,55.05,416.71,FALSE,SKILL_021,Build Up Box (Mailer)
2026-02-17T14:26:44Z,01,c_becerra,SKILL_021_20260217_142644,169.48,1145.19,FALSE,SKILL_021,Build Up Box (Mailer)
2026-02-17T10:14:06Z,01,c_becerra,SKILL_034_20260217_101406,411.22,3422.30,FALSE,SKILL_034,Tie Shoelaces
2026-02-17T07:14:16Z,02,n_mora,SKILL_001_20260217_071415,689.37,4767.27,FALSE,SKILL_001,Organize beads per color
2026-02-17T09:48:54Z,02,n_mora,SKILL_001_20260217_094854,108.47,836.31,FALSE,SKILL_001,Organize beads per color
2026-02-17T14:16:43Z,01,c_becerra,SKILL_034_20260217_141643,473.82,3868.92,FALSE,SKILL_034,Tie Shoelaces
2026-02-17T08:13:13Z,01,c_becerra,SKILL_029_20260217_081313,444.93,3812.71,FALSE,SKILL_029,Button a shirt
2026-02-17T07:35:56Z,01,c_becerra,SKILL_034_20260217_073556,488.18,4057.00,FALSE,SKILL_034,Tie Shoelaces
2026-02-17T11:23:24Z,01,c_becerra,SKILL_034_20260217_112323,364.67,2736.65,FALSE,SKILL_034,Tie Shoelaces
2026-02-17T09:51:11Z,02,n_mora,SKILL_001_20260217_095111,25.15,176.40,FALSE,SKILL_001,Organize beads per color
2026-02-17T09:51:40Z,02,n_mora,SKILL_001_20260217_095140,497.08,3567.90,FALSE,SKILL_001,Organize beads per color
2026-02-17T07:26:36Z,02,n_mora,SKILL_001_20260217_072636,539.96,3686.79,FALSE,SKILL_001,Organize beads per color
2026-02-17T09:26:35Z,01,c_becerra,SKILL_023_20260217_092635,207.04,1627.67,FALSE,SKILL_023,Built up box (Present)
2026-02-17T14:38:24Z,01,c_becerra,SKILL_023_20260217_143824,142.46,1005.17,FALSE,SKILL_023,Built up box (Present)
2026-02-17T10:05:38Z,01,c_becerra,SKILL_029_20260217_100538,394.95,3282.14,FALSE,SKILL_029,Button a shirt
2026-02-17T12:20:58Z,01,c_becerra,SKILL_029_20260217_122057,444.72,3770.54,FALSE,SKILL_029,Button a shirt
2026-02-17T12:18:24Z,01,c_becerra,SKILL_029_20260217_121824,30.92,206.57,FALSE,SKILL_029,Button a shirt
2026-02-17T11:15:16Z,01,c_becerra,SKILL_034_20260217_111516,458.38,3826.82,FALSE,SKILL_034,Tie Shoelaces
2026-02-17T14:32:20Z,01,c_becerra,SKILL_032_20260217_143220,225.58,1616.84,FALSE,SKILL_032,Pack up Clothes in a paper bag
2026-02-17T14:41:49Z,01,c_becerra,SKILL_023_20260217_144149,130.13,938.81,FALSE,SKILL_023,Built up box (Present)
2026-02-17T08:37:06Z,02,n_mora,SKILL_009_20260217_083706,284.28,2255.80,FALSE,SKILL_009,Package Cotton set
2026-02-17T14:45:19Z,01,c_becerra,SKILL_023_20260217_144519,141.96,1026.61,FALSE,SKILL_023,Built up box (Present)
2026-02-17T09:28:58Z,02,n_mora,SKILL_005_20260217_092858,359.02,2651.29,FALSE,SKILL_005,Insert allen keys in package
2026-02-17T09:41:06Z,02,n_mora,SKILL_005_20260217_094106,318.61,2207.71,FALSE,SKILL_005,Insert allen keys in package
2026-02-17T08:10:02Z,02,n_mora,SKILL_007_20260217_081002,468.72,3367.96,FALSE,SKILL_007,Separate tongue depressors by color
2026-02-17T10:46:34Z,02,n_mora,SKILL_009_20260217_104634,286.36,2103.09,FALSE,SKILL_009,Package Cotton set
2026-02-17T14:52:02Z,02,e_cabezas,SKILL_007_20260217_145202,327.63,2387.39,FALSE,SKILL_007,Separate tongue depressors by color
2026-02-17T13:17:47Z,02,n_mora,SKILL_009_20260217_131747,280.06,2192.96,FALSE,SKILL_009,Package Cotton set
2026-02-17T13:12:55Z,02,n_mora,SKILL_009_20260217_131255,225.54,1752.48,FALSE,SKILL_009,Package Cotton set
2026-02-17T07:54:27Z,02,n_mora,SKILL_010_20260217_075427,277.40,2069.76,FALSE,SKILL_010,Package earphones
2026-02-17T11:21:32Z,02,n_mora,SKILL_010_20260217_112132,271.35,2066.38,FALSE,SKILL_010,Package earphones
2026-02-17T07:41:01Z,02,n_mora,SKILL_005_20260217_074101,153.14,1002.88,FALSE,SKILL_005,Insert allen keys in package
2026-02-17T14:05:40Z,02,e_cabezas,SKILL_010_20260217_140540,389.93,2783.48,FALSE,SKILL_010,Package earphones
2026-02-17T13:24:06Z,02,n_mora,SKILL_010_20260217_132406,303.29,2135.25,FALSE,SKILL_010,Package earphones
2026-02-17T11:05:38Z,02,n_mora,SKILL_018_20260217_110538,367.07,2755.85,FALSE,SKILL_018,Close bags with twist ties
2026-02-17T10:06:25Z,02,n_mora,SKILL_001_20260217_100625,550.34,3648.20,FALSE,SKILL_001,Organize beads per color
2026-02-17T08:44:21Z,02,n_mora,SKILL_017_20260217_084421,212.64,1681.93,FALSE,SKILL_017,Put pasta in ziploc bags
2026-02-17T10:28:04Z,02,n_mora,SKILL_019_20260217_102804,329.29,2488.73,FALSE,SKILL_019,Put pasta in plastic containers
2026-02-17T10:35:00Z,02,n_mora,SKILL_019_20260217_103500,289.08,2080.94,FALSE,SKILL_019,Put pasta in plastic containers
2026-02-17T07:49:15Z,02,n_mora,SKILL_010_20260217_074915,268.86,1974.84,FALSE,SKILL_010,Package earphones
2026-02-17T12:21:46Z,02,n_mora,SKILL_005_20260217_122146,314.11,2176.90,FALSE,SKILL_005,Insert allen keys in package
2026-02-17T13:09:38Z,02,n_mora,SKILL_009_20260217_130938,100.16,827.61,FALSE,SKILL_009,Package Cotton set
2026-02-17T07:36:52Z,02,n_mora,SKILL_005_20260217_073652,210.09,1461.68,FALSE,SKILL_005,Insert allen keys in package
2026-02-17T10:16:59Z,02,n_mora,SKILL_007_20260217_101659,529.73,3955.21,FALSE,SKILL_007,Separate tongue depressors by color
2026-02-17T10:53:10Z,02,n_mora,SKILL_009_20260217_105310,310.15,2402.60,FALSE,SKILL_009,Package Cotton set
2026-02-17T12:48:07Z,02,n_mora,SKILL_005_20260217_124807,264.53,1920.30,FALSE,SKILL_005,Insert allen keys in package
2026-02-17T09:36:10Z,02,n_mora,SKILL_005_20260217_093610,252.63,1821.19,FALSE,SKILL_005,Insert allen keys in package
2026-02-17T07:59:51Z,02,n_mora,SKILL_007_20260217_075951,515.78,3655.79,FALSE,SKILL_007,Separate tongue depressors by color
2026-02-17T08:19:14Z,02,n_mora,SKILL_019_20260217_081914,278.46,2164.31,FALSE,SKILL_019,Put pasta in plastic containers
2026-02-17T14:33:43Z,02,e_cabezas,SKILL_009_20260217_143343,570.95,4855.55,FALSE,SKILL_009,Package Cotton set
2026-02-17T13:30:16Z,02,n_mora,SKILL_007_20260217_133016,490.58,3694.36,FALSE,SKILL_007,Separate tongue depressors by color
2026-02-17T08:24:48Z,02,n_mora,SKILL_019_20260217_082448,311.34,2387.90,FALSE,SKILL_019,Put pasta in plastic containers
2026-02-17T08:32:18Z,02,n_mora,SKILL_009_20260217_083218,234.46,1774.86,FALSE,SKILL_009,Package Cotton set
2026-02-17T12:35:36Z,02,n_mora,SKILL_005_20260217_123536,281.36,1849.97,FALSE,SKILL_005,Insert allen keys in package
2026-02-17T07:44:12Z,02,n_mora,SKILL_005_20260217_074412,221.72,1567.38,FALSE,SKILL_005,Insert allen keys in package
2026-02-17T11:15:40Z,02,n_mora,SKILL_010_20260217_111540,271.48,1966.74,FALSE,SKILL_010,Package earphones
2026-02-17T12:42:47Z,02,n_mora,SKILL_005_20260217_124247,270.30,1827.65,FALSE,SKILL_005,Insert allen keys in package
2026-02-17T12:29:53Z,02,n_mora,SKILL_005_20260217_122953,233.98,1510.17,FALSE,SKILL_005,Insert allen keys in package
2026-02-17T13:00:22Z,02,n_mora,SKILL_019_20260217_130022,195.23,1563.57,FALSE,SKILL_019,Put pasta in plastic containers
2026-02-17T08:50:31Z,02,n_mora,SKILL_030_20260217_085031,138.85,1078.27,FALSE,SKILL_030,Fold a shirt
2026-02-17T15:17:57Z,03,d_vargas,SKILL_003_20260217_151757,124.03,1269.47,FALSE,SKILL_003,Organize screwdriver bits
2026-02-17T09:14:31Z,02,n_mora,SKILL_034_20260217_091431,774.08,6281.98,FALSE,SKILL_034,Tie Shoelaces
2026-02-17T15:22:24Z,03,d_vargas,SKILL_007_20260217_152224,457.41,4925.94,FALSE,SKILL_007,Separate tongue depressors by color
2026-02-17T10:25:33Z,03,e_cabezas,SKILL_009_20260217_102533,591.32,5761.45,FALSE,SKILL_009,Package Cotton set
2026-02-17T10:40:26Z,02,n_mora,SKILL_019_20260217_104026,218.42,1694.54,FALSE,SKILL_019,Put pasta in plastic containers
2026-02-17T13:40:29Z,02,n_mora,SKILL_029_20260217_134029,152.20,1043.60,FALSE,SKILL_029,Button a shirt
2026-02-17T08:53:32Z,02,n_mora,SKILL_029_20260217_085332,204.36,1425.38,FALSE,SKILL_029,Button a shirt
2026-02-17T15:08:09Z,03,d_vargas,SKILL_003_20260217_150809,504.42,4913.36,FALSE,SKILL_003,Organize screwdriver bits
2026-02-17T15:48:13Z,03,d_vargas,SKILL_010_20260217_154813,112.44,1040.98,FALSE,SKILL_010,Package earphones
2026-02-17T12:50:14Z,03,e_cabezas,SKILL_007_20260217_125014,430.30,3564.82,FALSE,SKILL_007,Separate tongue depressors by color
2026-02-17T09:05:56Z,02,n_mora,SKILL_023_20260217_090556,130.10,1017.29,FALSE,SKILL_023,Built up box (Present)
2026-02-17T09:09:22Z,02,n_mora,SKILL_023_20260217_090922,133.95,1064.40,FALSE,SKILL_023,Built up box (Present)
2026-02-17T14:14:02Z,02,e_cabezas,SKILL_023_20260217_141402,361.45,2585.65,FALSE,SKILL_023,Built up box (Present)
2026-02-17T14:21:19Z,02,e_cabezas,SKILL_023_20260217_142119,646.50,4698.59,FALSE,SKILL_023,Built up box (Present)
2026-02-17T12:55:42Z,02,n_mora,SKILL_019_20260217_125542,190.68,1478.78,FALSE,SKILL_019,Put pasta in plastic containers
2026-02-17T14:22:48Z,03,l_aguilera,SKILL_003_20260217_142248,467.65,4500.79,FALSE,SKILL_003,Organize screwdriver bits
2026-02-17T13:21:01Z,03,l_aguilera,SKILL_007_20260217_132101,476.31,4504.61,FALSE,SKILL_007,Separate tongue depressors by color
2026-02-17T13:47:01Z,02,e_cabezas,SKILL_029_20260217_134701,535.24,4286.06,FALSE,SKILL_029,Button a shirt
2026-02-17T10:36:26Z,03,e_cabezas,SKILL_007_20260217_103626,383.72,3303.64,FALSE,SKILL_007,Separate tongue depressors by color
2026-02-17T13:14:24Z,03,l_aguilera,SKILL_009_20260217_131424,198.54,1622.82,FALSE,SKILL_009,Package Cotton set
2026-02-17T13:07:11Z,03,l_aguilera,SKILL_009_20260217_130711,409.09,3392.45,FALSE,SKILL_009,Package Cotton set
2026-02-17T11:14:54Z,03,l_aguilera,SKILL_009_20260217_111454,322.74,2614.20,FALSE,SKILL_009,Package Cotton set
2026-02-17T11:07:43Z,03,l_aguilera,SKILL_009_20260217_110743,382.21,3361.10,FALSE,SKILL_009,Package Cotton set
2026-02-17T13:17:59Z,03,l_aguilera,SKILL_009_20260217_131759,161.77,1490.82,FALSE,SKILL_009,Package Cotton set
2026-02-17T15:31:42Z,03,d_vargas,SKILL_009_20260217_153142,506.31,4665.20,FALSE,SKILL_009,Package Cotton set
2026-02-17T10:54:00Z,03,e_cabezas,SKILL_014_20260217_105400,473.42,4445.91,FALSE,SKILL_014,Fasten nuts onto bolts
2026-02-17T12:16:45Z,03,e_cabezas,SKILL_014_20260217_121645,643.40,6242.36,FALSE,SKILL_014,Fasten nuts onto bolts
2026-02-17T12:38:24Z,03,e_cabezas,SKILL_014_20260217_123824,568.11,5505.99,FALSE,SKILL_014,Fasten nuts onto bolts
2026-02-17T13:29:56Z,03,l_aguilera,SKILL_014_20260217_132956,441.04,4274.79,FALSE,SKILL_014,Fasten nuts onto bolts
2026-02-17T14:41:10Z,03,l_aguilera,SKILL_014_20260217_144110,536.40,5348.67,FALSE,SKILL_014,Fasten nuts onto bolts
2026-02-17T16:07:46Z,03,d_vargas,SKILL_015_20260217_160745,352.06,3558.20,TRUE,SKILL_015,Thread a needle
2026-02-17T15:56:23Z,03,d_vargas,SKILL_014_20260217_155623,164.37,1664.76,FALSE,SKILL_014,Fasten nuts onto bolts
2026-02-17T16:31:36Z,03,d_vargas,SKILL_020_20260217_163136,113.90,1143.00,TRUE,SKILL_020,Open locks with their keys
2026-02-17T14:11:28Z,03,l_aguilera,SKILL_020_20260217_141128,105.36,958.95,FALSE,SKILL_020,Open locks with their keys
2026-02-17T14:13:57Z,03,l_aguilera,SKILL_020_20260217_141357,138.39,1286.29,FALSE,SKILL_020,Open locks with their keys
2026-02-17T14:33:22Z,03,l_aguilera,SKILL_017_20260217_143322,338.11,3205.04,FALSE,SKILL_017,Put pasta in ziploc bags
2026-02-17T07:31:14Z,03,l_aguilera,SKILL_023_20260217_073114,81.90,839.77,FALSE,SKILL_023,Built up box (Present)
2026-02-17T13:53:06Z,03,l_aguilera,SKILL_009_20260217_135306,328.52,2826.16,FALSE,SKILL_009,Package Cotton set
2026-02-17T16:35:01Z,03,d_vargas,SKILL_020_20260217_163501,159.30,1603.59,TRUE,SKILL_020,Open locks with their keys
2026-02-17T09:57:17Z,03,l_aguilera,SKILL_023_20260217_095717,87.87,826.81,FALSE,SKILL_023,Built up box (Present)
2026-02-17T11:22:50Z,03,l_aguilera,SKILL_014_20260217_112250,285.06,2791.28,FALSE,SKILL_014,Fasten nuts onto bolts
2026-02-17T16:20:36Z,03,d_vargas,SKILL_017_20260217_162036,546.43,5905.17,TRUE,SKILL_017,Put pasta in ziploc bags
2026-02-17T16:14:18Z,03,d_vargas,SKILL_015_20260217_161418,318.71,3054.90,TRUE,SKILL_015,Thread a needle
2026-02-17T07:45:33Z,03,l_aguilera,SKILL_024_20260217_074533,195.98,1815.22,TRUE,SKILL_024,Put hooks on shower courtain
2026-02-17T09:40:14Z,03,l_aguilera,SKILL_024_20260217_094014,186.84,1669.18,FALSE,SKILL_024,Put hooks on shower courtain
2026-02-17T15:41:22Z,03,d_vargas,SKILL_010_20260217_154122,386.14,3761.83,FALSE,SKILL_010,Package earphones
2026-02-17T16:52:45Z,03,d_vargas,SKILL_020_20260217_165245,116.54,1188.60,TRUE,SKILL_020,Open locks with their keys
2026-02-17T07:35:32Z,03,l_aguilera,SKILL_023_20260217_073532,94.72,950.21,TRUE,SKILL_023,Built up box (Present)
2026-02-17T07:40:49Z,03,l_aguilera,SKILL_024_20260217_074049,231.19,2258.36,TRUE,SKILL_024,Put hooks on shower courtain
2026-02-17T16:47:35Z,03,d_vargas,SKILL_024_20260217_164735,157.74,1534.88,TRUE,SKILL_024,Put hooks on shower courtain
2026-02-17T07:04:19Z,03,l_aguilera,SKILL_028_20260217_070419,199.45,1955.44,TRUE,SKILL_028,Fold a T Shirt
2026-02-17T07:08:07Z,03,l_aguilera,SKILL_028_20260217_070807,124.57,1310.23,TRUE,SKILL_028,Fold a T Shirt
2026-02-17T09:05:50Z,03,l_aguilera,SKILL_028_20260217_090550,177.79,1764.08,TRUE,SKILL_028,Fold a T Shirt
2026-02-17T16:38:41Z,03,d_vargas,SKILL_020_20260217_163841,96.81,973.05,TRUE,SKILL_020,Open locks with their keys
2026-02-17T09:12:47Z,03,l_aguilera,SKILL_028_20260217_091247,182.49,1819.74,TRUE,SKILL_028,Fold a T Shirt
2026-02-17T09:16:34Z,03,l_aguilera,SKILL_028_20260217_091634,157.13,1595.24,TRUE,SKILL_028,Fold a T Shirt
2026-02-17T15:51:10Z,03,d_vargas,SKILL_014_20260217_155110,307.91,3003.26,FALSE,SKILL_014,Fasten nuts onto bolts
2026-02-17T07:16:52Z,03,l_aguilera,SKILL_029_20260217_071652,135.22,1620.78,TRUE,SKILL_029,Button a shirt
2026-02-17T08:07:24Z,03,e_cabezas,SKILL_029_20260217_080724,542.48,6388.08,TRUE,SKILL_029,Button a shirt
2026-02-17T14:07:57Z,03,l_aguilera,SKILL_020_20260217_140757,139.95,1287.48,FALSE,SKILL_020,Open locks with their keys
2026-02-17T14:17:24Z,03,l_aguilera,SKILL_020_20260217_141724,112.01,1028.04,FALSE,SKILL_020,Open locks with their keys
2026-02-17T08:35:13Z,03,e_cabezas,SKILL_029_20260217_083513,319.75,3834.09,TRUE,SKILL_029,Button a shirt
2026-02-17T09:24:35Z,03,l_aguilera,SKILL_029_20260217_092435,221.84,2603.90,TRUE,SKILL_029,Button a shirt
2026-02-17T10:15:01Z,03,e_cabezas,SKILL_029_20260217_101501,499.89,5368.84,FALSE,SKILL_029,Button a shirt
2026-02-17T10:44:39Z,03,e_cabezas,SKILL_029_20260217_104439,299.59,3019.60,FALSE,SKILL_029,Button a shirt
2026-02-17T12:30:10Z,03,e_cabezas,SKILL_029_20260217_123010,449.51,4528.42,FALSE,SKILL_029,Button a shirt
2026-02-17T10:08:53Z,03,e_cabezas,SKILL_023_20260217_100853,288.41,2443.81,FALSE,SKILL_023,Built up box (Present)
2026-02-17T09:09:22Z,03,l_aguilera,SKILL_028_20260217_090922,164.71,1618.46,TRUE,SKILL_028,Fold a T Shirt
2026-02-17T07:52:23Z,03,l_aguilera,SKILL_032_20260217_075223,452.86,4962.86,TRUE,SKILL_032,Pack up Clothes in a paper bag
2026-02-17T07:20:18Z,03,l_aguilera,SKILL_033_20260217_072018,404.51,4085.75,TRUE,SKILL_033,Fold towels
2026-02-17T09:20:16Z,03,l_aguilera,SKILL_029_20260217_092016,215.63,2539.99,TRUE,SKILL_029,Button a shirt
2026-02-17T09:55:14Z,03,l_aguilera,SKILL_023_20260217_095514,96.78,908.40,FALSE,SKILL_023,Built up box (Present)
2026-02-17T09:34:03Z,03,l_aguilera,SKILL_033_20260217_093403,301.61,2779.00,FALSE,SKILL_033,Fold towels
2026-02-17T16:43:17Z,03,d_vargas,SKILL_024_20260217_164317,205.73,1903.32,TRUE,SKILL_024,Put hooks on shower courtain
2026-02-17T13:05:25Z,03,e_cabezas,SKILL_014_20260217_130525,38.85,345.17,FALSE,SKILL_014,Fasten nuts onto bolts
2026-02-17T07:12:33Z,04,e_martinez,SKILL_001_20260217_071233,451.84,3866.35,FALSE,SKILL_001,Organize beads per color
2026-02-17T11:06:56Z,04,e_martinez,SKILL_001_20260217_110656,413.99,3897.28,TRUE,SKILL_001,Organize beads per color
2026-02-17T07:37:39Z,03,l_aguilera,SKILL_023_20260217_073739,94.75,962.91,TRUE,SKILL_023,Built up box (Present)
2026-02-17T10:21:52Z,04,e_martinez,SKILL_003_20260217_102152,426.10,3367.64,FALSE,SKILL_003,Organize screwdriver bits
2026-02-17T10:30:48Z,04,e_martinez,SKILL_003_20260217_103048,412.02,3734.97,TRUE,SKILL_003,Organize screwdriver bits
2026-02-17T07:10:59Z,03,l_aguilera,SKILL_029_20260217_071059,308.24,3689.80,TRUE,SKILL_029,Button a shirt
2026-02-17T11:59:31Z,04,e_martinez,SKILL_003_20260217_115930,179.35,1635.61,TRUE,SKILL_003,Organize screwdriver bits
2026-02-17T13:20:42Z,04,e_martinez,SKILL_003_20260217_132042,478.53,4411.50,TRUE,SKILL_003,Organize screwdriver bits
2026-02-17T08:26:32Z,03,e_cabezas,SKILL_030_20260217_082632,478.48,5144.29,TRUE,SKILL_030,Fold a shirt
2026-02-17T07:33:21Z,03,l_aguilera,SKILL_023_20260217_073321,90.49,911.78,TRUE,SKILL_023,Built up box (Present)
2026-02-17T09:50:43Z,03,l_aguilera,SKILL_023_20260217_095043,103.40,999.58,FALSE,SKILL_023,Built up box (Present)
2026-02-17T09:29:38Z,03,l_aguilera,SKILL_033_20260217_092938,135.84,1176.81,FALSE,SKILL_033,Fold towels
2026-02-17T09:48:07Z,03,l_aguilera,SKILL_024_20260217_094807,82.04,745.24,FALSE,SKILL_024,Put hooks on shower courtain
2026-02-17T08:07:30Z,04,e_martinez,SKILL_013_20260217_080730,337.59,3046.38,FALSE,SKILL_013,Set up a hand lamp
2026-02-17T08:14:09Z,04,e_martinez,SKILL_013_20260217_081409,165.82,1485.65,FALSE,SKILL_013,Set up a hand lamp
2026-02-17T11:21:20Z,04,e_martinez,SKILL_013_20260217_112120,236.17,2462.40,TRUE,SKILL_013,Set up a hand lamp
2026-02-17T08:51:02Z,03,e_cabezas,SKILL_023_20260217_085102,511.04,4676.37,TRUE,SKILL_023,Built up box (Present)
2026-02-17T13:38:29Z,03,l_aguilera,SKILL_014_20260217_133829,93.78,891.52,FALSE,SKILL_014,Fasten nuts onto bolts
2026-02-17T12:26:29Z,04,e_martinez,SKILL_013_20260217_122628,307.26,2888.06,FALSE,SKILL_013,Set up a hand lamp
2026-02-17T14:50:29Z,04,e_martinez,SKILL_013_20260217_145029,131.92,1366.69,TRUE,SKILL_013,Set up a hand lamp
2026-02-17T07:37:06Z,04,e_martinez,SKILL_014_20260217_073706,163.30,1598.73,FALSE,SKILL_014,Fasten nuts onto bolts
2026-02-17T09:44:13Z,03,l_aguilera,SKILL_024_20260217_094413,3.47,29.50,FALSE,SKILL_024,Put hooks on shower courtain
2026-02-17T10:46:23Z,04,e_martinez,SKILL_014_20260217_104623,242.83,2635.45,TRUE,SKILL_014,Fasten nuts onto bolts
2026-02-17T13:32:31Z,04,e_martinez,SKILL_014_20260217_133231,344.81,3651.68,TRUE,SKILL_014,Fasten nuts onto bolts
2026-02-17T09:32:12Z,04,e_martinez,SKILL_017_20260217_093212,232.56,2022.95,TRUE,SKILL_017,Put pasta in ziploc bags
2026-02-17T13:39:58Z,04,e_martinez,SKILL_017_20260217_133958,258.24,2362.71,TRUE,SKILL_017,Put pasta in ziploc bags
2026-02-17T13:42:02Z,03,l_aguilera,SKILL_033_20260217_134202,249.71,2400.80,FALSE,SKILL_033,Fold towels
2026-02-17T08:25:41Z,04,e_martinez,SKILL_024_20260217_082541,211.10,1878.93,FALSE,SKILL_024,Put hooks on shower courtain
2026-02-17T08:41:06Z,04,e_martinez,SKILL_024_20260217_084105,185.66,1700.13,FALSE,SKILL_024,Put hooks on shower courtain
2026-02-17T14:37:56Z,04,e_martinez,SKILL_024_20260217_143756,220.97,2249.00,TRUE,SKILL_024,Put hooks on shower courtain
2026-02-17T09:59:14Z,03,l_aguilera,SKILL_023_20260217_095914,62.80,605.15,FALSE,SKILL_023,Built up box (Present)
2026-02-17T08:47:10Z,04,e_martinez,SKILL_028_20260217_084710,158.44,1204.14,FALSE,SKILL_028,Fold a T Shirt
2026-02-17T13:48:59Z,03,l_aguilera,SKILL_033_20260217_134859,69.11,645.26,FALSE,SKILL_033,Fold towels
2026-02-17T08:53:27Z,04,e_martinez,SKILL_028_20260217_085327,144.06,1063.11,FALSE,SKILL_028,Fold a T Shirt
2026-02-17T12:46:11Z,04,e_martinez,SKILL_030_20260217_124611,156.01,1295.74,TRUE,SKILL_030,Fold a shirt
2026-02-17T12:49:11Z,04,e_martinez,SKILL_030_20260217_124911,144.37,1185.15,TRUE,SKILL_030,Fold a shirt
2026-02-17T10:40:40Z,04,e_martinez,SKILL_014_20260217_104040,296.29,3185.59,TRUE,SKILL_014,Fasten nuts onto bolts
2026-02-17T12:51:57Z,04,e_martinez,SKILL_030_20260217_125157,158.71,1284.55,TRUE,SKILL_030,Fold a shirt
2026-02-17T09:24:08Z,04,e_martinez,SKILL_031_20260217_092407,135.02,1192.30,FALSE,SKILL_031,Fold Pants
2026-02-17T09:28:51Z,04,e_martinez,SKILL_031_20260217_092851,61.53,544.56,FALSE,SKILL_031,Fold Pants
2026-02-17T12:55:06Z,04,e_martinez,SKILL_031_20260217_125506,64.87,583.84,FALSE,SKILL_031,Fold Pants
2026-02-17T14:22:54Z,04,e_martinez,SKILL_012_20260217_142254,359.37,3394.61,TRUE,SKILL_012,Put pasta in jars
2026-02-17T12:57:41Z,04,e_martinez,SKILL_031_20260217_125741,67.02,609.90,FALSE,SKILL_031,Fold Pants
2026-02-17T08:18:47Z,04,e_martinez,SKILL_034_20260217_081847,311.55,2841.91,FALSE,SKILL_034,Tie Shoelaces
2026-02-17T10:52:21Z,04,e_martinez,SKILL_034_20260217_105221,262.57,2748.35,TRUE,SKILL_034,Tie Shoelaces
2026-02-17T10:57:25Z,04,e_martinez,SKILL_034_20260217_105725,183.78,1862.95,TRUE,SKILL_034,Tie Shoelaces
2026-02-17T13:54:52Z,04,e_martinez,SKILL_034_20260217_135452,275.95,2727.37,FALSE,SKILL_034,Tie Shoelaces
2026-02-17T13:14:45Z,04,e_martinez,SKILL_036_20260217_131445,277.01,2655.18,TRUE,SKILL_036,Fold Socks
2026-02-17T13:48:28Z,04,e_martinez,SKILL_036_20260217_134828,231.66,2109.06,FALSE,SKILL_036,Fold Socks
2026-02-17T08:56:56Z,04,e_martinez,SKILL_040_20260217_085656,116.69,769.98,FALSE,SKILL_040,Fasten a belt
2026-02-17T09:13:43Z,04,e_martinez,SKILL_040_20260217_091342,97.62,640.89,FALSE,SKILL_040,Fasten a belt
2026-02-17T09:18:10Z,04,e_martinez,SKILL_040_20260217_091809,97.63,483.22,FALSE,SKILL_040,Fasten a belt
2026-02-17T13:05:12Z,04,e_martinez,SKILL_040_20260217_130512,114.36,849.36,TRUE,SKILL_040,Fasten a belt
2026-02-17T13:08:33Z,04,e_martinez,SKILL_040_20260217_130833,121.41,891.20,TRUE,SKILL_040,Fasten a belt
2026-02-17T07:27:38Z,03,l_aguilera,SKILL_033_20260217_072738,144.17,1423.35,TRUE,SKILL_033,Fold towels
2026-02-17T07:43:42Z,04,e_martinez,SKILL_007_20260217_074342,412.78,3394.20,FALSE,SKILL_007,Separate tongue depressors by color
2026-02-17T07:52:49Z,04,e_martinez,SKILL_012_20260217_075249,363.42,3043.07,FALSE,SKILL_012,Put pasta in jars
2026-02-17T14:14:38Z,04,e_martinez,SKILL_040_20260217_141438,111.32,813.00,TRUE,SKILL_040,Fasten a belt
2026-02-17T08:17:39Z,03,e_cabezas,SKILL_029_20260217_081739,459.04,5305.22,TRUE,SKILL_029,Button a shirt
2026-02-17T08:41:15Z,03,e_cabezas,SKILL_030_20260217_084115,499.06,5270.50,TRUE,SKILL_030,Fold a shirt
2026-02-17T09:53:00Z,03,l_aguilera,SKILL_023_20260217_095300,98.54,934.16,FALSE,SKILL_023,Built up box (Present)
2026-02-17T09:44:26Z,03,l_aguilera,SKILL_024_20260217_094426,169.66,1565.51,FALSE,SKILL_024,Put hooks on shower courtain
2026-02-17T07:31:20Z,05,d_vargas,SKILL_003_20260217_073120,526.64,3313.79,FALSE,SKILL_003,Organize screwdriver bits
2026-02-17T07:47:51Z,05,d_vargas,SKILL_004_20260217_074751,154.86,1082.82,FALSE,SKILL_004,Set Screwdriver package
2026-02-17T07:12:22Z,05,d_vargas,SKILL_007_20260217_071220,474.43,3787.83,FALSE,SKILL_007,Separate tongue depressors by color
2026-02-17T11:44:12Z,05,l_aguilera,SKILL_012_20260217_114410,94.79,561.35,FALSE,SKILL_012,Put pasta in jars
2026-02-17T12:56:22Z,04,e_martinez,SKILL_031_20260217_125622,63.80,588.20,FALSE,SKILL_031,Fold Pants
2026-02-17T08:37:03Z,05,d_vargas,SKILL_013_20260217_083703,91.52,534.96,FALSE,SKILL_013,Set up a hand lamp
2026-02-17T08:54:22Z,05,d_vargas,SKILL_013_20260217_085420,0.96,11.42,FALSE,SKILL_013,Set up a hand lamp
2026-02-17T10:23:03Z,05,d_vargas,SKILL_007_20260217_102302,425.65,3066.08,FALSE,SKILL_007,Separate tongue depressors by color
2026-02-17T08:54:25Z,05,d_vargas,SKILL_013_20260217_085425,300.09,1892.95,FALSE,SKILL_013,Set up a hand lamp
2026-02-17T09:07:30Z,05,d_vargas,SKILL_013_20260217_090730,1.96,11.64,FALSE,SKILL_013,Set up a hand lamp
2026-02-17T08:20:05Z,05,d_vargas,SKILL_017_20260217_082004,554.07,3931.65,FALSE,SKILL_017,Put pasta in ziploc bags
2026-02-17T09:07:37Z,05,d_vargas,SKILL_019_20260217_090737,322.14,2013.20,FALSE,SKILL_019,Put pasta in plastic containers
2026-02-17T09:16:42Z,05,d_vargas,SKILL_019_20260217_091641,272.93,1721.51,FALSE,SKILL_019,Put pasta in plastic containers
2026-02-17T09:27:43Z,05,d_vargas,SKILL_019_20260217_092741,387.53,2312.14,FALSE,SKILL_019,Put pasta in plastic containers
2026-02-17T10:49:31Z,05,d_vargas,SKILL_024_20260217_104929,161.38,997.46,FALSE,SKILL_024,Put hooks on shower courtain
2026-02-17T13:11:49Z,04,e_martinez,SKILL_040_20260217_131149,123.44,760.66,TRUE,SKILL_040,Fasten a belt
2026-02-17T10:57:05Z,05,d_vargas,SKILL_024_20260217_105705,136.54,845.74,FALSE,SKILL_024,Put hooks on shower courtain
2026-02-17T11:06:58Z,05,d_vargas,SKILL_034_20260217_110658,150.14,460.96,FALSE,SKILL_034,Tie Shoelaces
2026-02-17T11:09:56Z,05,d_vargas,SKILL_034_20260217_110956,323.79,1784.57,FALSE,SKILL_034,Tie Shoelaces
2026-02-17T07:20:52Z,04,e_martinez,SKILL_003_20260217_072052,504.44,4103.97,FALSE,SKILL_003,Organize screwdriver bits
2026-02-17T11:30:07Z,05,l_aguilera,SKILL_034_20260217_113005,145.57,948.95,FALSE,SKILL_034,Tie Shoelaces
2026-02-17T08:39:03Z,04,e_martinez,SKILL_024_20260217_083903,5.69,22.26,FALSE,SKILL_024,Put hooks on shower courtain
2026-02-17T12:13:28Z,05,l_aguilera,SKILL_012_20260217_121327,101.74,643.09,FALSE,SKILL_012,Put pasta in jars
2026-02-17T08:31:31Z,05,d_vargas,SKILL_013_20260217_083131,270.10,1834.40,FALSE,SKILL_013,Set up a hand lamp
2026-02-17T14:20:10Z,04,e_martinez,SKILL_040_20260217_142010,101.91,761.92,TRUE,SKILL_040,Fasten a belt
2026-02-18T13:27:50Z,01,d_vargas,SKILL_005_20260218_132750,141.74,1226.63,FALSE,SKILL_005,Insert allen keys in package
2026-02-18T14:52:11Z,01,d_vargas,SKILL_005_20260218_145211,344.79,2926.62,FALSE,SKILL_005,Insert allen keys in package
2026-02-18T09:51:13Z,01,d_vargas,SKILL_007_20260218_095113,512.60,4049.06,FALSE,SKILL_007,Separate tongue depressors by color
2026-02-17T14:43:08Z,04,e_martinez,SKILL_024_20260217_144308,194.83,1971.22,TRUE,SKILL_024,Put hooks on shower courtain
2026-02-18T10:16:12Z,01,d_vargas,SKILL_005_20260218_101612,234.99,1796.89,FALSE,SKILL_005,Insert allen keys in package
2026-02-18T12:43:28Z,01,d_vargas,SKILL_007_20260218_124328,423.39,3709.69,FALSE,SKILL_007,Separate tongue depressors by color
2026-02-17T07:30:57Z,04,e_martinez,SKILL_014_20260217_073057,317.83,3084.75,FALSE,SKILL_014,Fasten nuts onto bolts
2026-02-17T07:41:53Z,05,d_vargas,SKILL_004_20260217_074153,304.30,2173.13,FALSE,SKILL_004,Set Screwdriver package
2026-02-18T10:22:19Z,01,d_vargas,SKILL_009_20260218_102219,464.07,3323.09,FALSE,SKILL_009,Package Cotton set
2026-02-18T13:16:24Z,01,d_vargas,SKILL_009_20260218_131624,42.72,341.33,FALSE,SKILL_009,Package Cotton set
2026-02-18T10:07:51Z,01,d_vargas,SKILL_005_20260218_100751,353.13,2616.74,FALSE,SKILL_005,Insert allen keys in package
2026-02-18T10:14:59Z,01,d_vargas,SKILL_005_20260218_101459,55.92,381.28,FALSE,SKILL_005,Insert allen keys in package
2026-02-18T13:32:05Z,01,d_vargas,SKILL_010_20260218_133205,369.07,2822.37,FALSE,SKILL_010,Package earphones
2026-02-18T10:32:32Z,01,d_vargas,SKILL_010_20260218_103232,490.31,3284.27,FALSE,SKILL_010,Package earphones
2026-02-18T10:41:26Z,01,d_vargas,SKILL_017_20260218_104126,487.54,3488.65,FALSE,SKILL_017,Put pasta in ziploc bags
2026-02-18T13:08:14Z,01,d_vargas,SKILL_009_20260218_130814,413.11,3203.26,FALSE,SKILL_009,Package Cotton set
2026-02-18T11:16:14Z,01,d_vargas,SKILL_018_20260218_111614,236.90,1662.20,FALSE,SKILL_018,Close bags with twist ties
2026-02-18T14:43:54Z,01,d_vargas,SKILL_018_20260218_144354,310.94,2524.37,FALSE,SKILL_018,Close bags with twist ties
2026-02-17T11:15:17Z,04,e_martinez,SKILL_013_20260217_111517,230.31,2338.55,TRUE,SKILL_013,Set up a hand lamp
2026-02-17T11:56:46Z,04,e_martinez,SKILL_003_20260217_115645,8.25,57.63,FALSE,SKILL_003,Organize screwdriver bits
2026-02-18T08:28:26Z,01,d_vargas,SKILL_019_20260218_082825,112.99,987.47,FALSE,SKILL_019,Put pasta in plastic containers
2026-02-17T09:26:48Z,04,e_martinez,SKILL_031_20260217_092648,97.21,838.64,FALSE,SKILL_031,Fold Pants
2026-02-17T14:17:40Z,04,e_martinez,SKILL_040_20260217_141740,104.00,808.57,TRUE,SKILL_040,Fasten a belt
2026-02-17T14:29:58Z,04,e_martinez,SKILL_012_20260217_142958,335.69,3149.25,TRUE,SKILL_012,Put pasta in jars
2026-02-18T10:50:49Z,01,d_vargas,SKILL_019_20260218_105049,245.13,1868.58,FALSE,SKILL_019,Put pasta in plastic containers
2026-02-18T13:56:52Z,01,d_vargas,SKILL_019_20260218_135652,148.45,1315.42,FALSE,SKILL_019,Put pasta in plastic containers
2026-02-17T14:52:03Z,03,l_aguilera,SKILL_009_20260217_145203,266.97,2448.62,FALSE,SKILL_009,Package Cotton set
2026-02-18T14:14:56Z,01,d_vargas,SKILL_019_20260218_141456,265.95,2231.76,FALSE,SKILL_019,Put pasta in plastic containers
2026-02-18T10:55:34Z,01,d_vargas,SKILL_019_20260218_105534,252.02,1924.98,FALSE,SKILL_019,Put pasta in plastic containers
2026-02-18T12:54:50Z,01,d_vargas,SKILL_008_20260218_125450,328.07,2528.32,FALSE,SKILL_008,Separate tongue depressors by type
2026-02-18T13:39:00Z,01,d_vargas,SKILL_010_20260218_133900,86.20,636.66,FALSE,SKILL_010,Package earphones
2026-02-18T08:54:30Z,01,d_vargas,SKILL_023_20260218_085430,167.18,1281.71,FALSE,SKILL_023,Built up box (Present)
2026-02-18T09:42:00Z,01,d_vargas,SKILL_025_20260218_094200,275.73,1705.38,FALSE,SKILL_025,Pack on a paper bag
2026-02-18T09:47:29Z,01,d_vargas,SKILL_025_20260218_094729,157.98,1100.61,FALSE,SKILL_025,Pack on a paper bag
2026-02-18T09:09:10Z,01,d_vargas,SKILL_028_20260218_090910,432.38,3183.94,FALSE,SKILL_028,Fold a T Shirt
2026-02-18T13:52:22Z,01,d_vargas,SKILL_019_20260218_135222,230.69,1984.26,FALSE,SKILL_019,Put pasta in plastic containers
2026-02-18T12:31:36Z,01,d_vargas,SKILL_028_20260218_123136,383.08,3222.98,FALSE,SKILL_028,Fold a T Shirt
2026-02-18T12:38:59Z,01,d_vargas,SKILL_028_20260218_123859,63.56,471.50,FALSE,SKILL_028,Fold a T Shirt
2026-02-18T09:21:07Z,01,d_vargas,SKILL_029_20260218_092107,513.56,3758.25,FALSE,SKILL_029,Button a shirt
2026-02-17T07:21:46Z,05,d_vargas,SKILL_001_20260217_072146,506.39,3488.90,FALSE,SKILL_001,Organize beads per color
2026-02-17T10:32:51Z,05,d_vargas,SKILL_013_20260217_103251,242.53,1314.79,FALSE,SKILL_013,Set up a hand lamp
2026-02-18T12:21:17Z,01,d_vargas,SKILL_029_20260218_122117,355.32,3035.89,FALSE,SKILL_029,Button a shirt
2026-02-17T12:39:36Z,04,e_martinez,SKILL_013_20260217_123936,274.17,2781.01,TRUE,SKILL_013,Set up a hand lamp
2026-02-18T12:09:29Z,01,d_vargas,SKILL_034_20260218_120929,474.65,4224.26,FALSE,SKILL_034,Tie Shoelaces
2026-02-18T13:21:37Z,01,d_vargas,SKILL_005_20260218_132137,308.96,2542.48,FALSE,SKILL_005,Insert allen keys in package
2026-02-18T13:17:26Z,01,d_vargas,SKILL_009_20260218_131726,175.20,1344.43,FALSE,SKILL_009,Package Cotton set
2026-02-18T13:41:59Z,01,d_vargas,SKILL_007_20260218_134159,477.52,4276.97,FALSE,SKILL_007,Separate tongue depressors by color
2026-02-18T07:21:21Z,02,d_vargas,SKILL_005_20260218_072121,311.76,2498.55,FALSE,SKILL_005,Insert allen keys in package
2026-02-18T14:31:06Z,01,d_vargas,SKILL_034_20260218_143106,626.18,5539.12,FALSE,SKILL_034,Tie Shoelaces
2026-02-18T07:27:07Z,02,d_vargas,SKILL_005_20260218_072707,176.94,1394.74,FALSE,SKILL_005,Insert allen keys in package
2026-02-18T07:13:24Z,02,d_vargas,SKILL_007_20260218_071324,406.74,3844.35,FALSE,SKILL_007,Separate tongue depressors by color
2026-02-18T12:23:32Z,02,e_cabezas,SKILL_007_20260218_122332,485.24,3881.06,FALSE,SKILL_007,Separate tongue depressors by color
2026-02-18T08:58:13Z,01,d_vargas,SKILL_023_20260218_085813,83.02,610.18,FALSE,SKILL_023,Built up box (Present)
2026-02-18T08:59:57Z,01,d_vargas,SKILL_023_20260218_085957,24.71,186.24,FALSE,SKILL_023,Built up box (Present)
2026-02-18T14:17:03Z,02,e_cabezas,SKILL_009_20260218_141703,573.39,4313.51,FALSE,SKILL_009,Package Cotton set
2026-02-18T07:41:48Z,02,d_vargas,SKILL_010_20260218_074148,519.11,3894.57,FALSE,SKILL_010,Package earphones
2026-02-18T13:49:00Z,02,e_cabezas,SKILL_011_20260218_134859,604.73,4494.12,FALSE,SKILL_011,Package plastic ice cubes
2026-02-18T07:51:24Z,02,d_vargas,SKILL_017_20260218_075124,503.92,4039.62,FALSE,SKILL_017,Put pasta in ziploc bags
2026-02-18T08:08:33Z,02,d_vargas,SKILL_017_20260218_080833,373.77,2920.33,FALSE,SKILL_017,Put pasta in ziploc bags
2026-02-18T12:34:08Z,02,e_cabezas,SKILL_009_20260218_123408,297.37,2525.43,FALSE,SKILL_009,Package Cotton set
2026-02-18T08:45:22Z,01,d_vargas,SKILL_019_20260218_084522,225.97,1889.25,FALSE,SKILL_019,Put pasta in plastic containers
2026-02-18T07:31:38Z,02,d_vargas,SKILL_009_20260218_073138,521.02,4045.05,FALSE,SKILL_009,Package Cotton set
2026-02-18T12:41:04Z,02,e_cabezas,SKILL_023_20260218_124104,138.36,1081.11,FALSE,SKILL_023,Built up box (Present)
2026-02-18T08:42:00Z,01,d_vargas,SKILL_019_20260218_084200,169.94,1496.88,FALSE,SKILL_019,Put pasta in plastic containers
2026-02-18T08:51:37Z,01,d_vargas,SKILL_023_20260218_085137,127.65,969.99,FALSE,SKILL_023,Built up box (Present)
2026-02-18T09:17:14Z,01,d_vargas,SKILL_028_20260218_091714,152.47,1047.13,FALSE,SKILL_028,Fold a T Shirt
2026-02-18T14:32:59Z,02,e_cabezas,SKILL_029_20260218_143258,274.70,2210.17,FALSE,SKILL_029,Button a shirt
2026-02-18T10:29:11Z,03,c_becerra,SKILL_003_20260218_102911,425.59,3843.30,FALSE,SKILL_003,Organize screwdriver bits
2026-02-17T11:16:17Z,05,d_vargas,SKILL_034_20260217_111617,153.40,684.32,FALSE,SKILL_034,Tie Shoelaces
2026-02-18T11:23:19Z,01,d_vargas,SKILL_034_20260218_112319,34.51,238.53,FALSE,SKILL_034,Tie Shoelaces
2026-02-18T15:30:35Z,03,l_aguilera,SKILL_003_20260218_153035,2.58,22.02,FALSE,SKILL_003,Organize screwdriver bits
2026-02-18T16:32:53Z,03,l_aguilera,SKILL_003_20260218_163253,94.30,865.04,TRUE,SKILL_003,Organize screwdriver bits
2026-02-18T16:41:46Z,03,l_aguilera,SKILL_003_20260218_164146,141.83,1659.13,TRUE,SKILL_003,Organize screwdriver bits
2026-02-18T14:16:22Z,02,e_cabezas,SKILL_009_20260218_141622,1.31,4.94,FALSE,SKILL_009,Package Cotton set
2026-02-18T16:44:17Z,03,l_aguilera,SKILL_003_20260218_164417,319.94,3675.63,TRUE,SKILL_003,Organize screwdriver bits
2026-02-18T08:54:22Z,03,e_cabezas,SKILL_007_20260218_085422,358.36,3164.39,FALSE,SKILL_007,Separate tongue depressors by color
2026-02-18T09:36:24Z,03,c_becerra,SKILL_007_20260218_093624,474.59,4347.36,FALSE,SKILL_007,Separate tongue depressors by color
2026-02-18T15:38:16Z,03,l_aguilera,SKILL_007_20260218_153816,1.38,8.12,FALSE,SKILL_007,Separate tongue depressors by color
2026-02-18T11:10:15Z,01,d_vargas,SKILL_018_20260218_111015,261.81,1847.25,FALSE,SKILL_018,Close bags with twist ties
2026-02-18T12:04:12Z,02,e_cabezas,SKILL_029_20260218_120411,448.81,3883.67,FALSE,SKILL_029,Button a shirt
2026-02-18T15:09:39Z,03,l_aguilera,SKILL_009_20260218_150938,160.10,1386.34,TRUE,SKILL_009,Package Cotton set
2026-02-18T15:12:38Z,03,l_aguilera,SKILL_009_20260218_151238,163.51,1498.15,TRUE,SKILL_009,Package Cotton set
2026-02-18T15:15:53Z,03,l_aguilera,SKILL_009_20260218_151553,159.91,1484.70,TRUE,SKILL_009,Package Cotton set
2026-02-18T07:07:18Z,03,e_cabezas,SKILL_014_20260218_070718,572.84,6216.90,FALSE,SKILL_014,Fasten nuts onto bolts
2026-02-18T08:41:29Z,03,e_cabezas,SKILL_014_20260218_084129,653.19,6311.66,FALSE,SKILL_014,Fasten nuts onto bolts
2026-02-18T09:27:08Z,03,c_becerra,SKILL_014_20260218_092708,494.12,4662.26,FALSE,SKILL_014,Fasten nuts onto bolts
2026-02-17T10:53:15Z,05,d_vargas,SKILL_024_20260217_105315,185.85,1135.39,FALSE,SKILL_024,Put hooks on shower courtain
2026-02-18T16:51:43Z,03,l_aguilera,SKILL_014_20260218_165143,15.24,169.11,FALSE,SKILL_014,Fasten nuts onto bolts
2026-02-18T16:52:54Z,03,l_aguilera,SKILL_014_20260218_165254,114.69,1293.26,TRUE,SKILL_014,Fasten nuts onto bolts
2026-02-18T09:07:05Z,03,c_becerra,SKILL_009_20260218_090705,669.15,6093.31,FALSE,SKILL_009,Package Cotton set
2026-02-18T15:55:07Z,03,l_aguilera,SKILL_015_20260218_155507,2.99,36.84,FALSE,SKILL_015,Thread a needle
2026-02-18T09:33:06Z,01,d_vargas,SKILL_034_20260218_093306,419.27,3262.96,FALSE,SKILL_034,Tie Shoelaces
2026-02-18T07:54:16Z,03,e_cabezas,SKILL_017_20260218_075416,624.43,4696.24,FALSE,SKILL_017,Put pasta in ziploc bags
2026-02-18T12:18:29Z,01,d_vargas,SKILL_034_20260218_121829,93.80,802.02,FALSE,SKILL_034,Tie Shoelaces
2026-02-18T14:39:12Z,02,e_cabezas,SKILL_019_20260218_143912,507.24,4053.55,FALSE,SKILL_019,Put pasta in plastic containers
2026-02-18T10:48:18Z,03,c_becerra,SKILL_017_20260218_104818,367.95,3118.05,FALSE,SKILL_017,Put pasta in ziploc bags
2026-02-18T14:50:51Z,02,e_cabezas,SKILL_034_20260218_145051,515.59,4554.03,FALSE,SKILL_034,Tie Shoelaces
2026-02-18T15:19:03Z,03,l_aguilera,SKILL_003_20260218_151903,413.14,4454.52,TRUE,SKILL_003,Organize screwdriver bits
2026-02-18T15:27:00Z,03,l_aguilera,SKILL_003_20260218_152700,127.70,1380.75,TRUE,SKILL_003,Organize screwdriver bits
2026-02-18T08:31:58Z,03,e_cabezas,SKILL_023_20260218_083158,495.55,4389.36,FALSE,SKILL_023,Built up box (Present)
2026-02-18T09:46:51Z,03,c_becerra,SKILL_024_20260218_094651,557.40,4564.41,FALSE,SKILL_024,Put hooks on shower courtain
2026-02-18T07:18:51Z,03,e_cabezas,SKILL_009_20260218_071851,626.39,6975.59,FALSE,SKILL_009,Package Cotton set
2026-02-18T08:19:32Z,03,e_cabezas,SKILL_017_20260218_081931,610.44,5588.51,FALSE,SKILL_017,Put pasta in ziploc bags
2026-02-18T10:20:28Z,03,c_becerra,SKILL_029_20260218_102028,366.74,3875.19,FALSE,SKILL_029,Button a shirt
2026-02-18T15:55:31Z,03,l_aguilera,SKILL_029_20260218_155531,85.32,1056.29,FALSE,SKILL_029,Button a shirt
2026-02-18T09:19:09Z,03,c_becerra,SKILL_003_20260218_091909,438.28,3894.73,FALSE,SKILL_003,Organize screwdriver bits
2026-02-18T15:58:41Z,03,l_aguilera,SKILL_029_20260218_155841,2.51,14.80,FALSE,SKILL_029,Button a shirt
2026-02-18T15:57:27Z,03,l_aguilera,SKILL_029_20260218_155727,63.24,777.91,FALSE,SKILL_029,Button a shirt
2026-02-18T16:09:35Z,03,l_aguilera,SKILL_029_20260218_160935,58.88,747.96,FALSE,SKILL_029,Button a shirt
2026-02-18T10:14:40Z,03,c_becerra,SKILL_032_20260218_101440,226.14,1958.72,FALSE,SKILL_032,Pack up Clothes in a paper bag
2026-02-18T09:09:27Z,04,e_martinez,SKILL_001_20260218_090927,500.35,4777.21,TRUE,SKILL_001,Organize beads per color
2026-02-18T07:30:58Z,04,l_aguilera,SKILL_003_20260218_073058,421.60,4497.58,TRUE,SKILL_003,Organize screwdriver bits
2026-02-18T11:08:15Z,04,l_aguilera,SKILL_003_20260218_110815,436.46,3905.00,FALSE,SKILL_003,Organize screwdriver bits
2026-02-18T11:16:25Z,04,l_aguilera,SKILL_003_20260218_111625,148.51,1290.98,FALSE,SKILL_003,Organize screwdriver bits
2026-02-18T10:00:39Z,03,c_becerra,SKILL_023_20260218_100039,74.51,654.07,FALSE,SKILL_023,Built up box (Present)
2026-02-18T13:06:04Z,04,l_aguilera,SKILL_003_20260218_130604,490.10,4321.85,FALSE,SKILL_003,Organize screwdriver bits
2026-02-18T14:05:52Z,02,e_cabezas,SKILL_005_20260218_140552,559.22,4382.95,FALSE,SKILL_005,Insert allen keys in package
2026-02-18T15:30:53Z,03,l_aguilera,SKILL_007_20260218_153053,441.47,4805.00,TRUE,SKILL_007,Separate tongue depressors by color
2026-02-18T16:25:49Z,03,l_aguilera,SKILL_014_20260218_162549,193.87,2127.80,TRUE,SKILL_014,Fasten nuts onto bolts
2026-02-18T07:21:30Z,04,l_aguilera,SKILL_004_20260218_072130,131.50,1469.48,TRUE,SKILL_004,Set Screwdriver package
2026-02-18T07:24:00Z,04,l_aguilera,SKILL_004_20260218_072400,170.90,1902.91,TRUE,SKILL_004,Set Screwdriver package
2026-02-18T07:27:26Z,04,l_aguilera,SKILL_004_20260218_072726,159.81,1837.23,TRUE,SKILL_004,Set Screwdriver package
2026-02-17T08:50:34Z,04,e_martinez,SKILL_028_20260217_085034,138.08,1007.43,FALSE,SKILL_028,Fold a T Shirt
2026-02-18T12:27:47Z,01,d_vargas,SKILL_029_20260218_122747,147.45,1299.89,FALSE,SKILL_029,Button a shirt
2026-02-18T08:07:37Z,04,l_aguilera,SKILL_007_20260218_080737,481.85,5241.14,TRUE,SKILL_007,Separate tongue depressors by color
2026-02-18T08:16:36Z,04,l_aguilera,SKILL_007_20260218_081636,189.15,2066.56,TRUE,SKILL_007,Separate tongue depressors by color
2026-02-18T12:03:17Z,04,l_aguilera,SKILL_009_20260218_120317,143.52,1221.71,FALSE,SKILL_009,Package Cotton set
2026-02-18T12:06:29Z,04,l_aguilera,SKILL_009_20260218_120629,161.52,1366.62,FALSE,SKILL_009,Package Cotton set
2026-02-18T10:05:07Z,03,c_becerra,SKILL_028_20260218_100507,297.56,2654.14,FALSE,SKILL_028,Fold a T Shirt
2026-02-18T12:12:30Z,04,l_aguilera,SKILL_009_20260218_121230,112.00,939.63,FALSE,SKILL_009,Package Cotton set
2026-02-18T07:50:22Z,04,l_aguilera,SKILL_012_20260218_075022,328.27,3545.03,TRUE,SKILL_012,Put pasta in jars
2026-02-18T07:56:47Z,04,l_aguilera,SKILL_012_20260218_075647,140.40,1522.32,TRUE,SKILL_012,Put pasta in jars
2026-02-18T08:16:24Z,02,d_vargas,SKILL_017_20260218_081624,141.16,1080.71,FALSE,SKILL_017,Put pasta in ziploc bags
2026-02-18T12:40:37Z,04,l_aguilera,SKILL_012_20260218_124037,205.70,1808.84,FALSE,SKILL_012,Put pasta in jars
2026-02-18T14:07:36Z,01,d_vargas,SKILL_019_20260218_140736,392.25,3323.69,FALSE,SKILL_019,Put pasta in plastic containers
2026-02-18T13:44:09Z,04,e_martinez,SKILL_012_20260218_134409,328.86,2751.03,FALSE,SKILL_012,Put pasta in jars
2026-02-18T15:44:23Z,03,l_aguilera,SKILL_028_20260218_154423,109.75,1124.55,TRUE,SKILL_028,Fold a T Shirt
2026-02-18T13:50:47Z,04,e_martinez,SKILL_012_20260218_135047,175.53,1530.19,FALSE,SKILL_012,Put pasta in jars
2026-02-18T07:11:48Z,04,l_aguilera,SKILL_013_20260218_071148,339.97,3124.17,FALSE,SKILL_013,Set up a hand lamp
2026-02-18T08:50:44Z,04,l_aguilera,SKILL_013_20260218_085044,131.73,1373.24,FALSE,SKILL_013,Set up a hand lamp
2026-02-18T08:53:50Z,04,l_aguilera,SKILL_013_20260218_085350,258.12,2515.85,TRUE,SKILL_013,Set up a hand lamp
2026-02-18T09:47:10Z,04,e_martinez,SKILL_013_20260218_094710,382.51,3896.61,TRUE,SKILL_013,Set up a hand lamp
2026-02-18T11:20:14Z,04,l_aguilera,SKILL_003_20260218_112014,369.27,2991.59,FALSE,SKILL_003,Organize screwdriver bits
2026-02-18T12:44:58Z,04,l_aguilera,SKILL_012_20260218_124458,197.98,1523.39,FALSE,SKILL_012,Put pasta in jars
2026-02-18T13:15:05Z,04,l_aguilera,SKILL_003_20260218_131505,240.42,2039.01,FALSE,SKILL_003,Organize screwdriver bits
2026-02-18T12:51:39Z,04,l_aguilera,SKILL_013_20260218_125139,388.18,3274.79,FALSE,SKILL_013,Set up a hand lamp
2026-02-18T14:32:09Z,04,e_martinez,SKILL_013_20260218_143209,326.22,2971.49,FALSE,SKILL_013,Set up a hand lamp
2026-02-18T09:19:06Z,04,e_martinez,SKILL_014_20260218_091906,376.65,4043.22,TRUE,SKILL_014,Fasten nuts onto bolts
2026-02-18T09:26:27Z,04,e_martinez,SKILL_014_20260218_092627,225.93,2360.74,TRUE,SKILL_014,Fasten nuts onto bolts
2026-02-18T09:33:38Z,04,e_martinez,SKILL_003_20260218_093338,561.81,5330.17,TRUE,SKILL_003,Organize screwdriver bits
2026-02-18T15:40:42Z,03,l_aguilera,SKILL_028_20260218_154042,146.25,1527.81,TRUE,SKILL_028,Fold a T Shirt
2026-02-18T15:50:59Z,03,l_aguilera,SKILL_015_20260218_155059,148.26,1651.56,TRUE,SKILL_015,Thread a needle
2026-02-18T12:37:31Z,04,l_aguilera,SKILL_004_20260218_123731,117.97,1178.18,FALSE,SKILL_004,Set Screwdriver package
2026-02-18T14:41:34Z,04,e_martinez,SKILL_017_20260218_144134,276.95,2354.39,FALSE,SKILL_017,Put pasta in ziploc bags
2026-02-18T11:27:12Z,04,l_aguilera,SKILL_014_20260218_112712,110.87,1010.97,FALSE,SKILL_014,Fasten nuts onto bolts
2026-02-18T07:18:48Z,04,l_aguilera,SKILL_013_20260218_071848,66.42,637.88,FALSE,SKILL_013,Set up a hand lamp
2026-02-18T14:49:32Z,04,e_martinez,SKILL_024_20260218_144932,244.95,2140.52,FALSE,SKILL_024,Put hooks on shower courtain
2026-02-18T08:41:14Z,04,l_aguilera,SKILL_029_20260218_084114,165.52,1198.33,FALSE,SKILL_029,Button a shirt
2026-02-18T08:45:23Z,04,l_aguilera,SKILL_029_20260218_084523,159.46,1220.39,FALSE,SKILL_029,Button a shirt
2026-02-18T08:48:51Z,04,l_aguilera,SKILL_029_20260218_084851,63.89,486.69,FALSE,SKILL_029,Button a shirt
2026-02-18T08:23:04Z,04,l_aguilera,SKILL_034_20260218_082304,432.79,4561.42,TRUE,SKILL_034,Tie Shoelaces
2026-02-18T13:20:54Z,04,l_aguilera,SKILL_034_20260218_132054,214.62,1850.80,FALSE,SKILL_034,Tie Shoelaces
2026-02-18T07:39:32Z,04,l_aguilera,SKILL_014_20260218_073932,240.47,2549.77,TRUE,SKILL_014,Fasten nuts onto bolts
2026-02-18T13:39:19Z,04,e_martinez,SKILL_034_20260218_133919,247.41,2382.93,FALSE,SKILL_034,Tie Shoelaces
2026-02-18T08:32:58Z,04,l_aguilera,SKILL_036_20260218_083258,381.31,3927.28,FALSE,SKILL_036,Fold Socks
2026-02-18T10:45:31Z,04,e_martinez,SKILL_036_20260218_104531,250.84,2203.63,FALSE,SKILL_036,Fold Socks
2026-02-18T10:53:01Z,04,e_martinez,SKILL_036_20260218_105301,210.53,1903.38,FALSE,SKILL_036,Fold Socks
2026-02-18T12:41:22Z,01,d_vargas,SKILL_007_20260218_124122,118.45,1062.95,FALSE,SKILL_007,Separate tongue depressors by color
2026-02-18T10:20:14Z,04,e_martinez,SKILL_040_20260218_102014,88.55,650.83,FALSE,SKILL_040,Fasten a belt
2026-02-18T12:13:41Z,02,e_cabezas,SKILL_023_20260218_121341,536.40,4148.68,FALSE,SKILL_023,Built up box (Present)
2026-02-18T12:24:34Z,04,l_aguilera,SKILL_017_20260218_122434,145.18,1154.11,FALSE,SKILL_017,Put pasta in ziploc bags
2026-02-18T12:34:17Z,04,l_aguilera,SKILL_004_20260218_123417,138.97,1384.05,FALSE,SKILL_004,Set Screwdriver package
2026-02-18T14:28:14Z,04,e_martinez,SKILL_040_20260218_142814,110.64,728.46,FALSE,SKILL_040,Fasten a belt
2026-02-19T07:46:48Z,01,c_becerra,SKILL_005_20260219_074648,433.23,3038.96,FALSE,SKILL_005,Insert allen keys in package
2026-02-19T07:54:31Z,01,c_becerra,SKILL_005_20260219_075431,192.80,1291.08,FALSE,SKILL_005,Insert allen keys in package
2026-02-19T07:57:55Z,01,c_becerra,SKILL_005_20260219_075755,97.60,610.73,FALSE,SKILL_005,Insert allen keys in package
2026-02-19T07:36:24Z,01,c_becerra,SKILL_007_20260219_073623,518.02,3954.71,FALSE,SKILL_007,Separate tongue depressors by color
2026-02-19T08:14:00Z,01,c_becerra,SKILL_034_20260219_081400,41.19,337.68,FALSE,SKILL_034,Tie Shoelaces
2026-02-19T07:05:09Z,02,l_aguilera,SKILL_005_20260219_070509,343.73,2640.10,FALSE,SKILL_005,Insert allen keys in package
2026-02-19T07:12:00Z,02,l_aguilera,SKILL_005_20260219_071200,318.52,2146.25,FALSE,SKILL_005,Insert allen keys in package
2026-02-19T07:18:12Z,02,l_aguilera,SKILL_005_20260219_071812,89.86,506.19,FALSE,SKILL_005,Insert allen keys in package
2026-02-19T07:50:12Z,02,l_aguilera,SKILL_007_20260219_075012,592.78,4334.38,FALSE,SKILL_007,Separate tongue depressors by color
2026-02-18T10:24:47Z,04,e_martinez,SKILL_040_20260218_102447,92.14,706.00,TRUE,SKILL_040,Fasten a belt
2026-02-19T07:21:15Z,02,l_aguilera,SKILL_009_20260219_072115,296.34,1873.80,FALSE,SKILL_009,Package Cotton set
2026-02-19T08:07:02Z,02,l_aguilera,SKILL_010_20260219_080702,320.42,2073.36,FALSE,SKILL_010,Package earphones
2026-02-19T07:26:36Z,02,l_aguilera,SKILL_009_20260219_072636,225.96,1517.04,FALSE,SKILL_009,Package Cotton set
2026-02-19T08:41:12Z,02,l_aguilera,SKILL_018_20260219_084112,427.52,2630.70,FALSE,SKILL_018,Close bags with twist ties
2026-02-19T08:13:39Z,02,l_aguilera,SKILL_010_20260219_081339,251.58,1739.51,FALSE,SKILL_010,Package earphones
2026-02-19T07:34:44Z,02,l_aguilera,SKILL_019_20260219_073444,222.70,1545.23,FALSE,SKILL_019,Put pasta in plastic containers
2026-02-19T07:31:03Z,02,l_aguilera,SKILL_019_20260219_073103,196.28,1415.02,FALSE,SKILL_019,Put pasta in plastic containers
2026-02-19T08:31:34Z,02,l_aguilera,SKILL_028_20260219_083134,212.30,1524.48,FALSE,SKILL_028,Fold a T Shirt
2026-02-19T07:38:45Z,02,l_aguilera,SKILL_019_20260219_073845,120.76,871.13,FALSE,SKILL_019,Put pasta in plastic containers
2026-02-19T07:42:01Z,02,l_aguilera,SKILL_029_20260219_074201,215.68,1193.21,FALSE,SKILL_029,Button a shirt
2026-02-19T08:36:57Z,02,l_aguilera,SKILL_028_20260219_083657,147.35,1004.66,FALSE,SKILL_028,Fold a T Shirt
2026-02-19T08:19:27Z,02,l_aguilera,SKILL_034_20260219_081927,262.01,1963.69,FALSE,SKILL_034,Tie Shoelaces
2026-02-19T07:46:20Z,02,l_aguilera,SKILL_029_20260219_074620,194.54,1109.57,FALSE,SKILL_029,Button a shirt
2026-02-19T07:21:53Z,04,d_vargas,SKILL_003_20260219_072153,499.67,5016.10,TRUE,SKILL_003,Organize screwdriver bits
2026-02-19T08:25:09Z,02,l_aguilera,SKILL_034_20260219_082509,265.85,1979.96,FALSE,SKILL_034,Tie Shoelaces
2026-02-19T07:10:03Z,04,d_vargas,SKILL_007_20260219_071002,2.75,28.49,FALSE,SKILL_007,Separate tongue depressors by color
2026-02-19T07:41:44Z,04,d_vargas,SKILL_004_20260219_074144,127.85,1299.64,FALSE,SKILL_004,Set Screwdriver package
2026-02-18T14:25:28Z,04,e_martinez,SKILL_040_20260218_142528,92.70,590.65,FALSE,SKILL_040,Fasten a belt
2026-02-19T07:49:16Z,04,d_vargas,SKILL_013_20260219_074915,348.37,3364.43,FALSE,SKILL_013,Set up a hand lamp
2026-02-19T07:31:50Z,04,d_vargas,SKILL_012_20260219_073150,496.09,5092.97,FALSE,SKILL_012,Put pasta in jars
2026-02-18T08:10:24Z,03,e_cabezas,SKILL_017_20260218_081024,501.20,4958.89,TRUE,SKILL_017,Put pasta in ziploc bags
2026-02-19T07:10:09Z,04,d_vargas,SKILL_007_20260219_071009,600.60,7001.59,TRUE,SKILL_007,Separate tongue depressors by color
2026-02-19T08:12:39Z,04,d_vargas,SKILL_014_20260219_081239,269.13,2821.47,TRUE,SKILL_014,Fasten nuts onto bolts
2026-02-19T08:06:26Z,04,d_vargas,SKILL_014_20260219_080626,310.14,3207.70,TRUE,SKILL_014,Fasten nuts onto bolts
2026-02-19T07:56:12Z,04,d_vargas,SKILL_013_20260219_075612,194.35,1849.99,FALSE,SKILL_013,Set up a hand lamp
2026-02-18T08:24:14Z,01,d_vargas,SKILL_019_20260218_082414,33.41,254.35,FALSE,SKILL_019,Put pasta in plastic containers
2026-02-19T08:41:32Z,04,d_vargas,SKILL_029_20260219_084132,382.67,3714.51,TRUE,SKILL_029,Button a shirt
2026-02-19T08:36:18Z,04,d_vargas,SKILL_024_20260219_083618,168.97,1677.83,TRUE,SKILL_024,Put hooks on shower courtain
2026-02-19T08:32:00Z,04,d_vargas,SKILL_024_20260219_083200,184.52,1835.34,TRUE,SKILL_024,Put hooks on shower courtain
2026-02-19T08:21:17Z,04,d_vargas,SKILL_017_20260219_082117,482.51,4870.07,TRUE,SKILL_017,Put pasta in ziploc bags
2026-02-19T08:18:33Z,04,d_vargas,SKILL_014_20260219_081833,93.92,964.01,TRUE,SKILL_014,Fasten nuts onto bolts
2026-02-18T07:41:55Z,03,e_cabezas,SKILL_023_20260218_074155,610.45,5777.67,TRUE,SKILL_023,Built up box (Present)
2026-02-19T07:10:14Z,05,c_becerra,SKILL_013_20260219_071013,360.01,2482.14,FALSE,SKILL_013,Set up a hand lamp
2026-02-19T07:17:34Z,05,c_becerra,SKILL_012_20260219_071734,502.53,3486.02,FALSE,SKILL_012,Put pasta in jars
2026-02-19T07:27:55Z,05,c_becerra,SKILL_007_20260219_072755,134.98,826.23,FALSE,SKILL_007,Separate tongue depressors by color
2026-02-18T13:25:15Z,04,l_aguilera,SKILL_034_20260218_132515,211.24,1864.35,FALSE,SKILL_034,Tie Shoelaces
2026-02-18T10:38:33Z,03,c_becerra,SKILL_017_20260218_103833,347.06,3211.95,FALSE,SKILL_017,Put pasta in ziploc bags
2026-02-18T10:28:47Z,04,e_martinez,SKILL_024_20260218_102847,216.63,2117.07,TRUE,SKILL_024,Put hooks on shower courtain
2026-02-18T09:54:58Z,04,e_martinez,SKILL_013_20260218_095458,268.83,2627.87,TRUE,SKILL_013,Set up a hand lamp
2026-02-18T12:27:51Z,04,l_aguilera,SKILL_017_20260218_122751,108.56,837.79,FALSE,SKILL_017,Put pasta in ziploc bags
2026-02-18T12:09:39Z,04,l_aguilera,SKILL_009_20260218_120939,137.79,1188.94,FALSE,SKILL_009,Package Cotton set
2026-02-18T10:16:48Z,04,e_martinez,SKILL_040_20260218_101648,101.51,733.23,FALSE,SKILL_040,Fasten a belt
2026-02-18T07:44:51Z,04,l_aguilera,SKILL_014_20260218_074451,228.75,2406.93,TRUE,SKILL_014,Fasten nuts onto bolts
2026-02-18T12:30:48Z,04,l_aguilera,SKILL_004_20260218_123048,150.92,1499.30,FALSE,SKILL_004,Set Screwdriver package
2026-02-18T14:06:44Z,04,e_martinez,SKILL_003_20260218_140644,479.90,3611.61,FALSE,SKILL_003,Organize screwdriver bits
2026-02-18T14:17:11Z,04,e_martinez,SKILL_014_20260218_141711,335.53,3127.85,FALSE,SKILL_014,Fasten nuts onto bolts
2026-02-18T10:34:57Z,04,e_martinez,SKILL_024_20260218_103457,273.31,2763.13,TRUE,SKILL_024,Put hooks on shower courtain
2026-02-18T10:08:19Z,04,e_martinez,SKILL_012_20260218_100819,321.80,2683.89,FALSE,SKILL_012,Put pasta in jars
